Fetching top-tier agencies: Status 200

Processing Access Board (Top-tier Code: 310)
Fetching federal accounts for 310: Status 200
Fetching spending for 310-3200 (FY 2024): Status 200
Fetching budget subfunctions (FY 2024): Status 200
Budget subfunction response: {
  "total": 9518447609618.83,
  "end_date": "2024-09-30T00:00:00Z",
  "results": [
    {
      "id": "571",
      "code": "571",
      "type": "budget_subfunction",
      "name": "Medicare",
      "amount": 1582650103296.23
    },
    {
      "id": "651",
      "code": "651",
      "type": "budget_subfunction",
      "name": "Social security",
      "amount": 1541027236655.33
    },
    {
      "id": "051",
      "code": "051",
      "type": "budget_subfunction",
      "name": "Department of Defense-Military",
      "amount": 1141639974791.54
    },
    {
      "id": "901",
      "code": "901",
      "type": "budget_subfunction",
      "name": "Interest on Treasury debt securities (gross)",
      "amount": 1133036890149.16
    },
    {
      "id": "551",
      "code": "551",
      "type": "budget_subfunction",
      "name": "Health care services",
      "amount": 1027906606154.41
    },
    {
      "id": "803",
      "code": "803",
      "type": "budget_subfunction",
      "name": "Central fiscal operations",
      "amount": 361817179022.08
    },
    {
      "id": "609",
      "code": "609",
      "type": "budget_subfunction",
      "name": "Other income security",
      "amount": 212821498800.65
    },
    {
      "id": "602",
      "code": "602",
      "type": "budget_subfunction",
      "name": "Federal employee retirement and disability",
      "amount": 186122247366.58
    },
    {
      "id": "701",
      "code": "701",
      "type": "budget_subfunction",
      "name": "Income security for veterans",
      "amount": 179525221002.95
    },
    {
      "id": "502",
      "code": "502",
      "type": "budget_subfunction",
      "name": "Higher education",
      "amount": 178177965275.86
    },
    {
      "id": "054",
      "code": "054",
      "type": "budget_subfunction",
      "name": "Defense-related activities",
      "amount": 175456833128.28
    },
    {
      "id": "605",
      "code": "605",
      "type": "budget_subfunction",
      "name": "Food and nutrition assistance",
      "amount": 162470680320.64
    },
    {
      "id": "703",
      "code": "703",
      "type": "budget_subfunction",
      "name": "Hospital and medical care for veterans",
      "amount": 128399212249.22
    },
    {
      "id": "401",
      "code": "401",
      "type": "budget_subfunction",
      "name": "Ground transportation",
      "amount": 110326604063.98
    },
    {
      "id": "453",
      "code": "453",
      "type": "budget_subfunction",
      "name": "Disaster relief and insurance",
      "amount": 89837364216.26
    },
    {
      "id": "376",
      "code": "376",
      "type": "budget_subfunction",
      "name": "Other advancement of commerce",
      "amount": 79358897672.38
    },
    {
      "id": "751",
      "code": "751",
      "type": "budget_subfunction",
      "name": "Federal law enforcement activities",
      "amount": 76405719119.49
    },
    {
      "id": "373",
      "code": "373",
      "type": "budget_subfunction",
      "name": "Deposit insurance",
      "amount": 72869682343.03
    },
    {
      "id": "604",
      "code": "604",
      "type": "budget_subfunction",
      "name": "Housing assistance",
      "amount": 71653190121.24
    },
    {
      "id": "552",
      "code": "552",
      "type": "budget_subfunction",
      "name": "Health research and training",
      "amount": 59909656479.15
    },
    {
      "id": "304",
      "code": "304",
      "type": "budget_subfunction",
      "name": "Pollution control and abatement",
      "amount": 55110905217.91
    },
    {
      "id": "805",
      "code": "805",
      "type": "budget_subfunction",
      "name": "Central personnel management",
      "amount": 54925702526.1
    },
    {
      "id": "501",
      "code": "501",
      "type": "budget_subfunction",
      "name": "Elementary, secondary, and vocational education",
      "amount": 49891390716.45
    },
    {
      "id": "402",
      "code": "402",
      "type": "budget_subfunction",
      "name": "Air transportation",
      "amount": 49402727181.87
    },
    {
      "id": "151",
      "code": "151",
      "type": "budget_subfunction",
      "name": "International development and humanitarian assistance",
      "amount": 48790411327.31
    },
    {
      "id": "804",
      "code": "804",
      "type": "budget_subfunction",
      "name": "General property and records management",
      "amount": 46426383387.29
    },
    {
      "id": "705",
      "code": "705",
      "type": "budget_subfunction",
      "name": "Other veterans benefits and services",
      "amount": 43937195708.28
    },
    {
      "id": "603",
      "code": "603",
      "type": "budget_subfunction",
      "name": "Unemployment compensation",
      "amount": 43816134296.76
    },
    {
      "id": "053",
      "code": "053",
      "type": "budget_subfunction",
      "name": "Atomic energy defense activities",
      "amount": 41156563299.52
    },
    {
      "id": "601",
      "code": "601",
      "type": "budget_subfunction",
      "name": "General retirement and disability insurance (excluding social se",
      "amount": 41096992551.29
    },
    {
      "id": "301",
      "code": "301",
      "type": "budget_subfunction",
      "name": "Water resources",
      "amount": 41007764457.14
    },
    {
      "id": "351",
      "code": "351",
      "type": "budget_subfunction",
      "name": "Farm income stabilization",
      "amount": 36535056628.55
    },
    {
      "id": "302",
      "code": "302",
      "type": "budget_subfunction",
      "name": "Conservation and land management",
      "amount": 33371433196.5
    },
    {
      "id": "153",
      "code": "153",
      "type": "budget_subfunction",
      "name": "Conduct of foreign affairs",
      "amount": 31336990698.45
    },
    {
      "id": "252",
      "code": "252",
      "type": "budget_subfunction",
      "name": "Space flight, research, and supporting activities",
      "amount": 26195350653.52
    },
    {
      "id": "506",
      "code": "506",
      "type": "budget_subfunction",
      "name": "Social services",
      "amount": 25619468222.94
    },
    {
      "id": "271",
      "code": "271",
      "type": "budget_subfunction",
      "name": "Energy supply",
      "amount": 22099665328.51
    },
    {
      "id": "251",
      "code": "251",
      "type": "budget_subfunction",
      "name": "General science and basic research",
      "amount": 19027820947.62
    },
    {
      "id": "306",
      "code": "306",
      "type": "budget_subfunction",
      "name": "Other natural resources",
      "amount": 17904734213.06
    },
    {
      "id": "352",
      "code": "352",
      "type": "budget_subfunction",
      "name": "Agricultural research and services",
      "amount": 17157865445.45
    },
    {
      "id": "908",
      "code": "908",
      "type": "budget_subfunction",
      "name": "Other interest",
      "amount": 16520784081.42
    },
    {
      "id": "403",
      "code": "403",
      "type": "budget_subfunction",
      "name": "Water transportation",
      "amount": 14989335445.74
    },
    {
      "id": "702",
      "code": "702",
      "type": "budget_subfunction",
      "name": "Veterans education, training, and rehabilitation",
      "amount": 14956778147.75
    },
    {
      "id": "451",
      "code": "451",
      "type": "budget_subfunction",
      "name": "Community development",
      "amount": 13530393806.87
    },
    {
      "id": "752",
      "code": "752",
      "type": "budget_subfunction",
      "name": "Federal litigative and judicial activities",
      "amount": 12596821491.1
    },
    {
      "id": "272",
      "code": "272",
      "type": "budget_subfunction",
      "name": "Energy conservation",
      "amount": 12426086618.24
    },
    {
      "id": "504",
      "code": "504",
      "type": "budget_subfunction",
      "name": "Training and employment",
      "amount": 10798025903.63
    },
    {
      "id": "554",
      "code": "554",
      "type": "budget_subfunction",
      "name": "Consumer and occupational health and safety",
      "amount": 10603316666.97
    },
    {
      "id": "753",
      "code": "753",
      "type": "budget_subfunction",
      "name": "Federal correctional activities",
      "amount": 10287153239.48
    },
    {
      "id": "152",
      "code": "152",
      "type": "budget_subfunction",
      "name": "International security assistance",
      "amount": 10065129398.86
    },
    {
      "id": "155",
      "code": "155",
      "type": "budget_subfunction",
      "name": "International financial programs",
      "amount": 9991512175.51
    },
    {
      "id": "452",
      "code": "452",
      "type": "budget_subfunction",
      "name": "Area and regional development",
      "amount": 9195142904.32
    },
    {
      "id": "806",
      "code": "806",
      "type": "budget_subfunction",
      "name": "General purpose fiscal assistance",
      "amount": 8644888386.23
    },
    {
      "id": "754",
      "code": "754",
      "type": "budget_subfunction",
      "name": "Criminal justice assistance",
      "amount": 8538485768.98
    },
    {
      "id": "303",
      "code": "303",
      "type": "budget_subfunction",
      "name": "Recreational resources",
      "amount": 7560906689.62
    },
    {
      "id": "371",
      "code": "371",
      "type": "budget_subfunction",
      "name": "Mortgage credit",
      "amount": 7527267722.18
    },
    {
      "id": "808",
      "code": "808",
      "type": "budget_subfunction",
      "name": "Other general government",
      "amount": 3827411654.73
    },
    {
      "id": "274",
      "code": "274",
      "type": "budget_subfunction",
      "name": "Emergency energy preparedness",
      "amount": 3746154909.13
    },
    {
      "id": "505",
      "code": "505",
      "type": "budget_subfunction",
      "name": "Other labor services",
      "amount": 3200536526.14
    },
    {
      "id": "503",
      "code": "503",
      "type": "budget_subfunction",
      "name": "Research and general education aids",
      "amount": 2658218648.93
    },
    {
      "id": "276",
      "code": "276",
      "type": "budget_subfunction",
      "name": "Energy information, policy, and regulation",
      "amount": 2557785928.7
    },
    {
      "id": "407",
      "code": "407",
      "type": "budget_subfunction",
      "name": "Other transportation",
      "amount": 2199886866.33
    },
    {
      "id": "154",
      "code": "154",
      "type": "budget_subfunction",
      "name": "Foreign information and exchange activities",
      "amount": 2092083762.54
    },
    {
      "id": "704",
      "code": "704",
      "type": "budget_subfunction",
      "name": "Veterans housing",
      "amount": 1955298547.68
    },
    {
      "id": "801",
      "code": "801",
      "type": "budget_subfunction",
      "name": "Legislative functions",
      "amount": 902447241.83
    },
    {
      "id": "802",
      "code": "802",
      "type": "budget_subfunction",
      "name": "Executive direction and management",
      "amount": 852438852.94
    },
    {
      "id": "400",
      "code": "400",
      "type": "budget_subfunction",
      "name": "Transportation",
      "amount": 0.0
    },
    {
      "id": "000",
      "code": "000",
      "type": "budget_subfunction",
      "name": "Governmental Receipts",
      "amount": 0.0
    }
  ]
}
Fetching spending for 310-3200 (FY 2024): Status 200
Federal account response for subfunction 571: {
  "total": 0,
  "end_date": "2024-09-30T00:00:00Z",
  "results": []
}
Federal account response for subfunction 651: {
  "total": 0,
  "end_date": "2024-09-30T00:00:00Z",
  "results": []
}
Federal account response for subfunction 051: {
  "total": 0,
  "end_date": "2024-09-30T00:00:00Z",
  "results": []
}
Federal account response for subfunction 901: {
  "total": 0,
  "end_date": "2024-09-30T00:00:00Z",
  "results": []
}
Federal account response for subfunction 551: {
  "total": 0,
  "end_date": "2024-09-30T00:00:00Z",
  "results": []
}
Federal account response for subfunction 803: {
  "total": 0,
  "end_date": "2024-09-30T00:00:00Z",
  "results": []
}
Federal account response for subfunction 609: {
  "total": 0,
  "end_date": "2024-09-30T00:00:00Z",
  "results": []
}
Federal account response for subfunction 602: {
  "total": 0,
  "end_date": "2024-09-30T00:00:00Z",
  "results": []
}
Federal account response for subfunction 701: {
  "total": 0,
  "end_date": "2024-09-30T00:00:00Z",
  "results": []
}
Federal account response for subfunction 502: {
  "total": 0,
  "end_date": "2024-09-30T00:00:00Z",
  "results": []
}
Federal account response for subfunction 054: {
  "total": 0,
  "end_date": "2024-09-30T00:00:00Z",
  "results": []
}
Federal account response for subfunction 605: {
  "total": 0,
  "end_date": "2024-09-30T00:00:00Z",
  "results": []
}
Federal account response for subfunction 703: {
  "total": 0,
  "end_date": "2024-09-30T00:00:00Z",
  "results": []
}
Federal account response for subfunction 401: {
  "total": 0,
  "end_date": "2024-09-30T00:00:00Z",
  "results": []
}
Federal account response for subfunction 453: {
  "total": 0,
  "end_date": "2024-09-30T00:00:00Z",
  "results": []
}
Federal account response for subfunction 376: {
  "total": 0,
  "end_date": "2024-09-30T00:00:00Z",
  "results": []
}
Federal account response for subfunction 751: {
  "total": 0,
  "end_date": "2024-09-30T00:00:00Z",
  "results": []
}
Federal account response for subfunction 373: {
  "total": 0,
  "end_date": "2024-09-30T00:00:00Z",
  "results": []
}
Federal account response for subfunction 604: {
  "total": 0,
  "end_date": "2024-09-30T00:00:00Z",
  "results": []
}
Federal account response for subfunction 552: {
  "total": 0,
  "end_date": "2024-09-30T00:00:00Z",
  "results": []
}
Federal account response for subfunction 304: {
  "total": 0,
  "end_date": "2024-09-30T00:00:00Z",
  "results": []
}
Federal account response for subfunction 805: {
  "total": 0,
  "end_date": "2024-09-30T00:00:00Z",
  "results": []
}
Federal account response for subfunction 501: {
  "total": 0,
  "end_date": "2024-09-30T00:00:00Z",
  "results": []
}
Federal account response for subfunction 402: {
  "total": 0,
  "end_date": "2024-09-30T00:00:00Z",
  "results": []
}
Federal account response for subfunction 151: {
  "total": 0,
  "end_date": "2024-09-30T00:00:00Z",
  "results": []
}
Federal account response for subfunction 804: {
  "total": 0,
  "end_date": "2024-09-30T00:00:00Z",
  "results": []
}
Federal account response for subfunction 705: {
  "total": 0,
  "end_date": "2024-09-30T00:00:00Z",
  "results": []
}
Federal account response for subfunction 603: {
  "total": 0,
  "end_date": "2024-09-30T00:00:00Z",
  "results": []
}
Federal account response for subfunction 053: {
  "total": 0,
  "end_date": "2024-09-30T00:00:00Z",
  "results": []
}
Federal account response for subfunction 601: {
  "total": 0,
  "end_date": "2024-09-30T00:00:00Z",
  "results": []
}
Federal account response for subfunction 301: {
  "total": 0,
  "end_date": "2024-09-30T00:00:00Z",
  "results": []
}
Federal account response for subfunction 351: {
  "total": 0,
  "end_date": "2024-09-30T00:00:00Z",
  "results": []
}
Federal account response for subfunction 302: {
  "total": 0,
  "end_date": "2024-09-30T00:00:00Z",
  "results": []
}
Federal account response for subfunction 153: {
  "total": 0,
  "end_date": "2024-09-30T00:00:00Z",
  "results": []
}
Federal account response for subfunction 252: {
  "total": 0,
  "end_date": "2024-09-30T00:00:00Z",
  "results": []
}
Federal account response for subfunction 506: {
  "total": 0,
  "end_date": "2024-09-30T00:00:00Z",
  "results": []
}
Federal account response for subfunction 271: {
  "total": 0,
  "end_date": "2024-09-30T00:00:00Z",
  "results": []
}
Federal account response for subfunction 251: {
  "total": 0,
  "end_date": "2024-09-30T00:00:00Z",
  "results": []
}
Federal account response for subfunction 306: {
  "total": 0,
  "end_date": "2024-09-30T00:00:00Z",
  "results": []
}
Federal account response for subfunction 352: {
  "total": 0,
  "end_date": "2024-09-30T00:00:00Z",
  "results": []
}
Federal account response for subfunction 908: {
  "total": 0,
  "end_date": "2024-09-30T00:00:00Z",
  "results": []
}
Federal account response for subfunction 403: {
  "total": 0,
  "end_date": "2024-09-30T00:00:00Z",
  "results": []
}
Federal account response for subfunction 702: {
  "total": 0,
  "end_date": "2024-09-30T00:00:00Z",
  "results": []
}
Federal account response for subfunction 451: {
  "total": 0,
  "end_date": "2024-09-30T00:00:00Z",
  "results": []
}
Federal account response for subfunction 752: {
  "total": 0,
  "end_date": "2024-09-30T00:00:00Z",
  "results": []
}
Federal account response for subfunction 272: {
  "total": 0,
  "end_date": "2024-09-30T00:00:00Z",
  "results": []
}
Federal account response for subfunction 504: {
  "total": 0,
  "end_date": "2024-09-30T00:00:00Z",
  "results": []
}
Federal account response for subfunction 554: {
  "total": 0,
  "end_date": "2024-09-30T00:00:00Z",
  "results": []
}
Federal account response for subfunction 753: {
  "total": 0,
  "end_date": "2024-09-30T00:00:00Z",
  "results": []
}
Federal account response for subfunction 152: {
  "total": 0,
  "end_date": "2024-09-30T00:00:00Z",
  "results": []
}
Federal account response for subfunction 155: {
  "total": 0,
  "end_date": "2024-09-30T00:00:00Z",
  "results": []
}
Federal account response for subfunction 452: {
  "total": 0,
  "end_date": "2024-09-30T00:00:00Z",
  "results": []
}
Federal account response for subfunction 806: {
  "total": 0,
  "end_date": "2024-09-30T00:00:00Z",
  "results": []
}
Federal account response for subfunction 754: {
  "total": 0,
  "end_date": "2024-09-30T00:00:00Z",
  "results": []
}
Federal account response for subfunction 303: {
  "total": 0,
  "end_date": "2024-09-30T00:00:00Z",
  "results": []
}
Federal account response for subfunction 371: {
  "total": 0,
  "end_date": "2024-09-30T00:00:00Z",
  "results": []
}
Federal account response for subfunction 808: {
  "total": 0,
  "end_date": "2024-09-30T00:00:00Z",
  "results": []
}
Federal account response for subfunction 274: {
  "total": 0,
  "end_date": "2024-09-30T00:00:00Z",
  "results": []
}
Federal account response for subfunction 505: {
  "total": 0,
  "end_date": "2024-09-30T00:00:00Z",
  "results": []
}
Federal account response for subfunction 503: {
  "total": 0,
  "end_date": "2024-09-30T00:00:00Z",
  "results": []
}
Federal account response for subfunction 276: {
  "total": 0,
  "end_date": "2024-09-30T00:00:00Z",
  "results": []
}
Federal account response for subfunction 407: {
  "total": 0,
  "end_date": "2024-09-30T00:00:00Z",
  "results": []
}
Federal account response for subfunction 154: {
  "total": 0,
  "end_date": "2024-09-30T00:00:00Z",
  "results": []
}
Federal account response for subfunction 704: {
  "total": 0,
  "end_date": "2024-09-30T00:00:00Z",
  "results": []
}
Federal account response for subfunction 801: {
  "total": 0,
  "end_date": "2024-09-30T00:00:00Z",
  "results": []
}
Federal account response for subfunction 802: {
  "total": 0,
  "end_date": "2024-09-30T00:00:00Z",
  "results": []
}
Federal account response for subfunction 400: {
  "total": 0,
  "end_date": "2024-09-30T00:00:00Z",
  "results": []
}
Federal account response for subfunction 000: {
  "total": 0,
  "end_date": "2024-09-30T00:00:00Z",
  "results": [
    {
      "id": "5588",
      "code": "6079",
      "type": "federal_account",
      "name": "Personal Funds and Earnings of Patients, National Institutes of Health",
      "amount": 0.0,
      "account_number": "075-6079"
    },
    {
      "id": "5592",
      "code": "6275",
      "type": "federal_account",
      "name": "Withheld State and Local Taxes, Departmental Management",
      "amount": 0.0,
      "account_number": "075-6275"
    },
    {
      "id": "5593",
      "code": "6276",
      "type": "federal_account",
      "name": "Other Federal Payroll Withholding, Allotments, Departmental Management",
      "amount": 0.0,
      "account_number": "075-6276"
    },
    {
      "id": "6167",
      "code": "6154",
      "type": "federal_account",
      "name": "Escrow Account, Backpay Cases, National Labor Relations Board",
      "amount": 0.0,
      "account_number": "420-6154"
    },
    {
      "id": "6299",
      "code": "6152",
      "type": "federal_account",
      "name": "Escrow Account, Temporary Restraining Order Cases, National Labor Relations Board",
      "amount": 0.0,
      "account_number": "420-6152"
    }
  ]
}
Error: {"total":9518447609618.83,"end_date":"2024-09-30T00:00:00Z","results":[{"id":"571","code":"571","type":"budget_subfunction","name":"Medicare","amount":1582650103296.23},{"id":"651","code":"651","type":"budget_subfunction","name":"Social security","amount":1541027236655.33},{"id":"051","code":"051","type":"budget_subfunction","name":"Department of Defense-Military","amount":1141639974791.54},{"id":"901","code":"901","type":"budget_subfunction","name":"Interest on Treasury debt securities (gross)","amount":1133036890149.16},{"id":"551","code":"551","type":"budget_subfunction","name":"Health care services","amount":1027906606154.41},{"id":"803","code":"803","type":"budget_subfunction","name":"Central fiscal operations","amount":361817179022.08},{"id":"609","code":"609","type":"budget_subfunction","name":"Other income security","amount":212821498800.65},{"id":"602","code":"602","type":"budget_subfunction","name":"Federal employee retirement and disability","amount":186122247366.58},{"id":"701","code":"701","type":"budget_subfunction","name":"Income security for veterans","amount":179525221002.95},{"id":"502","code":"502","type":"budget_subfunction","name":"Higher education","amount":178177965275.86},{"id":"054","code":"054","type":"budget_subfunction","name":"Defense-related activities","amount":175456833128.28},{"id":"605","code":"605","type":"budget_subfunction","name":"Food and nutrition assistance","amount":162470680320.64},{"id":"703","code":"703","type":"budget_subfunction","name":"Hospital and medical care for veterans","amount":128399212249.22},{"id":"401","code":"401","type":"budget_subfunction","name":"Ground transportation","amount":110326604063.98},{"id":"453","code":"453","type":"budget_subfunction","name":"Disaster relief and insurance","amount":89837364216.26},{"id":"376","code":"376","type":"budget_subfunction","name":"Other advancement of commerce","amount":79358897672.38},{"id":"751","code":"751","type":"budget_subfunction","name":"Federal law enforcement activities","amount":76405719119.49},{"id":"373","code":"373","type":"budget_subfunction","name":"Deposit insurance","amount":72869682343.03},{"id":"604","code":"604","type":"budget_subfunction","name":"Housing assistance","amount":71653190121.24},{"id":"552","code":"552","type":"budget_subfunction","name":"Health research and training","amount":59909656479.15},{"id":"304","code":"304","type":"budget_subfunction","name":"Pollution control and abatement","amount":55110905217.91},{"id":"805","code":"805","type":"budget_subfunction","name":"Central personnel management","amount":54925702526.1},{"id":"501","code":"501","type":"budget_subfunction","name":"Elementary, secondary, and vocational education","amount":49891390716.45},{"id":"402","code":"402","type":"budget_subfunction","name":"Air transportation","amount":49402727181.87},{"id":"151","code":"151","type":"budget_subfunction","name":"International development and humanitarian assistance","amount":48790411327.31},{"id":"804","code":"804","type":"budget_subfunction","name":"General property and records management","amount":46426383387.29},{"id":"705","code":"705","type":"budget_subfunction","name":"Other veterans benefits and services","amount":43937195708.28},{"id":"603","code":"603","type":"budget_subfunction","name":"Unemployment compensation","amount":43816134296.76},{"id":"053","code":"053","type":"budget_subfunction","name":"Atomic energy defense activities","amount":41156563299.52},{"id":"601","code":"601","type":"budget_subfunction","name":"General retirement and disability insurance (excluding social se","amount":41096992551.29},{"id":"301","code":"301","type":"budget_subfunction","name":"Water resources","amount":41007764457.14},{"id":"351","code":"351","type":"budget_subfunction","name":"Farm income stabilization","amount":36535056628.55},{"id":"302","code":"302","type":"budget_subfunction","name":"Conservation and land management","amount":33371433196.5},{"id":"153","code":"153","type":"budget_subfunction","name":"Conduct of foreign affairs","amount":31336990698.45},{"id":"252","code":"252","type":"budget_subfunction","name":"Space flight, research, and supporting activities","amount":26195350653.52},{"id":"506","code":"506","type":"budget_subfunction","name":"Social services","amount":25619468222.94},{"id":"271","code":"271","type":"budget_subfunction","name":"Energy supply","amount":22099665328.51},{"id":"251","code":"251","type":"budget_subfunction","name":"General science and basic research","amount":19027820947.62},{"id":"306","code":"306","type":"budget_subfunction","name":"Other natural resources","amount":17904734213.06},{"id":"352","code":"352","type":"budget_subfunction","name":"Agricultural research and services","amount":17157865445.45},{"id":"908","code":"908","type":"budget_subfunction","name":"Other interest","amount":16520784081.42},{"id":"403","code":"403","type":"budget_subfunction","name":"Water transportation","amount":14989335445.74},{"id":"702","code":"702","type":"budget_subfunction","name":"Veterans education, training, and rehabilitation","amount":14956778147.75},{"id":"451","code":"451","type":"budget_subfunction","name":"Community development","amount":13530393806.87},{"id":"752","code":"752","type":"budget_subfunction","name":"Federal litigative and judicial activities","amount":12596821491.1},{"id":"272","code":"272","type":"budget_subfunction","name":"Energy conservation","amount":12426086618.24},{"id":"504","code":"504","type":"budget_subfunction","name":"Training and employment","amount":10798025903.63},{"id":"554","code":"554","type":"budget_subfunction","name":"Consumer and occupational health and safety","amount":10603316666.97},{"id":"753","code":"753","type":"budget_subfunction","name":"Federal correctional activities","amount":10287153239.48},{"id":"152","code":"152","type":"budget_subfunction","name":"International security assistance","amount":10065129398.86},{"id":"155","code":"155","type":"budget_subfunction","name":"International financial programs","amount":9991512175.51},{"id":"452","code":"452","type":"budget_subfunction","name":"Area and regional development","amount":9195142904.32},{"id":"806","code":"806","type":"budget_subfunction","name":"General purpose fiscal assistance","amount":8644888386.23},{"id":"754","code":"754","type":"budget_subfunction","name":"Criminal justice assistance","amount":8538485768.98},{"id":"303","code":"303","type":"budget_subfunction","name":"Recreational resources","amount":7560906689.62},{"id":"371","code":"371","type":"budget_subfunction","name":"Mortgage credit","amount":7527267722.18},{"id":"808","code":"808","type":"budget_subfunction","name":"Other general government","amount":3827411654.73},{"id":"274","code":"274","type":"budget_subfunction","name":"Emergency energy preparedness","amount":3746154909.13},{"id":"505","code":"505","type":"budget_subfunction","name":"Other labor services","amount":3200536526.14},{"id":"503","code":"503","type":"budget_subfunction","name":"Research and general education aids","amount":2658218648.93},{"id":"276","code":"276","type":"budget_subfunction","name":"Energy information, policy, and regulation","amount":2557785928.7},{"id":"407","code":"407","type":"budget_subfunction","name":"Other transportation","amount":2199886866.33},{"id":"154","code":"154","type":"budget_subfunction","name":"Foreign information and exchange activities","amount":2092083762.54},{"id":"704","code":"704","type":"budget_subfunction","name":"Veterans housing","amount":1955298547.68},{"id":"801","code":"801","type":"budget_subfunction","name":"Legislative functions","amount":902447241.83},{"id":"802","code":"802","type":"budget_subfunction","name":"Executive direction and management","amount":852438852.94},{"id":"400","code":"400","type":"budget_subfunction","name":"Transportation","amount":0.0},{"id":"000","code":"000","type":"budget_subfunction","name":"Governmental Receipts","amount":0.0}]}
Fetching spending for 310-3200 (FY 2024): Status 200

Processing Administrative Conference of the U.S. (Top-tier Code: 302)
Fetching federal accounts for 302: Status 200
Fetching spending for 302-1700 (FY 2024): Status 200
Fetching budget subfunctions (FY 2024): Status 200
Budget subfunction response: {
  "total": 9518447609618.83,
  "end_date": "2024-09-30T00:00:00Z",
  "results": [
    {
      "id": "571",
      "code": "571",
      "type": "budget_subfunction",
      "name": "Medicare",
      "amount": 1582650103296.23
    },
    {
      "id": "651",
      "code": "651",
      "type": "budget_subfunction",
      "name": "Social security",
      "amount": 1541027236655.33
    },
    {
      "id": "051",
      "code": "051",
      "type": "budget_subfunction",
      "name": "Department of Defense-Military",
      "amount": 1141639974791.54
    },
    {
      "id": "901",
      "code": "901",
      "type": "budget_subfunction",
      "name": "Interest on Treasury debt securities (gross)",
      "amount": 1133036890149.16
    },
    {
      "id": "551",
      "code": "551",
      "type": "budget_subfunction",
      "name": "Health care services",
      "amount": 1027906606154.41
    },
    {
      "id": "803",
      "code": "803",
      "type": "budget_subfunction",
      "name": "Central fiscal operations",
      "amount": 361817179022.08
    },
    {
      "id": "609",
      "code": "609",
      "type": "budget_subfunction",
      "name": "Other income security",
      "amount": 212821498800.65
    },
    {
      "id": "602",
      "code": "602",
      "type": "budget_subfunction",
      "name": "Federal employee retirement and disability",
      "amount": 186122247366.58
    },
    {
      "id": "701",
      "code": "701",
      "type": "budget_subfunction",
      "name": "Income security for veterans",
      "amount": 179525221002.95
    },
    {
      "id": "502",
      "code": "502",
      "type": "budget_subfunction",
      "name": "Higher education",
      "amount": 178177965275.86
    },
    {
      "id": "054",
      "code": "054",
      "type": "budget_subfunction",
      "name": "Defense-related activities",
      "amount": 175456833128.28
    },
    {
      "id": "605",
      "code": "605",
      "type": "budget_subfunction",
      "name": "Food and nutrition assistance",
      "amount": 162470680320.64
    },
    {
      "id": "703",
      "code": "703",
      "type": "budget_subfunction",
      "name": "Hospital and medical care for veterans",
      "amount": 128399212249.22
    },
    {
      "id": "401",
      "code": "401",
      "type": "budget_subfunction",
      "name": "Ground transportation",
      "amount": 110326604063.98
    },
    {
      "id": "453",
      "code": "453",
      "type": "budget_subfunction",
      "name": "Disaster relief and insurance",
      "amount": 89837364216.26
    },
    {
      "id": "376",
      "code": "376",
      "type": "budget_subfunction",
      "name": "Other advancement of commerce",
      "amount": 79358897672.38
    },
    {
      "id": "751",
      "code": "751",
      "type": "budget_subfunction",
      "name": "Federal law enforcement activities",
      "amount": 76405719119.49
    },
    {
      "id": "373",
      "code": "373",
      "type": "budget_subfunction",
      "name": "Deposit insurance",
      "amount": 72869682343.03
    },
    {
      "id": "604",
      "code": "604",
      "type": "budget_subfunction",
      "name": "Housing assistance",
      "amount": 71653190121.24
    },
    {
      "id": "552",
      "code": "552",
      "type": "budget_subfunction",
      "name": "Health research and training",
      "amount": 59909656479.15
    },
    {
      "id": "304",
      "code": "304",
      "type": "budget_subfunction",
      "name": "Pollution control and abatement",
      "amount": 55110905217.91
    },
    {
      "id": "805",
      "code": "805",
      "type": "budget_subfunction",
      "name": "Central personnel management",
      "amount": 54925702526.1
    },
    {
      "id": "501",
      "code": "501",
      "type": "budget_subfunction",
      "name": "Elementary, secondary, and vocational education",
      "amount": 49891390716.45
    },
    {
      "id": "402",
      "code": "402",
      "type": "budget_subfunction",
      "name": "Air transportation",
      "amount": 49402727181.87
    },
    {
      "id": "151",
      "code": "151",
      "type": "budget_subfunction",
      "name": "International development and humanitarian assistance",
      "amount": 48790411327.31
    },
    {
      "id": "804",
      "code": "804",
      "type": "budget_subfunction",
      "name": "General property and records management",
      "amount": 46426383387.29
    },
    {
      "id": "705",
      "code": "705",
      "type": "budget_subfunction",
      "name": "Other veterans benefits and services",
      "amount": 43937195708.28
    },
    {
      "id": "603",
      "code": "603",
      "type": "budget_subfunction",
      "name": "Unemployment compensation",
      "amount": 43816134296.76
    },
    {
      "id": "053",
      "code": "053",
      "type": "budget_subfunction",
      "name": "Atomic energy defense activities",
      "amount": 41156563299.52
    },
    {
      "id": "601",
      "code": "601",
      "type": "budget_subfunction",
      "name": "General retirement and disability insurance (excluding social se",
      "amount": 41096992551.29
    },
    {
      "id": "301",
      "code": "301",
      "type": "budget_subfunction",
      "name": "Water resources",
      "amount": 41007764457.14
    },
    {
      "id": "351",
      "code": "351",
      "type": "budget_subfunction",
      "name": "Farm income stabilization",
      "amount": 36535056628.55
    },
    {
      "id": "302",
      "code": "302",
      "type": "budget_subfunction",
      "name": "Conservation and land management",
      "amount": 33371433196.5
    },
    {
      "id": "153",
      "code": "153",
      "type": "budget_subfunction",
      "name": "Conduct of foreign affairs",
      "amount": 31336990698.45
    },
    {
      "id": "252",
      "code": "252",
      "type": "budget_subfunction",
      "name": "Space flight, research, and supporting activities",
      "amount": 26195350653.52
    },
    {
      "id": "506",
      "code": "506",
      "type": "budget_subfunction",
      "name": "Social services",
      "amount": 25619468222.94
    },
    {
      "id": "271",
      "code": "271",
      "type": "budget_subfunction",
      "name": "Energy supply",
      "amount": 22099665328.51
    },
    {
      "id": "251",
      "code": "251",
      "type": "budget_subfunction",
      "name": "General science and basic research",
      "amount": 19027820947.62
    },
    {
      "id": "306",
      "code": "306",
      "type": "budget_subfunction",
      "name": "Other natural resources",
      "amount": 17904734213.06
    },
    {
      "id": "352",
      "code": "352",
      "type": "budget_subfunction",
      "name": "Agricultural research and services",
      "amount": 17157865445.45
    },
    {
      "id": "908",
      "code": "908",
      "type": "budget_subfunction",
      "name": "Other interest",
      "amount": 16520784081.42
    },
    {
      "id": "403",
      "code": "403",
      "type": "budget_subfunction",
      "name": "Water transportation",
      "amount": 14989335445.74
    },
    {
      "id": "702",
      "code": "702",
      "type": "budget_subfunction",
      "name": "Veterans education, training, and rehabilitation",
      "amount": 14956778147.75
    },
    {
      "id": "451",
      "code": "451",
      "type": "budget_subfunction",
      "name": "Community development",
      "amount": 13530393806.87
    },
    {
      "id": "752",
      "code": "752",
      "type": "budget_subfunction",
      "name": "Federal litigative and judicial activities",
      "amount": 12596821491.1
    },
    {
      "id": "272",
      "code": "272",
      "type": "budget_subfunction",
      "name": "Energy conservation",
      "amount": 12426086618.24
    },
    {
      "id": "504",
      "code": "504",
      "type": "budget_subfunction",
      "name": "Training and employment",
      "amount": 10798025903.63
    },
    {
      "id": "554",
      "code": "554",
      "type": "budget_subfunction",
      "name": "Consumer and occupational health and safety",
      "amount": 10603316666.97
    },
    {
      "id": "753",
      "code": "753",
      "type": "budget_subfunction",
      "name": "Federal correctional activities",
      "amount": 10287153239.48
    },
    {
      "id": "152",
      "code": "152",
      "type": "budget_subfunction",
      "name": "International security assistance",
      "amount": 10065129398.86
    },
    {
      "id": "155",
      "code": "155",
      "type": "budget_subfunction",
      "name": "International financial programs",
      "amount": 9991512175.51
    },
    {
      "id": "452",
      "code": "452",
      "type": "budget_subfunction",
      "name": "Area and regional development",
      "amount": 9195142904.32
    },
    {
      "id": "806",
      "code": "806",
      "type": "budget_subfunction",
      "name": "General purpose fiscal assistance",
      "amount": 8644888386.23
    },
    {
      "id": "754",
      "code": "754",
      "type": "budget_subfunction",
      "name": "Criminal justice assistance",
      "amount": 8538485768.98
    },
    {
      "id": "303",
      "code": "303",
      "type": "budget_subfunction",
      "name": "Recreational resources",
      "amount": 7560906689.62
    },
    {
      "id": "371",
      "code": "371",
      "type": "budget_subfunction",
      "name": "Mortgage credit",
      "amount": 7527267722.18
    },
    {
      "id": "808",
      "code": "808",
      "type": "budget_subfunction",
      "name": "Other general government",
      "amount": 3827411654.73
    },
    {
      "id": "274",
      "code": "274",
      "type": "budget_subfunction",
      "name": "Emergency energy preparedness",
      "amount": 3746154909.13
    },
    {
      "id": "505",
      "code": "505",
      "type": "budget_subfunction",
      "name": "Other labor services",
      "amount": 3200536526.14
    },
    {
      "id": "503",
      "code": "503",
      "type": "budget_subfunction",
      "name": "Research and general education aids",
      "amount": 2658218648.93
    },
    {
      "id": "276",
      "code": "276",
      "type": "budget_subfunction",
      "name": "Energy information, policy, and regulation",
      "amount": 2557785928.7
    },
    {
      "id": "407",
      "code": "407",
      "type": "budget_subfunction",
      "name": "Other transportation",
      "amount": 2199886866.33
    },
    {
      "id": "154",
      "code": "154",
      "type": "budget_subfunction",
      "name": "Foreign information and exchange activities",
      "amount": 2092083762.54
    },
    {
      "id": "704",
      "code": "704",
      "type": "budget_subfunction",
      "name": "Veterans housing",
      "amount": 1955298547.68
    },
    {
      "id": "801",
      "code": "801",
      "type": "budget_subfunction",
      "name": "Legislative functions",
      "amount": 902447241.83
    },
    {
      "id": "802",
      "code": "802",
      "type": "budget_subfunction",
      "name": "Executive direction and management",
      "amount": 852438852.94
    },
    {
      "id": "400",
      "code": "400",
      "type": "budget_subfunction",
      "name": "Transportation",
      "amount": 0.0
    },
    {
      "id": "000",
      "code": "000",
      "type": "budget_subfunction",
      "name": "Governmental Receipts",
      "amount": 0.0
    }
  ]
}
Fetching spending for 302-1700 (FY 2024): Status 200
Federal account response for subfunction 571: {
  "total": 0,
  "end_date": "2024-09-30T00:00:00Z",
  "results": []
}
Federal account response for subfunction 651: {
  "total": 0,
  "end_date": "2024-09-30T00:00:00Z",
  "results": []
}
Federal account response for subfunction 051: {
  "total": 0,
  "end_date": "2024-09-30T00:00:00Z",
  "results": []
}
Federal account response for subfunction 901: {
  "total": 0,
  "end_date": "2024-09-30T00:00:00Z",
  "results": []
}
Federal account response for subfunction 551: {
  "total": 0,
  "end_date": "2024-09-30T00:00:00Z",
  "results": []
}
Federal account response for subfunction 803: {
  "total": 0,
  "end_date": "2024-09-30T00:00:00Z",
  "results": []
}
Federal account response for subfunction 609: {
  "total": 0,
  "end_date": "2024-09-30T00:00:00Z",
  "results": []
}
Federal account response for subfunction 602: {
  "total": 0,
  "end_date": "2024-09-30T00:00:00Z",
  "results": []
}
Federal account response for subfunction 701: {
  "total": 0,
  "end_date": "2024-09-30T00:00:00Z",
  "results": []
}
Federal account response for subfunction 502: {
  "total": 0,
  "end_date": "2024-09-30T00:00:00Z",
  "results": []
}
Federal account response for subfunction 054: {
  "total": 0,
  "end_date": "2024-09-30T00:00:00Z",
  "results": []
}
Federal account response for subfunction 605: {
  "total": 0,
  "end_date": "2024-09-30T00:00:00Z",
  "results": []
}
Federal account response for subfunction 703: {
  "total": 0,
  "end_date": "2024-09-30T00:00:00Z",
  "results": []
}
Federal account response for subfunction 401: {
  "total": 0,
  "end_date": "2024-09-30T00:00:00Z",
  "results": []
}
Federal account response for subfunction 453: {
  "total": 0,
  "end_date": "2024-09-30T00:00:00Z",
  "results": []
}
Federal account response for subfunction 376: {
  "total": 0,
  "end_date": "2024-09-30T00:00:00Z",
  "results": []
}
Federal account response for subfunction 751: {
  "total": 0,
  "end_date": "2024-09-30T00:00:00Z",
  "results": []
}
Federal account response for subfunction 373: {
  "total": 0,
  "end_date": "2024-09-30T00:00:00Z",
  "results": []
}
Federal account response for subfunction 604: {
  "total": 0,
  "end_date": "2024-09-30T00:00:00Z",
  "results": []
}
Federal account response for subfunction 552: {
  "total": 0,
  "end_date": "2024-09-30T00:00:00Z",
  "results": []
}
Federal account response for subfunction 304: {
  "total": 0,
  "end_date": "2024-09-30T00:00:00Z",
  "results": []
}
Federal account response for subfunction 805: {
  "total": 0,
  "end_date": "2024-09-30T00:00:00Z",
  "results": []
}
Federal account response for subfunction 501: {
  "total": 0,
  "end_date": "2024-09-30T00:00:00Z",
  "results": []
}
Federal account response for subfunction 402: {
  "total": 0,
  "end_date": "2024-09-30T00:00:00Z",
  "results": []
}
Federal account response for subfunction 151: {
  "total": 0,
  "end_date": "2024-09-30T00:00:00Z",
  "results": []
}
Federal account response for subfunction 804: {
  "total": 0,
  "end_date": "2024-09-30T00:00:00Z",
  "results": []
}
Federal account response for subfunction 705: {
  "total": 0,
  "end_date": "2024-09-30T00:00:00Z",
  "results": []
}
Federal account response for subfunction 603: {
  "total": 0,
  "end_date": "2024-09-30T00:00:00Z",
  "results": []
}
Federal account response for subfunction 053: {
  "total": 0,
  "end_date": "2024-09-30T00:00:00Z",
  "results": []
}
Federal account response for subfunction 601: {
  "total": 0,
  "end_date": "2024-09-30T00:00:00Z",
  "results": []
}
Federal account response for subfunction 301: {
  "total": 0,
  "end_date": "2024-09-30T00:00:00Z",
  "results": []
}
Federal account response for subfunction 351: {
  "total": 0,
  "end_date": "2024-09-30T00:00:00Z",
  "results": []
}
Federal account response for subfunction 302: {
  "total": 0,
  "end_date": "2024-09-30T00:00:00Z",
  "results": []
}
Federal account response for subfunction 153: {
  "total": 0,
  "end_date": "2024-09-30T00:00:00Z",
  "results": []
}
Federal account response for subfunction 252: {
  "total": 0,
  "end_date": "2024-09-30T00:00:00Z",
  "results": []
}
Federal account response for subfunction 506: {
  "total": 0,
  "end_date": "2024-09-30T00:00:00Z",
  "results": []
}
Federal account response for subfunction 271: {
  "total": 0,
  "end_date": "2024-09-30T00:00:00Z",
  "results": []
}
Federal account response for subfunction 251: {
  "total": 0,
  "end_date": "2024-09-30T00:00:00Z",
  "results": []
}
Federal account response for subfunction 306: {
  "total": 0,
  "end_date": "2024-09-30T00:00:00Z",
  "results": []
}
Federal account response for subfunction 352: {
  "total": 0,
  "end_date": "2024-09-30T00:00:00Z",
  "results": []
}
Federal account response for subfunction 908: {
  "total": 0,
  "end_date": "2024-09-30T00:00:00Z",
  "results": []
}
Federal account response for subfunction 403: {
  "total": 0,
  "end_date": "2024-09-30T00:00:00Z",
  "results": []
}
Federal account response for subfunction 702: {
  "total": 0,
  "end_date": "2024-09-30T00:00:00Z",
  "results": []
}
Federal account response for subfunction 451: {
  "total": 0,
  "end_date": "2024-09-30T00:00:00Z",
  "results": []
}
Federal account response for subfunction 752: {
  "total": 0,
  "end_date": "2024-09-30T00:00:00Z",
  "results": []
}
Federal account response for subfunction 272: {
  "total": 0,
  "end_date": "2024-09-30T00:00:00Z",
  "results": []
}
Federal account response for subfunction 504: {
  "total": 0,
  "end_date": "2024-09-30T00:00:00Z",
  "results": []
}
Federal account response for subfunction 554: {
  "total": 0,
  "end_date": "2024-09-30T00:00:00Z",
  "results": []
}
Federal account response for subfunction 753: {
  "total": 0,
  "end_date": "2024-09-30T00:00:00Z",
  "results": []
}
Federal account response for subfunction 152: {
  "total": 0,
  "end_date": "2024-09-30T00:00:00Z",
  "results": []
}
Federal account response for subfunction 155: {
  "total": 0,
  "end_date": "2024-09-30T00:00:00Z",
  "results": []
}
Federal account response for subfunction 452: {
  "total": 0,
  "end_date": "2024-09-30T00:00:00Z",
  "results": []
}
Federal account response for subfunction 806: {
  "total": 0,
  "end_date": "2024-09-30T00:00:00Z",
  "results": []
}
Federal account response for subfunction 754: {
  "total": 0,
  "end_date": "2024-09-30T00:00:00Z",
  "results": []
}
Federal account response for subfunction 303: {
  "total": 0,
  "end_date": "2024-09-30T00:00:00Z",
  "results": []
}
Federal account response for subfunction 371: {
  "total": 0,
  "end_date": "2024-09-30T00:00:00Z",
  "results": []
}
Federal account response for subfunction 808: {
  "total": 0,
  "end_date": "2024-09-30T00:00:00Z",
  "results": []
}
Federal account response for subfunction 274: {
  "total": 0,
  "end_date": "2024-09-30T00:00:00Z",
  "results": []
}
Federal account response for subfunction 505: {
  "total": 0,
  "end_date": "2024-09-30T00:00:00Z",
  "results": []
}
Federal account response for subfunction 503: {
  "total": 0,
  "end_date": "2024-09-30T00:00:00Z",
  "results": []
}
Federal account response for subfunction 276: {
  "total": 0,
  "end_date": "2024-09-30T00:00:00Z",
  "results": []
}
Federal account response for subfunction 407: {
  "total": 0,
  "end_date": "2024-09-30T00:00:00Z",
  "results": []
}
Federal account response for subfunction 154: {
  "total": 0,
  "end_date": "2024-09-30T00:00:00Z",
  "results": []
}
Federal account response for subfunction 704: {
  "total": 0,
  "end_date": "2024-09-30T00:00:00Z",
  "results": []
}
Federal account response for subfunction 801: {
  "total": 0,
  "end_date": "2024-09-30T00:00:00Z",
  "results": []
}
Federal account response for subfunction 802: {
  "total": 0,
  "end_date": "2024-09-30T00:00:00Z",
  "results": []
}
Federal account response for subfunction 400: {
  "total": 0,
  "end_date": "2024-09-30T00:00:00Z",
  "results": []
}
Federal account response for subfunction 000: {
  "total": 0,
  "end_date": "2024-09-30T00:00:00Z",
  "results": [
    {
      "id": "5588",
      "code": "6079",
      "type": "federal_account",
      "name": "Personal Funds and Earnings of Patients, National Institutes of Health",
      "amount": 0.0,
      "account_number": "075-6079"
    },
    {
      "id": "5592",
      "code": "6275",
      "type": "federal_account",
      "name": "Withheld State and Local Taxes, Departmental Management",
      "amount": 0.0,
      "account_number": "075-6275"
    },
    {
      "id": "5593",
      "code": "6276",
      "type": "federal_account",
      "name": "Other Federal Payroll Withholding, Allotments, Departmental Management",
      "amount": 0.0,
      "account_number": "075-6276"
    },
    {
      "id": "6167",
      "code": "6154",
      "type": "federal_account",
      "name": "Escrow Account, Backpay Cases, National Labor Relations Board",
      "amount": 0.0,
      "account_number": "420-6154"
    },
    {
      "id": "6299",
      "code": "6152",
      "type": "federal_account",
      "name": "Escrow Account, Temporary Restraining Order Cases, National Labor Relations Board",
      "amount": 0.0,
      "account_number": "420-6152"
    }
  ]
}
Error: {"total":9518447609618.83,"end_date":"2024-09-30T00:00:00Z","results":[{"id":"571","code":"571","type":"budget_subfunction","name":"Medicare","amount":1582650103296.23},{"id":"651","code":"651","type":"budget_subfunction","name":"Social security","amount":1541027236655.33},{"id":"051","code":"051","type":"budget_subfunction","name":"Department of Defense-Military","amount":1141639974791.54},{"id":"901","code":"901","type":"budget_subfunction","name":"Interest on Treasury debt securities (gross)","amount":1133036890149.16},{"id":"551","code":"551","type":"budget_subfunction","name":"Health care services","amount":1027906606154.41},{"id":"803","code":"803","type":"budget_subfunction","name":"Central fiscal operations","amount":361817179022.08},{"id":"609","code":"609","type":"budget_subfunction","name":"Other income security","amount":212821498800.65},{"id":"602","code":"602","type":"budget_subfunction","name":"Federal employee retirement and disability","amount":186122247366.58},{"id":"701","code":"701","type":"budget_subfunction","name":"Income security for veterans","amount":179525221002.95},{"id":"502","code":"502","type":"budget_subfunction","name":"Higher education","amount":178177965275.86},{"id":"054","code":"054","type":"budget_subfunction","name":"Defense-related activities","amount":175456833128.28},{"id":"605","code":"605","type":"budget_subfunction","name":"Food and nutrition assistance","amount":162470680320.64},{"id":"703","code":"703","type":"budget_subfunction","name":"Hospital and medical care for veterans","amount":128399212249.22},{"id":"401","code":"401","type":"budget_subfunction","name":"Ground transportation","amount":110326604063.98},{"id":"453","code":"453","type":"budget_subfunction","name":"Disaster relief and insurance","amount":89837364216.26},{"id":"376","code":"376","type":"budget_subfunction","name":"Other advancement of commerce","amount":79358897672.38},{"id":"751","code":"751","type":"budget_subfunction","name":"Federal law enforcement activities","amount":76405719119.49},{"id":"373","code":"373","type":"budget_subfunction","name":"Deposit insurance","amount":72869682343.03},{"id":"604","code":"604","type":"budget_subfunction","name":"Housing assistance","amount":71653190121.24},{"id":"552","code":"552","type":"budget_subfunction","name":"Health research and training","amount":59909656479.15},{"id":"304","code":"304","type":"budget_subfunction","name":"Pollution control and abatement","amount":55110905217.91},{"id":"805","code":"805","type":"budget_subfunction","name":"Central personnel management","amount":54925702526.1},{"id":"501","code":"501","type":"budget_subfunction","name":"Elementary, secondary, and vocational education","amount":49891390716.45},{"id":"402","code":"402","type":"budget_subfunction","name":"Air transportation","amount":49402727181.87},{"id":"151","code":"151","type":"budget_subfunction","name":"International development and humanitarian assistance","amount":48790411327.31},{"id":"804","code":"804","type":"budget_subfunction","name":"General property and records management","amount":46426383387.29},{"id":"705","code":"705","type":"budget_subfunction","name":"Other veterans benefits and services","amount":43937195708.28},{"id":"603","code":"603","type":"budget_subfunction","name":"Unemployment compensation","amount":43816134296.76},{"id":"053","code":"053","type":"budget_subfunction","name":"Atomic energy defense activities","amount":41156563299.52},{"id":"601","code":"601","type":"budget_subfunction","name":"General retirement and disability insurance (excluding social se","amount":41096992551.29},{"id":"301","code":"301","type":"budget_subfunction","name":"Water resources","amount":41007764457.14},{"id":"351","code":"351","type":"budget_subfunction","name":"Farm income stabilization","amount":36535056628.55},{"id":"302","code":"302","type":"budget_subfunction","name":"Conservation and land management","amount":33371433196.5},{"id":"153","code":"153","type":"budget_subfunction","name":"Conduct of foreign affairs","amount":31336990698.45},{"id":"252","code":"252","type":"budget_subfunction","name":"Space flight, research, and supporting activities","amount":26195350653.52},{"id":"506","code":"506","type":"budget_subfunction","name":"Social services","amount":25619468222.94},{"id":"271","code":"271","type":"budget_subfunction","name":"Energy supply","amount":22099665328.51},{"id":"251","code":"251","type":"budget_subfunction","name":"General science and basic research","amount":19027820947.62},{"id":"306","code":"306","type":"budget_subfunction","name":"Other natural resources","amount":17904734213.06},{"id":"352","code":"352","type":"budget_subfunction","name":"Agricultural research and services","amount":17157865445.45},{"id":"908","code":"908","type":"budget_subfunction","name":"Other interest","amount":16520784081.42},{"id":"403","code":"403","type":"budget_subfunction","name":"Water transportation","amount":14989335445.74},{"id":"702","code":"702","type":"budget_subfunction","name":"Veterans education, training, and rehabilitation","amount":14956778147.75},{"id":"451","code":"451","type":"budget_subfunction","name":"Community development","amount":13530393806.87},{"id":"752","code":"752","type":"budget_subfunction","name":"Federal litigative and judicial activities","amount":12596821491.1},{"id":"272","code":"272","type":"budget_subfunction","name":"Energy conservation","amount":12426086618.24},{"id":"504","code":"504","type":"budget_subfunction","name":"Training and employment","amount":10798025903.63},{"id":"554","code":"554","type":"budget_subfunction","name":"Consumer and occupational health and safety","amount":10603316666.97},{"id":"753","code":"753","type":"budget_subfunction","name":"Federal correctional activities","amount":10287153239.48},{"id":"152","code":"152","type":"budget_subfunction","name":"International security assistance","amount":10065129398.86},{"id":"155","code":"155","type":"budget_subfunction","name":"International financial programs","amount":9991512175.51},{"id":"452","code":"452","type":"budget_subfunction","name":"Area and regional development","amount":9195142904.32},{"id":"806","code":"806","type":"budget_subfunction","name":"General purpose fiscal assistance","amount":8644888386.23},{"id":"754","code":"754","type":"budget_subfunction","name":"Criminal justice assistance","amount":8538485768.98},{"id":"303","code":"303","type":"budget_subfunction","name":"Recreational resources","amount":7560906689.62},{"id":"371","code":"371","type":"budget_subfunction","name":"Mortgage credit","amount":7527267722.18},{"id":"808","code":"808","type":"budget_subfunction","name":"Other general government","amount":3827411654.73},{"id":"274","code":"274","type":"budget_subfunction","name":"Emergency energy preparedness","amount":3746154909.13},{"id":"505","code":"505","type":"budget_subfunction","name":"Other labor services","amount":3200536526.14},{"id":"503","code":"503","type":"budget_subfunction","name":"Research and general education aids","amount":2658218648.93},{"id":"276","code":"276","type":"budget_subfunction","name":"Energy information, policy, and regulation","amount":2557785928.7},{"id":"407","code":"407","type":"budget_subfunction","name":"Other transportation","amount":2199886866.33},{"id":"154","code":"154","type":"budget_subfunction","name":"Foreign information and exchange activities","amount":2092083762.54},{"id":"704","code":"704","type":"budget_subfunction","name":"Veterans housing","amount":1955298547.68},{"id":"801","code":"801","type":"budget_subfunction","name":"Legislative functions","amount":902447241.83},{"id":"802","code":"802","type":"budget_subfunction","name":"Executive direction and management","amount":852438852.94},{"id":"400","code":"400","type":"budget_subfunction","name":"Transportation","amount":0.0},{"id":"000","code":"000","type":"budget_subfunction","name":"Governmental Receipts","amount":0.0}]}
Fetching spending for 302-1700 (FY 2024): Status 200

Processing Advisory Council on Historic Preservation (Top-tier Code: 306)
Fetching federal accounts for 306: Status 200
Fetching spending for 306-2300 (FY 2024): Status 200
Fetching budget subfunctions (FY 2024): Status 200
Budget subfunction response: {
  "total": 9518447609618.83,
  "end_date": "2024-09-30T00:00:00Z",
  "results": [
    {
      "id": "571",
      "code": "571",
      "type": "budget_subfunction",
      "name": "Medicare",
      "amount": 1582650103296.23
    },
    {
      "id": "651",
      "code": "651",
      "type": "budget_subfunction",
      "name": "Social security",
      "amount": 1541027236655.33
    },
    {
      "id": "051",
      "code": "051",
      "type": "budget_subfunction",
      "name": "Department of Defense-Military",
      "amount": 1141639974791.54
    },
    {
      "id": "901",
      "code": "901",
      "type": "budget_subfunction",
      "name": "Interest on Treasury debt securities (gross)",
      "amount": 1133036890149.16
    },
    {
      "id": "551",
      "code": "551",
      "type": "budget_subfunction",
      "name": "Health care services",
      "amount": 1027906606154.41
    },
    {
      "id": "803",
      "code": "803",
      "type": "budget_subfunction",
      "name": "Central fiscal operations",
      "amount": 361817179022.08
    },
    {
      "id": "609",
      "code": "609",
      "type": "budget_subfunction",
      "name": "Other income security",
      "amount": 212821498800.65
    },
    {
      "id": "602",
      "code": "602",
      "type": "budget_subfunction",
      "name": "Federal employee retirement and disability",
      "amount": 186122247366.58
    },
    {
      "id": "701",
      "code": "701",
      "type": "budget_subfunction",
      "name": "Income security for veterans",
      "amount": 179525221002.95
    },
    {
      "id": "502",
      "code": "502",
      "type": "budget_subfunction",
      "name": "Higher education",
      "amount": 178177965275.86
    },
    {
      "id": "054",
      "code": "054",
      "type": "budget_subfunction",
      "name": "Defense-related activities",
      "amount": 175456833128.28
    },
    {
      "id": "605",
      "code": "605",
      "type": "budget_subfunction",
      "name": "Food and nutrition assistance",
      "amount": 162470680320.64
    },
    {
      "id": "703",
      "code": "703",
      "type": "budget_subfunction",
      "name": "Hospital and medical care for veterans",
      "amount": 128399212249.22
    },
    {
      "id": "401",
      "code": "401",
      "type": "budget_subfunction",
      "name": "Ground transportation",
      "amount": 110326604063.98
    },
    {
      "id": "453",
      "code": "453",
      "type": "budget_subfunction",
      "name": "Disaster relief and insurance",
      "amount": 89837364216.26
    },
    {
      "id": "376",
      "code": "376",
      "type": "budget_subfunction",
      "name": "Other advancement of commerce",
      "amount": 79358897672.38
    },
    {
      "id": "751",
      "code": "751",
      "type": "budget_subfunction",
      "name": "Federal law enforcement activities",
      "amount": 76405719119.49
    },
    {
      "id": "373",
      "code": "373",
      "type": "budget_subfunction",
      "name": "Deposit insurance",
      "amount": 72869682343.03
    },
    {
      "id": "604",
      "code": "604",
      "type": "budget_subfunction",
      "name": "Housing assistance",
      "amount": 71653190121.24
    },
    {
      "id": "552",
      "code": "552",
      "type": "budget_subfunction",
      "name": "Health research and training",
      "amount": 59909656479.15
    },
    {
      "id": "304",
      "code": "304",
      "type": "budget_subfunction",
      "name": "Pollution control and abatement",
      "amount": 55110905217.91
    },
    {
      "id": "805",
      "code": "805",
      "type": "budget_subfunction",
      "name": "Central personnel management",
      "amount": 54925702526.1
    },
    {
      "id": "501",
      "code": "501",
      "type": "budget_subfunction",
      "name": "Elementary, secondary, and vocational education",
      "amount": 49891390716.45
    },
    {
      "id": "402",
      "code": "402",
      "type": "budget_subfunction",
      "name": "Air transportation",
      "amount": 49402727181.87
    },
    {
      "id": "151",
      "code": "151",
      "type": "budget_subfunction",
      "name": "International development and humanitarian assistance",
      "amount": 48790411327.31
    },
    {
      "id": "804",
      "code": "804",
      "type": "budget_subfunction",
      "name": "General property and records management",
      "amount": 46426383387.29
    },
    {
      "id": "705",
      "code": "705",
      "type": "budget_subfunction",
      "name": "Other veterans benefits and services",
      "amount": 43937195708.28
    },
    {
      "id": "603",
      "code": "603",
      "type": "budget_subfunction",
      "name": "Unemployment compensation",
      "amount": 43816134296.76
    },
    {
      "id": "053",
      "code": "053",
      "type": "budget_subfunction",
      "name": "Atomic energy defense activities",
      "amount": 41156563299.52
    },
    {
      "id": "601",
      "code": "601",
      "type": "budget_subfunction",
      "name": "General retirement and disability insurance (excluding social se",
      "amount": 41096992551.29
    },
    {
      "id": "301",
      "code": "301",
      "type": "budget_subfunction",
      "name": "Water resources",
      "amount": 41007764457.14
    },
    {
      "id": "351",
      "code": "351",
      "type": "budget_subfunction",
      "name": "Farm income stabilization",
      "amount": 36535056628.55
    },
    {
      "id": "302",
      "code": "302",
      "type": "budget_subfunction",
      "name": "Conservation and land management",
      "amount": 33371433196.5
    },
    {
      "id": "153",
      "code": "153",
      "type": "budget_subfunction",
      "name": "Conduct of foreign affairs",
      "amount": 31336990698.45
    },
    {
      "id": "252",
      "code": "252",
      "type": "budget_subfunction",
      "name": "Space flight, research, and supporting activities",
      "amount": 26195350653.52
    },
    {
      "id": "506",
      "code": "506",
      "type": "budget_subfunction",
      "name": "Social services",
      "amount": 25619468222.94
    },
    {
      "id": "271",
      "code": "271",
      "type": "budget_subfunction",
      "name": "Energy supply",
      "amount": 22099665328.51
    },
    {
      "id": "251",
      "code": "251",
      "type": "budget_subfunction",
      "name": "General science and basic research",
      "amount": 19027820947.62
    },
    {
      "id": "306",
      "code": "306",
      "type": "budget_subfunction",
      "name": "Other natural resources",
      "amount": 17904734213.06
    },
    {
      "id": "352",
      "code": "352",
      "type": "budget_subfunction",
      "name": "Agricultural research and services",
      "amount": 17157865445.45
    },
    {
      "id": "908",
      "code": "908",
      "type": "budget_subfunction",
      "name": "Other interest",
      "amount": 16520784081.42
    },
    {
      "id": "403",
      "code": "403",
      "type": "budget_subfunction",
      "name": "Water transportation",
      "amount": 14989335445.74
    },
    {
      "id": "702",
      "code": "702",
      "type": "budget_subfunction",
      "name": "Veterans education, training, and rehabilitation",
      "amount": 14956778147.75
    },
    {
      "id": "451",
      "code": "451",
      "type": "budget_subfunction",
      "name": "Community development",
      "amount": 13530393806.87
    },
    {
      "id": "752",
      "code": "752",
      "type": "budget_subfunction",
      "name": "Federal litigative and judicial activities",
      "amount": 12596821491.1
    },
    {
      "id": "272",
      "code": "272",
      "type": "budget_subfunction",
      "name": "Energy conservation",
      "amount": 12426086618.24
    },
    {
      "id": "504",
      "code": "504",
      "type": "budget_subfunction",
      "name": "Training and employment",
      "amount": 10798025903.63
    },
    {
      "id": "554",
      "code": "554",
      "type": "budget_subfunction",
      "name": "Consumer and occupational health and safety",
      "amount": 10603316666.97
    },
    {
      "id": "753",
      "code": "753",
      "type": "budget_subfunction",
      "name": "Federal correctional activities",
      "amount": 10287153239.48
    },
    {
      "id": "152",
      "code": "152",
      "type": "budget_subfunction",
      "name": "International security assistance",
      "amount": 10065129398.86
    },
    {
      "id": "155",
      "code": "155",
      "type": "budget_subfunction",
      "name": "International financial programs",
      "amount": 9991512175.51
    },
    {
      "id": "452",
      "code": "452",
      "type": "budget_subfunction",
      "name": "Area and regional development",
      "amount": 9195142904.32
    },
    {
      "id": "806",
      "code": "806",
      "type": "budget_subfunction",
      "name": "General purpose fiscal assistance",
      "amount": 8644888386.23
    },
    {
      "id": "754",
      "code": "754",
      "type": "budget_subfunction",
      "name": "Criminal justice assistance",
      "amount": 8538485768.98
    },
    {
      "id": "303",
      "code": "303",
      "type": "budget_subfunction",
      "name": "Recreational resources",
      "amount": 7560906689.62
    },
    {
      "id": "371",
      "code": "371",
      "type": "budget_subfunction",
      "name": "Mortgage credit",
      "amount": 7527267722.18
    },
    {
      "id": "808",
      "code": "808",
      "type": "budget_subfunction",
      "name": "Other general government",
      "amount": 3827411654.73
    },
    {
      "id": "274",
      "code": "274",
      "type": "budget_subfunction",
      "name": "Emergency energy preparedness",
      "amount": 3746154909.13
    },
    {
      "id": "505",
      "code": "505",
      "type": "budget_subfunction",
      "name": "Other labor services",
      "amount": 3200536526.14
    },
    {
      "id": "503",
      "code": "503",
      "type": "budget_subfunction",
      "name": "Research and general education aids",
      "amount": 2658218648.93
    },
    {
      "id": "276",
      "code": "276",
      "type": "budget_subfunction",
      "name": "Energy information, policy, and regulation",
      "amount": 2557785928.7
    },
    {
      "id": "407",
      "code": "407",
      "type": "budget_subfunction",
      "name": "Other transportation",
      "amount": 2199886866.33
    },
    {
      "id": "154",
      "code": "154",
      "type": "budget_subfunction",
      "name": "Foreign information and exchange activities",
      "amount": 2092083762.54
    },
    {
      "id": "704",
      "code": "704",
      "type": "budget_subfunction",
      "name": "Veterans housing",
      "amount": 1955298547.68
    },
    {
      "id": "801",
      "code": "801",
      "type": "budget_subfunction",
      "name": "Legislative functions",
      "amount": 902447241.83
    },
    {
      "id": "802",
      "code": "802",
      "type": "budget_subfunction",
      "name": "Executive direction and management",
      "amount": 852438852.94
    },
    {
      "id": "400",
      "code": "400",
      "type": "budget_subfunction",
      "name": "Transportation",
      "amount": 0.0
    },
    {
      "id": "000",
      "code": "000",
      "type": "budget_subfunction",
      "name": "Governmental Receipts",
      "amount": 0.0
    }
  ]
}
Fetching spending for 306-2300 (FY 2024): Status 200
Federal account response for subfunction 571: {
  "total": 0,
  "end_date": "2024-09-30T00:00:00Z",
  "results": []
}
Federal account response for subfunction 651: {
  "total": 0,
  "end_date": "2024-09-30T00:00:00Z",
  "results": []
}
Federal account response for subfunction 051: {
  "total": 0,
  "end_date": "2024-09-30T00:00:00Z",
  "results": []
}
Federal account response for subfunction 901: {
  "total": 0,
  "end_date": "2024-09-30T00:00:00Z",
  "results": []
}
Federal account response for subfunction 551: {
  "total": 0,
  "end_date": "2024-09-30T00:00:00Z",
  "results": []
}
Federal account response for subfunction 803: {
  "total": 0,
  "end_date": "2024-09-30T00:00:00Z",
  "results": []
}
Federal account response for subfunction 609: {
  "total": 0,
  "end_date": "2024-09-30T00:00:00Z",
  "results": []
}
Federal account response for subfunction 602: {
  "total": 0,
  "end_date": "2024-09-30T00:00:00Z",
  "results": []
}
Federal account response for subfunction 701: {
  "total": 0,
  "end_date": "2024-09-30T00:00:00Z",
  "results": []
}
Federal account response for subfunction 502: {
  "total": 0,
  "end_date": "2024-09-30T00:00:00Z",
  "results": []
}
Federal account response for subfunction 054: {
  "total": 0,
  "end_date": "2024-09-30T00:00:00Z",
  "results": []
}
Federal account response for subfunction 605: {
  "total": 0,
  "end_date": "2024-09-30T00:00:00Z",
  "results": []
}
Federal account response for subfunction 703: {
  "total": 0,
  "end_date": "2024-09-30T00:00:00Z",
  "results": []
}
Federal account response for subfunction 401: {
  "total": 0,
  "end_date": "2024-09-30T00:00:00Z",
  "results": []
}
Federal account response for subfunction 453: {
  "total": 0,
  "end_date": "2024-09-30T00:00:00Z",
  "results": []
}
Federal account response for subfunction 376: {
  "total": 0,
  "end_date": "2024-09-30T00:00:00Z",
  "results": []
}
Federal account response for subfunction 751: {
  "total": 0,
  "end_date": "2024-09-30T00:00:00Z",
  "results": []
}
Federal account response for subfunction 373: {
  "total": 0,
  "end_date": "2024-09-30T00:00:00Z",
  "results": []
}
Federal account response for subfunction 604: {
  "total": 0,
  "end_date": "2024-09-30T00:00:00Z",
  "results": []
}
Federal account response for subfunction 552: {
  "total": 0,
  "end_date": "2024-09-30T00:00:00Z",
  "results": []
}
Federal account response for subfunction 304: {
  "total": 0,
  "end_date": "2024-09-30T00:00:00Z",
  "results": []
}
Federal account response for subfunction 805: {
  "total": 0,
  "end_date": "2024-09-30T00:00:00Z",
  "results": []
}
Federal account response for subfunction 501: {
  "total": 0,
  "end_date": "2024-09-30T00:00:00Z",
  "results": []
}
Federal account response for subfunction 402: {
  "total": 0,
  "end_date": "2024-09-30T00:00:00Z",
  "results": []
}
Federal account response for subfunction 151: {
  "total": 0,
  "end_date": "2024-09-30T00:00:00Z",
  "results": []
}
Federal account response for subfunction 804: {
  "total": 0,
  "end_date": "2024-09-30T00:00:00Z",
  "results": []
}
Federal account response for subfunction 705: {
  "total": 0,
  "end_date": "2024-09-30T00:00:00Z",
  "results": []
}
Federal account response for subfunction 603: {
  "total": 0,
  "end_date": "2024-09-30T00:00:00Z",
  "results": []
}
Federal account response for subfunction 053: {
  "total": 0,
  "end_date": "2024-09-30T00:00:00Z",
  "results": []
}
Federal account response for subfunction 601: {
  "total": 0,
  "end_date": "2024-09-30T00:00:00Z",
  "results": []
}
Federal account response for subfunction 301: {
  "total": 0,
  "end_date": "2024-09-30T00:00:00Z",
  "results": []
}
Federal account response for subfunction 351: {
  "total": 0,
  "end_date": "2024-09-30T00:00:00Z",
  "results": []
}
Federal account response for subfunction 302: {
  "total": 0,
  "end_date": "2024-09-30T00:00:00Z",
  "results": []
}
Federal account response for subfunction 153: {
  "total": 0,
  "end_date": "2024-09-30T00:00:00Z",
  "results": []
}
Federal account response for subfunction 252: {
  "total": 0,
  "end_date": "2024-09-30T00:00:00Z",
  "results": []
}
Federal account response for subfunction 506: {
  "total": 0,
  "end_date": "2024-09-30T00:00:00Z",
  "results": []
}
Federal account response for subfunction 271: {
  "total": 0,
  "end_date": "2024-09-30T00:00:00Z",
  "results": []
}
Federal account response for subfunction 251: {
  "total": 0,
  "end_date": "2024-09-30T00:00:00Z",
  "results": []
}
Federal account response for subfunction 306: {
  "total": 0,
  "end_date": "2024-09-30T00:00:00Z",
  "results": []
}
Federal account response for subfunction 352: {
  "total": 0,
  "end_date": "2024-09-30T00:00:00Z",
  "results": []
}
Federal account response for subfunction 908: {
  "total": 0,
  "end_date": "2024-09-30T00:00:00Z",
  "results": []
}
Federal account response for subfunction 403: {
  "total": 0,
  "end_date": "2024-09-30T00:00:00Z",
  "results": []
}
Federal account response for subfunction 702: {
  "total": 0,
  "end_date": "2024-09-30T00:00:00Z",
  "results": []
}
Federal account response for subfunction 451: {
  "total": 0,
  "end_date": "2024-09-30T00:00:00Z",
  "results": []
}
Federal account response for subfunction 752: {
  "total": 0,
  "end_date": "2024-09-30T00:00:00Z",
  "results": []
}
Federal account response for subfunction 272: {
  "total": 0,
  "end_date": "2024-09-30T00:00:00Z",
  "results": []
}
Federal account response for subfunction 504: {
  "total": 0,
  "end_date": "2024-09-30T00:00:00Z",
  "results": []
}
Federal account response for subfunction 554: {
  "total": 0,
  "end_date": "2024-09-30T00:00:00Z",
  "results": []
}
Federal account response for subfunction 753: {
  "total": 0,
  "end_date": "2024-09-30T00:00:00Z",
  "results": []
}
Federal account response for subfunction 152: {
  "total": 0,
  "end_date": "2024-09-30T00:00:00Z",
  "results": []
}
Federal account response for subfunction 155: {
  "total": 0,
  "end_date": "2024-09-30T00:00:00Z",
  "results": []
}
Federal account response for subfunction 452: {
  "total": 0,
  "end_date": "2024-09-30T00:00:00Z",
  "results": []
}
Federal account response for subfunction 806: {
  "total": 0,
  "end_date": "2024-09-30T00:00:00Z",
  "results": []
}
Federal account response for subfunction 754: {
  "total": 0,
  "end_date": "2024-09-30T00:00:00Z",
  "results": []
}
Federal account response for subfunction 303: {
  "total": 0,
  "end_date": "2024-09-30T00:00:00Z",
  "results": []
}
Federal account response for subfunction 371: {
  "total": 0,
  "end_date": "2024-09-30T00:00:00Z",
  "results": []
}
Federal account response for subfunction 808: {
  "total": 0,
  "end_date": "2024-09-30T00:00:00Z",
  "results": []
}
Federal account response for subfunction 274: {
  "total": 0,
  "end_date": "2024-09-30T00:00:00Z",
  "results": []
}
Federal account response for subfunction 505: {
  "total": 0,
  "end_date": "2024-09-30T00:00:00Z",
  "results": []
}
Federal account response for subfunction 503: {
  "total": 0,
  "end_date": "2024-09-30T00:00:00Z",
  "results": []
}
Federal account response for subfunction 276: {
  "total": 0,
  "end_date": "2024-09-30T00:00:00Z",
  "results": []
}
Federal account response for subfunction 407: {
  "total": 0,
  "end_date": "2024-09-30T00:00:00Z",
  "results": []
}
Federal account response for subfunction 154: {
  "total": 0,
  "end_date": "2024-09-30T00:00:00Z",
  "results": []
}
Federal account response for subfunction 704: {
  "total": 0,
  "end_date": "2024-09-30T00:00:00Z",
  "results": []
}
Federal account response for subfunction 801: {
  "total": 0,
  "end_date": "2024-09-30T00:00:00Z",
  "results": []
}
Federal account response for subfunction 802: {
  "total": 0,
  "end_date": "2024-09-30T00:00:00Z",
  "results": []
}
Federal account response for subfunction 400: {
  "total": 0,
  "end_date": "2024-09-30T00:00:00Z",
  "results": []
}
Federal account response for subfunction 000: {
  "total": 0,
  "end_date": "2024-09-30T00:00:00Z",
  "results": [
    {
      "id": "5588",
      "code": "6079",
      "type": "federal_account",
      "name": "Personal Funds and Earnings of Patients, National Institutes of Health",
      "amount": 0.0,
      "account_number": "075-6079"
    },
    {
      "id": "5592",
      "code": "6275",
      "type": "federal_account",
      "name": "Withheld State and Local Taxes, Departmental Management",
      "amount": 0.0,
      "account_number": "075-6275"
    },
    {
      "id": "5593",
      "code": "6276",
      "type": "federal_account",
      "name": "Other Federal Payroll Withholding, Allotments, Departmental Management",
      "amount": 0.0,
      "account_number": "075-6276"
    },
    {
      "id": "6167",
      "code": "6154",
      "type": "federal_account",
      "name": "Escrow Account, Backpay Cases, National Labor Relations Board",
      "amount": 0.0,
      "account_number": "420-6154"
    },
    {
      "id": "6299",
      "code": "6152",
      "type": "federal_account",
      "name": "Escrow Account, Temporary Restraining Order Cases, National Labor Relations Board",
      "amount": 0.0,
      "account_number": "420-6152"
    }
  ]
}
Error: {"total":9518447609618.83,"end_date":"2024-09-30T00:00:00Z","results":[{"id":"571","code":"571","type":"budget_subfunction","name":"Medicare","amount":1582650103296.23},{"id":"651","code":"651","type":"budget_subfunction","name":"Social security","amount":1541027236655.33},{"id":"051","code":"051","type":"budget_subfunction","name":"Department of Defense-Military","amount":1141639974791.54},{"id":"901","code":"901","type":"budget_subfunction","name":"Interest on Treasury debt securities (gross)","amount":1133036890149.16},{"id":"551","code":"551","type":"budget_subfunction","name":"Health care services","amount":1027906606154.41},{"id":"803","code":"803","type":"budget_subfunction","name":"Central fiscal operations","amount":361817179022.08},{"id":"609","code":"609","type":"budget_subfunction","name":"Other income security","amount":212821498800.65},{"id":"602","code":"602","type":"budget_subfunction","name":"Federal employee retirement and disability","amount":186122247366.58},{"id":"701","code":"701","type":"budget_subfunction","name":"Income security for veterans","amount":179525221002.95},{"id":"502","code":"502","type":"budget_subfunction","name":"Higher education","amount":178177965275.86},{"id":"054","code":"054","type":"budget_subfunction","name":"Defense-related activities","amount":175456833128.28},{"id":"605","code":"605","type":"budget_subfunction","name":"Food and nutrition assistance","amount":162470680320.64},{"id":"703","code":"703","type":"budget_subfunction","name":"Hospital and medical care for veterans","amount":128399212249.22},{"id":"401","code":"401","type":"budget_subfunction","name":"Ground transportation","amount":110326604063.98},{"id":"453","code":"453","type":"budget_subfunction","name":"Disaster relief and insurance","amount":89837364216.26},{"id":"376","code":"376","type":"budget_subfunction","name":"Other advancement of commerce","amount":79358897672.38},{"id":"751","code":"751","type":"budget_subfunction","name":"Federal law enforcement activities","amount":76405719119.49},{"id":"373","code":"373","type":"budget_subfunction","name":"Deposit insurance","amount":72869682343.03},{"id":"604","code":"604","type":"budget_subfunction","name":"Housing assistance","amount":71653190121.24},{"id":"552","code":"552","type":"budget_subfunction","name":"Health research and training","amount":59909656479.15},{"id":"304","code":"304","type":"budget_subfunction","name":"Pollution control and abatement","amount":55110905217.91},{"id":"805","code":"805","type":"budget_subfunction","name":"Central personnel management","amount":54925702526.1},{"id":"501","code":"501","type":"budget_subfunction","name":"Elementary, secondary, and vocational education","amount":49891390716.45},{"id":"402","code":"402","type":"budget_subfunction","name":"Air transportation","amount":49402727181.87},{"id":"151","code":"151","type":"budget_subfunction","name":"International development and humanitarian assistance","amount":48790411327.31},{"id":"804","code":"804","type":"budget_subfunction","name":"General property and records management","amount":46426383387.29},{"id":"705","code":"705","type":"budget_subfunction","name":"Other veterans benefits and services","amount":43937195708.28},{"id":"603","code":"603","type":"budget_subfunction","name":"Unemployment compensation","amount":43816134296.76},{"id":"053","code":"053","type":"budget_subfunction","name":"Atomic energy defense activities","amount":41156563299.52},{"id":"601","code":"601","type":"budget_subfunction","name":"General retirement and disability insurance (excluding social se","amount":41096992551.29},{"id":"301","code":"301","type":"budget_subfunction","name":"Water resources","amount":41007764457.14},{"id":"351","code":"351","type":"budget_subfunction","name":"Farm income stabilization","amount":36535056628.55},{"id":"302","code":"302","type":"budget_subfunction","name":"Conservation and land management","amount":33371433196.5},{"id":"153","code":"153","type":"budget_subfunction","name":"Conduct of foreign affairs","amount":31336990698.45},{"id":"252","code":"252","type":"budget_subfunction","name":"Space flight, research, and supporting activities","amount":26195350653.52},{"id":"506","code":"506","type":"budget_subfunction","name":"Social services","amount":25619468222.94},{"id":"271","code":"271","type":"budget_subfunction","name":"Energy supply","amount":22099665328.51},{"id":"251","code":"251","type":"budget_subfunction","name":"General science and basic research","amount":19027820947.62},{"id":"306","code":"306","type":"budget_subfunction","name":"Other natural resources","amount":17904734213.06},{"id":"352","code":"352","type":"budget_subfunction","name":"Agricultural research and services","amount":17157865445.45},{"id":"908","code":"908","type":"budget_subfunction","name":"Other interest","amount":16520784081.42},{"id":"403","code":"403","type":"budget_subfunction","name":"Water transportation","amount":14989335445.74},{"id":"702","code":"702","type":"budget_subfunction","name":"Veterans education, training, and rehabilitation","amount":14956778147.75},{"id":"451","code":"451","type":"budget_subfunction","name":"Community development","amount":13530393806.87},{"id":"752","code":"752","type":"budget_subfunction","name":"Federal litigative and judicial activities","amount":12596821491.1},{"id":"272","code":"272","type":"budget_subfunction","name":"Energy conservation","amount":12426086618.24},{"id":"504","code":"504","type":"budget_subfunction","name":"Training and employment","amount":10798025903.63},{"id":"554","code":"554","type":"budget_subfunction","name":"Consumer and occupational health and safety","amount":10603316666.97},{"id":"753","code":"753","type":"budget_subfunction","name":"Federal correctional activities","amount":10287153239.48},{"id":"152","code":"152","type":"budget_subfunction","name":"International security assistance","amount":10065129398.86},{"id":"155","code":"155","type":"budget_subfunction","name":"International financial programs","amount":9991512175.51},{"id":"452","code":"452","type":"budget_subfunction","name":"Area and regional development","amount":9195142904.32},{"id":"806","code":"806","type":"budget_subfunction","name":"General purpose fiscal assistance","amount":8644888386.23},{"id":"754","code":"754","type":"budget_subfunction","name":"Criminal justice assistance","amount":8538485768.98},{"id":"303","code":"303","type":"budget_subfunction","name":"Recreational resources","amount":7560906689.62},{"id":"371","code":"371","type":"budget_subfunction","name":"Mortgage credit","amount":7527267722.18},{"id":"808","code":"808","type":"budget_subfunction","name":"Other general government","amount":3827411654.73},{"id":"274","code":"274","type":"budget_subfunction","name":"Emergency energy preparedness","amount":3746154909.13},{"id":"505","code":"505","type":"budget_subfunction","name":"Other labor services","amount":3200536526.14},{"id":"503","code":"503","type":"budget_subfunction","name":"Research and general education aids","amount":2658218648.93},{"id":"276","code":"276","type":"budget_subfunction","name":"Energy information, policy, and regulation","amount":2557785928.7},{"id":"407","code":"407","type":"budget_subfunction","name":"Other transportation","amount":2199886866.33},{"id":"154","code":"154","type":"budget_subfunction","name":"Foreign information and exchange activities","amount":2092083762.54},{"id":"704","code":"704","type":"budget_subfunction","name":"Veterans housing","amount":1955298547.68},{"id":"801","code":"801","type":"budget_subfunction","name":"Legislative functions","amount":902447241.83},{"id":"802","code":"802","type":"budget_subfunction","name":"Executive direction and management","amount":852438852.94},{"id":"400","code":"400","type":"budget_subfunction","name":"Transportation","amount":0.0},{"id":"000","code":"000","type":"budget_subfunction","name":"Governmental Receipts","amount":0.0}]}
Fetching spending for 306-2300 (FY 2024): Status 200

Processing Department of Defense (Top-tier Code: 097)
Fetching federal accounts for 097: Status 200
Fetching spending for 097-0040 (FY 2024): Status 200
Fetching budget subfunctions (FY 2024): Status 200
Budget subfunction response: {
  "total": 9518447609618.83,
  "end_date": "2024-09-30T00:00:00Z",
  "results": [
    {
      "id": "571",
      "code": "571",
      "type": "budget_subfunction",
      "name": "Medicare",
      "amount": 1582650103296.23
    },
    {
      "id": "651",
      "code": "651",
      "type": "budget_subfunction",
      "name": "Social security",
      "amount": 1541027236655.33
    },
    {
      "id": "051",
      "code": "051",
      "type": "budget_subfunction",
      "name": "Department of Defense-Military",
      "amount": 1141639974791.54
    },
    {
      "id": "901",
      "code": "901",
      "type": "budget_subfunction",
      "name": "Interest on Treasury debt securities (gross)",
      "amount": 1133036890149.16
    },
    {
      "id": "551",
      "code": "551",
      "type": "budget_subfunction",
      "name": "Health care services",
      "amount": 1027906606154.41
    },
    {
      "id": "803",
      "code": "803",
      "type": "budget_subfunction",
      "name": "Central fiscal operations",
      "amount": 361817179022.08
    },
    {
      "id": "609",
      "code": "609",
      "type": "budget_subfunction",
      "name": "Other income security",
      "amount": 212821498800.65
    },
    {
      "id": "602",
      "code": "602",
      "type": "budget_subfunction",
      "name": "Federal employee retirement and disability",
      "amount": 186122247366.58
    },
    {
      "id": "701",
      "code": "701",
      "type": "budget_subfunction",
      "name": "Income security for veterans",
      "amount": 179525221002.95
    },
    {
      "id": "502",
      "code": "502",
      "type": "budget_subfunction",
      "name": "Higher education",
      "amount": 178177965275.86
    },
    {
      "id": "054",
      "code": "054",
      "type": "budget_subfunction",
      "name": "Defense-related activities",
      "amount": 175456833128.28
    },
    {
      "id": "605",
      "code": "605",
      "type": "budget_subfunction",
      "name": "Food and nutrition assistance",
      "amount": 162470680320.64
    },
    {
      "id": "703",
      "code": "703",
      "type": "budget_subfunction",
      "name": "Hospital and medical care for veterans",
      "amount": 128399212249.22
    },
    {
      "id": "401",
      "code": "401",
      "type": "budget_subfunction",
      "name": "Ground transportation",
      "amount": 110326604063.98
    },
    {
      "id": "453",
      "code": "453",
      "type": "budget_subfunction",
      "name": "Disaster relief and insurance",
      "amount": 89837364216.26
    },
    {
      "id": "376",
      "code": "376",
      "type": "budget_subfunction",
      "name": "Other advancement of commerce",
      "amount": 79358897672.38
    },
    {
      "id": "751",
      "code": "751",
      "type": "budget_subfunction",
      "name": "Federal law enforcement activities",
      "amount": 76405719119.49
    },
    {
      "id": "373",
      "code": "373",
      "type": "budget_subfunction",
      "name": "Deposit insurance",
      "amount": 72869682343.03
    },
    {
      "id": "604",
      "code": "604",
      "type": "budget_subfunction",
      "name": "Housing assistance",
      "amount": 71653190121.24
    },
    {
      "id": "552",
      "code": "552",
      "type": "budget_subfunction",
      "name": "Health research and training",
      "amount": 59909656479.15
    },
    {
      "id": "304",
      "code": "304",
      "type": "budget_subfunction",
      "name": "Pollution control and abatement",
      "amount": 55110905217.91
    },
    {
      "id": "805",
      "code": "805",
      "type": "budget_subfunction",
      "name": "Central personnel management",
      "amount": 54925702526.1
    },
    {
      "id": "501",
      "code": "501",
      "type": "budget_subfunction",
      "name": "Elementary, secondary, and vocational education",
      "amount": 49891390716.45
    },
    {
      "id": "402",
      "code": "402",
      "type": "budget_subfunction",
      "name": "Air transportation",
      "amount": 49402727181.87
    },
    {
      "id": "151",
      "code": "151",
      "type": "budget_subfunction",
      "name": "International development and humanitarian assistance",
      "amount": 48790411327.31
    },
    {
      "id": "804",
      "code": "804",
      "type": "budget_subfunction",
      "name": "General property and records management",
      "amount": 46426383387.29
    },
    {
      "id": "705",
      "code": "705",
      "type": "budget_subfunction",
      "name": "Other veterans benefits and services",
      "amount": 43937195708.28
    },
    {
      "id": "603",
      "code": "603",
      "type": "budget_subfunction",
      "name": "Unemployment compensation",
      "amount": 43816134296.76
    },
    {
      "id": "053",
      "code": "053",
      "type": "budget_subfunction",
      "name": "Atomic energy defense activities",
      "amount": 41156563299.52
    },
    {
      "id": "601",
      "code": "601",
      "type": "budget_subfunction",
      "name": "General retirement and disability insurance (excluding social se",
      "amount": 41096992551.29
    },
    {
      "id": "301",
      "code": "301",
      "type": "budget_subfunction",
      "name": "Water resources",
      "amount": 41007764457.14
    },
    {
      "id": "351",
      "code": "351",
      "type": "budget_subfunction",
      "name": "Farm income stabilization",
      "amount": 36535056628.55
    },
    {
      "id": "302",
      "code": "302",
      "type": "budget_subfunction",
      "name": "Conservation and land management",
      "amount": 33371433196.5
    },
    {
      "id": "153",
      "code": "153",
      "type": "budget_subfunction",
      "name": "Conduct of foreign affairs",
      "amount": 31336990698.45
    },
    {
      "id": "252",
      "code": "252",
      "type": "budget_subfunction",
      "name": "Space flight, research, and supporting activities",
      "amount": 26195350653.52
    },
    {
      "id": "506",
      "code": "506",
      "type": "budget_subfunction",
      "name": "Social services",
      "amount": 25619468222.94
    },
    {
      "id": "271",
      "code": "271",
      "type": "budget_subfunction",
      "name": "Energy supply",
      "amount": 22099665328.51
    },
    {
      "id": "251",
      "code": "251",
      "type": "budget_subfunction",
      "name": "General science and basic research",
      "amount": 19027820947.62
    },
    {
      "id": "306",
      "code": "306",
      "type": "budget_subfunction",
      "name": "Other natural resources",
      "amount": 17904734213.06
    },
    {
      "id": "352",
      "code": "352",
      "type": "budget_subfunction",
      "name": "Agricultural research and services",
      "amount": 17157865445.45
    },
    {
      "id": "908",
      "code": "908",
      "type": "budget_subfunction",
      "name": "Other interest",
      "amount": 16520784081.42
    },
    {
      "id": "403",
      "code": "403",
      "type": "budget_subfunction",
      "name": "Water transportation",
      "amount": 14989335445.74
    },
    {
      "id": "702",
      "code": "702",
      "type": "budget_subfunction",
      "name": "Veterans education, training, and rehabilitation",
      "amount": 14956778147.75
    },
    {
      "id": "451",
      "code": "451",
      "type": "budget_subfunction",
      "name": "Community development",
      "amount": 13530393806.87
    },
    {
      "id": "752",
      "code": "752",
      "type": "budget_subfunction",
      "name": "Federal litigative and judicial activities",
      "amount": 12596821491.1
    },
    {
      "id": "272",
      "code": "272",
      "type": "budget_subfunction",
      "name": "Energy conservation",
      "amount": 12426086618.24
    },
    {
      "id": "504",
      "code": "504",
      "type": "budget_subfunction",
      "name": "Training and employment",
      "amount": 10798025903.63
    },
    {
      "id": "554",
      "code": "554",
      "type": "budget_subfunction",
      "name": "Consumer and occupational health and safety",
      "amount": 10603316666.97
    },
    {
      "id": "753",
      "code": "753",
      "type": "budget_subfunction",
      "name": "Federal correctional activities",
      "amount": 10287153239.48
    },
    {
      "id": "152",
      "code": "152",
      "type": "budget_subfunction",
      "name": "International security assistance",
      "amount": 10065129398.86
    },
    {
      "id": "155",
      "code": "155",
      "type": "budget_subfunction",
      "name": "International financial programs",
      "amount": 9991512175.51
    },
    {
      "id": "452",
      "code": "452",
      "type": "budget_subfunction",
      "name": "Area and regional development",
      "amount": 9195142904.32
    },
    {
      "id": "806",
      "code": "806",
      "type": "budget_subfunction",
      "name": "General purpose fiscal assistance",
      "amount": 8644888386.23
    },
    {
      "id": "754",
      "code": "754",
      "type": "budget_subfunction",
      "name": "Criminal justice assistance",
      "amount": 8538485768.98
    },
    {
      "id": "303",
      "code": "303",
      "type": "budget_subfunction",
      "name": "Recreational resources",
      "amount": 7560906689.62
    },
    {
      "id": "371",
      "code": "371",
      "type": "budget_subfunction",
      "name": "Mortgage credit",
      "amount": 7527267722.18
    },
    {
      "id": "808",
      "code": "808",
      "type": "budget_subfunction",
      "name": "Other general government",
      "amount": 3827411654.73
    },
    {
      "id": "274",
      "code": "274",
      "type": "budget_subfunction",
      "name": "Emergency energy preparedness",
      "amount": 3746154909.13
    },
    {
      "id": "505",
      "code": "505",
      "type": "budget_subfunction",
      "name": "Other labor services",
      "amount": 3200536526.14
    },
    {
      "id": "503",
      "code": "503",
      "type": "budget_subfunction",
      "name": "Research and general education aids",
      "amount": 2658218648.93
    },
    {
      "id": "276",
      "code": "276",
      "type": "budget_subfunction",
      "name": "Energy information, policy, and regulation",
      "amount": 2557785928.7
    },
    {
      "id": "407",
      "code": "407",
      "type": "budget_subfunction",
      "name": "Other transportation",
      "amount": 2199886866.33
    },
    {
      "id": "154",
      "code": "154",
      "type": "budget_subfunction",
      "name": "Foreign information and exchange activities",
      "amount": 2092083762.54
    },
    {
      "id": "704",
      "code": "704",
      "type": "budget_subfunction",
      "name": "Veterans housing",
      "amount": 1955298547.68
    },
    {
      "id": "801",
      "code": "801",
      "type": "budget_subfunction",
      "name": "Legislative functions",
      "amount": 902447241.83
    },
    {
      "id": "802",
      "code": "802",
      "type": "budget_subfunction",
      "name": "Executive direction and management",
      "amount": 852438852.94
    },
    {
      "id": "400",
      "code": "400",
      "type": "budget_subfunction",
      "name": "Transportation",
      "amount": 0.0
    },
    {
      "id": "000",
      "code": "000",
      "type": "budget_subfunction",
      "name": "Governmental Receipts",
      "amount": 0.0
    }
  ]
}
Fetching spending for 097-0040 (FY 2024): Status 200
Federal account response for subfunction 571: {
  "total": 0,
  "end_date": "2024-09-30T00:00:00Z",
  "results": []
}
Federal account response for subfunction 651: {
  "total": 0,
  "end_date": "2024-09-30T00:00:00Z",
  "results": []
}
Federal account response for subfunction 051: {
  "total": 1141639974791.54,
  "end_date": "2024-09-30T00:00:00Z",
  "results": [
    {
      "id": "6018",
      "code": "4930",
      "type": "federal_account",
      "name": "Department of Defense Working Capital Fund, Defense",
      "amount": 159375755095.31,
      "account_number": "097-4930"
    },
    {
      "id": "4175",
      "code": "1804",
      "type": "federal_account",
      "name": "Operation and Maintenance, Navy",
      "amount": 84406886313.7,
      "account_number": "017-1804"
    },
    {
      "id": "4501",
      "code": "2020",
      "type": "federal_account",
      "name": "Operation and Maintenance, Army",
      "amount": 81906189738.43,
      "account_number": "021-2020"
    },
    {
      "id": "4807",
      "code": "3400",
      "type": "federal_account",
      "name": "Operation and Maintenance, Air Force",
      "amount": 81894626034.67,
      "account_number": "057-3400"
    },
    {
      "id": "5965",
      "code": "0100",
      "type": "federal_account",
      "name": "Operation and Maintenance, Defense-Wide, Defense",
      "amount": 64820568469.41,
      "account_number": "097-0100"
    },
    {
      "id": "4500",
      "code": "2010",
      "type": "federal_account",
      "name": "Military Personnel, Army",
      "amount": 52899583666.68,
      "account_number": "021-2010"
    },
    {
      "id": "4810",
      "code": "3600",
      "type": "federal_account",
      "name": "Research, Development, Test, and Evaluation, Air Force",
      "amount": 50928895157.26,
      "account_number": "057-3600"
    },
    {
      "id": "5974",
      "code": "0130",
      "type": "federal_account",
      "name": "Defense Health Program, Defense",
      "amount": 45716285702.76,
      "account_number": "097-0130"
    },
    {
      "id": "5988",
      "code": "0400",
      "type": "federal_account",
      "name": "Research, Development, Test, and Evaluation, Defense-Wide",
      "amount": 38459052630.59,
      "account_number": "097-0400"
    },
    {
      "id": "4169",
      "code": "1453",
      "type": "federal_account",
      "name": "Military Personnel, Navy",
      "amount": 38096402462.92,
      "account_number": "017-1453"
    },
    {
      "id": "4809",
      "code": "3500",
      "type": "federal_account",
      "name": "Military Personnel, Air Force",
      "amount": 37043359786.71,
      "account_number": "057-3500"
    },
    {
      "id": "4804",
      "code": "3080",
      "type": "federal_account",
      "name": "Other Procurement, Air Force",
      "amount": 33393278381.5,
      "account_number": "057-3080"
    },
    {
      "id": "4166",
      "code": "1319",
      "type": "federal_account",
      "name": "Research, Development, Test, and Evaluation, Navy",
      "amount": 29562853987.1,
      "account_number": "017-1319"
    },
    {
      "id": "4508",
      "code": "2040",
      "type": "federal_account",
      "name": "Research, Development, Test, and Evaluation, Army",
      "amount": 24620169480.08,
      "account_number": "021-2040"
    },
    {
      "id": "4173",
      "code": "1611",
      "type": "federal_account",
      "name": "Shipbuilding and Conversion, Navy",
      "amount": 21191589562.44,
      "account_number": "017-1611"
    },
    {
      "id": "6363",
      "code": "3620",
      "type": "federal_account",
      "name": "Research, Development, Test, and Evaluation, Space Force, Air Force",
      "amount": 20360704026.66,
      "account_number": "057-3620"
    },
    {
      "id": "5964",
      "code": "0041",
      "type": "federal_account",
      "name": "Concurrent Receipt Accrual Payments to the Military Retirement Fund, Defense",
      "amount": 19874141000.0,
      "account_number": "097-0041"
    },
    {
      "id": "4799",
      "code": "3010",
      "type": "federal_account",
      "name": "Aircraft Procurement, Air Force",
      "amount": 16898337659.48,
      "account_number": "057-3010"
    },
    {
      "id": "4155",
      "code": "1105",
      "type": "federal_account",
      "name": "Military Personnel, Marine Corps",
      "amount": 15635532499.36,
      "account_number": "017-1105"
    },
    {
      "id": "4170",
      "code": "1506",
      "type": "federal_account",
      "name": "Aircraft Procurement, Navy",
      "amount": 15219858696.61,
      "account_number": "017-1506"
    },
    {
      "id": "4179",
      "code": "1810",
      "type": "federal_account",
      "name": "Other Procurement, Navy",
      "amount": 14817532851.85,
      "account_number": "017-1810"
    },
    {
      "id": "4156",
      "code": "1106",
      "type": "federal_account",
      "name": "Operation and Maintenance, Marine Corps",
      "amount": 11086969579.14,
      "account_number": "017-1106"
    },
    {
      "id": "4512",
      "code": "2060",
      "type": "federal_account",
      "name": "National Guard Personnel, Army",
      "amount": 10850511935.97,
      "account_number": "021-2060"
    },
    {
      "id": "4507",
      "code": "2035",
      "type": "federal_account",
      "name": "Other Procurement, Army",
      "amount": 9976043649.47,
      "account_number": "021-2035"
    },
    {
      "id": "4513",
      "code": "2065",
      "type": "federal_account",
      "name": "Operation and Maintenance, Army National Guard",
      "amount": 9891448499.17,
      "account_number": "021-2065"
    },
    {
      "id": "4506",
      "code": "2034",
      "type": "federal_account",
      "name": "Procurement of Ammunition, Army",
      "amount": 8904302023.65,
      "account_number": "021-2034"
    },
    {
      "id": "4510",
      "code": "2050",
      "type": "federal_account",
      "name": "Military Construction, Army",
      "amount": 8902116648.8,
      "account_number": "021-2050"
    },
    {
      "id": "4818",
      "code": "3840",
      "type": "federal_account",
      "name": "Operation and Maintenance, Air National Guard",
      "amount": 8643977048.64,
      "account_number": "057-3840"
    },
    {
      "id": "4174",
      "code": "1612",
      "type": "federal_account",
      "name": "National Sea-Based Deterrence Fund, Navy",
      "amount": 7757048036.97,
      "account_number": "017-1612"
    },
    {
      "id": "5983",
      "code": "0300",
      "type": "federal_account",
      "name": "Procurement, Defense-Wide",
      "amount": 7659063943.67,
      "account_number": "097-0300"
    },
    {
      "id": "4504",
      "code": "2032",
      "type": "federal_account",
      "name": "Missile Procurement, Army",
      "amount": 7306229400.75,
      "account_number": "021-2032"
    },
    {
      "id": "4505",
      "code": "2033",
      "type": "federal_account",
      "name": "Procurement of Weapons and Tracked Combat Vehicles, Army",
      "amount": 7046164431.91,
      "account_number": "021-2033"
    },
    {
      "id": "4162",
      "code": "1205",
      "type": "federal_account",
      "name": "Military Construction, Navy and Marine Corps",
      "amount": 6762631879.16,
      "account_number": "017-1205"
    },
    {
      "id": "4515",
      "code": "2070",
      "type": "federal_account",
      "name": "Reserve Personnel, Army",
      "amount": 5861399326.48,
      "account_number": "021-2070"
    },
    {
      "id": "4820",
      "code": "3850",
      "type": "federal_account",
      "name": "National Guard Personnel, Air Force",
      "amount": 5474228864.65,
      "account_number": "057-3850"
    },
    {
      "id": "6304",
      "code": "3410",
      "type": "federal_account",
      "name": "Operation and Maintenance, Space Force",
      "amount": 5433544933.64,
      "account_number": "057-3410"
    },
    {
      "id": "4171",
      "code": "1507",
      "type": "federal_account",
      "name": "Weapons Procurement, Navy",
      "amount": 5345271722.52,
      "account_number": "017-1507"
    },
    {
      "id": "4801",
      "code": "3020",
      "type": "federal_account",
      "name": "Missile Procurement, Air Force",
      "amount": 4626851400.33,
      "account_number": "057-3020"
    },
    {
      "id": "4503",
      "code": "2031",
      "type": "federal_account",
      "name": "Aircraft Procurement, Army",
      "amount": 4525641258.55,
      "account_number": "021-2031"
    },
    {
      "id": "6362",
      "code": "3022",
      "type": "federal_account",
      "name": "Procurement, Space Force, Air Force",
      "amount": 4451076024.65,
      "account_number": "057-3022"
    },
    {
      "id": "4814",
      "code": "3740",
      "type": "federal_account",
      "name": "Operation and Maintenance, Air Force Reserve",
      "amount": 4348278462.97,
      "account_number": "057-3740"
    },
    {
      "id": "4516",
      "code": "2080",
      "type": "federal_account",
      "name": "Operation and Maintenance, Army Reserve",
      "amount": 3744741014.48,
      "account_number": "021-2080"
    },
    {
      "id": "4159",
      "code": "1109",
      "type": "federal_account",
      "name": "Procurement, Marine Corps",
      "amount": 3723890610.25,
      "account_number": "017-1109"
    },
    {
      "id": "5992",
      "code": "0500",
      "type": "federal_account",
      "name": "Military Construction, Defense-Wide",
      "amount": 3111244876.09,
      "account_number": "097-0500"
    },
    {
      "id": "4495",
      "code": "1004",
      "type": "federal_account",
      "name": "Medicare-Eligible Retiree Health Fund Contribution, Army",
      "amount": 2846715000.0,
      "account_number": "021-1004"
    },
    {
      "id": "4168",
      "code": "1405",
      "type": "federal_account",
      "name": "Reserve Personnel, Navy",
      "amount": 2552194142.31,
      "account_number": "017-1405"
    },
    {
      "id": "4812",
      "code": "3700",
      "type": "federal_account",
      "name": "Reserve Personnel, Air Force",
      "amount": 2477747870.46,
      "account_number": "057-3700"
    },
    {
      "id": "4805",
      "code": "3300",
      "type": "federal_account",
      "name": "Military Construction, Air Force",
      "amount": 2322446862.94,
      "account_number": "057-3300"
    },
    {
      "id": "4151",
      "code": "1000",
      "type": "federal_account",
      "name": "Medicare-Eligible Retiree Health Fund Contribution, Navy",
      "amount": 2175657000.0,
      "account_number": "017-1000"
    },
    {
      "id": "4796",
      "code": "1007",
      "type": "federal_account",
      "name": "Medicare-Eligible Retiree Health Fund Contribution, Air Force",
      "amount": 2047980000.0,
      "account_number": "057-1007"
    },
    {
      "id": "6294",
      "code": "4932",
      "type": "federal_account",
      "name": "Defense Counterintelligence and Security Agency Working Capital Fund, Defense",
      "amount": 1740391177.37,
      "account_number": "097-4932"
    },
    {
      "id": "4172",
      "code": "1508",
      "type": "federal_account",
      "name": "Procurement of Ammunition, Navy and Marine Corps",
      "amount": 1509648020.1,
      "account_number": "017-1508"
    },
    {
      "id": "4177",
      "code": "1806",
      "type": "federal_account",
      "name": "Operation and Maintenance, Navy Reserve",
      "amount": 1409845623.84,
      "account_number": "017-1806"
    },
    {
      "id": "4800",
      "code": "3011",
      "type": "federal_account",
      "name": "Procurement of Ammunition, Air Force",
      "amount": 1389445325.31,
      "account_number": "057-3011"
    },
    {
      "id": "6497",
      "code": "3510",
      "type": "federal_account",
      "name": "Military Personnel, Space Force, Air Force",
      "amount": 1283903799.5,
      "account_number": "057-3510"
    },
    {
      "id": "5986",
      "code": "0390",
      "type": "federal_account",
      "name": "Chemical Agents and Munitions Destruction, Defense",
      "amount": 1137155837.76,
      "account_number": "097-0390"
    },
    {
      "id": "4152",
      "code": "1001",
      "type": "federal_account",
      "name": "Medicare-Eligible Retiree Health Fund Contribution, Marine Corps",
      "amount": 1102941000.0,
      "account_number": "017-1001"
    },
    {
      "id": "4158",
      "code": "1108",
      "type": "federal_account",
      "name": "Reserve Personnel, Marine Corps",
      "amount": 962138399.89,
      "account_number": "017-1108"
    },
    {
      "id": "4497",
      "code": "1006",
      "type": "federal_account",
      "name": "Medicare-Eligible Retiree Health Fund Contribution, National Guard Personnel, Army",
      "amount": 943772000.0,
      "account_number": "021-1006"
    },
    {
      "id": "6020",
      "code": "4950",
      "type": "federal_account",
      "name": "Pentagon Reservation Maintenance Revolving Fund",
      "amount": 860181790.59,
      "account_number": "097-4950"
    },
    {
      "id": "5985",
      "code": "0360",
      "type": "federal_account",
      "name": "Defense Production Act Purchases, Defense",
      "amount": 836371791.58,
      "account_number": "097-0360"
    },
    {
      "id": "6028",
      "code": "5441",
      "type": "federal_account",
      "name": "Burden Sharing Contribution, Defense",
      "amount": 805596025.28,
      "account_number": "097-5441"
    },
    {
      "id": "5984",
      "code": "0350",
      "type": "federal_account",
      "name": "National Guard and Reserve Equipment Account, Defense",
      "amount": 804001824.7,
      "account_number": "097-0350"
    },
    {
      "id": "5996",
      "code": "0516",
      "type": "federal_account",
      "name": "Department of Defense Base Closure Account, Defense",
      "amount": 692060790.56,
      "account_number": "097-0516"
    },
    {
      "id": "4518",
      "code": "2085",
      "type": "federal_account",
      "name": "Military Construction, Army National Guard",
      "amount": 647551477.16,
      "account_number": "021-2085"
    },
    {
      "id": "5968",
      "code": "0107",
      "type": "federal_account",
      "name": "Office of the Inspector General, Defense",
      "amount": 542642466.66,
      "account_number": "097-0107"
    },
    {
      "id": "4496",
      "code": "1005",
      "type": "federal_account",
      "name": "Medicare-Eligible Retiree Health Fund Contribution, Reserve Personnel, Army",
      "amount": 510346000.0,
      "account_number": "021-1005"
    },
    {
      "id": "6002",
      "code": "0804",
      "type": "federal_account",
      "name": "North Atlantic Treaty Organization, Security Investment Program, Defense",
      "amount": 508124851.44,
      "account_number": "097-0804"
    },
    {
      "id": "6061",
      "code": "8358",
      "type": "federal_account",
      "name": "Support for U.S. Relocation to Guam Activities, Defense",
      "amount": 475658784.69,
      "account_number": "097-8358"
    },
    {
      "id": "4492",
      "code": "0725",
      "type": "federal_account",
      "name": "Family Housing Operation and Maintenance, Army",
      "amount": 418842152.15,
      "account_number": "021-0725"
    },
    {
      "id": "4522",
      "code": "2091",
      "type": "federal_account",
      "name": "Afghanistan Security Forces Fund, Army",
      "amount": 396676490.91,
      "account_number": "021-2091"
    },
    {
      "id": "4149",
      "code": "0735",
      "type": "federal_account",
      "name": "Family Housing Operation and Maintenance, Navy and Marine Corps",
      "amount": 394909873.47,
      "account_number": "017-0735"
    },
    {
      "id": "4793",
      "code": "0745",
      "type": "federal_account",
      "name": "Family Housing Operation and Maintenance, Air Force",
      "amount": 384956787.6,
      "account_number": "057-0745"
    },
    {
      "id": "4798",
      "code": "1009",
      "type": "federal_account",
      "name": "Medicare-Eligible Retiree Health Fund Contribution, National Guard Personnel, Air Force",
      "amount": 371867000.0,
      "account_number": "057-1009"
    },
    {
      "id": "5990",
      "code": "0460",
      "type": "federal_account",
      "name": "Operational Test and Evaluation, Defense",
      "amount": 370098148.78,
      "account_number": "097-0460"
    },
    {
      "id": "6019",
      "code": "4931",
      "type": "federal_account",
      "name": "Building Maintenance Fund, Defense",
      "amount": 338413508.55,
      "account_number": "097-4931"
    },
    {
      "id": "4157",
      "code": "1107",
      "type": "federal_account",
      "name": "Operation and Maintenance, Marine Corps Reserve",
      "amount": 333876806.76,
      "account_number": "017-1107"
    },
    {
      "id": "4490",
      "code": "0720",
      "type": "federal_account",
      "name": "Family Housing Construction, Army",
      "amount": 329199435.91,
      "account_number": "021-0720"
    },
    {
      "id": "4529",
      "code": "2099",
      "type": "federal_account",
      "name": "Counter-ISIS Train and Equip Fund, Army",
      "amount": 325349721.89,
      "account_number": "021-2099"
    },
    {
      "id": "5976",
      "code": "0134",
      "type": "federal_account",
      "name": "Cooperative Threat Reduction Account, Defense",
      "amount": 291740142.98,
      "account_number": "097-0134"
    },
    {
      "id": "4519",
      "code": "2086",
      "type": "federal_account",
      "name": "Military Construction, Army Reserve",
      "amount": 288126050.19,
      "account_number": "021-2086"
    },
    {
      "id": "4816",
      "code": "3830",
      "type": "federal_account",
      "name": "Military Construction, Air National Guard",
      "amount": 269542492.59,
      "account_number": "057-3830"
    },
    {
      "id": "4148",
      "code": "0730",
      "type": "federal_account",
      "name": "Family Housing Construction, Navy and Marine Corps",
      "amount": 268942839.09,
      "account_number": "017-0730"
    },
    {
      "id": "6005",
      "code": "0819",
      "type": "federal_account",
      "name": "Overseas Humanitarian, Disaster, and Civic AID, Defense",
      "amount": 256234512.75,
      "account_number": "097-0819"
    },
    {
      "id": "6055",
      "code": "8164",
      "type": "federal_account",
      "name": "Commissary Stores Surcharge Program, Defense",
      "amount": 220288552.02,
      "account_number": "097-8164"
    },
    {
      "id": "4797",
      "code": "1008",
      "type": "federal_account",
      "name": "Medicare-Eligible Retiree Health Fund Contribution, Reserve Personnel, Air Force",
      "amount": 198046000.0,
      "account_number": "057-1008"
    },
    {
      "id": "4153",
      "code": "1002",
      "type": "federal_account",
      "name": "Medicare-Eligible Retiree Health Fund Contribution, Reserve Personnel, Navy",
      "amount": 183698000.0,
      "account_number": "017-1002"
    },
    {
      "id": "4813",
      "code": "3730",
      "type": "federal_account",
      "name": "Military Construction, Air Force Reserve",
      "amount": 109877192.31,
      "account_number": "057-3730"
    },
    {
      "id": "6060",
      "code": "8337",
      "type": "federal_account",
      "name": "Host Nation Support for U.S. Relocation Activities, Defense",
      "amount": 95559167.6,
      "account_number": "097-8337"
    },
    {
      "id": "4154",
      "code": "1003",
      "type": "federal_account",
      "name": "Medicare-Eligible Retiree Health Fund Contribution, Reserve Personnel, Marine Corps",
      "amount": 94316000.0,
      "account_number": "017-1003"
    },
    {
      "id": "4164",
      "code": "1235",
      "type": "federal_account",
      "name": "Military Construction, Naval Reserve",
      "amount": 85138737.55,
      "account_number": "017-1235"
    },
    {
      "id": "5969",
      "code": "0111",
      "type": "federal_account",
      "name": "Department of Defense Acquisition Workforce Development Account, Defense",
      "amount": 70924270.95,
      "account_number": "097-0111"
    },
    {
      "id": "6488",
      "code": "1010",
      "type": "federal_account",
      "name": "Medicare-Eligible Retiree Health Fund Contribution, Space Force, Air Force",
      "amount": 58016000.0,
      "account_number": "057-1010"
    },
    {
      "id": "5998",
      "code": "0765",
      "type": "federal_account",
      "name": "Family Housing Operation and Maintenance, Defense-Wide",
      "amount": 52286974.98,
      "account_number": "097-0765"
    },
    {
      "id": "6007",
      "code": "0834",
      "type": "federal_account",
      "name": "Department of Defense Family Housing Improvement Fund, Defense",
      "amount": 41516544.09,
      "account_number": "097-0834"
    },
    {
      "id": "4180",
      "code": "4557",
      "type": "federal_account",
      "name": "National Defense Sealift Fund, Navy",
      "amount": 35583569.69,
      "account_number": "017-4557"
    },
    {
      "id": "4802",
      "code": "3021",
      "type": "federal_account",
      "name": "Space Procurement, Air Force",
      "amount": 26608994.04,
      "account_number": "057-3021"
    },
    {
      "id": "4561",
      "code": "8927",
      "type": "federal_account",
      "name": "Department of the Army General Gift Fund, Army",
      "amount": 25861310.76,
      "account_number": "021-8927"
    },
    {
      "id": "6024",
      "code": "5189",
      "type": "federal_account",
      "name": "Lease of Department of Defense Real Property, Defense",
      "amount": 22099019.05,
      "account_number": "097-5189"
    },
    {
      "id": "4791",
      "code": "0740",
      "type": "federal_account",
      "name": "Family Housing Construction, Air Force",
      "amount": 21549501.9,
      "account_number": "057-0740"
    },
    {
      "id": "6059",
      "code": "8335",
      "type": "federal_account",
      "name": "Voluntary Separation Incentive Fund, Defense",
      "amount": 19936737.75,
      "account_number": "097-8335"
    },
    {
      "id": "4206",
      "code": "8733",
      "type": "federal_account",
      "name": "United States Naval Academy General Gift Fund",
      "amount": 19289035.34,
      "account_number": "017-8733"
    },
    {
      "id": "5966",
      "code": "0104",
      "type": "federal_account",
      "name": "United States Court of Appeals for the Armed Forces, Defense",
      "amount": 16801234.42,
      "account_number": "097-0104"
    },
    {
      "id": "4205",
      "code": "8723",
      "type": "federal_account",
      "name": "Ships' Stores Profits, Navy",
      "amount": 10763835.33,
      "account_number": "017-8723"
    },
    {
      "id": "6609",
      "code": "5756",
      "type": "federal_account",
      "name": "Natick Land Conveyance, Army",
      "amount": 9573823.92,
      "account_number": "021-5756"
    },
    {
      "id": "6030",
      "code": "5613",
      "type": "federal_account",
      "name": "Mutually Beneficial Activities, Defense",
      "amount": 6433935.3,
      "account_number": "097-5613"
    },
    {
      "id": "4533",
      "code": "5098",
      "type": "federal_account",
      "name": "Restoration, Rocky Mountain Arsenal, Army",
      "amount": 6027484.9,
      "account_number": "021-5098"
    },
    {
      "id": "5995",
      "code": "0512",
      "type": "federal_account",
      "name": "Department of Defense Base Closure Account 2005, Defense",
      "amount": 4794906.92,
      "account_number": "097-0512"
    },
    {
      "id": "6297",
      "code": "0402",
      "type": "federal_account",
      "name": "Department of Defense Rapid Prototyping Fund, Defense",
      "amount": 4279150.02,
      "account_number": "097-0402"
    },
    {
      "id": "4844",
      "code": "8928",
      "type": "federal_account",
      "name": "Department of the Air Force General Gift Fund, Air Force",
      "amount": 3909069.75,
      "account_number": "057-8928"
    },
    {
      "id": "6023",
      "code": "5188",
      "type": "federal_account",
      "name": "Disposal of Department of Defense Real Property, Defense",
      "amount": 3711857.04,
      "account_number": "097-5188"
    },
    {
      "id": "6056",
      "code": "8165",
      "type": "federal_account",
      "name": "Foreign National Employees Separation Pay Account, Defense",
      "amount": 3168255.48,
      "account_number": "097-8165"
    },
    {
      "id": "4204",
      "code": "8716",
      "type": "federal_account",
      "name": "Department of the Navy General Gift Fund, Navy",
      "amount": 1910634.94,
      "account_number": "017-8716"
    },
    {
      "id": "6006",
      "code": "0833",
      "type": "federal_account",
      "name": "Defense Emergency Response Fund, Defense",
      "amount": 1740850.2,
      "account_number": "097-0833"
    },
    {
      "id": "6014",
      "code": "4090",
      "type": "federal_account",
      "name": "Homeowners Assistance Fund, Defense",
      "amount": 1646177.79,
      "account_number": "097-4090"
    },
    {
      "id": "6032",
      "code": "5751",
      "type": "federal_account",
      "name": "Contributions to the Cooperative Threat Reduction Program, Defense",
      "amount": 1424288.88,
      "account_number": "097-5751"
    },
    {
      "id": "6348",
      "code": "0361",
      "type": "federal_account",
      "name": "Defense Production Act Program Account. Defense",
      "amount": 1267614.35,
      "account_number": "097-0361"
    },
    {
      "id": "4822",
      "code": "5616",
      "type": "federal_account",
      "name": "Support of Athletic Programs, Air Force",
      "amount": 968179.73,
      "account_number": "057-5616"
    },
    {
      "id": "6009",
      "code": "0838",
      "type": "federal_account",
      "name": "Support for International Sporting Competitions, Defense",
      "amount": 957147.14,
      "account_number": "097-0838"
    },
    {
      "id": "4494",
      "code": "0810",
      "type": "federal_account",
      "name": "Environmental Restoration, Army",
      "amount": 582000.0,
      "account_number": "021-0810"
    },
    {
      "id": "6008",
      "code": "0836",
      "type": "federal_account",
      "name": "Department of Defense Military Unaccompanied Housing Improvement Fund, Defense",
      "amount": 506000.0,
      "account_number": "097-0836"
    },
    {
      "id": "6054",
      "code": "8163",
      "type": "federal_account",
      "name": "Department of Defense General Gift Fund, Defense",
      "amount": 408921.32,
      "account_number": "097-8163"
    },
    {
      "id": "6031",
      "code": "5750",
      "type": "federal_account",
      "name": "Department of Defense Vietnam War Commemoration Fund, Defense",
      "amount": 327690.45,
      "account_number": "097-5750"
    },
    {
      "id": "6012",
      "code": "2093",
      "type": "federal_account",
      "name": "Joint Improvised-Threat Defeat Fund, Defense",
      "amount": 292773.63,
      "account_number": "097-2093"
    },
    {
      "id": "6033",
      "code": "5753",
      "type": "federal_account",
      "name": "Contributions for Renewable Energy Impact Assessments and Mitigation, Defense",
      "amount": 242858.76,
      "account_number": "097-5753"
    },
    {
      "id": "6015",
      "code": "4091",
      "type": "federal_account",
      "name": "Homeowners Assistance Fund - Recovery Act, Defense",
      "amount": 40240.72,
      "account_number": "097-4091"
    },
    {
      "id": "4535",
      "code": "5286",
      "type": "federal_account",
      "name": "National Science Center, Army",
      "amount": 23987.0,
      "account_number": "021-5286"
    },
    {
      "id": "4524",
      "code": "2093",
      "type": "federal_account",
      "name": "Joint Improvised Explosive Device Defeat Fund, Army",
      "amount": 3664.33,
      "account_number": "021-2093"
    },
    {
      "id": "4150",
      "code": "0810",
      "type": "federal_account",
      "name": "Environmental Restoration, Navy",
      "amount": 0.0,
      "account_number": "017-0810"
    },
    {
      "id": "6777",
      "code": "8721",
      "type": "federal_account",
      "name": "Heritage Center for the National Museum of the United States Army",
      "amount": 0.0,
      "account_number": "021-8721"
    },
    {
      "id": "5994",
      "code": "0510",
      "type": "federal_account",
      "name": "Department of Defense Base Closure Account 1990, Defense",
      "amount": 0.0,
      "account_number": "097-0510"
    },
    {
      "id": "7141",
      "code": "0362",
      "type": "federal_account",
      "name": "Defense Strategic Capital Credit Program, Defense",
      "amount": 0.0,
      "account_number": "097-0362"
    },
    {
      "id": "4537",
      "code": "5752",
      "type": "federal_account",
      "name": "Department of Defense Korean War Commemoration Fund, Army",
      "amount": 0.0,
      "account_number": "021-5752"
    },
    {
      "id": "6000",
      "code": "0801",
      "type": "federal_account",
      "name": "Foreign Currency Fluctuations, Defense",
      "amount": 0.0,
      "account_number": "097-0801"
    },
    {
      "id": "6001",
      "code": "0803",
      "type": "federal_account",
      "name": "Foreign Currency Fluctuations, Construction, Defense",
      "amount": 0.0,
      "account_number": "097-0803"
    },
    {
      "id": "6003",
      "code": "0810",
      "type": "federal_account",
      "name": "Environmental Restoration, Defense",
      "amount": 0.0,
      "account_number": "097-0810"
    },
    {
      "id": "6004",
      "code": "0811",
      "type": "federal_account",
      "name": "Environmental Restoration, Formerly Used Defense Sites, Defense",
      "amount": 0.0,
      "account_number": "097-0811"
    },
    {
      "id": "4560",
      "code": "8063",
      "type": "federal_account",
      "name": "Bequest of Major General Fred C. Ainsworth, Library, Walter Reed General Hospital, Army",
      "amount": 0.0,
      "account_number": "021-8063"
    },
    {
      "id": "6017",
      "code": "4555",
      "type": "federal_account",
      "name": "National Defense Stockpile Transaction Fund, Defense",
      "amount": 0.0,
      "account_number": "097-4555"
    },
    {
      "id": "5987",
      "code": "0391",
      "type": "federal_account",
      "name": "Chemical Demilitarization Construction, Defense-Wide",
      "amount": 0.0,
      "account_number": "097-0391"
    },
    {
      "id": "6021",
      "code": "4965",
      "type": "federal_account",
      "name": "Emergency Response Fund, Defense",
      "amount": 0.0,
      "account_number": "097-4965"
    },
    {
      "id": "6022",
      "code": "5187",
      "type": "federal_account",
      "name": "Defense Cooperation Account, Defense",
      "amount": 0.0,
      "account_number": "097-5187"
    },
    {
      "id": "4795",
      "code": "0810",
      "type": "federal_account",
      "name": "Environmental Restoration, Air Force",
      "amount": 0.0,
      "account_number": "057-0810"
    },
    {
      "id": "6025",
      "code": "5193",
      "type": "federal_account",
      "name": "Department of Defense Overseas Military Facility Investment Recovery Account, Defense",
      "amount": 0.0,
      "account_number": "097-5193"
    },
    {
      "id": "6026",
      "code": "5195",
      "type": "federal_account",
      "name": "Use of Proceeds from the Transfer or Disposition of Commissary Facilities, Defense",
      "amount": 0.0,
      "account_number": "097-5195"
    },
    {
      "id": "6051",
      "code": "8096",
      "type": "federal_account",
      "name": "Department of Defense Dependents' Education Gift Fund",
      "amount": 0.0,
      "account_number": "097-8096"
    },
    {
      "id": "4184",
      "code": "5562",
      "type": "federal_account",
      "name": "Ford Island Improvement Account",
      "amount": 0.0,
      "account_number": "017-5562"
    },
    {
      "id": "6057",
      "code": "8168",
      "type": "federal_account",
      "name": "National Security Education Trust Fund, Defense",
      "amount": 0.0,
      "account_number": "097-8168"
    },
    {
      "id": "4146",
      "code": "0380",
      "type": "federal_account",
      "name": "Coastal Defense Augmentation, Navy",
      "amount": 0.0,
      "account_number": "017-0380"
    },
    {
      "id": "4183",
      "code": "5185",
      "type": "federal_account",
      "name": "Kaho'Olawe Island Conveyance, Remediation, and Environmental Restoration Fund, Navy",
      "amount": 0.0,
      "account_number": "017-5185"
    },
    {
      "id": "4843",
      "code": "8418",
      "type": "federal_account",
      "name": "Air Force Cadet Fund, Air Force",
      "amount": 0.0,
      "account_number": "057-8418"
    },
    {
      "id": "6300",
      "code": "5630",
      "type": "federal_account",
      "name": "Department of Defense World War II Commemoration Fund, Navy",
      "amount": 0.0,
      "account_number": "017-5630"
    },
    {
      "id": "4165",
      "code": "1236",
      "type": "federal_account",
      "name": "Payments to Kaho'Olawe Island Conveyance, Remediation, and Environmental Restoration Fund, Navy",
      "amount": 0.0,
      "account_number": "017-1236"
    },
    {
      "id": "5972",
      "code": "0118",
      "type": "federal_account",
      "name": "Overseas Contingency Operations Transfer Fund, Defense",
      "amount": 0.0,
      "account_number": "097-0118"
    },
    {
      "id": "5967",
      "code": "0105",
      "type": "federal_account",
      "name": "Drug Interdiction and Counter-Drug Activities, Defense",
      "amount": 0.0,
      "account_number": "097-0105"
    },
    {
      "id": "6494",
      "code": "0403",
      "type": "federal_account",
      "name": "Creating Helpful Incentives to Produce Semi-Conductors (CHIPS) for America Defense Fund, Defense",
      "amount": 0.0,
      "account_number": "097-0403"
    }
  ]
}
Federal account response for subfunction 901: {
  "total": 0,
  "end_date": "2024-09-30T00:00:00Z",
  "results": []
}
Federal account response for subfunction 551: {
  "total": 0,
  "end_date": "2024-09-30T00:00:00Z",
  "results": []
}
Federal account response for subfunction 803: {
  "total": 0,
  "end_date": "2024-09-30T00:00:00Z",
  "results": []
}
Federal account response for subfunction 609: {
  "total": 0,
  "end_date": "2024-09-30T00:00:00Z",
  "results": []
}
Federal account response for subfunction 602: {
  "total": 0,
  "end_date": "2024-09-30T00:00:00Z",
  "results": []
}
Federal account response for subfunction 701: {
  "total": 0,
  "end_date": "2024-09-30T00:00:00Z",
  "results": []
}
Federal account response for subfunction 502: {
  "total": 0,
  "end_date": "2024-09-30T00:00:00Z",
  "results": []
}
Federal account response for subfunction 054: {
  "total": 175456833128.28,
  "end_date": "2024-09-30T00:00:00Z",
  "results": [
    {
      "id": "5963",
      "code": "0040",
      "type": "federal_account",
      "name": "Payments to Military Retirement Fund, Defense",
      "amount": 151521000000.0,
      "account_number": "097-0040"
    },
    {
      "id": "4007",
      "code": "0200",
      "type": "federal_account",
      "name": "Salaries and Expenses, Federal Bureau of Investigation, Justice",
      "amount": 12033323454.69,
      "account_number": "015-0200"
    },
    {
      "id": "6011",
      "code": "0850",
      "type": "federal_account",
      "name": "Payment to Department of Defense Medicare-Eligible Retiree Health Care Fund",
      "amount": 9584000000.0,
      "account_number": "097-0850"
    },
    {
      "id": "5055",
      "code": "1710",
      "type": "federal_account",
      "name": "Ready Reserve Force, Maritime Administration, Transportation",
      "amount": 1136580881.97,
      "account_number": "069-1710"
    },
    {
      "id": "5185",
      "code": "0412",
      "type": "federal_account",
      "name": "Procurement, Construction, and Improvements, Cybersecurity and Infrastructure Security Agency, Homeland Security",
      "amount": 506501490.81,
      "account_number": "070-0412"
    },
    {
      "id": "5056",
      "code": "1711",
      "type": "federal_account",
      "name": "Maritime Security Program, Maritime Administration, Transportation",
      "amount": 311749292.86,
      "account_number": "069-1711"
    },
    {
      "id": "5184",
      "code": "0411",
      "type": "federal_account",
      "name": "Federal Assistance, Countering Weapons of Mass Destruction Office, Homeland Security",
      "amount": 146403866.15,
      "account_number": "070-0411"
    },
    {
      "id": "4018",
      "code": "0333",
      "type": "federal_account",
      "name": "Payment to the Radiation Exposure Compensation Trust Fund, Justice",
      "amount": 80000000.0,
      "account_number": "015-0333"
    },
    {
      "id": "6468",
      "code": "1718",
      "type": "federal_account",
      "name": "Tanker Security Program, Maritime Administration, Transportation",
      "amount": 60000000.0,
      "account_number": "069-1718"
    },
    {
      "id": "4071",
      "code": "8116",
      "type": "federal_account",
      "name": "Radiation Exposure Compensation Trust Fund, Justice",
      "amount": 52313372.43,
      "account_number": "015-8116"
    },
    {
      "id": "6262",
      "code": "2724",
      "type": "federal_account",
      "name": "Salaries and Expenses, Privacy and Civil Liberties Oversight Board",
      "amount": 11648086.29,
      "account_number": "535-2724"
    },
    {
      "id": "6371",
      "code": "1717",
      "type": "federal_account",
      "name": "Cable Security Fleet, Maritime Administration, Transportation",
      "amount": 10000000.0,
      "account_number": "069-1717"
    },
    {
      "id": "5254",
      "code": "0805",
      "type": "federal_account",
      "name": "Research and Development, Cybersecurity and Infrastructure Security Agency, Homeland Security",
      "amount": 3312683.08,
      "account_number": "070-0805"
    },
    {
      "id": "5222",
      "code": "0565",
      "type": "federal_account",
      "name": "Infrastructure Protection and Information Security, Cybersecurity and Infrastructure Security Agency, Homeland Security",
      "amount": 0.0,
      "account_number": "070-0565"
    },
    {
      "id": "6453",
      "code": "1911",
      "type": "federal_account",
      "name": "Cybersecurity Response and Recovery Fund, Cybersecurity and Infrastructure Security Agency, Homeland Security",
      "amount": 0.0,
      "account_number": "070-1911"
    }
  ]
}
Federal account response for subfunction 605: {
  "total": 0,
  "end_date": "2024-09-30T00:00:00Z",
  "results": []
}
Federal account response for subfunction 703: {
  "total": 0,
  "end_date": "2024-09-30T00:00:00Z",
  "results": []
}
Federal account response for subfunction 401: {
  "total": 0,
  "end_date": "2024-09-30T00:00:00Z",
  "results": []
}
Federal account response for subfunction 453: {
  "total": 0,
  "end_date": "2024-09-30T00:00:00Z",
  "results": []
}
Federal account response for subfunction 376: {
  "total": 0,
  "end_date": "2024-09-30T00:00:00Z",
  "results": []
}
Federal account response for subfunction 751: {
  "total": 0,
  "end_date": "2024-09-30T00:00:00Z",
  "results": []
}
Federal account response for subfunction 373: {
  "total": 0,
  "end_date": "2024-09-30T00:00:00Z",
  "results": []
}
Federal account response for subfunction 604: {
  "total": 0,
  "end_date": "2024-09-30T00:00:00Z",
  "results": []
}
Federal account response for subfunction 552: {
  "total": 0,
  "end_date": "2024-09-30T00:00:00Z",
  "results": []
}
Federal account response for subfunction 304: {
  "total": 0,
  "end_date": "2024-09-30T00:00:00Z",
  "results": []
}
Federal account response for subfunction 805: {
  "total": 0,
  "end_date": "2024-09-30T00:00:00Z",
  "results": []
}
Federal account response for subfunction 501: {
  "total": 0,
  "end_date": "2024-09-30T00:00:00Z",
  "results": []
}
Federal account response for subfunction 402: {
  "total": 0,
  "end_date": "2024-09-30T00:00:00Z",
  "results": []
}
Federal account response for subfunction 151: {
  "total": 0,
  "end_date": "2024-09-30T00:00:00Z",
  "results": []
}
Federal account response for subfunction 804: {
  "total": 0,
  "end_date": "2024-09-30T00:00:00Z",
  "results": []
}
Federal account response for subfunction 705: {
  "total": 0,
  "end_date": "2024-09-30T00:00:00Z",
  "results": []
}
Federal account response for subfunction 603: {
  "total": 0,
  "end_date": "2024-09-30T00:00:00Z",
  "results": []
}
Federal account response for subfunction 053: {
  "total": 41156563299.52,
  "end_date": "2024-09-30T00:00:00Z",
  "results": [
    {
      "id": "5787",
      "code": "0240",
      "type": "federal_account",
      "name": "Weapons Activities, National Nuclear Security Administration, Energy",
      "amount": 23637473396.0,
      "account_number": "089-0240"
    },
    {
      "id": "5793",
      "code": "0251",
      "type": "federal_account",
      "name": "Defense Environmental Cleanup, Environmental and Other Defense Activities, Energy",
      "amount": 7634560443.26,
      "account_number": "089-0251"
    },
    {
      "id": "4122",
      "code": "1523",
      "type": "federal_account",
      "name": "Energy Employees Occupational Illness Compensation Fund, Labor",
      "amount": 2721135306.31,
      "account_number": "016-1523"
    },
    {
      "id": "5798",
      "code": "0309",
      "type": "federal_account",
      "name": "Defense Nuclear Nonproliferation, National Nuclear Security Administration, Energy",
      "amount": 2638684171.05,
      "account_number": "089-0309"
    },
    {
      "id": "5801",
      "code": "0314",
      "type": "federal_account",
      "name": "Naval Reactors, National Nuclear Security Administration, Energy",
      "amount": 1859189504.77,
      "account_number": "089-0314"
    },
    {
      "id": "5789",
      "code": "0243",
      "type": "federal_account",
      "name": "Other Defense Activities, Environmental and Other Defense Activities, Energy",
      "amount": 1652767010.37,
      "account_number": "089-0243"
    },
    {
      "id": "5800",
      "code": "0313",
      "type": "federal_account",
      "name": "Federal Salaries and Expenses, National Nuclear Security Administration, Energy",
      "amount": 512152910.15,
      "account_number": "089-0313"
    },
    {
      "id": "5935",
      "code": "3130",
      "type": "federal_account",
      "name": "Formerly Utilized Sites Remedial Action Program, Corps of Engineers-Civil",
      "amount": 311715936.11,
      "account_number": "096-3130"
    },
    {
      "id": "4123",
      "code": "1524",
      "type": "federal_account",
      "name": "Administrative Expenses, Energy Employees Occupational Illness Compensation Fund, Office of Workers' Compensation Programs, Labor",
      "amount": 144699490.64,
      "account_number": "016-1524"
    },
    {
      "id": "6112",
      "code": "3900",
      "type": "federal_account",
      "name": "Salaries and Expenses, Defense Nuclear Facilities Safety Board",
      "amount": 44185130.86,
      "account_number": "347-3900"
    },
    {
      "id": "5791",
      "code": "0249",
      "type": "federal_account",
      "name": "Defense Environmental Services, Energy",
      "amount": 0.0,
      "account_number": "089-0249"
    },
    {
      "id": "5790",
      "code": "0244",
      "type": "federal_account",
      "name": "Defense Nuclear Waste Disposal, Environmental and Other Defense Activities, Energy",
      "amount": 0.0,
      "account_number": "089-0244"
    }
  ]
}
Federal account response for subfunction 601: {
  "total": 0,
  "end_date": "2024-09-30T00:00:00Z",
  "results": []
}
Federal account response for subfunction 301: {
  "total": 0,
  "end_date": "2024-09-30T00:00:00Z",
  "results": []
}
Federal account response for subfunction 351: {
  "total": 0,
  "end_date": "2024-09-30T00:00:00Z",
  "results": []
}
Federal account response for subfunction 302: {
  "total": 0,
  "end_date": "2024-09-30T00:00:00Z",
  "results": []
}
Federal account response for subfunction 153: {
  "total": 0,
  "end_date": "2024-09-30T00:00:00Z",
  "results": []
}
Federal account response for subfunction 252: {
  "total": 0,
  "end_date": "2024-09-30T00:00:00Z",
  "results": []
}
Federal account response for subfunction 506: {
  "total": 0,
  "end_date": "2024-09-30T00:00:00Z",
  "results": []
}
Federal account response for subfunction 271: {
  "total": 0,
  "end_date": "2024-09-30T00:00:00Z",
  "results": []
}
Federal account response for subfunction 251: {
  "total": 0,
  "end_date": "2024-09-30T00:00:00Z",
  "results": []
}
Federal account response for subfunction 306: {
  "total": 0,
  "end_date": "2024-09-30T00:00:00Z",
  "results": []
}
Federal account response for subfunction 352: {
  "total": 0,
  "end_date": "2024-09-30T00:00:00Z",
  "results": []
}
Federal account response for subfunction 908: {
  "total": 0,
  "end_date": "2024-09-30T00:00:00Z",
  "results": []
}
Federal account response for subfunction 403: {
  "total": 0,
  "end_date": "2024-09-30T00:00:00Z",
  "results": []
}
Federal account response for subfunction 702: {
  "total": 0,
  "end_date": "2024-09-30T00:00:00Z",
  "results": []
}
Federal account response for subfunction 451: {
  "total": 0,
  "end_date": "2024-09-30T00:00:00Z",
  "results": []
}
Federal account response for subfunction 752: {
  "total": 0,
  "end_date": "2024-09-30T00:00:00Z",
  "results": []
}
Federal account response for subfunction 272: {
  "total": 0,
  "end_date": "2024-09-30T00:00:00Z",
  "results": []
}
Federal account response for subfunction 504: {
  "total": 0,
  "end_date": "2024-09-30T00:00:00Z",
  "results": []
}
Federal account response for subfunction 554: {
  "total": 0,
  "end_date": "2024-09-30T00:00:00Z",
  "results": []
}
Federal account response for subfunction 753: {
  "total": 0,
  "end_date": "2024-09-30T00:00:00Z",
  "results": []
}
Federal account response for subfunction 152: {
  "total": 0,
  "end_date": "2024-09-30T00:00:00Z",
  "results": []
}
Federal account response for subfunction 155: {
  "total": 0,
  "end_date": "2024-09-30T00:00:00Z",
  "results": []
}
Federal account response for subfunction 452: {
  "total": 0,
  "end_date": "2024-09-30T00:00:00Z",
  "results": []
}
Federal account response for subfunction 806: {
  "total": 0,
  "end_date": "2024-09-30T00:00:00Z",
  "results": []
}
Federal account response for subfunction 754: {
  "total": 0,
  "end_date": "2024-09-30T00:00:00Z",
  "results": []
}
Federal account response for subfunction 303: {
  "total": 0,
  "end_date": "2024-09-30T00:00:00Z",
  "results": []
}
Federal account response for subfunction 371: {
  "total": 0,
  "end_date": "2024-09-30T00:00:00Z",
  "results": []
}
Federal account response for subfunction 808: {
  "total": 0,
  "end_date": "2024-09-30T00:00:00Z",
  "results": []
}
Federal account response for subfunction 274: {
  "total": 0,
  "end_date": "2024-09-30T00:00:00Z",
  "results": []
}
Federal account response for subfunction 505: {
  "total": 0,
  "end_date": "2024-09-30T00:00:00Z",
  "results": []
}
Federal account response for subfunction 503: {
  "total": 0,
  "end_date": "2024-09-30T00:00:00Z",
  "results": []
}
Federal account response for subfunction 276: {
  "total": 0,
  "end_date": "2024-09-30T00:00:00Z",
  "results": []
}
Federal account response for subfunction 407: {
  "total": 0,
  "end_date": "2024-09-30T00:00:00Z",
  "results": []
}
Federal account response for subfunction 154: {
  "total": 0,
  "end_date": "2024-09-30T00:00:00Z",
  "results": []
}
Federal account response for subfunction 704: {
  "total": 0,
  "end_date": "2024-09-30T00:00:00Z",
  "results": []
}
Federal account response for subfunction 801: {
  "total": 0,
  "end_date": "2024-09-30T00:00:00Z",
  "results": []
}
Federal account response for subfunction 802: {
  "total": 0,
  "end_date": "2024-09-30T00:00:00Z",
  "results": []
}
Federal account response for subfunction 400: {
  "total": 0,
  "end_date": "2024-09-30T00:00:00Z",
  "results": []
}
Federal account response for subfunction 000: {
  "total": 0,
  "end_date": "2024-09-30T00:00:00Z",
  "results": []
}
Fetching spending for 097-4930 (FY 2024): Status 200
Fetching budget subfunctions (FY 2024): Status 200
Budget subfunction response: {
  "total": 9518447609618.83,
  "end_date": "2024-09-30T00:00:00Z",
  "results": [
    {
      "id": "571",
      "code": "571",
      "type": "budget_subfunction",
      "name": "Medicare",
      "amount": 1582650103296.23
    },
    {
      "id": "651",
      "code": "651",
      "type": "budget_subfunction",
      "name": "Social security",
      "amount": 1541027236655.33
    },
    {
      "id": "051",
      "code": "051",
      "type": "budget_subfunction",
      "name": "Department of Defense-Military",
      "amount": 1141639974791.54
    },
    {
      "id": "901",
      "code": "901",
      "type": "budget_subfunction",
      "name": "Interest on Treasury debt securities (gross)",
      "amount": 1133036890149.16
    },
    {
      "id": "551",
      "code": "551",
      "type": "budget_subfunction",
      "name": "Health care services",
      "amount": 1027906606154.41
    },
    {
      "id": "803",
      "code": "803",
      "type": "budget_subfunction",
      "name": "Central fiscal operations",
      "amount": 361817179022.08
    },
    {
      "id": "609",
      "code": "609",
      "type": "budget_subfunction",
      "name": "Other income security",
      "amount": 212821498800.65
    },
    {
      "id": "602",
      "code": "602",
      "type": "budget_subfunction",
      "name": "Federal employee retirement and disability",
      "amount": 186122247366.58
    },
    {
      "id": "701",
      "code": "701",
      "type": "budget_subfunction",
      "name": "Income security for veterans",
      "amount": 179525221002.95
    },
    {
      "id": "502",
      "code": "502",
      "type": "budget_subfunction",
      "name": "Higher education",
      "amount": 178177965275.86
    },
    {
      "id": "054",
      "code": "054",
      "type": "budget_subfunction",
      "name": "Defense-related activities",
      "amount": 175456833128.28
    },
    {
      "id": "605",
      "code": "605",
      "type": "budget_subfunction",
      "name": "Food and nutrition assistance",
      "amount": 162470680320.64
    },
    {
      "id": "703",
      "code": "703",
      "type": "budget_subfunction",
      "name": "Hospital and medical care for veterans",
      "amount": 128399212249.22
    },
    {
      "id": "401",
      "code": "401",
      "type": "budget_subfunction",
      "name": "Ground transportation",
      "amount": 110326604063.98
    },
    {
      "id": "453",
      "code": "453",
      "type": "budget_subfunction",
      "name": "Disaster relief and insurance",
      "amount": 89837364216.26
    },
    {
      "id": "376",
      "code": "376",
      "type": "budget_subfunction",
      "name": "Other advancement of commerce",
      "amount": 79358897672.38
    },
    {
      "id": "751",
      "code": "751",
      "type": "budget_subfunction",
      "name": "Federal law enforcement activities",
      "amount": 76405719119.49
    },
    {
      "id": "373",
      "code": "373",
      "type": "budget_subfunction",
      "name": "Deposit insurance",
      "amount": 72869682343.03
    },
    {
      "id": "604",
      "code": "604",
      "type": "budget_subfunction",
      "name": "Housing assistance",
      "amount": 71653190121.24
    },
    {
      "id": "552",
      "code": "552",
      "type": "budget_subfunction",
      "name": "Health research and training",
      "amount": 59909656479.15
    },
    {
      "id": "304",
      "code": "304",
      "type": "budget_subfunction",
      "name": "Pollution control and abatement",
      "amount": 55110905217.91
    },
    {
      "id": "805",
      "code": "805",
      "type": "budget_subfunction",
      "name": "Central personnel management",
      "amount": 54925702526.1
    },
    {
      "id": "501",
      "code": "501",
      "type": "budget_subfunction",
      "name": "Elementary, secondary, and vocational education",
      "amount": 49891390716.45
    },
    {
      "id": "402",
      "code": "402",
      "type": "budget_subfunction",
      "name": "Air transportation",
      "amount": 49402727181.87
    },
    {
      "id": "151",
      "code": "151",
      "type": "budget_subfunction",
      "name": "International development and humanitarian assistance",
      "amount": 48790411327.31
    },
    {
      "id": "804",
      "code": "804",
      "type": "budget_subfunction",
      "name": "General property and records management",
      "amount": 46426383387.29
    },
    {
      "id": "705",
      "code": "705",
      "type": "budget_subfunction",
      "name": "Other veterans benefits and services",
      "amount": 43937195708.28
    },
    {
      "id": "603",
      "code": "603",
      "type": "budget_subfunction",
      "name": "Unemployment compensation",
      "amount": 43816134296.76
    },
    {
      "id": "053",
      "code": "053",
      "type": "budget_subfunction",
      "name": "Atomic energy defense activities",
      "amount": 41156563299.52
    },
    {
      "id": "601",
      "code": "601",
      "type": "budget_subfunction",
      "name": "General retirement and disability insurance (excluding social se",
      "amount": 41096992551.29
    },
    {
      "id": "301",
      "code": "301",
      "type": "budget_subfunction",
      "name": "Water resources",
      "amount": 41007764457.14
    },
    {
      "id": "351",
      "code": "351",
      "type": "budget_subfunction",
      "name": "Farm income stabilization",
      "amount": 36535056628.55
    },
    {
      "id": "302",
      "code": "302",
      "type": "budget_subfunction",
      "name": "Conservation and land management",
      "amount": 33371433196.5
    },
    {
      "id": "153",
      "code": "153",
      "type": "budget_subfunction",
      "name": "Conduct of foreign affairs",
      "amount": 31336990698.45
    },
    {
      "id": "252",
      "code": "252",
      "type": "budget_subfunction",
      "name": "Space flight, research, and supporting activities",
      "amount": 26195350653.52
    },
    {
      "id": "506",
      "code": "506",
      "type": "budget_subfunction",
      "name": "Social services",
      "amount": 25619468222.94
    },
    {
      "id": "271",
      "code": "271",
      "type": "budget_subfunction",
      "name": "Energy supply",
      "amount": 22099665328.51
    },
    {
      "id": "251",
      "code": "251",
      "type": "budget_subfunction",
      "name": "General science and basic research",
      "amount": 19027820947.62
    },
    {
      "id": "306",
      "code": "306",
      "type": "budget_subfunction",
      "name": "Other natural resources",
      "amount": 17904734213.06
    },
    {
      "id": "352",
      "code": "352",
      "type": "budget_subfunction",
      "name": "Agricultural research and services",
      "amount": 17157865445.45
    },
    {
      "id": "908",
      "code": "908",
      "type": "budget_subfunction",
      "name": "Other interest",
      "amount": 16520784081.42
    },
    {
      "id": "403",
      "code": "403",
      "type": "budget_subfunction",
      "name": "Water transportation",
      "amount": 14989335445.74
    },
    {
      "id": "702",
      "code": "702",
      "type": "budget_subfunction",
      "name": "Veterans education, training, and rehabilitation",
      "amount": 14956778147.75
    },
    {
      "id": "451",
      "code": "451",
      "type": "budget_subfunction",
      "name": "Community development",
      "amount": 13530393806.87
    },
    {
      "id": "752",
      "code": "752",
      "type": "budget_subfunction",
      "name": "Federal litigative and judicial activities",
      "amount": 12596821491.1
    },
    {
      "id": "272",
      "code": "272",
      "type": "budget_subfunction",
      "name": "Energy conservation",
      "amount": 12426086618.24
    },
    {
      "id": "504",
      "code": "504",
      "type": "budget_subfunction",
      "name": "Training and employment",
      "amount": 10798025903.63
    },
    {
      "id": "554",
      "code": "554",
      "type": "budget_subfunction",
      "name": "Consumer and occupational health and safety",
      "amount": 10603316666.97
    },
    {
      "id": "753",
      "code": "753",
      "type": "budget_subfunction",
      "name": "Federal correctional activities",
      "amount": 10287153239.48
    },
    {
      "id": "152",
      "code": "152",
      "type": "budget_subfunction",
      "name": "International security assistance",
      "amount": 10065129398.86
    },
    {
      "id": "155",
      "code": "155",
      "type": "budget_subfunction",
      "name": "International financial programs",
      "amount": 9991512175.51
    },
    {
      "id": "452",
      "code": "452",
      "type": "budget_subfunction",
      "name": "Area and regional development",
      "amount": 9195142904.32
    },
    {
      "id": "806",
      "code": "806",
      "type": "budget_subfunction",
      "name": "General purpose fiscal assistance",
      "amount": 8644888386.23
    },
    {
      "id": "754",
      "code": "754",
      "type": "budget_subfunction",
      "name": "Criminal justice assistance",
      "amount": 8538485768.98
    },
    {
      "id": "303",
      "code": "303",
      "type": "budget_subfunction",
      "name": "Recreational resources",
      "amount": 7560906689.62
    },
    {
      "id": "371",
      "code": "371",
      "type": "budget_subfunction",
      "name": "Mortgage credit",
      "amount": 7527267722.18
    },
    {
      "id": "808",
      "code": "808",
      "type": "budget_subfunction",
      "name": "Other general government",
      "amount": 3827411654.73
    },
    {
      "id": "274",
      "code": "274",
      "type": "budget_subfunction",
      "name": "Emergency energy preparedness",
      "amount": 3746154909.13
    },
    {
      "id": "505",
      "code": "505",
      "type": "budget_subfunction",
      "name": "Other labor services",
      "amount": 3200536526.14
    },
    {
      "id": "503",
      "code": "503",
      "type": "budget_subfunction",
      "name": "Research and general education aids",
      "amount": 2658218648.93
    },
    {
      "id": "276",
      "code": "276",
      "type": "budget_subfunction",
      "name": "Energy information, policy, and regulation",
      "amount": 2557785928.7
    },
    {
      "id": "407",
      "code": "407",
      "type": "budget_subfunction",
      "name": "Other transportation",
      "amount": 2199886866.33
    },
    {
      "id": "154",
      "code": "154",
      "type": "budget_subfunction",
      "name": "Foreign information and exchange activities",
      "amount": 2092083762.54
    },
    {
      "id": "704",
      "code": "704",
      "type": "budget_subfunction",
      "name": "Veterans housing",
      "amount": 1955298547.68
    },
    {
      "id": "801",
      "code": "801",
      "type": "budget_subfunction",
      "name": "Legislative functions",
      "amount": 902447241.83
    },
    {
      "id": "802",
      "code": "802",
      "type": "budget_subfunction",
      "name": "Executive direction and management",
      "amount": 852438852.94
    },
    {
      "id": "400",
      "code": "400",
      "type": "budget_subfunction",
      "name": "Transportation",
      "amount": 0.0
    },
    {
      "id": "000",
      "code": "000",
      "type": "budget_subfunction",
      "name": "Governmental Receipts",
      "amount": 0.0
    }
  ]
}
Fetching spending for 097-4930 (FY 2024): Status 200
Federal account response for subfunction 571: {
  "total": 0,
  "end_date": "2024-09-30T00:00:00Z",
  "results": []
}
Federal account response for subfunction 651: {
  "total": 0,
  "end_date": "2024-09-30T00:00:00Z",
  "results": []
}
Federal account response for subfunction 051: {
  "total": 1141639974791.54,
  "end_date": "2024-09-30T00:00:00Z",
  "results": [
    {
      "id": "6018",
      "code": "4930",
      "type": "federal_account",
      "name": "Department of Defense Working Capital Fund, Defense",
      "amount": 159375755095.31,
      "account_number": "097-4930"
    },
    {
      "id": "4175",
      "code": "1804",
      "type": "federal_account",
      "name": "Operation and Maintenance, Navy",
      "amount": 84406886313.7,
      "account_number": "017-1804"
    },
    {
      "id": "4501",
      "code": "2020",
      "type": "federal_account",
      "name": "Operation and Maintenance, Army",
      "amount": 81906189738.43,
      "account_number": "021-2020"
    },
    {
      "id": "4807",
      "code": "3400",
      "type": "federal_account",
      "name": "Operation and Maintenance, Air Force",
      "amount": 81894626034.67,
      "account_number": "057-3400"
    },
    {
      "id": "5965",
      "code": "0100",
      "type": "federal_account",
      "name": "Operation and Maintenance, Defense-Wide, Defense",
      "amount": 64820568469.41,
      "account_number": "097-0100"
    },
    {
      "id": "4500",
      "code": "2010",
      "type": "federal_account",
      "name": "Military Personnel, Army",
      "amount": 52899583666.68,
      "account_number": "021-2010"
    },
    {
      "id": "4810",
      "code": "3600",
      "type": "federal_account",
      "name": "Research, Development, Test, and Evaluation, Air Force",
      "amount": 50928895157.26,
      "account_number": "057-3600"
    },
    {
      "id": "5974",
      "code": "0130",
      "type": "federal_account",
      "name": "Defense Health Program, Defense",
      "amount": 45716285702.76,
      "account_number": "097-0130"
    },
    {
      "id": "5988",
      "code": "0400",
      "type": "federal_account",
      "name": "Research, Development, Test, and Evaluation, Defense-Wide",
      "amount": 38459052630.59,
      "account_number": "097-0400"
    },
    {
      "id": "4169",
      "code": "1453",
      "type": "federal_account",
      "name": "Military Personnel, Navy",
      "amount": 38096402462.92,
      "account_number": "017-1453"
    },
    {
      "id": "4809",
      "code": "3500",
      "type": "federal_account",
      "name": "Military Personnel, Air Force",
      "amount": 37043359786.71,
      "account_number": "057-3500"
    },
    {
      "id": "4804",
      "code": "3080",
      "type": "federal_account",
      "name": "Other Procurement, Air Force",
      "amount": 33393278381.5,
      "account_number": "057-3080"
    },
    {
      "id": "4166",
      "code": "1319",
      "type": "federal_account",
      "name": "Research, Development, Test, and Evaluation, Navy",
      "amount": 29562853987.1,
      "account_number": "017-1319"
    },
    {
      "id": "4508",
      "code": "2040",
      "type": "federal_account",
      "name": "Research, Development, Test, and Evaluation, Army",
      "amount": 24620169480.08,
      "account_number": "021-2040"
    },
    {
      "id": "4173",
      "code": "1611",
      "type": "federal_account",
      "name": "Shipbuilding and Conversion, Navy",
      "amount": 21191589562.44,
      "account_number": "017-1611"
    },
    {
      "id": "6363",
      "code": "3620",
      "type": "federal_account",
      "name": "Research, Development, Test, and Evaluation, Space Force, Air Force",
      "amount": 20360704026.66,
      "account_number": "057-3620"
    },
    {
      "id": "5964",
      "code": "0041",
      "type": "federal_account",
      "name": "Concurrent Receipt Accrual Payments to the Military Retirement Fund, Defense",
      "amount": 19874141000.0,
      "account_number": "097-0041"
    },
    {
      "id": "4799",
      "code": "3010",
      "type": "federal_account",
      "name": "Aircraft Procurement, Air Force",
      "amount": 16898337659.48,
      "account_number": "057-3010"
    },
    {
      "id": "4155",
      "code": "1105",
      "type": "federal_account",
      "name": "Military Personnel, Marine Corps",
      "amount": 15635532499.36,
      "account_number": "017-1105"
    },
    {
      "id": "4170",
      "code": "1506",
      "type": "federal_account",
      "name": "Aircraft Procurement, Navy",
      "amount": 15219858696.61,
      "account_number": "017-1506"
    },
    {
      "id": "4179",
      "code": "1810",
      "type": "federal_account",
      "name": "Other Procurement, Navy",
      "amount": 14817532851.85,
      "account_number": "017-1810"
    },
    {
      "id": "4156",
      "code": "1106",
      "type": "federal_account",
      "name": "Operation and Maintenance, Marine Corps",
      "amount": 11086969579.14,
      "account_number": "017-1106"
    },
    {
      "id": "4512",
      "code": "2060",
      "type": "federal_account",
      "name": "National Guard Personnel, Army",
      "amount": 10850511935.97,
      "account_number": "021-2060"
    },
    {
      "id": "4507",
      "code": "2035",
      "type": "federal_account",
      "name": "Other Procurement, Army",
      "amount": 9976043649.47,
      "account_number": "021-2035"
    },
    {
      "id": "4513",
      "code": "2065",
      "type": "federal_account",
      "name": "Operation and Maintenance, Army National Guard",
      "amount": 9891448499.17,
      "account_number": "021-2065"
    },
    {
      "id": "4506",
      "code": "2034",
      "type": "federal_account",
      "name": "Procurement of Ammunition, Army",
      "amount": 8904302023.65,
      "account_number": "021-2034"
    },
    {
      "id": "4510",
      "code": "2050",
      "type": "federal_account",
      "name": "Military Construction, Army",
      "amount": 8902116648.8,
      "account_number": "021-2050"
    },
    {
      "id": "4818",
      "code": "3840",
      "type": "federal_account",
      "name": "Operation and Maintenance, Air National Guard",
      "amount": 8643977048.64,
      "account_number": "057-3840"
    },
    {
      "id": "4174",
      "code": "1612",
      "type": "federal_account",
      "name": "National Sea-Based Deterrence Fund, Navy",
      "amount": 7757048036.97,
      "account_number": "017-1612"
    },
    {
      "id": "5983",
      "code": "0300",
      "type": "federal_account",
      "name": "Procurement, Defense-Wide",
      "amount": 7659063943.67,
      "account_number": "097-0300"
    },
    {
      "id": "4504",
      "code": "2032",
      "type": "federal_account",
      "name": "Missile Procurement, Army",
      "amount": 7306229400.75,
      "account_number": "021-2032"
    },
    {
      "id": "4505",
      "code": "2033",
      "type": "federal_account",
      "name": "Procurement of Weapons and Tracked Combat Vehicles, Army",
      "amount": 7046164431.91,
      "account_number": "021-2033"
    },
    {
      "id": "4162",
      "code": "1205",
      "type": "federal_account",
      "name": "Military Construction, Navy and Marine Corps",
      "amount": 6762631879.16,
      "account_number": "017-1205"
    },
    {
      "id": "4515",
      "code": "2070",
      "type": "federal_account",
      "name": "Reserve Personnel, Army",
      "amount": 5861399326.48,
      "account_number": "021-2070"
    },
    {
      "id": "4820",
      "code": "3850",
      "type": "federal_account",
      "name": "National Guard Personnel, Air Force",
      "amount": 5474228864.65,
      "account_number": "057-3850"
    },
    {
      "id": "6304",
      "code": "3410",
      "type": "federal_account",
      "name": "Operation and Maintenance, Space Force",
      "amount": 5433544933.64,
      "account_number": "057-3410"
    },
    {
      "id": "4171",
      "code": "1507",
      "type": "federal_account",
      "name": "Weapons Procurement, Navy",
      "amount": 5345271722.52,
      "account_number": "017-1507"
    },
    {
      "id": "4801",
      "code": "3020",
      "type": "federal_account",
      "name": "Missile Procurement, Air Force",
      "amount": 4626851400.33,
      "account_number": "057-3020"
    },
    {
      "id": "4503",
      "code": "2031",
      "type": "federal_account",
      "name": "Aircraft Procurement, Army",
      "amount": 4525641258.55,
      "account_number": "021-2031"
    },
    {
      "id": "6362",
      "code": "3022",
      "type": "federal_account",
      "name": "Procurement, Space Force, Air Force",
      "amount": 4451076024.65,
      "account_number": "057-3022"
    },
    {
      "id": "4814",
      "code": "3740",
      "type": "federal_account",
      "name": "Operation and Maintenance, Air Force Reserve",
      "amount": 4348278462.97,
      "account_number": "057-3740"
    },
    {
      "id": "4516",
      "code": "2080",
      "type": "federal_account",
      "name": "Operation and Maintenance, Army Reserve",
      "amount": 3744741014.48,
      "account_number": "021-2080"
    },
    {
      "id": "4159",
      "code": "1109",
      "type": "federal_account",
      "name": "Procurement, Marine Corps",
      "amount": 3723890610.25,
      "account_number": "017-1109"
    },
    {
      "id": "5992",
      "code": "0500",
      "type": "federal_account",
      "name": "Military Construction, Defense-Wide",
      "amount": 3111244876.09,
      "account_number": "097-0500"
    },
    {
      "id": "4495",
      "code": "1004",
      "type": "federal_account",
      "name": "Medicare-Eligible Retiree Health Fund Contribution, Army",
      "amount": 2846715000.0,
      "account_number": "021-1004"
    },
    {
      "id": "4168",
      "code": "1405",
      "type": "federal_account",
      "name": "Reserve Personnel, Navy",
      "amount": 2552194142.31,
      "account_number": "017-1405"
    },
    {
      "id": "4812",
      "code": "3700",
      "type": "federal_account",
      "name": "Reserve Personnel, Air Force",
      "amount": 2477747870.46,
      "account_number": "057-3700"
    },
    {
      "id": "4805",
      "code": "3300",
      "type": "federal_account",
      "name": "Military Construction, Air Force",
      "amount": 2322446862.94,
      "account_number": "057-3300"
    },
    {
      "id": "4151",
      "code": "1000",
      "type": "federal_account",
      "name": "Medicare-Eligible Retiree Health Fund Contribution, Navy",
      "amount": 2175657000.0,
      "account_number": "017-1000"
    },
    {
      "id": "4796",
      "code": "1007",
      "type": "federal_account",
      "name": "Medicare-Eligible Retiree Health Fund Contribution, Air Force",
      "amount": 2047980000.0,
      "account_number": "057-1007"
    },
    {
      "id": "6294",
      "code": "4932",
      "type": "federal_account",
      "name": "Defense Counterintelligence and Security Agency Working Capital Fund, Defense",
      "amount": 1740391177.37,
      "account_number": "097-4932"
    },
    {
      "id": "4172",
      "code": "1508",
      "type": "federal_account",
      "name": "Procurement of Ammunition, Navy and Marine Corps",
      "amount": 1509648020.1,
      "account_number": "017-1508"
    },
    {
      "id": "4177",
      "code": "1806",
      "type": "federal_account",
      "name": "Operation and Maintenance, Navy Reserve",
      "amount": 1409845623.84,
      "account_number": "017-1806"
    },
    {
      "id": "4800",
      "code": "3011",
      "type": "federal_account",
      "name": "Procurement of Ammunition, Air Force",
      "amount": 1389445325.31,
      "account_number": "057-3011"
    },
    {
      "id": "6497",
      "code": "3510",
      "type": "federal_account",
      "name": "Military Personnel, Space Force, Air Force",
      "amount": 1283903799.5,
      "account_number": "057-3510"
    },
    {
      "id": "5986",
      "code": "0390",
      "type": "federal_account",
      "name": "Chemical Agents and Munitions Destruction, Defense",
      "amount": 1137155837.76,
      "account_number": "097-0390"
    },
    {
      "id": "4152",
      "code": "1001",
      "type": "federal_account",
      "name": "Medicare-Eligible Retiree Health Fund Contribution, Marine Corps",
      "amount": 1102941000.0,
      "account_number": "017-1001"
    },
    {
      "id": "4158",
      "code": "1108",
      "type": "federal_account",
      "name": "Reserve Personnel, Marine Corps",
      "amount": 962138399.89,
      "account_number": "017-1108"
    },
    {
      "id": "4497",
      "code": "1006",
      "type": "federal_account",
      "name": "Medicare-Eligible Retiree Health Fund Contribution, National Guard Personnel, Army",
      "amount": 943772000.0,
      "account_number": "021-1006"
    },
    {
      "id": "6020",
      "code": "4950",
      "type": "federal_account",
      "name": "Pentagon Reservation Maintenance Revolving Fund",
      "amount": 860181790.59,
      "account_number": "097-4950"
    },
    {
      "id": "5985",
      "code": "0360",
      "type": "federal_account",
      "name": "Defense Production Act Purchases, Defense",
      "amount": 836371791.58,
      "account_number": "097-0360"
    },
    {
      "id": "6028",
      "code": "5441",
      "type": "federal_account",
      "name": "Burden Sharing Contribution, Defense",
      "amount": 805596025.28,
      "account_number": "097-5441"
    },
    {
      "id": "5984",
      "code": "0350",
      "type": "federal_account",
      "name": "National Guard and Reserve Equipment Account, Defense",
      "amount": 804001824.7,
      "account_number": "097-0350"
    },
    {
      "id": "5996",
      "code": "0516",
      "type": "federal_account",
      "name": "Department of Defense Base Closure Account, Defense",
      "amount": 692060790.56,
      "account_number": "097-0516"
    },
    {
      "id": "4518",
      "code": "2085",
      "type": "federal_account",
      "name": "Military Construction, Army National Guard",
      "amount": 647551477.16,
      "account_number": "021-2085"
    },
    {
      "id": "5968",
      "code": "0107",
      "type": "federal_account",
      "name": "Office of the Inspector General, Defense",
      "amount": 542642466.66,
      "account_number": "097-0107"
    },
    {
      "id": "4496",
      "code": "1005",
      "type": "federal_account",
      "name": "Medicare-Eligible Retiree Health Fund Contribution, Reserve Personnel, Army",
      "amount": 510346000.0,
      "account_number": "021-1005"
    },
    {
      "id": "6002",
      "code": "0804",
      "type": "federal_account",
      "name": "North Atlantic Treaty Organization, Security Investment Program, Defense",
      "amount": 508124851.44,
      "account_number": "097-0804"
    },
    {
      "id": "6061",
      "code": "8358",
      "type": "federal_account",
      "name": "Support for U.S. Relocation to Guam Activities, Defense",
      "amount": 475658784.69,
      "account_number": "097-8358"
    },
    {
      "id": "4492",
      "code": "0725",
      "type": "federal_account",
      "name": "Family Housing Operation and Maintenance, Army",
      "amount": 418842152.15,
      "account_number": "021-0725"
    },
    {
      "id": "4522",
      "code": "2091",
      "type": "federal_account",
      "name": "Afghanistan Security Forces Fund, Army",
      "amount": 396676490.91,
      "account_number": "021-2091"
    },
    {
      "id": "4149",
      "code": "0735",
      "type": "federal_account",
      "name": "Family Housing Operation and Maintenance, Navy and Marine Corps",
      "amount": 394909873.47,
      "account_number": "017-0735"
    },
    {
      "id": "4793",
      "code": "0745",
      "type": "federal_account",
      "name": "Family Housing Operation and Maintenance, Air Force",
      "amount": 384956787.6,
      "account_number": "057-0745"
    },
    {
      "id": "4798",
      "code": "1009",
      "type": "federal_account",
      "name": "Medicare-Eligible Retiree Health Fund Contribution, National Guard Personnel, Air Force",
      "amount": 371867000.0,
      "account_number": "057-1009"
    },
    {
      "id": "5990",
      "code": "0460",
      "type": "federal_account",
      "name": "Operational Test and Evaluation, Defense",
      "amount": 370098148.78,
      "account_number": "097-0460"
    },
    {
      "id": "6019",
      "code": "4931",
      "type": "federal_account",
      "name": "Building Maintenance Fund, Defense",
      "amount": 338413508.55,
      "account_number": "097-4931"
    },
    {
      "id": "4157",
      "code": "1107",
      "type": "federal_account",
      "name": "Operation and Maintenance, Marine Corps Reserve",
      "amount": 333876806.76,
      "account_number": "017-1107"
    },
    {
      "id": "4490",
      "code": "0720",
      "type": "federal_account",
      "name": "Family Housing Construction, Army",
      "amount": 329199435.91,
      "account_number": "021-0720"
    },
    {
      "id": "4529",
      "code": "2099",
      "type": "federal_account",
      "name": "Counter-ISIS Train and Equip Fund, Army",
      "amount": 325349721.89,
      "account_number": "021-2099"
    },
    {
      "id": "5976",
      "code": "0134",
      "type": "federal_account",
      "name": "Cooperative Threat Reduction Account, Defense",
      "amount": 291740142.98,
      "account_number": "097-0134"
    },
    {
      "id": "4519",
      "code": "2086",
      "type": "federal_account",
      "name": "Military Construction, Army Reserve",
      "amount": 288126050.19,
      "account_number": "021-2086"
    },
    {
      "id": "4816",
      "code": "3830",
      "type": "federal_account",
      "name": "Military Construction, Air National Guard",
      "amount": 269542492.59,
      "account_number": "057-3830"
    },
    {
      "id": "4148",
      "code": "0730",
      "type": "federal_account",
      "name": "Family Housing Construction, Navy and Marine Corps",
      "amount": 268942839.09,
      "account_number": "017-0730"
    },
    {
      "id": "6005",
      "code": "0819",
      "type": "federal_account",
      "name": "Overseas Humanitarian, Disaster, and Civic AID, Defense",
      "amount": 256234512.75,
      "account_number": "097-0819"
    },
    {
      "id": "6055",
      "code": "8164",
      "type": "federal_account",
      "name": "Commissary Stores Surcharge Program, Defense",
      "amount": 220288552.02,
      "account_number": "097-8164"
    },
    {
      "id": "4797",
      "code": "1008",
      "type": "federal_account",
      "name": "Medicare-Eligible Retiree Health Fund Contribution, Reserve Personnel, Air Force",
      "amount": 198046000.0,
      "account_number": "057-1008"
    },
    {
      "id": "4153",
      "code": "1002",
      "type": "federal_account",
      "name": "Medicare-Eligible Retiree Health Fund Contribution, Reserve Personnel, Navy",
      "amount": 183698000.0,
      "account_number": "017-1002"
    },
    {
      "id": "4813",
      "code": "3730",
      "type": "federal_account",
      "name": "Military Construction, Air Force Reserve",
      "amount": 109877192.31,
      "account_number": "057-3730"
    },
    {
      "id": "6060",
      "code": "8337",
      "type": "federal_account",
      "name": "Host Nation Support for U.S. Relocation Activities, Defense",
      "amount": 95559167.6,
      "account_number": "097-8337"
    },
    {
      "id": "4154",
      "code": "1003",
      "type": "federal_account",
      "name": "Medicare-Eligible Retiree Health Fund Contribution, Reserve Personnel, Marine Corps",
      "amount": 94316000.0,
      "account_number": "017-1003"
    },
    {
      "id": "4164",
      "code": "1235",
      "type": "federal_account",
      "name": "Military Construction, Naval Reserve",
      "amount": 85138737.55,
      "account_number": "017-1235"
    },
    {
      "id": "5969",
      "code": "0111",
      "type": "federal_account",
      "name": "Department of Defense Acquisition Workforce Development Account, Defense",
      "amount": 70924270.95,
      "account_number": "097-0111"
    },
    {
      "id": "6488",
      "code": "1010",
      "type": "federal_account",
      "name": "Medicare-Eligible Retiree Health Fund Contribution, Space Force, Air Force",
      "amount": 58016000.0,
      "account_number": "057-1010"
    },
    {
      "id": "5998",
      "code": "0765",
      "type": "federal_account",
      "name": "Family Housing Operation and Maintenance, Defense-Wide",
      "amount": 52286974.98,
      "account_number": "097-0765"
    },
    {
      "id": "6007",
      "code": "0834",
      "type": "federal_account",
      "name": "Department of Defense Family Housing Improvement Fund, Defense",
      "amount": 41516544.09,
      "account_number": "097-0834"
    },
    {
      "id": "4180",
      "code": "4557",
      "type": "federal_account",
      "name": "National Defense Sealift Fund, Navy",
      "amount": 35583569.69,
      "account_number": "017-4557"
    },
    {
      "id": "4802",
      "code": "3021",
      "type": "federal_account",
      "name": "Space Procurement, Air Force",
      "amount": 26608994.04,
      "account_number": "057-3021"
    },
    {
      "id": "4561",
      "code": "8927",
      "type": "federal_account",
      "name": "Department of the Army General Gift Fund, Army",
      "amount": 25861310.76,
      "account_number": "021-8927"
    },
    {
      "id": "6024",
      "code": "5189",
      "type": "federal_account",
      "name": "Lease of Department of Defense Real Property, Defense",
      "amount": 22099019.05,
      "account_number": "097-5189"
    },
    {
      "id": "4791",
      "code": "0740",
      "type": "federal_account",
      "name": "Family Housing Construction, Air Force",
      "amount": 21549501.9,
      "account_number": "057-0740"
    },
    {
      "id": "6059",
      "code": "8335",
      "type": "federal_account",
      "name": "Voluntary Separation Incentive Fund, Defense",
      "amount": 19936737.75,
      "account_number": "097-8335"
    },
    {
      "id": "4206",
      "code": "8733",
      "type": "federal_account",
      "name": "United States Naval Academy General Gift Fund",
      "amount": 19289035.34,
      "account_number": "017-8733"
    },
    {
      "id": "5966",
      "code": "0104",
      "type": "federal_account",
      "name": "United States Court of Appeals for the Armed Forces, Defense",
      "amount": 16801234.42,
      "account_number": "097-0104"
    },
    {
      "id": "4205",
      "code": "8723",
      "type": "federal_account",
      "name": "Ships' Stores Profits, Navy",
      "amount": 10763835.33,
      "account_number": "017-8723"
    },
    {
      "id": "6609",
      "code": "5756",
      "type": "federal_account",
      "name": "Natick Land Conveyance, Army",
      "amount": 9573823.92,
      "account_number": "021-5756"
    },
    {
      "id": "6030",
      "code": "5613",
      "type": "federal_account",
      "name": "Mutually Beneficial Activities, Defense",
      "amount": 6433935.3,
      "account_number": "097-5613"
    },
    {
      "id": "4533",
      "code": "5098",
      "type": "federal_account",
      "name": "Restoration, Rocky Mountain Arsenal, Army",
      "amount": 6027484.9,
      "account_number": "021-5098"
    },
    {
      "id": "5995",
      "code": "0512",
      "type": "federal_account",
      "name": "Department of Defense Base Closure Account 2005, Defense",
      "amount": 4794906.92,
      "account_number": "097-0512"
    },
    {
      "id": "6297",
      "code": "0402",
      "type": "federal_account",
      "name": "Department of Defense Rapid Prototyping Fund, Defense",
      "amount": 4279150.02,
      "account_number": "097-0402"
    },
    {
      "id": "4844",
      "code": "8928",
      "type": "federal_account",
      "name": "Department of the Air Force General Gift Fund, Air Force",
      "amount": 3909069.75,
      "account_number": "057-8928"
    },
    {
      "id": "6023",
      "code": "5188",
      "type": "federal_account",
      "name": "Disposal of Department of Defense Real Property, Defense",
      "amount": 3711857.04,
      "account_number": "097-5188"
    },
    {
      "id": "6056",
      "code": "8165",
      "type": "federal_account",
      "name": "Foreign National Employees Separation Pay Account, Defense",
      "amount": 3168255.48,
      "account_number": "097-8165"
    },
    {
      "id": "4204",
      "code": "8716",
      "type": "federal_account",
      "name": "Department of the Navy General Gift Fund, Navy",
      "amount": 1910634.94,
      "account_number": "017-8716"
    },
    {
      "id": "6006",
      "code": "0833",
      "type": "federal_account",
      "name": "Defense Emergency Response Fund, Defense",
      "amount": 1740850.2,
      "account_number": "097-0833"
    },
    {
      "id": "6014",
      "code": "4090",
      "type": "federal_account",
      "name": "Homeowners Assistance Fund, Defense",
      "amount": 1646177.79,
      "account_number": "097-4090"
    },
    {
      "id": "6032",
      "code": "5751",
      "type": "federal_account",
      "name": "Contributions to the Cooperative Threat Reduction Program, Defense",
      "amount": 1424288.88,
      "account_number": "097-5751"
    },
    {
      "id": "6348",
      "code": "0361",
      "type": "federal_account",
      "name": "Defense Production Act Program Account. Defense",
      "amount": 1267614.35,
      "account_number": "097-0361"
    },
    {
      "id": "4822",
      "code": "5616",
      "type": "federal_account",
      "name": "Support of Athletic Programs, Air Force",
      "amount": 968179.73,
      "account_number": "057-5616"
    },
    {
      "id": "6009",
      "code": "0838",
      "type": "federal_account",
      "name": "Support for International Sporting Competitions, Defense",
      "amount": 957147.14,
      "account_number": "097-0838"
    },
    {
      "id": "4494",
      "code": "0810",
      "type": "federal_account",
      "name": "Environmental Restoration, Army",
      "amount": 582000.0,
      "account_number": "021-0810"
    },
    {
      "id": "6008",
      "code": "0836",
      "type": "federal_account",
      "name": "Department of Defense Military Unaccompanied Housing Improvement Fund, Defense",
      "amount": 506000.0,
      "account_number": "097-0836"
    },
    {
      "id": "6054",
      "code": "8163",
      "type": "federal_account",
      "name": "Department of Defense General Gift Fund, Defense",
      "amount": 408921.32,
      "account_number": "097-8163"
    },
    {
      "id": "6031",
      "code": "5750",
      "type": "federal_account",
      "name": "Department of Defense Vietnam War Commemoration Fund, Defense",
      "amount": 327690.45,
      "account_number": "097-5750"
    },
    {
      "id": "6012",
      "code": "2093",
      "type": "federal_account",
      "name": "Joint Improvised-Threat Defeat Fund, Defense",
      "amount": 292773.63,
      "account_number": "097-2093"
    },
    {
      "id": "6033",
      "code": "5753",
      "type": "federal_account",
      "name": "Contributions for Renewable Energy Impact Assessments and Mitigation, Defense",
      "amount": 242858.76,
      "account_number": "097-5753"
    },
    {
      "id": "6015",
      "code": "4091",
      "type": "federal_account",
      "name": "Homeowners Assistance Fund - Recovery Act, Defense",
      "amount": 40240.72,
      "account_number": "097-4091"
    },
    {
      "id": "4535",
      "code": "5286",
      "type": "federal_account",
      "name": "National Science Center, Army",
      "amount": 23987.0,
      "account_number": "021-5286"
    },
    {
      "id": "4524",
      "code": "2093",
      "type": "federal_account",
      "name": "Joint Improvised Explosive Device Defeat Fund, Army",
      "amount": 3664.33,
      "account_number": "021-2093"
    },
    {
      "id": "4150",
      "code": "0810",
      "type": "federal_account",
      "name": "Environmental Restoration, Navy",
      "amount": 0.0,
      "account_number": "017-0810"
    },
    {
      "id": "6777",
      "code": "8721",
      "type": "federal_account",
      "name": "Heritage Center for the National Museum of the United States Army",
      "amount": 0.0,
      "account_number": "021-8721"
    },
    {
      "id": "5994",
      "code": "0510",
      "type": "federal_account",
      "name": "Department of Defense Base Closure Account 1990, Defense",
      "amount": 0.0,
      "account_number": "097-0510"
    },
    {
      "id": "7141",
      "code": "0362",
      "type": "federal_account",
      "name": "Defense Strategic Capital Credit Program, Defense",
      "amount": 0.0,
      "account_number": "097-0362"
    },
    {
      "id": "4537",
      "code": "5752",
      "type": "federal_account",
      "name": "Department of Defense Korean War Commemoration Fund, Army",
      "amount": 0.0,
      "account_number": "021-5752"
    },
    {
      "id": "6000",
      "code": "0801",
      "type": "federal_account",
      "name": "Foreign Currency Fluctuations, Defense",
      "amount": 0.0,
      "account_number": "097-0801"
    },
    {
      "id": "6001",
      "code": "0803",
      "type": "federal_account",
      "name": "Foreign Currency Fluctuations, Construction, Defense",
      "amount": 0.0,
      "account_number": "097-0803"
    },
    {
      "id": "6003",
      "code": "0810",
      "type": "federal_account",
      "name": "Environmental Restoration, Defense",
      "amount": 0.0,
      "account_number": "097-0810"
    },
    {
      "id": "6004",
      "code": "0811",
      "type": "federal_account",
      "name": "Environmental Restoration, Formerly Used Defense Sites, Defense",
      "amount": 0.0,
      "account_number": "097-0811"
    },
    {
      "id": "4560",
      "code": "8063",
      "type": "federal_account",
      "name": "Bequest of Major General Fred C. Ainsworth, Library, Walter Reed General Hospital, Army",
      "amount": 0.0,
      "account_number": "021-8063"
    },
    {
      "id": "6017",
      "code": "4555",
      "type": "federal_account",
      "name": "National Defense Stockpile Transaction Fund, Defense",
      "amount": 0.0,
      "account_number": "097-4555"
    },
    {
      "id": "5987",
      "code": "0391",
      "type": "federal_account",
      "name": "Chemical Demilitarization Construction, Defense-Wide",
      "amount": 0.0,
      "account_number": "097-0391"
    },
    {
      "id": "6021",
      "code": "4965",
      "type": "federal_account",
      "name": "Emergency Response Fund, Defense",
      "amount": 0.0,
      "account_number": "097-4965"
    },
    {
      "id": "6022",
      "code": "5187",
      "type": "federal_account",
      "name": "Defense Cooperation Account, Defense",
      "amount": 0.0,
      "account_number": "097-5187"
    },
    {
      "id": "4795",
      "code": "0810",
      "type": "federal_account",
      "name": "Environmental Restoration, Air Force",
      "amount": 0.0,
      "account_number": "057-0810"
    },
    {
      "id": "6025",
      "code": "5193",
      "type": "federal_account",
      "name": "Department of Defense Overseas Military Facility Investment Recovery Account, Defense",
      "amount": 0.0,
      "account_number": "097-5193"
    },
    {
      "id": "6026",
      "code": "5195",
      "type": "federal_account",
      "name": "Use of Proceeds from the Transfer or Disposition of Commissary Facilities, Defense",
      "amount": 0.0,
      "account_number": "097-5195"
    },
    {
      "id": "6051",
      "code": "8096",
      "type": "federal_account",
      "name": "Department of Defense Dependents' Education Gift Fund",
      "amount": 0.0,
      "account_number": "097-8096"
    },
    {
      "id": "4184",
      "code": "5562",
      "type": "federal_account",
      "name": "Ford Island Improvement Account",
      "amount": 0.0,
      "account_number": "017-5562"
    },
    {
      "id": "6057",
      "code": "8168",
      "type": "federal_account",
      "name": "National Security Education Trust Fund, Defense",
      "amount": 0.0,
      "account_number": "097-8168"
    },
    {
      "id": "4146",
      "code": "0380",
      "type": "federal_account",
      "name": "Coastal Defense Augmentation, Navy",
      "amount": 0.0,
      "account_number": "017-0380"
    },
    {
      "id": "4183",
      "code": "5185",
      "type": "federal_account",
      "name": "Kaho'Olawe Island Conveyance, Remediation, and Environmental Restoration Fund, Navy",
      "amount": 0.0,
      "account_number": "017-5185"
    },
    {
      "id": "4843",
      "code": "8418",
      "type": "federal_account",
      "name": "Air Force Cadet Fund, Air Force",
      "amount": 0.0,
      "account_number": "057-8418"
    },
    {
      "id": "6300",
      "code": "5630",
      "type": "federal_account",
      "name": "Department of Defense World War II Commemoration Fund, Navy",
      "amount": 0.0,
      "account_number": "017-5630"
    },
    {
      "id": "4165",
      "code": "1236",
      "type": "federal_account",
      "name": "Payments to Kaho'Olawe Island Conveyance, Remediation, and Environmental Restoration Fund, Navy",
      "amount": 0.0,
      "account_number": "017-1236"
    },
    {
      "id": "5972",
      "code": "0118",
      "type": "federal_account",
      "name": "Overseas Contingency Operations Transfer Fund, Defense",
      "amount": 0.0,
      "account_number": "097-0118"
    },
    {
      "id": "5967",
      "code": "0105",
      "type": "federal_account",
      "name": "Drug Interdiction and Counter-Drug Activities, Defense",
      "amount": 0.0,
      "account_number": "097-0105"
    },
    {
      "id": "6494",
      "code": "0403",
      "type": "federal_account",
      "name": "Creating Helpful Incentives to Produce Semi-Conductors (CHIPS) for America Defense Fund, Defense",
      "amount": 0.0,
      "account_number": "097-0403"
    }
  ]
}
Federal account response for subfunction 901: {
  "total": 0,
  "end_date": "2024-09-30T00:00:00Z",
  "results": []
}
Federal account response for subfunction 551: {
  "total": 0,
  "end_date": "2024-09-30T00:00:00Z",
  "results": []
}
Federal account response for subfunction 803: {
  "total": 0,
  "end_date": "2024-09-30T00:00:00Z",
  "results": []
}
Federal account response for subfunction 609: {
  "total": 0,
  "end_date": "2024-09-30T00:00:00Z",
  "results": []
}
Federal account response for subfunction 602: {
  "total": 0,
  "end_date": "2024-09-30T00:00:00Z",
  "results": []
}
Federal account response for subfunction 701: {
  "total": 0,
  "end_date": "2024-09-30T00:00:00Z",
  "results": []
}
Federal account response for subfunction 502: {
  "total": 0,
  "end_date": "2024-09-30T00:00:00Z",
  "results": []
}
Federal account response for subfunction 054: {
  "total": 175456833128.28,
  "end_date": "2024-09-30T00:00:00Z",
  "results": [
    {
      "id": "5963",
      "code": "0040",
      "type": "federal_account",
      "name": "Payments to Military Retirement Fund, Defense",
      "amount": 151521000000.0,
      "account_number": "097-0040"
    },
    {
      "id": "4007",
      "code": "0200",
      "type": "federal_account",
      "name": "Salaries and Expenses, Federal Bureau of Investigation, Justice",
      "amount": 12033323454.69,
      "account_number": "015-0200"
    },
    {
      "id": "6011",
      "code": "0850",
      "type": "federal_account",
      "name": "Payment to Department of Defense Medicare-Eligible Retiree Health Care Fund",
      "amount": 9584000000.0,
      "account_number": "097-0850"
    },
    {
      "id": "5055",
      "code": "1710",
      "type": "federal_account",
      "name": "Ready Reserve Force, Maritime Administration, Transportation",
      "amount": 1136580881.97,
      "account_number": "069-1710"
    },
    {
      "id": "5185",
      "code": "0412",
      "type": "federal_account",
      "name": "Procurement, Construction, and Improvements, Cybersecurity and Infrastructure Security Agency, Homeland Security",
      "amount": 506501490.81,
      "account_number": "070-0412"
    },
    {
      "id": "5056",
      "code": "1711",
      "type": "federal_account",
      "name": "Maritime Security Program, Maritime Administration, Transportation",
      "amount": 311749292.86,
      "account_number": "069-1711"
    },
    {
      "id": "5184",
      "code": "0411",
      "type": "federal_account",
      "name": "Federal Assistance, Countering Weapons of Mass Destruction Office, Homeland Security",
      "amount": 146403866.15,
      "account_number": "070-0411"
    },
    {
      "id": "4018",
      "code": "0333",
      "type": "federal_account",
      "name": "Payment to the Radiation Exposure Compensation Trust Fund, Justice",
      "amount": 80000000.0,
      "account_number": "015-0333"
    },
    {
      "id": "6468",
      "code": "1718",
      "type": "federal_account",
      "name": "Tanker Security Program, Maritime Administration, Transportation",
      "amount": 60000000.0,
      "account_number": "069-1718"
    },
    {
      "id": "4071",
      "code": "8116",
      "type": "federal_account",
      "name": "Radiation Exposure Compensation Trust Fund, Justice",
      "amount": 52313372.43,
      "account_number": "015-8116"
    },
    {
      "id": "6262",
      "code": "2724",
      "type": "federal_account",
      "name": "Salaries and Expenses, Privacy and Civil Liberties Oversight Board",
      "amount": 11648086.29,
      "account_number": "535-2724"
    },
    {
      "id": "6371",
      "code": "1717",
      "type": "federal_account",
      "name": "Cable Security Fleet, Maritime Administration, Transportation",
      "amount": 10000000.0,
      "account_number": "069-1717"
    },
    {
      "id": "5254",
      "code": "0805",
      "type": "federal_account",
      "name": "Research and Development, Cybersecurity and Infrastructure Security Agency, Homeland Security",
      "amount": 3312683.08,
      "account_number": "070-0805"
    },
    {
      "id": "5222",
      "code": "0565",
      "type": "federal_account",
      "name": "Infrastructure Protection and Information Security, Cybersecurity and Infrastructure Security Agency, Homeland Security",
      "amount": 0.0,
      "account_number": "070-0565"
    },
    {
      "id": "6453",
      "code": "1911",
      "type": "federal_account",
      "name": "Cybersecurity Response and Recovery Fund, Cybersecurity and Infrastructure Security Agency, Homeland Security",
      "amount": 0.0,
      "account_number": "070-1911"
    }
  ]
}
Federal account response for subfunction 605: {
  "total": 0,
  "end_date": "2024-09-30T00:00:00Z",
  "results": []
}
Federal account response for subfunction 703: {
  "total": 0,
  "end_date": "2024-09-30T00:00:00Z",
  "results": []
}
Federal account response for subfunction 401: {
  "total": 0,
  "end_date": "2024-09-30T00:00:00Z",
  "results": []
}
Federal account response for subfunction 453: {
  "total": 0,
  "end_date": "2024-09-30T00:00:00Z",
  "results": []
}
Federal account response for subfunction 376: {
  "total": 0,
  "end_date": "2024-09-30T00:00:00Z",
  "results": []
}
Federal account response for subfunction 751: {
  "total": 0,
  "end_date": "2024-09-30T00:00:00Z",
  "results": []
}
Federal account response for subfunction 373: {
  "total": 0,
  "end_date": "2024-09-30T00:00:00Z",
  "results": []
}
Federal account response for subfunction 604: {
  "total": 0,
  "end_date": "2024-09-30T00:00:00Z",
  "results": []
}
Federal account response for subfunction 552: {
  "total": 0,
  "end_date": "2024-09-30T00:00:00Z",
  "results": []
}
Federal account response for subfunction 304: {
  "total": 0,
  "end_date": "2024-09-30T00:00:00Z",
  "results": []
}
Federal account response for subfunction 805: {
  "total": 0,
  "end_date": "2024-09-30T00:00:00Z",
  "results": []
}
Federal account response for subfunction 501: {
  "total": 0,
  "end_date": "2024-09-30T00:00:00Z",
  "results": []
}
Federal account response for subfunction 402: {
  "total": 0,
  "end_date": "2024-09-30T00:00:00Z",
  "results": []
}
Federal account response for subfunction 151: {
  "total": 0,
  "end_date": "2024-09-30T00:00:00Z",
  "results": []
}
Federal account response for subfunction 804: {
  "total": 0,
  "end_date": "2024-09-30T00:00:00Z",
  "results": []
}
Federal account response for subfunction 705: {
  "total": 0,
  "end_date": "2024-09-30T00:00:00Z",
  "results": []
}
Federal account response for subfunction 603: {
  "total": 0,
  "end_date": "2024-09-30T00:00:00Z",
  "results": []
}
Federal account response for subfunction 053: {
  "total": 41156563299.52,
  "end_date": "2024-09-30T00:00:00Z",
  "results": [
    {
      "id": "5787",
      "code": "0240",
      "type": "federal_account",
      "name": "Weapons Activities, National Nuclear Security Administration, Energy",
      "amount": 23637473396.0,
      "account_number": "089-0240"
    },
    {
      "id": "5793",
      "code": "0251",
      "type": "federal_account",
      "name": "Defense Environmental Cleanup, Environmental and Other Defense Activities, Energy",
      "amount": 7634560443.26,
      "account_number": "089-0251"
    },
    {
      "id": "4122",
      "code": "1523",
      "type": "federal_account",
      "name": "Energy Employees Occupational Illness Compensation Fund, Labor",
      "amount": 2721135306.31,
      "account_number": "016-1523"
    },
    {
      "id": "5798",
      "code": "0309",
      "type": "federal_account",
      "name": "Defense Nuclear Nonproliferation, National Nuclear Security Administration, Energy",
      "amount": 2638684171.05,
      "account_number": "089-0309"
    },
    {
      "id": "5801",
      "code": "0314",
      "type": "federal_account",
      "name": "Naval Reactors, National Nuclear Security Administration, Energy",
      "amount": 1859189504.77,
      "account_number": "089-0314"
    },
    {
      "id": "5789",
      "code": "0243",
      "type": "federal_account",
      "name": "Other Defense Activities, Environmental and Other Defense Activities, Energy",
      "amount": 1652767010.37,
      "account_number": "089-0243"
    },
    {
      "id": "5800",
      "code": "0313",
      "type": "federal_account",
      "name": "Federal Salaries and Expenses, National Nuclear Security Administration, Energy",
      "amount": 512152910.15,
      "account_number": "089-0313"
    },
    {
      "id": "5935",
      "code": "3130",
      "type": "federal_account",
      "name": "Formerly Utilized Sites Remedial Action Program, Corps of Engineers-Civil",
      "amount": 311715936.11,
      "account_number": "096-3130"
    },
    {
      "id": "4123",
      "code": "1524",
      "type": "federal_account",
      "name": "Administrative Expenses, Energy Employees Occupational Illness Compensation Fund, Office of Workers' Compensation Programs, Labor",
      "amount": 144699490.64,
      "account_number": "016-1524"
    },
    {
      "id": "6112",
      "code": "3900",
      "type": "federal_account",
      "name": "Salaries and Expenses, Defense Nuclear Facilities Safety Board",
      "amount": 44185130.86,
      "account_number": "347-3900"
    },
    {
      "id": "5791",
      "code": "0249",
      "type": "federal_account",
      "name": "Defense Environmental Services, Energy",
      "amount": 0.0,
      "account_number": "089-0249"
    },
    {
      "id": "5790",
      "code": "0244",
      "type": "federal_account",
      "name": "Defense Nuclear Waste Disposal, Environmental and Other Defense Activities, Energy",
      "amount": 0.0,
      "account_number": "089-0244"
    }
  ]
}
Federal account response for subfunction 601: {
  "total": 0,
  "end_date": "2024-09-30T00:00:00Z",
  "results": []
}
Federal account response for subfunction 301: {
  "total": 0,
  "end_date": "2024-09-30T00:00:00Z",
  "results": []
}
Federal account response for subfunction 351: {
  "total": 0,
  "end_date": "2024-09-30T00:00:00Z",
  "results": []
}
Federal account response for subfunction 302: {
  "total": 0,
  "end_date": "2024-09-30T00:00:00Z",
  "results": []
}
Federal account response for subfunction 153: {
  "total": 0,
  "end_date": "2024-09-30T00:00:00Z",
  "results": []
}
Federal account response for subfunction 252: {
  "total": 0,
  "end_date": "2024-09-30T00:00:00Z",
  "results": []
}
Federal account response for subfunction 506: {
  "total": 0,
  "end_date": "2024-09-30T00:00:00Z",
  "results": []
}
Federal account response for subfunction 271: {
  "total": 0,
  "end_date": "2024-09-30T00:00:00Z",
  "results": []
}
Federal account response for subfunction 251: {
  "total": 0,
  "end_date": "2024-09-30T00:00:00Z",
  "results": []
}
Federal account response for subfunction 306: {
  "total": 0,
  "end_date": "2024-09-30T00:00:00Z",
  "results": []
}
Federal account response for subfunction 352: {
  "total": 0,
  "end_date": "2024-09-30T00:00:00Z",
  "results": []
}
Federal account response for subfunction 908: {
  "total": 0,
  "end_date": "2024-09-30T00:00:00Z",
  "results": []
}
Federal account response for subfunction 403: {
  "total": 0,
  "end_date": "2024-09-30T00:00:00Z",
  "results": []
}
Federal account response for subfunction 702: {
  "total": 0,
  "end_date": "2024-09-30T00:00:00Z",
  "results": []
}
Federal account response for subfunction 451: {
  "total": 0,
  "end_date": "2024-09-30T00:00:00Z",
  "results": []
}
Federal account response for subfunction 752: {
  "total": 0,
  "end_date": "2024-09-30T00:00:00Z",
  "results": []
}
Federal account response for subfunction 272: {
  "total": 0,
  "end_date": "2024-09-30T00:00:00Z",
  "results": []
}
Federal account response for subfunction 504: {
  "total": 0,
  "end_date": "2024-09-30T00:00:00Z",
  "results": []
}
Federal account response for subfunction 554: {
  "total": 0,
  "end_date": "2024-09-30T00:00:00Z",
  "results": []
}
Federal account response for subfunction 753: {
  "total": 0,
  "end_date": "2024-09-30T00:00:00Z",
  "results": []
}
Federal account response for subfunction 152: {
  "total": 0,
  "end_date": "2024-09-30T00:00:00Z",
  "results": []
}
Federal account response for subfunction 155: {
  "total": 0,
  "end_date": "2024-09-30T00:00:00Z",
  "results": []
}
Federal account response for subfunction 452: {
  "total": 0,
  "end_date": "2024-09-30T00:00:00Z",
  "results": []
}
Federal account response for subfunction 806: {
  "total": 0,
  "end_date": "2024-09-30T00:00:00Z",
  "results": []
}
Federal account response for subfunction 754: {
  "total": 0,
  "end_date": "2024-09-30T00:00:00Z",
  "results": []
}
Federal account response for subfunction 303: {
  "total": 0,
  "end_date": "2024-09-30T00:00:00Z",
  "results": []
}
Federal account response for subfunction 371: {
  "total": 0,
  "end_date": "2024-09-30T00:00:00Z",
  "results": []
}
Federal account response for subfunction 808: {
  "total": 0,
  "end_date": "2024-09-30T00:00:00Z",
  "results": []
}
Federal account response for subfunction 274: {
  "total": 0,
  "end_date": "2024-09-30T00:00:00Z",
  "results": []
}
Federal account response for subfunction 505: {
  "total": 0,
  "end_date": "2024-09-30T00:00:00Z",
  "results": []
}
Federal account response for subfunction 503: {
  "total": 0,
  "end_date": "2024-09-30T00:00:00Z",
  "results": []
}
Federal account response for subfunction 276: {
  "total": 0,
  "end_date": "2024-09-30T00:00:00Z",
  "results": []
}
Federal account response for subfunction 407: {
  "total": 0,
  "end_date": "2024-09-30T00:00:00Z",
  "results": []
}
Federal account response for subfunction 154: {
  "total": 0,
  "end_date": "2024-09-30T00:00:00Z",
  "results": []
}
Federal account response for subfunction 704: {
  "total": 0,
  "end_date": "2024-09-30T00:00:00Z",
  "results": []
}
Federal account response for subfunction 801: {
  "total": 0,
  "end_date": "2024-09-30T00:00:00Z",
  "results": []
}
Federal account response for subfunction 802: {
  "total": 0,
  "end_date": "2024-09-30T00:00:00Z",
  "results": []
}
Federal account response for subfunction 400: {
  "total": 0,
  "end_date": "2024-09-30T00:00:00Z",
  "results": []
}
Federal account response for subfunction 000: {
  "total": 0,
  "end_date": "2024-09-30T00:00:00Z",
  "results": []
}
Fetching spending for 097-8097 (FY 2024): Status 200
Fetching budget subfunctions (FY 2024): Status 200
Budget subfunction response: {
  "total": 9518447609618.83,
  "end_date": "2024-09-30T00:00:00Z",
  "results": [
    {
      "id": "571",
      "code": "571",
      "type": "budget_subfunction",
      "name": "Medicare",
      "amount": 1582650103296.23
    },
    {
      "id": "651",
      "code": "651",
      "type": "budget_subfunction",
      "name": "Social security",
      "amount": 1541027236655.33
    },
    {
      "id": "051",
      "code": "051",
      "type": "budget_subfunction",
      "name": "Department of Defense-Military",
      "amount": 1141639974791.54
    },
    {
      "id": "901",
      "code": "901",
      "type": "budget_subfunction",
      "name": "Interest on Treasury debt securities (gross)",
      "amount": 1133036890149.16
    },
    {
      "id": "551",
      "code": "551",
      "type": "budget_subfunction",
      "name": "Health care services",
      "amount": 1027906606154.41
    },
    {
      "id": "803",
      "code": "803",
      "type": "budget_subfunction",
      "name": "Central fiscal operations",
      "amount": 361817179022.08
    },
    {
      "id": "609",
      "code": "609",
      "type": "budget_subfunction",
      "name": "Other income security",
      "amount": 212821498800.65
    },
    {
      "id": "602",
      "code": "602",
      "type": "budget_subfunction",
      "name": "Federal employee retirement and disability",
      "amount": 186122247366.58
    },
    {
      "id": "701",
      "code": "701",
      "type": "budget_subfunction",
      "name": "Income security for veterans",
      "amount": 179525221002.95
    },
    {
      "id": "502",
      "code": "502",
      "type": "budget_subfunction",
      "name": "Higher education",
      "amount": 178177965275.86
    },
    {
      "id": "054",
      "code": "054",
      "type": "budget_subfunction",
      "name": "Defense-related activities",
      "amount": 175456833128.28
    },
    {
      "id": "605",
      "code": "605",
      "type": "budget_subfunction",
      "name": "Food and nutrition assistance",
      "amount": 162470680320.64
    },
    {
      "id": "703",
      "code": "703",
      "type": "budget_subfunction",
      "name": "Hospital and medical care for veterans",
      "amount": 128399212249.22
    },
    {
      "id": "401",
      "code": "401",
      "type": "budget_subfunction",
      "name": "Ground transportation",
      "amount": 110326604063.98
    },
    {
      "id": "453",
      "code": "453",
      "type": "budget_subfunction",
      "name": "Disaster relief and insurance",
      "amount": 89837364216.26
    },
    {
      "id": "376",
      "code": "376",
      "type": "budget_subfunction",
      "name": "Other advancement of commerce",
      "amount": 79358897672.38
    },
    {
      "id": "751",
      "code": "751",
      "type": "budget_subfunction",
      "name": "Federal law enforcement activities",
      "amount": 76405719119.49
    },
    {
      "id": "373",
      "code": "373",
      "type": "budget_subfunction",
      "name": "Deposit insurance",
      "amount": 72869682343.03
    },
    {
      "id": "604",
      "code": "604",
      "type": "budget_subfunction",
      "name": "Housing assistance",
      "amount": 71653190121.24
    },
    {
      "id": "552",
      "code": "552",
      "type": "budget_subfunction",
      "name": "Health research and training",
      "amount": 59909656479.15
    },
    {
      "id": "304",
      "code": "304",
      "type": "budget_subfunction",
      "name": "Pollution control and abatement",
      "amount": 55110905217.91
    },
    {
      "id": "805",
      "code": "805",
      "type": "budget_subfunction",
      "name": "Central personnel management",
      "amount": 54925702526.1
    },
    {
      "id": "501",
      "code": "501",
      "type": "budget_subfunction",
      "name": "Elementary, secondary, and vocational education",
      "amount": 49891390716.45
    },
    {
      "id": "402",
      "code": "402",
      "type": "budget_subfunction",
      "name": "Air transportation",
      "amount": 49402727181.87
    },
    {
      "id": "151",
      "code": "151",
      "type": "budget_subfunction",
      "name": "International development and humanitarian assistance",
      "amount": 48790411327.31
    },
    {
      "id": "804",
      "code": "804",
      "type": "budget_subfunction",
      "name": "General property and records management",
      "amount": 46426383387.29
    },
    {
      "id": "705",
      "code": "705",
      "type": "budget_subfunction",
      "name": "Other veterans benefits and services",
      "amount": 43937195708.28
    },
    {
      "id": "603",
      "code": "603",
      "type": "budget_subfunction",
      "name": "Unemployment compensation",
      "amount": 43816134296.76
    },
    {
      "id": "053",
      "code": "053",
      "type": "budget_subfunction",
      "name": "Atomic energy defense activities",
      "amount": 41156563299.52
    },
    {
      "id": "601",
      "code": "601",
      "type": "budget_subfunction",
      "name": "General retirement and disability insurance (excluding social se",
      "amount": 41096992551.29
    },
    {
      "id": "301",
      "code": "301",
      "type": "budget_subfunction",
      "name": "Water resources",
      "amount": 41007764457.14
    },
    {
      "id": "351",
      "code": "351",
      "type": "budget_subfunction",
      "name": "Farm income stabilization",
      "amount": 36535056628.55
    },
    {
      "id": "302",
      "code": "302",
      "type": "budget_subfunction",
      "name": "Conservation and land management",
      "amount": 33371433196.5
    },
    {
      "id": "153",
      "code": "153",
      "type": "budget_subfunction",
      "name": "Conduct of foreign affairs",
      "amount": 31336990698.45
    },
    {
      "id": "252",
      "code": "252",
      "type": "budget_subfunction",
      "name": "Space flight, research, and supporting activities",
      "amount": 26195350653.52
    },
    {
      "id": "506",
      "code": "506",
      "type": "budget_subfunction",
      "name": "Social services",
      "amount": 25619468222.94
    },
    {
      "id": "271",
      "code": "271",
      "type": "budget_subfunction",
      "name": "Energy supply",
      "amount": 22099665328.51
    },
    {
      "id": "251",
      "code": "251",
      "type": "budget_subfunction",
      "name": "General science and basic research",
      "amount": 19027820947.62
    },
    {
      "id": "306",
      "code": "306",
      "type": "budget_subfunction",
      "name": "Other natural resources",
      "amount": 17904734213.06
    },
    {
      "id": "352",
      "code": "352",
      "type": "budget_subfunction",
      "name": "Agricultural research and services",
      "amount": 17157865445.45
    },
    {
      "id": "908",
      "code": "908",
      "type": "budget_subfunction",
      "name": "Other interest",
      "amount": 16520784081.42
    },
    {
      "id": "403",
      "code": "403",
      "type": "budget_subfunction",
      "name": "Water transportation",
      "amount": 14989335445.74
    },
    {
      "id": "702",
      "code": "702",
      "type": "budget_subfunction",
      "name": "Veterans education, training, and rehabilitation",
      "amount": 14956778147.75
    },
    {
      "id": "451",
      "code": "451",
      "type": "budget_subfunction",
      "name": "Community development",
      "amount": 13530393806.87
    },
    {
      "id": "752",
      "code": "752",
      "type": "budget_subfunction",
      "name": "Federal litigative and judicial activities",
      "amount": 12596821491.1
    },
    {
      "id": "272",
      "code": "272",
      "type": "budget_subfunction",
      "name": "Energy conservation",
      "amount": 12426086618.24
    },
    {
      "id": "504",
      "code": "504",
      "type": "budget_subfunction",
      "name": "Training and employment",
      "amount": 10798025903.63
    },
    {
      "id": "554",
      "code": "554",
      "type": "budget_subfunction",
      "name": "Consumer and occupational health and safety",
      "amount": 10603316666.97
    },
    {
      "id": "753",
      "code": "753",
      "type": "budget_subfunction",
      "name": "Federal correctional activities",
      "amount": 10287153239.48
    },
    {
      "id": "152",
      "code": "152",
      "type": "budget_subfunction",
      "name": "International security assistance",
      "amount": 10065129398.86
    },
    {
      "id": "155",
      "code": "155",
      "type": "budget_subfunction",
      "name": "International financial programs",
      "amount": 9991512175.51
    },
    {
      "id": "452",
      "code": "452",
      "type": "budget_subfunction",
      "name": "Area and regional development",
      "amount": 9195142904.32
    },
    {
      "id": "806",
      "code": "806",
      "type": "budget_subfunction",
      "name": "General purpose fiscal assistance",
      "amount": 8644888386.23
    },
    {
      "id": "754",
      "code": "754",
      "type": "budget_subfunction",
      "name": "Criminal justice assistance",
      "amount": 8538485768.98
    },
    {
      "id": "303",
      "code": "303",
      "type": "budget_subfunction",
      "name": "Recreational resources",
      "amount": 7560906689.62
    },
    {
      "id": "371",
      "code": "371",
      "type": "budget_subfunction",
      "name": "Mortgage credit",
      "amount": 7527267722.18
    },
    {
      "id": "808",
      "code": "808",
      "type": "budget_subfunction",
      "name": "Other general government",
      "amount": 3827411654.73
    },
    {
      "id": "274",
      "code": "274",
      "type": "budget_subfunction",
      "name": "Emergency energy preparedness",
      "amount": 3746154909.13
    },
    {
      "id": "505",
      "code": "505",
      "type": "budget_subfunction",
      "name": "Other labor services",
      "amount": 3200536526.14
    },
    {
      "id": "503",
      "code": "503",
      "type": "budget_subfunction",
      "name": "Research and general education aids",
      "amount": 2658218648.93
    },
    {
      "id": "276",
      "code": "276",
      "type": "budget_subfunction",
      "name": "Energy information, policy, and regulation",
      "amount": 2557785928.7
    },
    {
      "id": "407",
      "code": "407",
      "type": "budget_subfunction",
      "name": "Other transportation",
      "amount": 2199886866.33
    },
    {
      "id": "154",
      "code": "154",
      "type": "budget_subfunction",
      "name": "Foreign information and exchange activities",
      "amount": 2092083762.54
    },
    {
      "id": "704",
      "code": "704",
      "type": "budget_subfunction",
      "name": "Veterans housing",
      "amount": 1955298547.68
    },
    {
      "id": "801",
      "code": "801",
      "type": "budget_subfunction",
      "name": "Legislative functions",
      "amount": 902447241.83
    },
    {
      "id": "802",
      "code": "802",
      "type": "budget_subfunction",
      "name": "Executive direction and management",
      "amount": 852438852.94
    },
    {
      "id": "400",
      "code": "400",
      "type": "budget_subfunction",
      "name": "Transportation",
      "amount": 0.0
    },
    {
      "id": "000",
      "code": "000",
      "type": "budget_subfunction",
      "name": "Governmental Receipts",
      "amount": 0.0
    }
  ]
}
Fetching spending for 097-8097 (FY 2024): Status 200
Federal account response for subfunction 571: {
  "total": 0,
  "end_date": "2024-09-30T00:00:00Z",
  "results": []
}
Federal account response for subfunction 651: {
  "total": 0,
  "end_date": "2024-09-30T00:00:00Z",
  "results": []
}
Federal account response for subfunction 051: {
  "total": 1141639974791.54,
  "end_date": "2024-09-30T00:00:00Z",
  "results": [
    {
      "id": "6018",
      "code": "4930",
      "type": "federal_account",
      "name": "Department of Defense Working Capital Fund, Defense",
      "amount": 159375755095.31,
      "account_number": "097-4930"
    },
    {
      "id": "4175",
      "code": "1804",
      "type": "federal_account",
      "name": "Operation and Maintenance, Navy",
      "amount": 84406886313.7,
      "account_number": "017-1804"
    },
    {
      "id": "4501",
      "code": "2020",
      "type": "federal_account",
      "name": "Operation and Maintenance, Army",
      "amount": 81906189738.43,
      "account_number": "021-2020"
    },
    {
      "id": "4807",
      "code": "3400",
      "type": "federal_account",
      "name": "Operation and Maintenance, Air Force",
      "amount": 81894626034.67,
      "account_number": "057-3400"
    },
    {
      "id": "5965",
      "code": "0100",
      "type": "federal_account",
      "name": "Operation and Maintenance, Defense-Wide, Defense",
      "amount": 64820568469.41,
      "account_number": "097-0100"
    },
    {
      "id": "4500",
      "code": "2010",
      "type": "federal_account",
      "name": "Military Personnel, Army",
      "amount": 52899583666.68,
      "account_number": "021-2010"
    },
    {
      "id": "4810",
      "code": "3600",
      "type": "federal_account",
      "name": "Research, Development, Test, and Evaluation, Air Force",
      "amount": 50928895157.26,
      "account_number": "057-3600"
    },
    {
      "id": "5974",
      "code": "0130",
      "type": "federal_account",
      "name": "Defense Health Program, Defense",
      "amount": 45716285702.76,
      "account_number": "097-0130"
    },
    {
      "id": "5988",
      "code": "0400",
      "type": "federal_account",
      "name": "Research, Development, Test, and Evaluation, Defense-Wide",
      "amount": 38459052630.59,
      "account_number": "097-0400"
    },
    {
      "id": "4169",
      "code": "1453",
      "type": "federal_account",
      "name": "Military Personnel, Navy",
      "amount": 38096402462.92,
      "account_number": "017-1453"
    },
    {
      "id": "4809",
      "code": "3500",
      "type": "federal_account",
      "name": "Military Personnel, Air Force",
      "amount": 37043359786.71,
      "account_number": "057-3500"
    },
    {
      "id": "4804",
      "code": "3080",
      "type": "federal_account",
      "name": "Other Procurement, Air Force",
      "amount": 33393278381.5,
      "account_number": "057-3080"
    },
    {
      "id": "4166",
      "code": "1319",
      "type": "federal_account",
      "name": "Research, Development, Test, and Evaluation, Navy",
      "amount": 29562853987.1,
      "account_number": "017-1319"
    },
    {
      "id": "4508",
      "code": "2040",
      "type": "federal_account",
      "name": "Research, Development, Test, and Evaluation, Army",
      "amount": 24620169480.08,
      "account_number": "021-2040"
    },
    {
      "id": "4173",
      "code": "1611",
      "type": "federal_account",
      "name": "Shipbuilding and Conversion, Navy",
      "amount": 21191589562.44,
      "account_number": "017-1611"
    },
    {
      "id": "6363",
      "code": "3620",
      "type": "federal_account",
      "name": "Research, Development, Test, and Evaluation, Space Force, Air Force",
      "amount": 20360704026.66,
      "account_number": "057-3620"
    },
    {
      "id": "5964",
      "code": "0041",
      "type": "federal_account",
      "name": "Concurrent Receipt Accrual Payments to the Military Retirement Fund, Defense",
      "amount": 19874141000.0,
      "account_number": "097-0041"
    },
    {
      "id": "4799",
      "code": "3010",
      "type": "federal_account",
      "name": "Aircraft Procurement, Air Force",
      "amount": 16898337659.48,
      "account_number": "057-3010"
    },
    {
      "id": "4155",
      "code": "1105",
      "type": "federal_account",
      "name": "Military Personnel, Marine Corps",
      "amount": 15635532499.36,
      "account_number": "017-1105"
    },
    {
      "id": "4170",
      "code": "1506",
      "type": "federal_account",
      "name": "Aircraft Procurement, Navy",
      "amount": 15219858696.61,
      "account_number": "017-1506"
    },
    {
      "id": "4179",
      "code": "1810",
      "type": "federal_account",
      "name": "Other Procurement, Navy",
      "amount": 14817532851.85,
      "account_number": "017-1810"
    },
    {
      "id": "4156",
      "code": "1106",
      "type": "federal_account",
      "name": "Operation and Maintenance, Marine Corps",
      "amount": 11086969579.14,
      "account_number": "017-1106"
    },
    {
      "id": "4512",
      "code": "2060",
      "type": "federal_account",
      "name": "National Guard Personnel, Army",
      "amount": 10850511935.97,
      "account_number": "021-2060"
    },
    {
      "id": "4507",
      "code": "2035",
      "type": "federal_account",
      "name": "Other Procurement, Army",
      "amount": 9976043649.47,
      "account_number": "021-2035"
    },
    {
      "id": "4513",
      "code": "2065",
      "type": "federal_account",
      "name": "Operation and Maintenance, Army National Guard",
      "amount": 9891448499.17,
      "account_number": "021-2065"
    },
    {
      "id": "4506",
      "code": "2034",
      "type": "federal_account",
      "name": "Procurement of Ammunition, Army",
      "amount": 8904302023.65,
      "account_number": "021-2034"
    },
    {
      "id": "4510",
      "code": "2050",
      "type": "federal_account",
      "name": "Military Construction, Army",
      "amount": 8902116648.8,
      "account_number": "021-2050"
    },
    {
      "id": "4818",
      "code": "3840",
      "type": "federal_account",
      "name": "Operation and Maintenance, Air National Guard",
      "amount": 8643977048.64,
      "account_number": "057-3840"
    },
    {
      "id": "4174",
      "code": "1612",
      "type": "federal_account",
      "name": "National Sea-Based Deterrence Fund, Navy",
      "amount": 7757048036.97,
      "account_number": "017-1612"
    },
    {
      "id": "5983",
      "code": "0300",
      "type": "federal_account",
      "name": "Procurement, Defense-Wide",
      "amount": 7659063943.67,
      "account_number": "097-0300"
    },
    {
      "id": "4504",
      "code": "2032",
      "type": "federal_account",
      "name": "Missile Procurement, Army",
      "amount": 7306229400.75,
      "account_number": "021-2032"
    },
    {
      "id": "4505",
      "code": "2033",
      "type": "federal_account",
      "name": "Procurement of Weapons and Tracked Combat Vehicles, Army",
      "amount": 7046164431.91,
      "account_number": "021-2033"
    },
    {
      "id": "4162",
      "code": "1205",
      "type": "federal_account",
      "name": "Military Construction, Navy and Marine Corps",
      "amount": 6762631879.16,
      "account_number": "017-1205"
    },
    {
      "id": "4515",
      "code": "2070",
      "type": "federal_account",
      "name": "Reserve Personnel, Army",
      "amount": 5861399326.48,
      "account_number": "021-2070"
    },
    {
      "id": "4820",
      "code": "3850",
      "type": "federal_account",
      "name": "National Guard Personnel, Air Force",
      "amount": 5474228864.65,
      "account_number": "057-3850"
    },
    {
      "id": "6304",
      "code": "3410",
      "type": "federal_account",
      "name": "Operation and Maintenance, Space Force",
      "amount": 5433544933.64,
      "account_number": "057-3410"
    },
    {
      "id": "4171",
      "code": "1507",
      "type": "federal_account",
      "name": "Weapons Procurement, Navy",
      "amount": 5345271722.52,
      "account_number": "017-1507"
    },
    {
      "id": "4801",
      "code": "3020",
      "type": "federal_account",
      "name": "Missile Procurement, Air Force",
      "amount": 4626851400.33,
      "account_number": "057-3020"
    },
    {
      "id": "4503",
      "code": "2031",
      "type": "federal_account",
      "name": "Aircraft Procurement, Army",
      "amount": 4525641258.55,
      "account_number": "021-2031"
    },
    {
      "id": "6362",
      "code": "3022",
      "type": "federal_account",
      "name": "Procurement, Space Force, Air Force",
      "amount": 4451076024.65,
      "account_number": "057-3022"
    },
    {
      "id": "4814",
      "code": "3740",
      "type": "federal_account",
      "name": "Operation and Maintenance, Air Force Reserve",
      "amount": 4348278462.97,
      "account_number": "057-3740"
    },
    {
      "id": "4516",
      "code": "2080",
      "type": "federal_account",
      "name": "Operation and Maintenance, Army Reserve",
      "amount": 3744741014.48,
      "account_number": "021-2080"
    },
    {
      "id": "4159",
      "code": "1109",
      "type": "federal_account",
      "name": "Procurement, Marine Corps",
      "amount": 3723890610.25,
      "account_number": "017-1109"
    },
    {
      "id": "5992",
      "code": "0500",
      "type": "federal_account",
      "name": "Military Construction, Defense-Wide",
      "amount": 3111244876.09,
      "account_number": "097-0500"
    },
    {
      "id": "4495",
      "code": "1004",
      "type": "federal_account",
      "name": "Medicare-Eligible Retiree Health Fund Contribution, Army",
      "amount": 2846715000.0,
      "account_number": "021-1004"
    },
    {
      "id": "4168",
      "code": "1405",
      "type": "federal_account",
      "name": "Reserve Personnel, Navy",
      "amount": 2552194142.31,
      "account_number": "017-1405"
    },
    {
      "id": "4812",
      "code": "3700",
      "type": "federal_account",
      "name": "Reserve Personnel, Air Force",
      "amount": 2477747870.46,
      "account_number": "057-3700"
    },
    {
      "id": "4805",
      "code": "3300",
      "type": "federal_account",
      "name": "Military Construction, Air Force",
      "amount": 2322446862.94,
      "account_number": "057-3300"
    },
    {
      "id": "4151",
      "code": "1000",
      "type": "federal_account",
      "name": "Medicare-Eligible Retiree Health Fund Contribution, Navy",
      "amount": 2175657000.0,
      "account_number": "017-1000"
    },
    {
      "id": "4796",
      "code": "1007",
      "type": "federal_account",
      "name": "Medicare-Eligible Retiree Health Fund Contribution, Air Force",
      "amount": 2047980000.0,
      "account_number": "057-1007"
    },
    {
      "id": "6294",
      "code": "4932",
      "type": "federal_account",
      "name": "Defense Counterintelligence and Security Agency Working Capital Fund, Defense",
      "amount": 1740391177.37,
      "account_number": "097-4932"
    },
    {
      "id": "4172",
      "code": "1508",
      "type": "federal_account",
      "name": "Procurement of Ammunition, Navy and Marine Corps",
      "amount": 1509648020.1,
      "account_number": "017-1508"
    },
    {
      "id": "4177",
      "code": "1806",
      "type": "federal_account",
      "name": "Operation and Maintenance, Navy Reserve",
      "amount": 1409845623.84,
      "account_number": "017-1806"
    },
    {
      "id": "4800",
      "code": "3011",
      "type": "federal_account",
      "name": "Procurement of Ammunition, Air Force",
      "amount": 1389445325.31,
      "account_number": "057-3011"
    },
    {
      "id": "6497",
      "code": "3510",
      "type": "federal_account",
      "name": "Military Personnel, Space Force, Air Force",
      "amount": 1283903799.5,
      "account_number": "057-3510"
    },
    {
      "id": "5986",
      "code": "0390",
      "type": "federal_account",
      "name": "Chemical Agents and Munitions Destruction, Defense",
      "amount": 1137155837.76,
      "account_number": "097-0390"
    },
    {
      "id": "4152",
      "code": "1001",
      "type": "federal_account",
      "name": "Medicare-Eligible Retiree Health Fund Contribution, Marine Corps",
      "amount": 1102941000.0,
      "account_number": "017-1001"
    },
    {
      "id": "4158",
      "code": "1108",
      "type": "federal_account",
      "name": "Reserve Personnel, Marine Corps",
      "amount": 962138399.89,
      "account_number": "017-1108"
    },
    {
      "id": "4497",
      "code": "1006",
      "type": "federal_account",
      "name": "Medicare-Eligible Retiree Health Fund Contribution, National Guard Personnel, Army",
      "amount": 943772000.0,
      "account_number": "021-1006"
    },
    {
      "id": "6020",
      "code": "4950",
      "type": "federal_account",
      "name": "Pentagon Reservation Maintenance Revolving Fund",
      "amount": 860181790.59,
      "account_number": "097-4950"
    },
    {
      "id": "5985",
      "code": "0360",
      "type": "federal_account",
      "name": "Defense Production Act Purchases, Defense",
      "amount": 836371791.58,
      "account_number": "097-0360"
    },
    {
      "id": "6028",
      "code": "5441",
      "type": "federal_account",
      "name": "Burden Sharing Contribution, Defense",
      "amount": 805596025.28,
      "account_number": "097-5441"
    },
    {
      "id": "5984",
      "code": "0350",
      "type": "federal_account",
      "name": "National Guard and Reserve Equipment Account, Defense",
      "amount": 804001824.7,
      "account_number": "097-0350"
    },
    {
      "id": "5996",
      "code": "0516",
      "type": "federal_account",
      "name": "Department of Defense Base Closure Account, Defense",
      "amount": 692060790.56,
      "account_number": "097-0516"
    },
    {
      "id": "4518",
      "code": "2085",
      "type": "federal_account",
      "name": "Military Construction, Army National Guard",
      "amount": 647551477.16,
      "account_number": "021-2085"
    },
    {
      "id": "5968",
      "code": "0107",
      "type": "federal_account",
      "name": "Office of the Inspector General, Defense",
      "amount": 542642466.66,
      "account_number": "097-0107"
    },
    {
      "id": "4496",
      "code": "1005",
      "type": "federal_account",
      "name": "Medicare-Eligible Retiree Health Fund Contribution, Reserve Personnel, Army",
      "amount": 510346000.0,
      "account_number": "021-1005"
    },
    {
      "id": "6002",
      "code": "0804",
      "type": "federal_account",
      "name": "North Atlantic Treaty Organization, Security Investment Program, Defense",
      "amount": 508124851.44,
      "account_number": "097-0804"
    },
    {
      "id": "6061",
      "code": "8358",
      "type": "federal_account",
      "name": "Support for U.S. Relocation to Guam Activities, Defense",
      "amount": 475658784.69,
      "account_number": "097-8358"
    },
    {
      "id": "4492",
      "code": "0725",
      "type": "federal_account",
      "name": "Family Housing Operation and Maintenance, Army",
      "amount": 418842152.15,
      "account_number": "021-0725"
    },
    {
      "id": "4522",
      "code": "2091",
      "type": "federal_account",
      "name": "Afghanistan Security Forces Fund, Army",
      "amount": 396676490.91,
      "account_number": "021-2091"
    },
    {
      "id": "4149",
      "code": "0735",
      "type": "federal_account",
      "name": "Family Housing Operation and Maintenance, Navy and Marine Corps",
      "amount": 394909873.47,
      "account_number": "017-0735"
    },
    {
      "id": "4793",
      "code": "0745",
      "type": "federal_account",
      "name": "Family Housing Operation and Maintenance, Air Force",
      "amount": 384956787.6,
      "account_number": "057-0745"
    },
    {
      "id": "4798",
      "code": "1009",
      "type": "federal_account",
      "name": "Medicare-Eligible Retiree Health Fund Contribution, National Guard Personnel, Air Force",
      "amount": 371867000.0,
      "account_number": "057-1009"
    },
    {
      "id": "5990",
      "code": "0460",
      "type": "federal_account",
      "name": "Operational Test and Evaluation, Defense",
      "amount": 370098148.78,
      "account_number": "097-0460"
    },
    {
      "id": "6019",
      "code": "4931",
      "type": "federal_account",
      "name": "Building Maintenance Fund, Defense",
      "amount": 338413508.55,
      "account_number": "097-4931"
    },
    {
      "id": "4157",
      "code": "1107",
      "type": "federal_account",
      "name": "Operation and Maintenance, Marine Corps Reserve",
      "amount": 333876806.76,
      "account_number": "017-1107"
    },
    {
      "id": "4490",
      "code": "0720",
      "type": "federal_account",
      "name": "Family Housing Construction, Army",
      "amount": 329199435.91,
      "account_number": "021-0720"
    },
    {
      "id": "4529",
      "code": "2099",
      "type": "federal_account",
      "name": "Counter-ISIS Train and Equip Fund, Army",
      "amount": 325349721.89,
      "account_number": "021-2099"
    },
    {
      "id": "5976",
      "code": "0134",
      "type": "federal_account",
      "name": "Cooperative Threat Reduction Account, Defense",
      "amount": 291740142.98,
      "account_number": "097-0134"
    },
    {
      "id": "4519",
      "code": "2086",
      "type": "federal_account",
      "name": "Military Construction, Army Reserve",
      "amount": 288126050.19,
      "account_number": "021-2086"
    },
    {
      "id": "4816",
      "code": "3830",
      "type": "federal_account",
      "name": "Military Construction, Air National Guard",
      "amount": 269542492.59,
      "account_number": "057-3830"
    },
    {
      "id": "4148",
      "code": "0730",
      "type": "federal_account",
      "name": "Family Housing Construction, Navy and Marine Corps",
      "amount": 268942839.09,
      "account_number": "017-0730"
    },
    {
      "id": "6005",
      "code": "0819",
      "type": "federal_account",
      "name": "Overseas Humanitarian, Disaster, and Civic AID, Defense",
      "amount": 256234512.75,
      "account_number": "097-0819"
    },
    {
      "id": "6055",
      "code": "8164",
      "type": "federal_account",
      "name": "Commissary Stores Surcharge Program, Defense",
      "amount": 220288552.02,
      "account_number": "097-8164"
    },
    {
      "id": "4797",
      "code": "1008",
      "type": "federal_account",
      "name": "Medicare-Eligible Retiree Health Fund Contribution, Reserve Personnel, Air Force",
      "amount": 198046000.0,
      "account_number": "057-1008"
    },
    {
      "id": "4153",
      "code": "1002",
      "type": "federal_account",
      "name": "Medicare-Eligible Retiree Health Fund Contribution, Reserve Personnel, Navy",
      "amount": 183698000.0,
      "account_number": "017-1002"
    },
    {
      "id": "4813",
      "code": "3730",
      "type": "federal_account",
      "name": "Military Construction, Air Force Reserve",
      "amount": 109877192.31,
      "account_number": "057-3730"
    },
    {
      "id": "6060",
      "code": "8337",
      "type": "federal_account",
      "name": "Host Nation Support for U.S. Relocation Activities, Defense",
      "amount": 95559167.6,
      "account_number": "097-8337"
    },
    {
      "id": "4154",
      "code": "1003",
      "type": "federal_account",
      "name": "Medicare-Eligible Retiree Health Fund Contribution, Reserve Personnel, Marine Corps",
      "amount": 94316000.0,
      "account_number": "017-1003"
    },
    {
      "id": "4164",
      "code": "1235",
      "type": "federal_account",
      "name": "Military Construction, Naval Reserve",
      "amount": 85138737.55,
      "account_number": "017-1235"
    },
    {
      "id": "5969",
      "code": "0111",
      "type": "federal_account",
      "name": "Department of Defense Acquisition Workforce Development Account, Defense",
      "amount": 70924270.95,
      "account_number": "097-0111"
    },
    {
      "id": "6488",
      "code": "1010",
      "type": "federal_account",
      "name": "Medicare-Eligible Retiree Health Fund Contribution, Space Force, Air Force",
      "amount": 58016000.0,
      "account_number": "057-1010"
    },
    {
      "id": "5998",
      "code": "0765",
      "type": "federal_account",
      "name": "Family Housing Operation and Maintenance, Defense-Wide",
      "amount": 52286974.98,
      "account_number": "097-0765"
    },
    {
      "id": "6007",
      "code": "0834",
      "type": "federal_account",
      "name": "Department of Defense Family Housing Improvement Fund, Defense",
      "amount": 41516544.09,
      "account_number": "097-0834"
    },
    {
      "id": "4180",
      "code": "4557",
      "type": "federal_account",
      "name": "National Defense Sealift Fund, Navy",
      "amount": 35583569.69,
      "account_number": "017-4557"
    },
    {
      "id": "4802",
      "code": "3021",
      "type": "federal_account",
      "name": "Space Procurement, Air Force",
      "amount": 26608994.04,
      "account_number": "057-3021"
    },
    {
      "id": "4561",
      "code": "8927",
      "type": "federal_account",
      "name": "Department of the Army General Gift Fund, Army",
      "amount": 25861310.76,
      "account_number": "021-8927"
    },
    {
      "id": "6024",
      "code": "5189",
      "type": "federal_account",
      "name": "Lease of Department of Defense Real Property, Defense",
      "amount": 22099019.05,
      "account_number": "097-5189"
    },
    {
      "id": "4791",
      "code": "0740",
      "type": "federal_account",
      "name": "Family Housing Construction, Air Force",
      "amount": 21549501.9,
      "account_number": "057-0740"
    },
    {
      "id": "6059",
      "code": "8335",
      "type": "federal_account",
      "name": "Voluntary Separation Incentive Fund, Defense",
      "amount": 19936737.75,
      "account_number": "097-8335"
    },
    {
      "id": "4206",
      "code": "8733",
      "type": "federal_account",
      "name": "United States Naval Academy General Gift Fund",
      "amount": 19289035.34,
      "account_number": "017-8733"
    },
    {
      "id": "5966",
      "code": "0104",
      "type": "federal_account",
      "name": "United States Court of Appeals for the Armed Forces, Defense",
      "amount": 16801234.42,
      "account_number": "097-0104"
    },
    {
      "id": "4205",
      "code": "8723",
      "type": "federal_account",
      "name": "Ships' Stores Profits, Navy",
      "amount": 10763835.33,
      "account_number": "017-8723"
    },
    {
      "id": "6609",
      "code": "5756",
      "type": "federal_account",
      "name": "Natick Land Conveyance, Army",
      "amount": 9573823.92,
      "account_number": "021-5756"
    },
    {
      "id": "6030",
      "code": "5613",
      "type": "federal_account",
      "name": "Mutually Beneficial Activities, Defense",
      "amount": 6433935.3,
      "account_number": "097-5613"
    },
    {
      "id": "4533",
      "code": "5098",
      "type": "federal_account",
      "name": "Restoration, Rocky Mountain Arsenal, Army",
      "amount": 6027484.9,
      "account_number": "021-5098"
    },
    {
      "id": "5995",
      "code": "0512",
      "type": "federal_account",
      "name": "Department of Defense Base Closure Account 2005, Defense",
      "amount": 4794906.92,
      "account_number": "097-0512"
    },
    {
      "id": "6297",
      "code": "0402",
      "type": "federal_account",
      "name": "Department of Defense Rapid Prototyping Fund, Defense",
      "amount": 4279150.02,
      "account_number": "097-0402"
    },
    {
      "id": "4844",
      "code": "8928",
      "type": "federal_account",
      "name": "Department of the Air Force General Gift Fund, Air Force",
      "amount": 3909069.75,
      "account_number": "057-8928"
    },
    {
      "id": "6023",
      "code": "5188",
      "type": "federal_account",
      "name": "Disposal of Department of Defense Real Property, Defense",
      "amount": 3711857.04,
      "account_number": "097-5188"
    },
    {
      "id": "6056",
      "code": "8165",
      "type": "federal_account",
      "name": "Foreign National Employees Separation Pay Account, Defense",
      "amount": 3168255.48,
      "account_number": "097-8165"
    },
    {
      "id": "4204",
      "code": "8716",
      "type": "federal_account",
      "name": "Department of the Navy General Gift Fund, Navy",
      "amount": 1910634.94,
      "account_number": "017-8716"
    },
    {
      "id": "6006",
      "code": "0833",
      "type": "federal_account",
      "name": "Defense Emergency Response Fund, Defense",
      "amount": 1740850.2,
      "account_number": "097-0833"
    },
    {
      "id": "6014",
      "code": "4090",
      "type": "federal_account",
      "name": "Homeowners Assistance Fund, Defense",
      "amount": 1646177.79,
      "account_number": "097-4090"
    },
    {
      "id": "6032",
      "code": "5751",
      "type": "federal_account",
      "name": "Contributions to the Cooperative Threat Reduction Program, Defense",
      "amount": 1424288.88,
      "account_number": "097-5751"
    },
    {
      "id": "6348",
      "code": "0361",
      "type": "federal_account",
      "name": "Defense Production Act Program Account. Defense",
      "amount": 1267614.35,
      "account_number": "097-0361"
    },
    {
      "id": "4822",
      "code": "5616",
      "type": "federal_account",
      "name": "Support of Athletic Programs, Air Force",
      "amount": 968179.73,
      "account_number": "057-5616"
    },
    {
      "id": "6009",
      "code": "0838",
      "type": "federal_account",
      "name": "Support for International Sporting Competitions, Defense",
      "amount": 957147.14,
      "account_number": "097-0838"
    },
    {
      "id": "4494",
      "code": "0810",
      "type": "federal_account",
      "name": "Environmental Restoration, Army",
      "amount": 582000.0,
      "account_number": "021-0810"
    },
    {
      "id": "6008",
      "code": "0836",
      "type": "federal_account",
      "name": "Department of Defense Military Unaccompanied Housing Improvement Fund, Defense",
      "amount": 506000.0,
      "account_number": "097-0836"
    },
    {
      "id": "6054",
      "code": "8163",
      "type": "federal_account",
      "name": "Department of Defense General Gift Fund, Defense",
      "amount": 408921.32,
      "account_number": "097-8163"
    },
    {
      "id": "6031",
      "code": "5750",
      "type": "federal_account",
      "name": "Department of Defense Vietnam War Commemoration Fund, Defense",
      "amount": 327690.45,
      "account_number": "097-5750"
    },
    {
      "id": "6012",
      "code": "2093",
      "type": "federal_account",
      "name": "Joint Improvised-Threat Defeat Fund, Defense",
      "amount": 292773.63,
      "account_number": "097-2093"
    },
    {
      "id": "6033",
      "code": "5753",
      "type": "federal_account",
      "name": "Contributions for Renewable Energy Impact Assessments and Mitigation, Defense",
      "amount": 242858.76,
      "account_number": "097-5753"
    },
    {
      "id": "6015",
      "code": "4091",
      "type": "federal_account",
      "name": "Homeowners Assistance Fund - Recovery Act, Defense",
      "amount": 40240.72,
      "account_number": "097-4091"
    },
    {
      "id": "4535",
      "code": "5286",
      "type": "federal_account",
      "name": "National Science Center, Army",
      "amount": 23987.0,
      "account_number": "021-5286"
    },
    {
      "id": "4524",
      "code": "2093",
      "type": "federal_account",
      "name": "Joint Improvised Explosive Device Defeat Fund, Army",
      "amount": 3664.33,
      "account_number": "021-2093"
    },
    {
      "id": "4150",
      "code": "0810",
      "type": "federal_account",
      "name": "Environmental Restoration, Navy",
      "amount": 0.0,
      "account_number": "017-0810"
    },
    {
      "id": "6777",
      "code": "8721",
      "type": "federal_account",
      "name": "Heritage Center for the National Museum of the United States Army",
      "amount": 0.0,
      "account_number": "021-8721"
    },
    {
      "id": "5994",
      "code": "0510",
      "type": "federal_account",
      "name": "Department of Defense Base Closure Account 1990, Defense",
      "amount": 0.0,
      "account_number": "097-0510"
    },
    {
      "id": "7141",
      "code": "0362",
      "type": "federal_account",
      "name": "Defense Strategic Capital Credit Program, Defense",
      "amount": 0.0,
      "account_number": "097-0362"
    },
    {
      "id": "4537",
      "code": "5752",
      "type": "federal_account",
      "name": "Department of Defense Korean War Commemoration Fund, Army",
      "amount": 0.0,
      "account_number": "021-5752"
    },
    {
      "id": "6000",
      "code": "0801",
      "type": "federal_account",
      "name": "Foreign Currency Fluctuations, Defense",
      "amount": 0.0,
      "account_number": "097-0801"
    },
    {
      "id": "6001",
      "code": "0803",
      "type": "federal_account",
      "name": "Foreign Currency Fluctuations, Construction, Defense",
      "amount": 0.0,
      "account_number": "097-0803"
    },
    {
      "id": "6003",
      "code": "0810",
      "type": "federal_account",
      "name": "Environmental Restoration, Defense",
      "amount": 0.0,
      "account_number": "097-0810"
    },
    {
      "id": "6004",
      "code": "0811",
      "type": "federal_account",
      "name": "Environmental Restoration, Formerly Used Defense Sites, Defense",
      "amount": 0.0,
      "account_number": "097-0811"
    },
    {
      "id": "4560",
      "code": "8063",
      "type": "federal_account",
      "name": "Bequest of Major General Fred C. Ainsworth, Library, Walter Reed General Hospital, Army",
      "amount": 0.0,
      "account_number": "021-8063"
    },
    {
      "id": "6017",
      "code": "4555",
      "type": "federal_account",
      "name": "National Defense Stockpile Transaction Fund, Defense",
      "amount": 0.0,
      "account_number": "097-4555"
    },
    {
      "id": "5987",
      "code": "0391",
      "type": "federal_account",
      "name": "Chemical Demilitarization Construction, Defense-Wide",
      "amount": 0.0,
      "account_number": "097-0391"
    },
    {
      "id": "6021",
      "code": "4965",
      "type": "federal_account",
      "name": "Emergency Response Fund, Defense",
      "amount": 0.0,
      "account_number": "097-4965"
    },
    {
      "id": "6022",
      "code": "5187",
      "type": "federal_account",
      "name": "Defense Cooperation Account, Defense",
      "amount": 0.0,
      "account_number": "097-5187"
    },
    {
      "id": "4795",
      "code": "0810",
      "type": "federal_account",
      "name": "Environmental Restoration, Air Force",
      "amount": 0.0,
      "account_number": "057-0810"
    },
    {
      "id": "6025",
      "code": "5193",
      "type": "federal_account",
      "name": "Department of Defense Overseas Military Facility Investment Recovery Account, Defense",
      "amount": 0.0,
      "account_number": "097-5193"
    },
    {
      "id": "6026",
      "code": "5195",
      "type": "federal_account",
      "name": "Use of Proceeds from the Transfer or Disposition of Commissary Facilities, Defense",
      "amount": 0.0,
      "account_number": "097-5195"
    },
    {
      "id": "6051",
      "code": "8096",
      "type": "federal_account",
      "name": "Department of Defense Dependents' Education Gift Fund",
      "amount": 0.0,
      "account_number": "097-8096"
    },
    {
      "id": "4184",
      "code": "5562",
      "type": "federal_account",
      "name": "Ford Island Improvement Account",
      "amount": 0.0,
      "account_number": "017-5562"
    },
    {
      "id": "6057",
      "code": "8168",
      "type": "federal_account",
      "name": "National Security Education Trust Fund, Defense",
      "amount": 0.0,
      "account_number": "097-8168"
    },
    {
      "id": "4146",
      "code": "0380",
      "type": "federal_account",
      "name": "Coastal Defense Augmentation, Navy",
      "amount": 0.0,
      "account_number": "017-0380"
    },
    {
      "id": "4183",
      "code": "5185",
      "type": "federal_account",
      "name": "Kaho'Olawe Island Conveyance, Remediation, and Environmental Restoration Fund, Navy",
      "amount": 0.0,
      "account_number": "017-5185"
    },
    {
      "id": "4843",
      "code": "8418",
      "type": "federal_account",
      "name": "Air Force Cadet Fund, Air Force",
      "amount": 0.0,
      "account_number": "057-8418"
    },
    {
      "id": "6300",
      "code": "5630",
      "type": "federal_account",
      "name": "Department of Defense World War II Commemoration Fund, Navy",
      "amount": 0.0,
      "account_number": "017-5630"
    },
    {
      "id": "4165",
      "code": "1236",
      "type": "federal_account",
      "name": "Payments to Kaho'Olawe Island Conveyance, Remediation, and Environmental Restoration Fund, Navy",
      "amount": 0.0,
      "account_number": "017-1236"
    },
    {
      "id": "5972",
      "code": "0118",
      "type": "federal_account",
      "name": "Overseas Contingency Operations Transfer Fund, Defense",
      "amount": 0.0,
      "account_number": "097-0118"
    },
    {
      "id": "5967",
      "code": "0105",
      "type": "federal_account",
      "name": "Drug Interdiction and Counter-Drug Activities, Defense",
      "amount": 0.0,
      "account_number": "097-0105"
    },
    {
      "id": "6494",
      "code": "0403",
      "type": "federal_account",
      "name": "Creating Helpful Incentives to Produce Semi-Conductors (CHIPS) for America Defense Fund, Defense",
      "amount": 0.0,
      "account_number": "097-0403"
    }
  ]
}
Federal account response for subfunction 901: {
  "total": 0,
  "end_date": "2024-09-30T00:00:00Z",
  "results": []
}
Federal account response for subfunction 551: {
  "total": 0,
  "end_date": "2024-09-30T00:00:00Z",
  "results": []
}
Federal account response for subfunction 803: {
  "total": 0,
  "end_date": "2024-09-30T00:00:00Z",
  "results": []
}
Federal account response for subfunction 609: {
  "total": 0,
  "end_date": "2024-09-30T00:00:00Z",
  "results": []
}
Federal account response for subfunction 602: {
  "total": 0,
  "end_date": "2024-09-30T00:00:00Z",
  "results": []
}
Federal account response for subfunction 701: {
  "total": 0,
  "end_date": "2024-09-30T00:00:00Z",
  "results": []
}
Federal account response for subfunction 502: {
  "total": 0,
  "end_date": "2024-09-30T00:00:00Z",
  "results": []
}
Federal account response for subfunction 054: {
  "total": 175456833128.28,
  "end_date": "2024-09-30T00:00:00Z",
  "results": [
    {
      "id": "5963",
      "code": "0040",
      "type": "federal_account",
      "name": "Payments to Military Retirement Fund, Defense",
      "amount": 151521000000.0,
      "account_number": "097-0040"
    },
    {
      "id": "4007",
      "code": "0200",
      "type": "federal_account",
      "name": "Salaries and Expenses, Federal Bureau of Investigation, Justice",
      "amount": 12033323454.69,
      "account_number": "015-0200"
    },
    {
      "id": "6011",
      "code": "0850",
      "type": "federal_account",
      "name": "Payment to Department of Defense Medicare-Eligible Retiree Health Care Fund",
      "amount": 9584000000.0,
      "account_number": "097-0850"
    },
    {
      "id": "5055",
      "code": "1710",
      "type": "federal_account",
      "name": "Ready Reserve Force, Maritime Administration, Transportation",
      "amount": 1136580881.97,
      "account_number": "069-1710"
    },
    {
      "id": "5185",
      "code": "0412",
      "type": "federal_account",
      "name": "Procurement, Construction, and Improvements, Cybersecurity and Infrastructure Security Agency, Homeland Security",
      "amount": 506501490.81,
      "account_number": "070-0412"
    },
    {
      "id": "5056",
      "code": "1711",
      "type": "federal_account",
      "name": "Maritime Security Program, Maritime Administration, Transportation",
      "amount": 311749292.86,
      "account_number": "069-1711"
    },
    {
      "id": "5184",
      "code": "0411",
      "type": "federal_account",
      "name": "Federal Assistance, Countering Weapons of Mass Destruction Office, Homeland Security",
      "amount": 146403866.15,
      "account_number": "070-0411"
    },
    {
      "id": "4018",
      "code": "0333",
      "type": "federal_account",
      "name": "Payment to the Radiation Exposure Compensation Trust Fund, Justice",
      "amount": 80000000.0,
      "account_number": "015-0333"
    },
    {
      "id": "6468",
      "code": "1718",
      "type": "federal_account",
      "name": "Tanker Security Program, Maritime Administration, Transportation",
      "amount": 60000000.0,
      "account_number": "069-1718"
    },
    {
      "id": "4071",
      "code": "8116",
      "type": "federal_account",
      "name": "Radiation Exposure Compensation Trust Fund, Justice",
      "amount": 52313372.43,
      "account_number": "015-8116"
    },
    {
      "id": "6262",
      "code": "2724",
      "type": "federal_account",
      "name": "Salaries and Expenses, Privacy and Civil Liberties Oversight Board",
      "amount": 11648086.29,
      "account_number": "535-2724"
    },
    {
      "id": "6371",
      "code": "1717",
      "type": "federal_account",
      "name": "Cable Security Fleet, Maritime Administration, Transportation",
      "amount": 10000000.0,
      "account_number": "069-1717"
    },
    {
      "id": "5254",
      "code": "0805",
      "type": "federal_account",
      "name": "Research and Development, Cybersecurity and Infrastructure Security Agency, Homeland Security",
      "amount": 3312683.08,
      "account_number": "070-0805"
    },
    {
      "id": "5222",
      "code": "0565",
      "type": "federal_account",
      "name": "Infrastructure Protection and Information Security, Cybersecurity and Infrastructure Security Agency, Homeland Security",
      "amount": 0.0,
      "account_number": "070-0565"
    },
    {
      "id": "6453",
      "code": "1911",
      "type": "federal_account",
      "name": "Cybersecurity Response and Recovery Fund, Cybersecurity and Infrastructure Security Agency, Homeland Security",
      "amount": 0.0,
      "account_number": "070-1911"
    }
  ]
}
Federal account response for subfunction 605: {
  "total": 0,
  "end_date": "2024-09-30T00:00:00Z",
  "results": []
}
Federal account response for subfunction 703: {
  "total": 0,
  "end_date": "2024-09-30T00:00:00Z",
  "results": []
}
Federal account response for subfunction 401: {
  "total": 0,
  "end_date": "2024-09-30T00:00:00Z",
  "results": []
}
Federal account response for subfunction 453: {
  "total": 0,
  "end_date": "2024-09-30T00:00:00Z",
  "results": []
}
Federal account response for subfunction 376: {
  "total": 0,
  "end_date": "2024-09-30T00:00:00Z",
  "results": []
}
Federal account response for subfunction 751: {
  "total": 0,
  "end_date": "2024-09-30T00:00:00Z",
  "results": []
}
Federal account response for subfunction 373: {
  "total": 0,
  "end_date": "2024-09-30T00:00:00Z",
  "results": []
}
Federal account response for subfunction 604: {
  "total": 0,
  "end_date": "2024-09-30T00:00:00Z",
  "results": []
}
Federal account response for subfunction 552: {
  "total": 0,
  "end_date": "2024-09-30T00:00:00Z",
  "results": []
}
Federal account response for subfunction 304: {
  "total": 0,
  "end_date": "2024-09-30T00:00:00Z",
  "results": []
}
Federal account response for subfunction 805: {
  "total": 0,
  "end_date": "2024-09-30T00:00:00Z",
  "results": []
}
Federal account response for subfunction 501: {
  "total": 0,
  "end_date": "2024-09-30T00:00:00Z",
  "results": []
}
Federal account response for subfunction 402: {
  "total": 0,
  "end_date": "2024-09-30T00:00:00Z",
  "results": []
}
Federal account response for subfunction 151: {
  "total": 0,
  "end_date": "2024-09-30T00:00:00Z",
  "results": []
}
Federal account response for subfunction 804: {
  "total": 0,
  "end_date": "2024-09-30T00:00:00Z",
  "results": []
}
Federal account response for subfunction 705: {
  "total": 0,
  "end_date": "2024-09-30T00:00:00Z",
  "results": []
}
Federal account response for subfunction 603: {
  "total": 0,
  "end_date": "2024-09-30T00:00:00Z",
  "results": []
}
Federal account response for subfunction 053: {
  "total": 41156563299.52,
  "end_date": "2024-09-30T00:00:00Z",
  "results": [
    {
      "id": "5787",
      "code": "0240",
      "type": "federal_account",
      "name": "Weapons Activities, National Nuclear Security Administration, Energy",
      "amount": 23637473396.0,
      "account_number": "089-0240"
    },
    {
      "id": "5793",
      "code": "0251",
      "type": "federal_account",
      "name": "Defense Environmental Cleanup, Environmental and Other Defense Activities, Energy",
      "amount": 7634560443.26,
      "account_number": "089-0251"
    },
    {
      "id": "4122",
      "code": "1523",
      "type": "federal_account",
      "name": "Energy Employees Occupational Illness Compensation Fund, Labor",
      "amount": 2721135306.31,
      "account_number": "016-1523"
    },
    {
      "id": "5798",
      "code": "0309",
      "type": "federal_account",
      "name": "Defense Nuclear Nonproliferation, National Nuclear Security Administration, Energy",
      "amount": 2638684171.05,
      "account_number": "089-0309"
    },
    {
      "id": "5801",
      "code": "0314",
      "type": "federal_account",
      "name": "Naval Reactors, National Nuclear Security Administration, Energy",
      "amount": 1859189504.77,
      "account_number": "089-0314"
    },
    {
      "id": "5789",
      "code": "0243",
      "type": "federal_account",
      "name": "Other Defense Activities, Environmental and Other Defense Activities, Energy",
      "amount": 1652767010.37,
      "account_number": "089-0243"
    },
    {
      "id": "5800",
      "code": "0313",
      "type": "federal_account",
      "name": "Federal Salaries and Expenses, National Nuclear Security Administration, Energy",
      "amount": 512152910.15,
      "account_number": "089-0313"
    },
    {
      "id": "5935",
      "code": "3130",
      "type": "federal_account",
      "name": "Formerly Utilized Sites Remedial Action Program, Corps of Engineers-Civil",
      "amount": 311715936.11,
      "account_number": "096-3130"
    },
    {
      "id": "4123",
      "code": "1524",
      "type": "federal_account",
      "name": "Administrative Expenses, Energy Employees Occupational Illness Compensation Fund, Office of Workers' Compensation Programs, Labor",
      "amount": 144699490.64,
      "account_number": "016-1524"
    },
    {
      "id": "6112",
      "code": "3900",
      "type": "federal_account",
      "name": "Salaries and Expenses, Defense Nuclear Facilities Safety Board",
      "amount": 44185130.86,
      "account_number": "347-3900"
    },
    {
      "id": "5791",
      "code": "0249",
      "type": "federal_account",
      "name": "Defense Environmental Services, Energy",
      "amount": 0.0,
      "account_number": "089-0249"
    },
    {
      "id": "5790",
      "code": "0244",
      "type": "federal_account",
      "name": "Defense Nuclear Waste Disposal, Environmental and Other Defense Activities, Energy",
      "amount": 0.0,
      "account_number": "089-0244"
    }
  ]
}
Federal account response for subfunction 601: {
  "total": 0,
  "end_date": "2024-09-30T00:00:00Z",
  "results": []
}
Federal account response for subfunction 301: {
  "total": 0,
  "end_date": "2024-09-30T00:00:00Z",
  "results": []
}
Federal account response for subfunction 351: {
  "total": 0,
  "end_date": "2024-09-30T00:00:00Z",
  "results": []
}
Federal account response for subfunction 302: {
  "total": 0,
  "end_date": "2024-09-30T00:00:00Z",
  "results": []
}
Federal account response for subfunction 153: {
  "total": 0,
  "end_date": "2024-09-30T00:00:00Z",
  "results": []
}
Federal account response for subfunction 252: {
  "total": 0,
  "end_date": "2024-09-30T00:00:00Z",
  "results": []
}
Federal account response for subfunction 506: {
  "total": 0,
  "end_date": "2024-09-30T00:00:00Z",
  "results": []
}
Federal account response for subfunction 271: {
  "total": 0,
  "end_date": "2024-09-30T00:00:00Z",
  "results": []
}
Federal account response for subfunction 251: {
  "total": 0,
  "end_date": "2024-09-30T00:00:00Z",
  "results": []
}
Federal account response for subfunction 306: {
  "total": 0,
  "end_date": "2024-09-30T00:00:00Z",
  "results": []
}
Federal account response for subfunction 352: {
  "total": 0,
  "end_date": "2024-09-30T00:00:00Z",
  "results": []
}
Federal account response for subfunction 908: {
  "total": 0,
  "end_date": "2024-09-30T00:00:00Z",
  "results": []
}
Federal account response for subfunction 403: {
  "total": 0,
  "end_date": "2024-09-30T00:00:00Z",
  "results": []
}
Federal account response for subfunction 702: {
  "total": 0,
  "end_date": "2024-09-30T00:00:00Z",
  "results": []
}
Federal account response for subfunction 451: {
  "total": 0,
  "end_date": "2024-09-30T00:00:00Z",
  "results": []
}
Federal account response for subfunction 752: {
  "total": 0,
  "end_date": "2024-09-30T00:00:00Z",
  "results": []
}
Federal account response for subfunction 272: {
  "total": 0,
  "end_date": "2024-09-30T00:00:00Z",
  "results": []
}
Federal account response for subfunction 504: {
  "total": 0,
  "end_date": "2024-09-30T00:00:00Z",
  "results": []
}
Federal account response for subfunction 554: {
  "total": 0,
  "end_date": "2024-09-30T00:00:00Z",
  "results": []
}
Federal account response for subfunction 753: {
  "total": 0,
  "end_date": "2024-09-30T00:00:00Z",
  "results": []
}
Federal account response for subfunction 152: {
  "total": 0,
  "end_date": "2024-09-30T00:00:00Z",
  "results": []
}
Federal account response for subfunction 155: {
  "total": 0,
  "end_date": "2024-09-30T00:00:00Z",
  "results": []
}
Federal account response for subfunction 452: {
  "total": 0,
  "end_date": "2024-09-30T00:00:00Z",
  "results": []
}
Federal account response for subfunction 806: {
  "total": 0,
  "end_date": "2024-09-30T00:00:00Z",
  "results": []
}
Federal account response for subfunction 754: {
  "total": 0,
  "end_date": "2024-09-30T00:00:00Z",
  "results": []
}
Federal account response for subfunction 303: {
  "total": 0,
  "end_date": "2024-09-30T00:00:00Z",
  "results": []
}
Federal account response for subfunction 371: {
  "total": 0,
  "end_date": "2024-09-30T00:00:00Z",
  "results": []
}
Federal account response for subfunction 808: {
  "total": 0,
  "end_date": "2024-09-30T00:00:00Z",
  "results": []
}
Federal account response for subfunction 274: {
  "total": 0,
  "end_date": "2024-09-30T00:00:00Z",
  "results": []
}
Federal account response for subfunction 505: {
  "total": 0,
  "end_date": "2024-09-30T00:00:00Z",
  "results": []
}
Federal account response for subfunction 503: {
  "total": 0,
  "end_date": "2024-09-30T00:00:00Z",
  "results": []
}
Federal account response for subfunction 276: {
  "total": 0,
  "end_date": "2024-09-30T00:00:00Z",
  "results": []
}
Federal account response for subfunction 407: {
  "total": 0,
  "end_date": "2024-09-30T00:00:00Z",
  "results": []
}
Federal account response for subfunction 154: {
  "total": 0,
  "end_date": "2024-09-30T00:00:00Z",
  "results": []
}
Federal account response for subfunction 704: {
  "total": 0,
  "end_date": "2024-09-30T00:00:00Z",
  "results": []
}
Federal account response for subfunction 801: {
  "total": 0,
  "end_date": "2024-09-30T00:00:00Z",
  "results": []
}
Federal account response for subfunction 802: {
  "total": 0,
  "end_date": "2024-09-30T00:00:00Z",
  "results": []
}
Federal account response for subfunction 400: {
  "total": 0,
  "end_date": "2024-09-30T00:00:00Z",
  "results": []
}
Federal account response for subfunction 000: {
  "total": 0,
  "end_date": "2024-09-30T00:00:00Z",
  "results": []
}
Error: {"total":9518447609618.83,"end_date":"2024-09-30T00:00:00Z","results":[{"id":"571","code":"571","type":"budget_subfunction","name":"Medicare","amount":1582650103296.23},{"id":"651","code":"651","type":"budget_subfunction","name":"Social security","amount":1541027236655.33},{"id":"051","code":"051","type":"budget_subfunction","name":"Department of Defense-Military","amount":1141639974791.54},{"id":"901","code":"901","type":"budget_subfunction","name":"Interest on Treasury debt securities (gross)","amount":1133036890149.16},{"id":"551","code":"551","type":"budget_subfunction","name":"Health care services","amount":1027906606154.41},{"id":"803","code":"803","type":"budget_subfunction","name":"Central fiscal operations","amount":361817179022.08},{"id":"609","code":"609","type":"budget_subfunction","name":"Other income security","amount":212821498800.65},{"id":"602","code":"602","type":"budget_subfunction","name":"Federal employee retirement and disability","amount":186122247366.58},{"id":"701","code":"701","type":"budget_subfunction","name":"Income security for veterans","amount":179525221002.95},{"id":"502","code":"502","type":"budget_subfunction","name":"Higher education","amount":178177965275.86},{"id":"054","code":"054","type":"budget_subfunction","name":"Defense-related activities","amount":175456833128.28},{"id":"605","code":"605","type":"budget_subfunction","name":"Food and nutrition assistance","amount":162470680320.64},{"id":"703","code":"703","type":"budget_subfunction","name":"Hospital and medical care for veterans","amount":128399212249.22},{"id":"401","code":"401","type":"budget_subfunction","name":"Ground transportation","amount":110326604063.98},{"id":"453","code":"453","type":"budget_subfunction","name":"Disaster relief and insurance","amount":89837364216.26},{"id":"376","code":"376","type":"budget_subfunction","name":"Other advancement of commerce","amount":79358897672.38},{"id":"751","code":"751","type":"budget_subfunction","name":"Federal law enforcement activities","amount":76405719119.49},{"id":"373","code":"373","type":"budget_subfunction","name":"Deposit insurance","amount":72869682343.03},{"id":"604","code":"604","type":"budget_subfunction","name":"Housing assistance","amount":71653190121.24},{"id":"552","code":"552","type":"budget_subfunction","name":"Health research and training","amount":59909656479.15},{"id":"304","code":"304","type":"budget_subfunction","name":"Pollution control and abatement","amount":55110905217.91},{"id":"805","code":"805","type":"budget_subfunction","name":"Central personnel management","amount":54925702526.1},{"id":"501","code":"501","type":"budget_subfunction","name":"Elementary, secondary, and vocational education","amount":49891390716.45},{"id":"402","code":"402","type":"budget_subfunction","name":"Air transportation","amount":49402727181.87},{"id":"151","code":"151","type":"budget_subfunction","name":"International development and humanitarian assistance","amount":48790411327.31},{"id":"804","code":"804","type":"budget_subfunction","name":"General property and records management","amount":46426383387.29},{"id":"705","code":"705","type":"budget_subfunction","name":"Other veterans benefits and services","amount":43937195708.28},{"id":"603","code":"603","type":"budget_subfunction","name":"Unemployment compensation","amount":43816134296.76},{"id":"053","code":"053","type":"budget_subfunction","name":"Atomic energy defense activities","amount":41156563299.52},{"id":"601","code":"601","type":"budget_subfunction","name":"General retirement and disability insurance (excluding social se","amount":41096992551.29},{"id":"301","code":"301","type":"budget_subfunction","name":"Water resources","amount":41007764457.14},{"id":"351","code":"351","type":"budget_subfunction","name":"Farm income stabilization","amount":36535056628.55},{"id":"302","code":"302","type":"budget_subfunction","name":"Conservation and land management","amount":33371433196.5},{"id":"153","code":"153","type":"budget_subfunction","name":"Conduct of foreign affairs","amount":31336990698.45},{"id":"252","code":"252","type":"budget_subfunction","name":"Space flight, research, and supporting activities","amount":26195350653.52},{"id":"506","code":"506","type":"budget_subfunction","name":"Social services","amount":25619468222.94},{"id":"271","code":"271","type":"budget_subfunction","name":"Energy supply","amount":22099665328.51},{"id":"251","code":"251","type":"budget_subfunction","name":"General science and basic research","amount":19027820947.62},{"id":"306","code":"306","type":"budget_subfunction","name":"Other natural resources","amount":17904734213.06},{"id":"352","code":"352","type":"budget_subfunction","name":"Agricultural research and services","amount":17157865445.45},{"id":"908","code":"908","type":"budget_subfunction","name":"Other interest","amount":16520784081.42},{"id":"403","code":"403","type":"budget_subfunction","name":"Water transportation","amount":14989335445.74},{"id":"702","code":"702","type":"budget_subfunction","name":"Veterans education, training, and rehabilitation","amount":14956778147.75},{"id":"451","code":"451","type":"budget_subfunction","name":"Community development","amount":13530393806.87},{"id":"752","code":"752","type":"budget_subfunction","name":"Federal litigative and judicial activities","amount":12596821491.1},{"id":"272","code":"272","type":"budget_subfunction","name":"Energy conservation","amount":12426086618.24},{"id":"504","code":"504","type":"budget_subfunction","name":"Training and employment","amount":10798025903.63},{"id":"554","code":"554","type":"budget_subfunction","name":"Consumer and occupational health and safety","amount":10603316666.97},{"id":"753","code":"753","type":"budget_subfunction","name":"Federal correctional activities","amount":10287153239.48},{"id":"152","code":"152","type":"budget_subfunction","name":"International security assistance","amount":10065129398.86},{"id":"155","code":"155","type":"budget_subfunction","name":"International financial programs","amount":9991512175.51},{"id":"452","code":"452","type":"budget_subfunction","name":"Area and regional development","amount":9195142904.32},{"id":"806","code":"806","type":"budget_subfunction","name":"General purpose fiscal assistance","amount":8644888386.23},{"id":"754","code":"754","type":"budget_subfunction","name":"Criminal justice assistance","amount":8538485768.98},{"id":"303","code":"303","type":"budget_subfunction","name":"Recreational resources","amount":7560906689.62},{"id":"371","code":"371","type":"budget_subfunction","name":"Mortgage credit","amount":7527267722.18},{"id":"808","code":"808","type":"budget_subfunction","name":"Other general government","amount":3827411654.73},{"id":"274","code":"274","type":"budget_subfunction","name":"Emergency energy preparedness","amount":3746154909.13},{"id":"505","code":"505","type":"budget_subfunction","name":"Other labor services","amount":3200536526.14},{"id":"503","code":"503","type":"budget_subfunction","name":"Research and general education aids","amount":2658218648.93},{"id":"276","code":"276","type":"budget_subfunction","name":"Energy information, policy, and regulation","amount":2557785928.7},{"id":"407","code":"407","type":"budget_subfunction","name":"Other transportation","amount":2199886866.33},{"id":"154","code":"154","type":"budget_subfunction","name":"Foreign information and exchange activities","amount":2092083762.54},{"id":"704","code":"704","type":"budget_subfunction","name":"Veterans housing","amount":1955298547.68},{"id":"801","code":"801","type":"budget_subfunction","name":"Legislative functions","amount":902447241.83},{"id":"802","code":"802","type":"budget_subfunction","name":"Executive direction and management","amount":852438852.94},{"id":"400","code":"400","type":"budget_subfunction","name":"Transportation","amount":0.0},{"id":"000","code":"000","type":"budget_subfunction","name":"Governmental Receipts","amount":0.0}]}
Fetching spending for 097-8097 (FY 2024): Status 200
Fetching spending for 017-1804 (FY 2024): Status 200
Fetching budget subfunctions (FY 2024): Status 200
Budget subfunction response: {
  "total": 9518447609618.83,
  "end_date": "2024-09-30T00:00:00Z",
  "results": [
    {
      "id": "571",
      "code": "571",
      "type": "budget_subfunction",
      "name": "Medicare",
      "amount": 1582650103296.23
    },
    {
      "id": "651",
      "code": "651",
      "type": "budget_subfunction",
      "name": "Social security",
      "amount": 1541027236655.33
    },
    {
      "id": "051",
      "code": "051",
      "type": "budget_subfunction",
      "name": "Department of Defense-Military",
      "amount": 1141639974791.54
    },
    {
      "id": "901",
      "code": "901",
      "type": "budget_subfunction",
      "name": "Interest on Treasury debt securities (gross)",
      "amount": 1133036890149.16
    },
    {
      "id": "551",
      "code": "551",
      "type": "budget_subfunction",
      "name": "Health care services",
      "amount": 1027906606154.41
    },
    {
      "id": "803",
      "code": "803",
      "type": "budget_subfunction",
      "name": "Central fiscal operations",
      "amount": 361817179022.08
    },
    {
      "id": "609",
      "code": "609",
      "type": "budget_subfunction",
      "name": "Other income security",
      "amount": 212821498800.65
    },
    {
      "id": "602",
      "code": "602",
      "type": "budget_subfunction",
      "name": "Federal employee retirement and disability",
      "amount": 186122247366.58
    },
    {
      "id": "701",
      "code": "701",
      "type": "budget_subfunction",
      "name": "Income security for veterans",
      "amount": 179525221002.95
    },
    {
      "id": "502",
      "code": "502",
      "type": "budget_subfunction",
      "name": "Higher education",
      "amount": 178177965275.86
    },
    {
      "id": "054",
      "code": "054",
      "type": "budget_subfunction",
      "name": "Defense-related activities",
      "amount": 175456833128.28
    },
    {
      "id": "605",
      "code": "605",
      "type": "budget_subfunction",
      "name": "Food and nutrition assistance",
      "amount": 162470680320.64
    },
    {
      "id": "703",
      "code": "703",
      "type": "budget_subfunction",
      "name": "Hospital and medical care for veterans",
      "amount": 128399212249.22
    },
    {
      "id": "401",
      "code": "401",
      "type": "budget_subfunction",
      "name": "Ground transportation",
      "amount": 110326604063.98
    },
    {
      "id": "453",
      "code": "453",
      "type": "budget_subfunction",
      "name": "Disaster relief and insurance",
      "amount": 89837364216.26
    },
    {
      "id": "376",
      "code": "376",
      "type": "budget_subfunction",
      "name": "Other advancement of commerce",
      "amount": 79358897672.38
    },
    {
      "id": "751",
      "code": "751",
      "type": "budget_subfunction",
      "name": "Federal law enforcement activities",
      "amount": 76405719119.49
    },
    {
      "id": "373",
      "code": "373",
      "type": "budget_subfunction",
      "name": "Deposit insurance",
      "amount": 72869682343.03
    },
    {
      "id": "604",
      "code": "604",
      "type": "budget_subfunction",
      "name": "Housing assistance",
      "amount": 71653190121.24
    },
    {
      "id": "552",
      "code": "552",
      "type": "budget_subfunction",
      "name": "Health research and training",
      "amount": 59909656479.15
    },
    {
      "id": "304",
      "code": "304",
      "type": "budget_subfunction",
      "name": "Pollution control and abatement",
      "amount": 55110905217.91
    },
    {
      "id": "805",
      "code": "805",
      "type": "budget_subfunction",
      "name": "Central personnel management",
      "amount": 54925702526.1
    },
    {
      "id": "501",
      "code": "501",
      "type": "budget_subfunction",
      "name": "Elementary, secondary, and vocational education",
      "amount": 49891390716.45
    },
    {
      "id": "402",
      "code": "402",
      "type": "budget_subfunction",
      "name": "Air transportation",
      "amount": 49402727181.87
    },
    {
      "id": "151",
      "code": "151",
      "type": "budget_subfunction",
      "name": "International development and humanitarian assistance",
      "amount": 48790411327.31
    },
    {
      "id": "804",
      "code": "804",
      "type": "budget_subfunction",
      "name": "General property and records management",
      "amount": 46426383387.29
    },
    {
      "id": "705",
      "code": "705",
      "type": "budget_subfunction",
      "name": "Other veterans benefits and services",
      "amount": 43937195708.28
    },
    {
      "id": "603",
      "code": "603",
      "type": "budget_subfunction",
      "name": "Unemployment compensation",
      "amount": 43816134296.76
    },
    {
      "id": "053",
      "code": "053",
      "type": "budget_subfunction",
      "name": "Atomic energy defense activities",
      "amount": 41156563299.52
    },
    {
      "id": "601",
      "code": "601",
      "type": "budget_subfunction",
      "name": "General retirement and disability insurance (excluding social se",
      "amount": 41096992551.29
    },
    {
      "id": "301",
      "code": "301",
      "type": "budget_subfunction",
      "name": "Water resources",
      "amount": 41007764457.14
    },
    {
      "id": "351",
      "code": "351",
      "type": "budget_subfunction",
      "name": "Farm income stabilization",
      "amount": 36535056628.55
    },
    {
      "id": "302",
      "code": "302",
      "type": "budget_subfunction",
      "name": "Conservation and land management",
      "amount": 33371433196.5
    },
    {
      "id": "153",
      "code": "153",
      "type": "budget_subfunction",
      "name": "Conduct of foreign affairs",
      "amount": 31336990698.45
    },
    {
      "id": "252",
      "code": "252",
      "type": "budget_subfunction",
      "name": "Space flight, research, and supporting activities",
      "amount": 26195350653.52
    },
    {
      "id": "506",
      "code": "506",
      "type": "budget_subfunction",
      "name": "Social services",
      "amount": 25619468222.94
    },
    {
      "id": "271",
      "code": "271",
      "type": "budget_subfunction",
      "name": "Energy supply",
      "amount": 22099665328.51
    },
    {
      "id": "251",
      "code": "251",
      "type": "budget_subfunction",
      "name": "General science and basic research",
      "amount": 19027820947.62
    },
    {
      "id": "306",
      "code": "306",
      "type": "budget_subfunction",
      "name": "Other natural resources",
      "amount": 17904734213.06
    },
    {
      "id": "352",
      "code": "352",
      "type": "budget_subfunction",
      "name": "Agricultural research and services",
      "amount": 17157865445.45
    },
    {
      "id": "908",
      "code": "908",
      "type": "budget_subfunction",
      "name": "Other interest",
      "amount": 16520784081.42
    },
    {
      "id": "403",
      "code": "403",
      "type": "budget_subfunction",
      "name": "Water transportation",
      "amount": 14989335445.74
    },
    {
      "id": "702",
      "code": "702",
      "type": "budget_subfunction",
      "name": "Veterans education, training, and rehabilitation",
      "amount": 14956778147.75
    },
    {
      "id": "451",
      "code": "451",
      "type": "budget_subfunction",
      "name": "Community development",
      "amount": 13530393806.87
    },
    {
      "id": "752",
      "code": "752",
      "type": "budget_subfunction",
      "name": "Federal litigative and judicial activities",
      "amount": 12596821491.1
    },
    {
      "id": "272",
      "code": "272",
      "type": "budget_subfunction",
      "name": "Energy conservation",
      "amount": 12426086618.24
    },
    {
      "id": "504",
      "code": "504",
      "type": "budget_subfunction",
      "name": "Training and employment",
      "amount": 10798025903.63
    },
    {
      "id": "554",
      "code": "554",
      "type": "budget_subfunction",
      "name": "Consumer and occupational health and safety",
      "amount": 10603316666.97
    },
    {
      "id": "753",
      "code": "753",
      "type": "budget_subfunction",
      "name": "Federal correctional activities",
      "amount": 10287153239.48
    },
    {
      "id": "152",
      "code": "152",
      "type": "budget_subfunction",
      "name": "International security assistance",
      "amount": 10065129398.86
    },
    {
      "id": "155",
      "code": "155",
      "type": "budget_subfunction",
      "name": "International financial programs",
      "amount": 9991512175.51
    },
    {
      "id": "452",
      "code": "452",
      "type": "budget_subfunction",
      "name": "Area and regional development",
      "amount": 9195142904.32
    },
    {
      "id": "806",
      "code": "806",
      "type": "budget_subfunction",
      "name": "General purpose fiscal assistance",
      "amount": 8644888386.23
    },
    {
      "id": "754",
      "code": "754",
      "type": "budget_subfunction",
      "name": "Criminal justice assistance",
      "amount": 8538485768.98
    },
    {
      "id": "303",
      "code": "303",
      "type": "budget_subfunction",
      "name": "Recreational resources",
      "amount": 7560906689.62
    },
    {
      "id": "371",
      "code": "371",
      "type": "budget_subfunction",
      "name": "Mortgage credit",
      "amount": 7527267722.18
    },
    {
      "id": "808",
      "code": "808",
      "type": "budget_subfunction",
      "name": "Other general government",
      "amount": 3827411654.73
    },
    {
      "id": "274",
      "code": "274",
      "type": "budget_subfunction",
      "name": "Emergency energy preparedness",
      "amount": 3746154909.13
    },
    {
      "id": "505",
      "code": "505",
      "type": "budget_subfunction",
      "name": "Other labor services",
      "amount": 3200536526.14
    },
    {
      "id": "503",
      "code": "503",
      "type": "budget_subfunction",
      "name": "Research and general education aids",
      "amount": 2658218648.93
    },
    {
      "id": "276",
      "code": "276",
      "type": "budget_subfunction",
      "name": "Energy information, policy, and regulation",
      "amount": 2557785928.7
    },
    {
      "id": "407",
      "code": "407",
      "type": "budget_subfunction",
      "name": "Other transportation",
      "amount": 2199886866.33
    },
    {
      "id": "154",
      "code": "154",
      "type": "budget_subfunction",
      "name": "Foreign information and exchange activities",
      "amount": 2092083762.54
    },
    {
      "id": "704",
      "code": "704",
      "type": "budget_subfunction",
      "name": "Veterans housing",
      "amount": 1955298547.68
    },
    {
      "id": "801",
      "code": "801",
      "type": "budget_subfunction",
      "name": "Legislative functions",
      "amount": 902447241.83
    },
    {
      "id": "802",
      "code": "802",
      "type": "budget_subfunction",
      "name": "Executive direction and management",
      "amount": 852438852.94
    },
    {
      "id": "400",
      "code": "400",
      "type": "budget_subfunction",
      "name": "Transportation",
      "amount": 0.0
    },
    {
      "id": "000",
      "code": "000",
      "type": "budget_subfunction",
      "name": "Governmental Receipts",
      "amount": 0.0
    }
  ]
}
Fetching spending for 017-1804 (FY 2024): Status 200
Federal account response for subfunction 571: {
  "total": 0,
  "end_date": "2024-09-30T00:00:00Z",
  "results": []
}
Federal account response for subfunction 651: {
  "total": 0,
  "end_date": "2024-09-30T00:00:00Z",
  "results": []
}
Federal account response for subfunction 051: {
  "total": 1141639974791.54,
  "end_date": "2024-09-30T00:00:00Z",
  "results": [
    {
      "id": "6018",
      "code": "4930",
      "type": "federal_account",
      "name": "Department of Defense Working Capital Fund, Defense",
      "amount": 159375755095.31,
      "account_number": "097-4930"
    },
    {
      "id": "4175",
      "code": "1804",
      "type": "federal_account",
      "name": "Operation and Maintenance, Navy",
      "amount": 84406886313.7,
      "account_number": "017-1804"
    },
    {
      "id": "4501",
      "code": "2020",
      "type": "federal_account",
      "name": "Operation and Maintenance, Army",
      "amount": 81906189738.43,
      "account_number": "021-2020"
    },
    {
      "id": "4807",
      "code": "3400",
      "type": "federal_account",
      "name": "Operation and Maintenance, Air Force",
      "amount": 81894626034.67,
      "account_number": "057-3400"
    },
    {
      "id": "5965",
      "code": "0100",
      "type": "federal_account",
      "name": "Operation and Maintenance, Defense-Wide, Defense",
      "amount": 64820568469.41,
      "account_number": "097-0100"
    },
    {
      "id": "4500",
      "code": "2010",
      "type": "federal_account",
      "name": "Military Personnel, Army",
      "amount": 52899583666.68,
      "account_number": "021-2010"
    },
    {
      "id": "4810",
      "code": "3600",
      "type": "federal_account",
      "name": "Research, Development, Test, and Evaluation, Air Force",
      "amount": 50928895157.26,
      "account_number": "057-3600"
    },
    {
      "id": "5974",
      "code": "0130",
      "type": "federal_account",
      "name": "Defense Health Program, Defense",
      "amount": 45716285702.76,
      "account_number": "097-0130"
    },
    {
      "id": "5988",
      "code": "0400",
      "type": "federal_account",
      "name": "Research, Development, Test, and Evaluation, Defense-Wide",
      "amount": 38459052630.59,
      "account_number": "097-0400"
    },
    {
      "id": "4169",
      "code": "1453",
      "type": "federal_account",
      "name": "Military Personnel, Navy",
      "amount": 38096402462.92,
      "account_number": "017-1453"
    },
    {
      "id": "4809",
      "code": "3500",
      "type": "federal_account",
      "name": "Military Personnel, Air Force",
      "amount": 37043359786.71,
      "account_number": "057-3500"
    },
    {
      "id": "4804",
      "code": "3080",
      "type": "federal_account",
      "name": "Other Procurement, Air Force",
      "amount": 33393278381.5,
      "account_number": "057-3080"
    },
    {
      "id": "4166",
      "code": "1319",
      "type": "federal_account",
      "name": "Research, Development, Test, and Evaluation, Navy",
      "amount": 29562853987.1,
      "account_number": "017-1319"
    },
    {
      "id": "4508",
      "code": "2040",
      "type": "federal_account",
      "name": "Research, Development, Test, and Evaluation, Army",
      "amount": 24620169480.08,
      "account_number": "021-2040"
    },
    {
      "id": "4173",
      "code": "1611",
      "type": "federal_account",
      "name": "Shipbuilding and Conversion, Navy",
      "amount": 21191589562.44,
      "account_number": "017-1611"
    },
    {
      "id": "6363",
      "code": "3620",
      "type": "federal_account",
      "name": "Research, Development, Test, and Evaluation, Space Force, Air Force",
      "amount": 20360704026.66,
      "account_number": "057-3620"
    },
    {
      "id": "5964",
      "code": "0041",
      "type": "federal_account",
      "name": "Concurrent Receipt Accrual Payments to the Military Retirement Fund, Defense",
      "amount": 19874141000.0,
      "account_number": "097-0041"
    },
    {
      "id": "4799",
      "code": "3010",
      "type": "federal_account",
      "name": "Aircraft Procurement, Air Force",
      "amount": 16898337659.48,
      "account_number": "057-3010"
    },
    {
      "id": "4155",
      "code": "1105",
      "type": "federal_account",
      "name": "Military Personnel, Marine Corps",
      "amount": 15635532499.36,
      "account_number": "017-1105"
    },
    {
      "id": "4170",
      "code": "1506",
      "type": "federal_account",
      "name": "Aircraft Procurement, Navy",
      "amount": 15219858696.61,
      "account_number": "017-1506"
    },
    {
      "id": "4179",
      "code": "1810",
      "type": "federal_account",
      "name": "Other Procurement, Navy",
      "amount": 14817532851.85,
      "account_number": "017-1810"
    },
    {
      "id": "4156",
      "code": "1106",
      "type": "federal_account",
      "name": "Operation and Maintenance, Marine Corps",
      "amount": 11086969579.14,
      "account_number": "017-1106"
    },
    {
      "id": "4512",
      "code": "2060",
      "type": "federal_account",
      "name": "National Guard Personnel, Army",
      "amount": 10850511935.97,
      "account_number": "021-2060"
    },
    {
      "id": "4507",
      "code": "2035",
      "type": "federal_account",
      "name": "Other Procurement, Army",
      "amount": 9976043649.47,
      "account_number": "021-2035"
    },
    {
      "id": "4513",
      "code": "2065",
      "type": "federal_account",
      "name": "Operation and Maintenance, Army National Guard",
      "amount": 9891448499.17,
      "account_number": "021-2065"
    },
    {
      "id": "4506",
      "code": "2034",
      "type": "federal_account",
      "name": "Procurement of Ammunition, Army",
      "amount": 8904302023.65,
      "account_number": "021-2034"
    },
    {
      "id": "4510",
      "code": "2050",
      "type": "federal_account",
      "name": "Military Construction, Army",
      "amount": 8902116648.8,
      "account_number": "021-2050"
    },
    {
      "id": "4818",
      "code": "3840",
      "type": "federal_account",
      "name": "Operation and Maintenance, Air National Guard",
      "amount": 8643977048.64,
      "account_number": "057-3840"
    },
    {
      "id": "4174",
      "code": "1612",
      "type": "federal_account",
      "name": "National Sea-Based Deterrence Fund, Navy",
      "amount": 7757048036.97,
      "account_number": "017-1612"
    },
    {
      "id": "5983",
      "code": "0300",
      "type": "federal_account",
      "name": "Procurement, Defense-Wide",
      "amount": 7659063943.67,
      "account_number": "097-0300"
    },
    {
      "id": "4504",
      "code": "2032",
      "type": "federal_account",
      "name": "Missile Procurement, Army",
      "amount": 7306229400.75,
      "account_number": "021-2032"
    },
    {
      "id": "4505",
      "code": "2033",
      "type": "federal_account",
      "name": "Procurement of Weapons and Tracked Combat Vehicles, Army",
      "amount": 7046164431.91,
      "account_number": "021-2033"
    },
    {
      "id": "4162",
      "code": "1205",
      "type": "federal_account",
      "name": "Military Construction, Navy and Marine Corps",
      "amount": 6762631879.16,
      "account_number": "017-1205"
    },
    {
      "id": "4515",
      "code": "2070",
      "type": "federal_account",
      "name": "Reserve Personnel, Army",
      "amount": 5861399326.48,
      "account_number": "021-2070"
    },
    {
      "id": "4820",
      "code": "3850",
      "type": "federal_account",
      "name": "National Guard Personnel, Air Force",
      "amount": 5474228864.65,
      "account_number": "057-3850"
    },
    {
      "id": "6304",
      "code": "3410",
      "type": "federal_account",
      "name": "Operation and Maintenance, Space Force",
      "amount": 5433544933.64,
      "account_number": "057-3410"
    },
    {
      "id": "4171",
      "code": "1507",
      "type": "federal_account",
      "name": "Weapons Procurement, Navy",
      "amount": 5345271722.52,
      "account_number": "017-1507"
    },
    {
      "id": "4801",
      "code": "3020",
      "type": "federal_account",
      "name": "Missile Procurement, Air Force",
      "amount": 4626851400.33,
      "account_number": "057-3020"
    },
    {
      "id": "4503",
      "code": "2031",
      "type": "federal_account",
      "name": "Aircraft Procurement, Army",
      "amount": 4525641258.55,
      "account_number": "021-2031"
    },
    {
      "id": "6362",
      "code": "3022",
      "type": "federal_account",
      "name": "Procurement, Space Force, Air Force",
      "amount": 4451076024.65,
      "account_number": "057-3022"
    },
    {
      "id": "4814",
      "code": "3740",
      "type": "federal_account",
      "name": "Operation and Maintenance, Air Force Reserve",
      "amount": 4348278462.97,
      "account_number": "057-3740"
    },
    {
      "id": "4516",
      "code": "2080",
      "type": "federal_account",
      "name": "Operation and Maintenance, Army Reserve",
      "amount": 3744741014.48,
      "account_number": "021-2080"
    },
    {
      "id": "4159",
      "code": "1109",
      "type": "federal_account",
      "name": "Procurement, Marine Corps",
      "amount": 3723890610.25,
      "account_number": "017-1109"
    },
    {
      "id": "5992",
      "code": "0500",
      "type": "federal_account",
      "name": "Military Construction, Defense-Wide",
      "amount": 3111244876.09,
      "account_number": "097-0500"
    },
    {
      "id": "4495",
      "code": "1004",
      "type": "federal_account",
      "name": "Medicare-Eligible Retiree Health Fund Contribution, Army",
      "amount": 2846715000.0,
      "account_number": "021-1004"
    },
    {
      "id": "4168",
      "code": "1405",
      "type": "federal_account",
      "name": "Reserve Personnel, Navy",
      "amount": 2552194142.31,
      "account_number": "017-1405"
    },
    {
      "id": "4812",
      "code": "3700",
      "type": "federal_account",
      "name": "Reserve Personnel, Air Force",
      "amount": 2477747870.46,
      "account_number": "057-3700"
    },
    {
      "id": "4805",
      "code": "3300",
      "type": "federal_account",
      "name": "Military Construction, Air Force",
      "amount": 2322446862.94,
      "account_number": "057-3300"
    },
    {
      "id": "4151",
      "code": "1000",
      "type": "federal_account",
      "name": "Medicare-Eligible Retiree Health Fund Contribution, Navy",
      "amount": 2175657000.0,
      "account_number": "017-1000"
    },
    {
      "id": "4796",
      "code": "1007",
      "type": "federal_account",
      "name": "Medicare-Eligible Retiree Health Fund Contribution, Air Force",
      "amount": 2047980000.0,
      "account_number": "057-1007"
    },
    {
      "id": "6294",
      "code": "4932",
      "type": "federal_account",
      "name": "Defense Counterintelligence and Security Agency Working Capital Fund, Defense",
      "amount": 1740391177.37,
      "account_number": "097-4932"
    },
    {
      "id": "4172",
      "code": "1508",
      "type": "federal_account",
      "name": "Procurement of Ammunition, Navy and Marine Corps",
      "amount": 1509648020.1,
      "account_number": "017-1508"
    },
    {
      "id": "4177",
      "code": "1806",
      "type": "federal_account",
      "name": "Operation and Maintenance, Navy Reserve",
      "amount": 1409845623.84,
      "account_number": "017-1806"
    },
    {
      "id": "4800",
      "code": "3011",
      "type": "federal_account",
      "name": "Procurement of Ammunition, Air Force",
      "amount": 1389445325.31,
      "account_number": "057-3011"
    },
    {
      "id": "6497",
      "code": "3510",
      "type": "federal_account",
      "name": "Military Personnel, Space Force, Air Force",
      "amount": 1283903799.5,
      "account_number": "057-3510"
    },
    {
      "id": "5986",
      "code": "0390",
      "type": "federal_account",
      "name": "Chemical Agents and Munitions Destruction, Defense",
      "amount": 1137155837.76,
      "account_number": "097-0390"
    },
    {
      "id": "4152",
      "code": "1001",
      "type": "federal_account",
      "name": "Medicare-Eligible Retiree Health Fund Contribution, Marine Corps",
      "amount": 1102941000.0,
      "account_number": "017-1001"
    },
    {
      "id": "4158",
      "code": "1108",
      "type": "federal_account",
      "name": "Reserve Personnel, Marine Corps",
      "amount": 962138399.89,
      "account_number": "017-1108"
    },
    {
      "id": "4497",
      "code": "1006",
      "type": "federal_account",
      "name": "Medicare-Eligible Retiree Health Fund Contribution, National Guard Personnel, Army",
      "amount": 943772000.0,
      "account_number": "021-1006"
    },
    {
      "id": "6020",
      "code": "4950",
      "type": "federal_account",
      "name": "Pentagon Reservation Maintenance Revolving Fund",
      "amount": 860181790.59,
      "account_number": "097-4950"
    },
    {
      "id": "5985",
      "code": "0360",
      "type": "federal_account",
      "name": "Defense Production Act Purchases, Defense",
      "amount": 836371791.58,
      "account_number": "097-0360"
    },
    {
      "id": "6028",
      "code": "5441",
      "type": "federal_account",
      "name": "Burden Sharing Contribution, Defense",
      "amount": 805596025.28,
      "account_number": "097-5441"
    },
    {
      "id": "5984",
      "code": "0350",
      "type": "federal_account",
      "name": "National Guard and Reserve Equipment Account, Defense",
      "amount": 804001824.7,
      "account_number": "097-0350"
    },
    {
      "id": "5996",
      "code": "0516",
      "type": "federal_account",
      "name": "Department of Defense Base Closure Account, Defense",
      "amount": 692060790.56,
      "account_number": "097-0516"
    },
    {
      "id": "4518",
      "code": "2085",
      "type": "federal_account",
      "name": "Military Construction, Army National Guard",
      "amount": 647551477.16,
      "account_number": "021-2085"
    },
    {
      "id": "5968",
      "code": "0107",
      "type": "federal_account",
      "name": "Office of the Inspector General, Defense",
      "amount": 542642466.66,
      "account_number": "097-0107"
    },
    {
      "id": "4496",
      "code": "1005",
      "type": "federal_account",
      "name": "Medicare-Eligible Retiree Health Fund Contribution, Reserve Personnel, Army",
      "amount": 510346000.0,
      "account_number": "021-1005"
    },
    {
      "id": "6002",
      "code": "0804",
      "type": "federal_account",
      "name": "North Atlantic Treaty Organization, Security Investment Program, Defense",
      "amount": 508124851.44,
      "account_number": "097-0804"
    },
    {
      "id": "6061",
      "code": "8358",
      "type": "federal_account",
      "name": "Support for U.S. Relocation to Guam Activities, Defense",
      "amount": 475658784.69,
      "account_number": "097-8358"
    },
    {
      "id": "4492",
      "code": "0725",
      "type": "federal_account",
      "name": "Family Housing Operation and Maintenance, Army",
      "amount": 418842152.15,
      "account_number": "021-0725"
    },
    {
      "id": "4522",
      "code": "2091",
      "type": "federal_account",
      "name": "Afghanistan Security Forces Fund, Army",
      "amount": 396676490.91,
      "account_number": "021-2091"
    },
    {
      "id": "4149",
      "code": "0735",
      "type": "federal_account",
      "name": "Family Housing Operation and Maintenance, Navy and Marine Corps",
      "amount": 394909873.47,
      "account_number": "017-0735"
    },
    {
      "id": "4793",
      "code": "0745",
      "type": "federal_account",
      "name": "Family Housing Operation and Maintenance, Air Force",
      "amount": 384956787.6,
      "account_number": "057-0745"
    },
    {
      "id": "4798",
      "code": "1009",
      "type": "federal_account",
      "name": "Medicare-Eligible Retiree Health Fund Contribution, National Guard Personnel, Air Force",
      "amount": 371867000.0,
      "account_number": "057-1009"
    },
    {
      "id": "5990",
      "code": "0460",
      "type": "federal_account",
      "name": "Operational Test and Evaluation, Defense",
      "amount": 370098148.78,
      "account_number": "097-0460"
    },
    {
      "id": "6019",
      "code": "4931",
      "type": "federal_account",
      "name": "Building Maintenance Fund, Defense",
      "amount": 338413508.55,
      "account_number": "097-4931"
    },
    {
      "id": "4157",
      "code": "1107",
      "type": "federal_account",
      "name": "Operation and Maintenance, Marine Corps Reserve",
      "amount": 333876806.76,
      "account_number": "017-1107"
    },
    {
      "id": "4490",
      "code": "0720",
      "type": "federal_account",
      "name": "Family Housing Construction, Army",
      "amount": 329199435.91,
      "account_number": "021-0720"
    },
    {
      "id": "4529",
      "code": "2099",
      "type": "federal_account",
      "name": "Counter-ISIS Train and Equip Fund, Army",
      "amount": 325349721.89,
      "account_number": "021-2099"
    },
    {
      "id": "5976",
      "code": "0134",
      "type": "federal_account",
      "name": "Cooperative Threat Reduction Account, Defense",
      "amount": 291740142.98,
      "account_number": "097-0134"
    },
    {
      "id": "4519",
      "code": "2086",
      "type": "federal_account",
      "name": "Military Construction, Army Reserve",
      "amount": 288126050.19,
      "account_number": "021-2086"
    },
    {
      "id": "4816",
      "code": "3830",
      "type": "federal_account",
      "name": "Military Construction, Air National Guard",
      "amount": 269542492.59,
      "account_number": "057-3830"
    },
    {
      "id": "4148",
      "code": "0730",
      "type": "federal_account",
      "name": "Family Housing Construction, Navy and Marine Corps",
      "amount": 268942839.09,
      "account_number": "017-0730"
    },
    {
      "id": "6005",
      "code": "0819",
      "type": "federal_account",
      "name": "Overseas Humanitarian, Disaster, and Civic AID, Defense",
      "amount": 256234512.75,
      "account_number": "097-0819"
    },
    {
      "id": "6055",
      "code": "8164",
      "type": "federal_account",
      "name": "Commissary Stores Surcharge Program, Defense",
      "amount": 220288552.02,
      "account_number": "097-8164"
    },
    {
      "id": "4797",
      "code": "1008",
      "type": "federal_account",
      "name": "Medicare-Eligible Retiree Health Fund Contribution, Reserve Personnel, Air Force",
      "amount": 198046000.0,
      "account_number": "057-1008"
    },
    {
      "id": "4153",
      "code": "1002",
      "type": "federal_account",
      "name": "Medicare-Eligible Retiree Health Fund Contribution, Reserve Personnel, Navy",
      "amount": 183698000.0,
      "account_number": "017-1002"
    },
    {
      "id": "4813",
      "code": "3730",
      "type": "federal_account",
      "name": "Military Construction, Air Force Reserve",
      "amount": 109877192.31,
      "account_number": "057-3730"
    },
    {
      "id": "6060",
      "code": "8337",
      "type": "federal_account",
      "name": "Host Nation Support for U.S. Relocation Activities, Defense",
      "amount": 95559167.6,
      "account_number": "097-8337"
    },
    {
      "id": "4154",
      "code": "1003",
      "type": "federal_account",
      "name": "Medicare-Eligible Retiree Health Fund Contribution, Reserve Personnel, Marine Corps",
      "amount": 94316000.0,
      "account_number": "017-1003"
    },
    {
      "id": "4164",
      "code": "1235",
      "type": "federal_account",
      "name": "Military Construction, Naval Reserve",
      "amount": 85138737.55,
      "account_number": "017-1235"
    },
    {
      "id": "5969",
      "code": "0111",
      "type": "federal_account",
      "name": "Department of Defense Acquisition Workforce Development Account, Defense",
      "amount": 70924270.95,
      "account_number": "097-0111"
    },
    {
      "id": "6488",
      "code": "1010",
      "type": "federal_account",
      "name": "Medicare-Eligible Retiree Health Fund Contribution, Space Force, Air Force",
      "amount": 58016000.0,
      "account_number": "057-1010"
    },
    {
      "id": "5998",
      "code": "0765",
      "type": "federal_account",
      "name": "Family Housing Operation and Maintenance, Defense-Wide",
      "amount": 52286974.98,
      "account_number": "097-0765"
    },
    {
      "id": "6007",
      "code": "0834",
      "type": "federal_account",
      "name": "Department of Defense Family Housing Improvement Fund, Defense",
      "amount": 41516544.09,
      "account_number": "097-0834"
    },
    {
      "id": "4180",
      "code": "4557",
      "type": "federal_account",
      "name": "National Defense Sealift Fund, Navy",
      "amount": 35583569.69,
      "account_number": "017-4557"
    },
    {
      "id": "4802",
      "code": "3021",
      "type": "federal_account",
      "name": "Space Procurement, Air Force",
      "amount": 26608994.04,
      "account_number": "057-3021"
    },
    {
      "id": "4561",
      "code": "8927",
      "type": "federal_account",
      "name": "Department of the Army General Gift Fund, Army",
      "amount": 25861310.76,
      "account_number": "021-8927"
    },
    {
      "id": "6024",
      "code": "5189",
      "type": "federal_account",
      "name": "Lease of Department of Defense Real Property, Defense",
      "amount": 22099019.05,
      "account_number": "097-5189"
    },
    {
      "id": "4791",
      "code": "0740",
      "type": "federal_account",
      "name": "Family Housing Construction, Air Force",
      "amount": 21549501.9,
      "account_number": "057-0740"
    },
    {
      "id": "6059",
      "code": "8335",
      "type": "federal_account",
      "name": "Voluntary Separation Incentive Fund, Defense",
      "amount": 19936737.75,
      "account_number": "097-8335"
    },
    {
      "id": "4206",
      "code": "8733",
      "type": "federal_account",
      "name": "United States Naval Academy General Gift Fund",
      "amount": 19289035.34,
      "account_number": "017-8733"
    },
    {
      "id": "5966",
      "code": "0104",
      "type": "federal_account",
      "name": "United States Court of Appeals for the Armed Forces, Defense",
      "amount": 16801234.42,
      "account_number": "097-0104"
    },
    {
      "id": "4205",
      "code": "8723",
      "type": "federal_account",
      "name": "Ships' Stores Profits, Navy",
      "amount": 10763835.33,
      "account_number": "017-8723"
    },
    {
      "id": "6609",
      "code": "5756",
      "type": "federal_account",
      "name": "Natick Land Conveyance, Army",
      "amount": 9573823.92,
      "account_number": "021-5756"
    },
    {
      "id": "6030",
      "code": "5613",
      "type": "federal_account",
      "name": "Mutually Beneficial Activities, Defense",
      "amount": 6433935.3,
      "account_number": "097-5613"
    },
    {
      "id": "4533",
      "code": "5098",
      "type": "federal_account",
      "name": "Restoration, Rocky Mountain Arsenal, Army",
      "amount": 6027484.9,
      "account_number": "021-5098"
    },
    {
      "id": "5995",
      "code": "0512",
      "type": "federal_account",
      "name": "Department of Defense Base Closure Account 2005, Defense",
      "amount": 4794906.92,
      "account_number": "097-0512"
    },
    {
      "id": "6297",
      "code": "0402",
      "type": "federal_account",
      "name": "Department of Defense Rapid Prototyping Fund, Defense",
      "amount": 4279150.02,
      "account_number": "097-0402"
    },
    {
      "id": "4844",
      "code": "8928",
      "type": "federal_account",
      "name": "Department of the Air Force General Gift Fund, Air Force",
      "amount": 3909069.75,
      "account_number": "057-8928"
    },
    {
      "id": "6023",
      "code": "5188",
      "type": "federal_account",
      "name": "Disposal of Department of Defense Real Property, Defense",
      "amount": 3711857.04,
      "account_number": "097-5188"
    },
    {
      "id": "6056",
      "code": "8165",
      "type": "federal_account",
      "name": "Foreign National Employees Separation Pay Account, Defense",
      "amount": 3168255.48,
      "account_number": "097-8165"
    },
    {
      "id": "4204",
      "code": "8716",
      "type": "federal_account",
      "name": "Department of the Navy General Gift Fund, Navy",
      "amount": 1910634.94,
      "account_number": "017-8716"
    },
    {
      "id": "6006",
      "code": "0833",
      "type": "federal_account",
      "name": "Defense Emergency Response Fund, Defense",
      "amount": 1740850.2,
      "account_number": "097-0833"
    },
    {
      "id": "6014",
      "code": "4090",
      "type": "federal_account",
      "name": "Homeowners Assistance Fund, Defense",
      "amount": 1646177.79,
      "account_number": "097-4090"
    },
    {
      "id": "6032",
      "code": "5751",
      "type": "federal_account",
      "name": "Contributions to the Cooperative Threat Reduction Program, Defense",
      "amount": 1424288.88,
      "account_number": "097-5751"
    },
    {
      "id": "6348",
      "code": "0361",
      "type": "federal_account",
      "name": "Defense Production Act Program Account. Defense",
      "amount": 1267614.35,
      "account_number": "097-0361"
    },
    {
      "id": "4822",
      "code": "5616",
      "type": "federal_account",
      "name": "Support of Athletic Programs, Air Force",
      "amount": 968179.73,
      "account_number": "057-5616"
    },
    {
      "id": "6009",
      "code": "0838",
      "type": "federal_account",
      "name": "Support for International Sporting Competitions, Defense",
      "amount": 957147.14,
      "account_number": "097-0838"
    },
    {
      "id": "4494",
      "code": "0810",
      "type": "federal_account",
      "name": "Environmental Restoration, Army",
      "amount": 582000.0,
      "account_number": "021-0810"
    },
    {
      "id": "6008",
      "code": "0836",
      "type": "federal_account",
      "name": "Department of Defense Military Unaccompanied Housing Improvement Fund, Defense",
      "amount": 506000.0,
      "account_number": "097-0836"
    },
    {
      "id": "6054",
      "code": "8163",
      "type": "federal_account",
      "name": "Department of Defense General Gift Fund, Defense",
      "amount": 408921.32,
      "account_number": "097-8163"
    },
    {
      "id": "6031",
      "code": "5750",
      "type": "federal_account",
      "name": "Department of Defense Vietnam War Commemoration Fund, Defense",
      "amount": 327690.45,
      "account_number": "097-5750"
    },
    {
      "id": "6012",
      "code": "2093",
      "type": "federal_account",
      "name": "Joint Improvised-Threat Defeat Fund, Defense",
      "amount": 292773.63,
      "account_number": "097-2093"
    },
    {
      "id": "6033",
      "code": "5753",
      "type": "federal_account",
      "name": "Contributions for Renewable Energy Impact Assessments and Mitigation, Defense",
      "amount": 242858.76,
      "account_number": "097-5753"
    },
    {
      "id": "6015",
      "code": "4091",
      "type": "federal_account",
      "name": "Homeowners Assistance Fund - Recovery Act, Defense",
      "amount": 40240.72,
      "account_number": "097-4091"
    },
    {
      "id": "4535",
      "code": "5286",
      "type": "federal_account",
      "name": "National Science Center, Army",
      "amount": 23987.0,
      "account_number": "021-5286"
    },
    {
      "id": "4524",
      "code": "2093",
      "type": "federal_account",
      "name": "Joint Improvised Explosive Device Defeat Fund, Army",
      "amount": 3664.33,
      "account_number": "021-2093"
    },
    {
      "id": "4150",
      "code": "0810",
      "type": "federal_account",
      "name": "Environmental Restoration, Navy",
      "amount": 0.0,
      "account_number": "017-0810"
    },
    {
      "id": "6777",
      "code": "8721",
      "type": "federal_account",
      "name": "Heritage Center for the National Museum of the United States Army",
      "amount": 0.0,
      "account_number": "021-8721"
    },
    {
      "id": "5994",
      "code": "0510",
      "type": "federal_account",
      "name": "Department of Defense Base Closure Account 1990, Defense",
      "amount": 0.0,
      "account_number": "097-0510"
    },
    {
      "id": "7141",
      "code": "0362",
      "type": "federal_account",
      "name": "Defense Strategic Capital Credit Program, Defense",
      "amount": 0.0,
      "account_number": "097-0362"
    },
    {
      "id": "4537",
      "code": "5752",
      "type": "federal_account",
      "name": "Department of Defense Korean War Commemoration Fund, Army",
      "amount": 0.0,
      "account_number": "021-5752"
    },
    {
      "id": "6000",
      "code": "0801",
      "type": "federal_account",
      "name": "Foreign Currency Fluctuations, Defense",
      "amount": 0.0,
      "account_number": "097-0801"
    },
    {
      "id": "6001",
      "code": "0803",
      "type": "federal_account",
      "name": "Foreign Currency Fluctuations, Construction, Defense",
      "amount": 0.0,
      "account_number": "097-0803"
    },
    {
      "id": "6003",
      "code": "0810",
      "type": "federal_account",
      "name": "Environmental Restoration, Defense",
      "amount": 0.0,
      "account_number": "097-0810"
    },
    {
      "id": "6004",
      "code": "0811",
      "type": "federal_account",
      "name": "Environmental Restoration, Formerly Used Defense Sites, Defense",
      "amount": 0.0,
      "account_number": "097-0811"
    },
    {
      "id": "4560",
      "code": "8063",
      "type": "federal_account",
      "name": "Bequest of Major General Fred C. Ainsworth, Library, Walter Reed General Hospital, Army",
      "amount": 0.0,
      "account_number": "021-8063"
    },
    {
      "id": "6017",
      "code": "4555",
      "type": "federal_account",
      "name": "National Defense Stockpile Transaction Fund, Defense",
      "amount": 0.0,
      "account_number": "097-4555"
    },
    {
      "id": "5987",
      "code": "0391",
      "type": "federal_account",
      "name": "Chemical Demilitarization Construction, Defense-Wide",
      "amount": 0.0,
      "account_number": "097-0391"
    },
    {
      "id": "6021",
      "code": "4965",
      "type": "federal_account",
      "name": "Emergency Response Fund, Defense",
      "amount": 0.0,
      "account_number": "097-4965"
    },
    {
      "id": "6022",
      "code": "5187",
      "type": "federal_account",
      "name": "Defense Cooperation Account, Defense",
      "amount": 0.0,
      "account_number": "097-5187"
    },
    {
      "id": "4795",
      "code": "0810",
      "type": "federal_account",
      "name": "Environmental Restoration, Air Force",
      "amount": 0.0,
      "account_number": "057-0810"
    },
    {
      "id": "6025",
      "code": "5193",
      "type": "federal_account",
      "name": "Department of Defense Overseas Military Facility Investment Recovery Account, Defense",
      "amount": 0.0,
      "account_number": "097-5193"
    },
    {
      "id": "6026",
      "code": "5195",
      "type": "federal_account",
      "name": "Use of Proceeds from the Transfer or Disposition of Commissary Facilities, Defense",
      "amount": 0.0,
      "account_number": "097-5195"
    },
    {
      "id": "6051",
      "code": "8096",
      "type": "federal_account",
      "name": "Department of Defense Dependents' Education Gift Fund",
      "amount": 0.0,
      "account_number": "097-8096"
    },
    {
      "id": "4184",
      "code": "5562",
      "type": "federal_account",
      "name": "Ford Island Improvement Account",
      "amount": 0.0,
      "account_number": "017-5562"
    },
    {
      "id": "6057",
      "code": "8168",
      "type": "federal_account",
      "name": "National Security Education Trust Fund, Defense",
      "amount": 0.0,
      "account_number": "097-8168"
    },
    {
      "id": "4146",
      "code": "0380",
      "type": "federal_account",
      "name": "Coastal Defense Augmentation, Navy",
      "amount": 0.0,
      "account_number": "017-0380"
    },
    {
      "id": "4183",
      "code": "5185",
      "type": "federal_account",
      "name": "Kaho'Olawe Island Conveyance, Remediation, and Environmental Restoration Fund, Navy",
      "amount": 0.0,
      "account_number": "017-5185"
    },
    {
      "id": "4843",
      "code": "8418",
      "type": "federal_account",
      "name": "Air Force Cadet Fund, Air Force",
      "amount": 0.0,
      "account_number": "057-8418"
    },
    {
      "id": "6300",
      "code": "5630",
      "type": "federal_account",
      "name": "Department of Defense World War II Commemoration Fund, Navy",
      "amount": 0.0,
      "account_number": "017-5630"
    },
    {
      "id": "4165",
      "code": "1236",
      "type": "federal_account",
      "name": "Payments to Kaho'Olawe Island Conveyance, Remediation, and Environmental Restoration Fund, Navy",
      "amount": 0.0,
      "account_number": "017-1236"
    },
    {
      "id": "5972",
      "code": "0118",
      "type": "federal_account",
      "name": "Overseas Contingency Operations Transfer Fund, Defense",
      "amount": 0.0,
      "account_number": "097-0118"
    },
    {
      "id": "5967",
      "code": "0105",
      "type": "federal_account",
      "name": "Drug Interdiction and Counter-Drug Activities, Defense",
      "amount": 0.0,
      "account_number": "097-0105"
    },
    {
      "id": "6494",
      "code": "0403",
      "type": "federal_account",
      "name": "Creating Helpful Incentives to Produce Semi-Conductors (CHIPS) for America Defense Fund, Defense",
      "amount": 0.0,
      "account_number": "097-0403"
    }
  ]
}
Federal account response for subfunction 901: {
  "total": 0,
  "end_date": "2024-09-30T00:00:00Z",
  "results": []
}
Federal account response for subfunction 551: {
  "total": 0,
  "end_date": "2024-09-30T00:00:00Z",
  "results": []
}
Federal account response for subfunction 803: {
  "total": 0,
  "end_date": "2024-09-30T00:00:00Z",
  "results": []
}
Federal account response for subfunction 609: {
  "total": 0,
  "end_date": "2024-09-30T00:00:00Z",
  "results": []
}
Federal account response for subfunction 602: {
  "total": 0,
  "end_date": "2024-09-30T00:00:00Z",
  "results": []
}
Federal account response for subfunction 701: {
  "total": 0,
  "end_date": "2024-09-30T00:00:00Z",
  "results": []
}
Federal account response for subfunction 502: {
  "total": 0,
  "end_date": "2024-09-30T00:00:00Z",
  "results": []
}
Federal account response for subfunction 054: {
  "total": 175456833128.28,
  "end_date": "2024-09-30T00:00:00Z",
  "results": [
    {
      "id": "5963",
      "code": "0040",
      "type": "federal_account",
      "name": "Payments to Military Retirement Fund, Defense",
      "amount": 151521000000.0,
      "account_number": "097-0040"
    },
    {
      "id": "4007",
      "code": "0200",
      "type": "federal_account",
      "name": "Salaries and Expenses, Federal Bureau of Investigation, Justice",
      "amount": 12033323454.69,
      "account_number": "015-0200"
    },
    {
      "id": "6011",
      "code": "0850",
      "type": "federal_account",
      "name": "Payment to Department of Defense Medicare-Eligible Retiree Health Care Fund",
      "amount": 9584000000.0,
      "account_number": "097-0850"
    },
    {
      "id": "5055",
      "code": "1710",
      "type": "federal_account",
      "name": "Ready Reserve Force, Maritime Administration, Transportation",
      "amount": 1136580881.97,
      "account_number": "069-1710"
    },
    {
      "id": "5185",
      "code": "0412",
      "type": "federal_account",
      "name": "Procurement, Construction, and Improvements, Cybersecurity and Infrastructure Security Agency, Homeland Security",
      "amount": 506501490.81,
      "account_number": "070-0412"
    },
    {
      "id": "5056",
      "code": "1711",
      "type": "federal_account",
      "name": "Maritime Security Program, Maritime Administration, Transportation",
      "amount": 311749292.86,
      "account_number": "069-1711"
    },
    {
      "id": "5184",
      "code": "0411",
      "type": "federal_account",
      "name": "Federal Assistance, Countering Weapons of Mass Destruction Office, Homeland Security",
      "amount": 146403866.15,
      "account_number": "070-0411"
    },
    {
      "id": "4018",
      "code": "0333",
      "type": "federal_account",
      "name": "Payment to the Radiation Exposure Compensation Trust Fund, Justice",
      "amount": 80000000.0,
      "account_number": "015-0333"
    },
    {
      "id": "6468",
      "code": "1718",
      "type": "federal_account",
      "name": "Tanker Security Program, Maritime Administration, Transportation",
      "amount": 60000000.0,
      "account_number": "069-1718"
    },
    {
      "id": "4071",
      "code": "8116",
      "type": "federal_account",
      "name": "Radiation Exposure Compensation Trust Fund, Justice",
      "amount": 52313372.43,
      "account_number": "015-8116"
    },
    {
      "id": "6262",
      "code": "2724",
      "type": "federal_account",
      "name": "Salaries and Expenses, Privacy and Civil Liberties Oversight Board",
      "amount": 11648086.29,
      "account_number": "535-2724"
    },
    {
      "id": "6371",
      "code": "1717",
      "type": "federal_account",
      "name": "Cable Security Fleet, Maritime Administration, Transportation",
      "amount": 10000000.0,
      "account_number": "069-1717"
    },
    {
      "id": "5254",
      "code": "0805",
      "type": "federal_account",
      "name": "Research and Development, Cybersecurity and Infrastructure Security Agency, Homeland Security",
      "amount": 3312683.08,
      "account_number": "070-0805"
    },
    {
      "id": "5222",
      "code": "0565",
      "type": "federal_account",
      "name": "Infrastructure Protection and Information Security, Cybersecurity and Infrastructure Security Agency, Homeland Security",
      "amount": 0.0,
      "account_number": "070-0565"
    },
    {
      "id": "6453",
      "code": "1911",
      "type": "federal_account",
      "name": "Cybersecurity Response and Recovery Fund, Cybersecurity and Infrastructure Security Agency, Homeland Security",
      "amount": 0.0,
      "account_number": "070-1911"
    }
  ]
}
Federal account response for subfunction 605: {
  "total": 0,
  "end_date": "2024-09-30T00:00:00Z",
  "results": []
}
Federal account response for subfunction 703: {
  "total": 0,
  "end_date": "2024-09-30T00:00:00Z",
  "results": []
}
Federal account response for subfunction 401: {
  "total": 0,
  "end_date": "2024-09-30T00:00:00Z",
  "results": []
}
Federal account response for subfunction 453: {
  "total": 0,
  "end_date": "2024-09-30T00:00:00Z",
  "results": []
}
Federal account response for subfunction 376: {
  "total": 0,
  "end_date": "2024-09-30T00:00:00Z",
  "results": []
}
Federal account response for subfunction 751: {
  "total": 0,
  "end_date": "2024-09-30T00:00:00Z",
  "results": []
}
Federal account response for subfunction 373: {
  "total": 0,
  "end_date": "2024-09-30T00:00:00Z",
  "results": []
}
Federal account response for subfunction 604: {
  "total": 0,
  "end_date": "2024-09-30T00:00:00Z",
  "results": []
}
Federal account response for subfunction 552: {
  "total": 0,
  "end_date": "2024-09-30T00:00:00Z",
  "results": []
}
Federal account response for subfunction 304: {
  "total": 0,
  "end_date": "2024-09-30T00:00:00Z",
  "results": []
}
Federal account response for subfunction 805: {
  "total": 0,
  "end_date": "2024-09-30T00:00:00Z",
  "results": []
}
Federal account response for subfunction 501: {
  "total": 0,
  "end_date": "2024-09-30T00:00:00Z",
  "results": []
}
Federal account response for subfunction 402: {
  "total": 0,
  "end_date": "2024-09-30T00:00:00Z",
  "results": []
}
Federal account response for subfunction 151: {
  "total": 0,
  "end_date": "2024-09-30T00:00:00Z",
  "results": []
}
Federal account response for subfunction 804: {
  "total": 0,
  "end_date": "2024-09-30T00:00:00Z",
  "results": []
}
Federal account response for subfunction 705: {
  "total": 0,
  "end_date": "2024-09-30T00:00:00Z",
  "results": []
}
Federal account response for subfunction 603: {
  "total": 0,
  "end_date": "2024-09-30T00:00:00Z",
  "results": []
}
Federal account response for subfunction 053: {
  "total": 41156563299.52,
  "end_date": "2024-09-30T00:00:00Z",
  "results": [
    {
      "id": "5787",
      "code": "0240",
      "type": "federal_account",
      "name": "Weapons Activities, National Nuclear Security Administration, Energy",
      "amount": 23637473396.0,
      "account_number": "089-0240"
    },
    {
      "id": "5793",
      "code": "0251",
      "type": "federal_account",
      "name": "Defense Environmental Cleanup, Environmental and Other Defense Activities, Energy",
      "amount": 7634560443.26,
      "account_number": "089-0251"
    },
    {
      "id": "4122",
      "code": "1523",
      "type": "federal_account",
      "name": "Energy Employees Occupational Illness Compensation Fund, Labor",
      "amount": 2721135306.31,
      "account_number": "016-1523"
    },
    {
      "id": "5798",
      "code": "0309",
      "type": "federal_account",
      "name": "Defense Nuclear Nonproliferation, National Nuclear Security Administration, Energy",
      "amount": 2638684171.05,
      "account_number": "089-0309"
    },
    {
      "id": "5801",
      "code": "0314",
      "type": "federal_account",
      "name": "Naval Reactors, National Nuclear Security Administration, Energy",
      "amount": 1859189504.77,
      "account_number": "089-0314"
    },
    {
      "id": "5789",
      "code": "0243",
      "type": "federal_account",
      "name": "Other Defense Activities, Environmental and Other Defense Activities, Energy",
      "amount": 1652767010.37,
      "account_number": "089-0243"
    },
    {
      "id": "5800",
      "code": "0313",
      "type": "federal_account",
      "name": "Federal Salaries and Expenses, National Nuclear Security Administration, Energy",
      "amount": 512152910.15,
      "account_number": "089-0313"
    },
    {
      "id": "5935",
      "code": "3130",
      "type": "federal_account",
      "name": "Formerly Utilized Sites Remedial Action Program, Corps of Engineers-Civil",
      "amount": 311715936.11,
      "account_number": "096-3130"
    },
    {
      "id": "4123",
      "code": "1524",
      "type": "federal_account",
      "name": "Administrative Expenses, Energy Employees Occupational Illness Compensation Fund, Office of Workers' Compensation Programs, Labor",
      "amount": 144699490.64,
      "account_number": "016-1524"
    },
    {
      "id": "6112",
      "code": "3900",
      "type": "federal_account",
      "name": "Salaries and Expenses, Defense Nuclear Facilities Safety Board",
      "amount": 44185130.86,
      "account_number": "347-3900"
    },
    {
      "id": "5791",
      "code": "0249",
      "type": "federal_account",
      "name": "Defense Environmental Services, Energy",
      "amount": 0.0,
      "account_number": "089-0249"
    },
    {
      "id": "5790",
      "code": "0244",
      "type": "federal_account",
      "name": "Defense Nuclear Waste Disposal, Environmental and Other Defense Activities, Energy",
      "amount": 0.0,
      "account_number": "089-0244"
    }
  ]
}
Federal account response for subfunction 601: {
  "total": 0,
  "end_date": "2024-09-30T00:00:00Z",
  "results": []
}
Federal account response for subfunction 301: {
  "total": 0,
  "end_date": "2024-09-30T00:00:00Z",
  "results": []
}
Federal account response for subfunction 351: {
  "total": 0,
  "end_date": "2024-09-30T00:00:00Z",
  "results": []
}
Federal account response for subfunction 302: {
  "total": 0,
  "end_date": "2024-09-30T00:00:00Z",
  "results": []
}
Federal account response for subfunction 153: {
  "total": 0,
  "end_date": "2024-09-30T00:00:00Z",
  "results": []
}
Federal account response for subfunction 252: {
  "total": 0,
  "end_date": "2024-09-30T00:00:00Z",
  "results": []
}
Federal account response for subfunction 506: {
  "total": 0,
  "end_date": "2024-09-30T00:00:00Z",
  "results": []
}
Federal account response for subfunction 271: {
  "total": 0,
  "end_date": "2024-09-30T00:00:00Z",
  "results": []
}
Federal account response for subfunction 251: {
  "total": 0,
  "end_date": "2024-09-30T00:00:00Z",
  "results": []
}
Federal account response for subfunction 306: {
  "total": 0,
  "end_date": "2024-09-30T00:00:00Z",
  "results": []
}
Federal account response for subfunction 352: {
  "total": 0,
  "end_date": "2024-09-30T00:00:00Z",
  "results": []
}
Federal account response for subfunction 908: {
  "total": 0,
  "end_date": "2024-09-30T00:00:00Z",
  "results": []
}
Federal account response for subfunction 403: {
  "total": 0,
  "end_date": "2024-09-30T00:00:00Z",
  "results": []
}
Federal account response for subfunction 702: {
  "total": 0,
  "end_date": "2024-09-30T00:00:00Z",
  "results": []
}
Federal account response for subfunction 451: {
  "total": 0,
  "end_date": "2024-09-30T00:00:00Z",
  "results": []
}
Federal account response for subfunction 752: {
  "total": 0,
  "end_date": "2024-09-30T00:00:00Z",
  "results": []
}
Federal account response for subfunction 272: {
  "total": 0,
  "end_date": "2024-09-30T00:00:00Z",
  "results": []
}
Federal account response for subfunction 504: {
  "total": 0,
  "end_date": "2024-09-30T00:00:00Z",
  "results": []
}
Federal account response for subfunction 554: {
  "total": 0,
  "end_date": "2024-09-30T00:00:00Z",
  "results": []
}
Federal account response for subfunction 753: {
  "total": 0,
  "end_date": "2024-09-30T00:00:00Z",
  "results": []
}
Federal account response for subfunction 152: {
  "total": 0,
  "end_date": "2024-09-30T00:00:00Z",
  "results": []
}
Federal account response for subfunction 155: {
  "total": 0,
  "end_date": "2024-09-30T00:00:00Z",
  "results": []
}
Federal account response for subfunction 452: {
  "total": 0,
  "end_date": "2024-09-30T00:00:00Z",
  "results": []
}
Federal account response for subfunction 806: {
  "total": 0,
  "end_date": "2024-09-30T00:00:00Z",
  "results": []
}
Federal account response for subfunction 754: {
  "total": 0,
  "end_date": "2024-09-30T00:00:00Z",
  "results": []
}
Federal account response for subfunction 303: {
  "total": 0,
  "end_date": "2024-09-30T00:00:00Z",
  "results": []
}
Federal account response for subfunction 371: {
  "total": 0,
  "end_date": "2024-09-30T00:00:00Z",
  "results": []
}
Federal account response for subfunction 808: {
  "total": 0,
  "end_date": "2024-09-30T00:00:00Z",
  "results": []
}
Federal account response for subfunction 274: {
  "total": 0,
  "end_date": "2024-09-30T00:00:00Z",
  "results": []
}
Federal account response for subfunction 505: {
  "total": 0,
  "end_date": "2024-09-30T00:00:00Z",
  "results": []
}
Federal account response for subfunction 503: {
  "total": 0,
  "end_date": "2024-09-30T00:00:00Z",
  "results": []
}
Federal account response for subfunction 276: {
  "total": 0,
  "end_date": "2024-09-30T00:00:00Z",
  "results": []
}
Federal account response for subfunction 407: {
  "total": 0,
  "end_date": "2024-09-30T00:00:00Z",
  "results": []
}
Federal account response for subfunction 154: {
  "total": 0,
  "end_date": "2024-09-30T00:00:00Z",
  "results": []
}
Federal account response for subfunction 704: {
  "total": 0,
  "end_date": "2024-09-30T00:00:00Z",
  "results": []
}
Federal account response for subfunction 801: {
  "total": 0,
  "end_date": "2024-09-30T00:00:00Z",
  "results": []
}
Federal account response for subfunction 802: {
  "total": 0,
  "end_date": "2024-09-30T00:00:00Z",
  "results": []
}
Federal account response for subfunction 400: {
  "total": 0,
  "end_date": "2024-09-30T00:00:00Z",
  "results": []
}
Federal account response for subfunction 000: {
  "total": 0,
  "end_date": "2024-09-30T00:00:00Z",
  "results": []
}
Fetching spending for 021-2020 (FY 2024): Status 200
Fetching budget subfunctions (FY 2024): Status 200
Budget subfunction response: {
  "total": 9518447609618.83,
  "end_date": "2024-09-30T00:00:00Z",
  "results": [
    {
      "id": "571",
      "code": "571",
      "type": "budget_subfunction",
      "name": "Medicare",
      "amount": 1582650103296.23
    },
    {
      "id": "651",
      "code": "651",
      "type": "budget_subfunction",
      "name": "Social security",
      "amount": 1541027236655.33
    },
    {
      "id": "051",
      "code": "051",
      "type": "budget_subfunction",
      "name": "Department of Defense-Military",
      "amount": 1141639974791.54
    },
    {
      "id": "901",
      "code": "901",
      "type": "budget_subfunction",
      "name": "Interest on Treasury debt securities (gross)",
      "amount": 1133036890149.16
    },
    {
      "id": "551",
      "code": "551",
      "type": "budget_subfunction",
      "name": "Health care services",
      "amount": 1027906606154.41
    },
    {
      "id": "803",
      "code": "803",
      "type": "budget_subfunction",
      "name": "Central fiscal operations",
      "amount": 361817179022.08
    },
    {
      "id": "609",
      "code": "609",
      "type": "budget_subfunction",
      "name": "Other income security",
      "amount": 212821498800.65
    },
    {
      "id": "602",
      "code": "602",
      "type": "budget_subfunction",
      "name": "Federal employee retirement and disability",
      "amount": 186122247366.58
    },
    {
      "id": "701",
      "code": "701",
      "type": "budget_subfunction",
      "name": "Income security for veterans",
      "amount": 179525221002.95
    },
    {
      "id": "502",
      "code": "502",
      "type": "budget_subfunction",
      "name": "Higher education",
      "amount": 178177965275.86
    },
    {
      "id": "054",
      "code": "054",
      "type": "budget_subfunction",
      "name": "Defense-related activities",
      "amount": 175456833128.28
    },
    {
      "id": "605",
      "code": "605",
      "type": "budget_subfunction",
      "name": "Food and nutrition assistance",
      "amount": 162470680320.64
    },
    {
      "id": "703",
      "code": "703",
      "type": "budget_subfunction",
      "name": "Hospital and medical care for veterans",
      "amount": 128399212249.22
    },
    {
      "id": "401",
      "code": "401",
      "type": "budget_subfunction",
      "name": "Ground transportation",
      "amount": 110326604063.98
    },
    {
      "id": "453",
      "code": "453",
      "type": "budget_subfunction",
      "name": "Disaster relief and insurance",
      "amount": 89837364216.26
    },
    {
      "id": "376",
      "code": "376",
      "type": "budget_subfunction",
      "name": "Other advancement of commerce",
      "amount": 79358897672.38
    },
    {
      "id": "751",
      "code": "751",
      "type": "budget_subfunction",
      "name": "Federal law enforcement activities",
      "amount": 76405719119.49
    },
    {
      "id": "373",
      "code": "373",
      "type": "budget_subfunction",
      "name": "Deposit insurance",
      "amount": 72869682343.03
    },
    {
      "id": "604",
      "code": "604",
      "type": "budget_subfunction",
      "name": "Housing assistance",
      "amount": 71653190121.24
    },
    {
      "id": "552",
      "code": "552",
      "type": "budget_subfunction",
      "name": "Health research and training",
      "amount": 59909656479.15
    },
    {
      "id": "304",
      "code": "304",
      "type": "budget_subfunction",
      "name": "Pollution control and abatement",
      "amount": 55110905217.91
    },
    {
      "id": "805",
      "code": "805",
      "type": "budget_subfunction",
      "name": "Central personnel management",
      "amount": 54925702526.1
    },
    {
      "id": "501",
      "code": "501",
      "type": "budget_subfunction",
      "name": "Elementary, secondary, and vocational education",
      "amount": 49891390716.45
    },
    {
      "id": "402",
      "code": "402",
      "type": "budget_subfunction",
      "name": "Air transportation",
      "amount": 49402727181.87
    },
    {
      "id": "151",
      "code": "151",
      "type": "budget_subfunction",
      "name": "International development and humanitarian assistance",
      "amount": 48790411327.31
    },
    {
      "id": "804",
      "code": "804",
      "type": "budget_subfunction",
      "name": "General property and records management",
      "amount": 46426383387.29
    },
    {
      "id": "705",
      "code": "705",
      "type": "budget_subfunction",
      "name": "Other veterans benefits and services",
      "amount": 43937195708.28
    },
    {
      "id": "603",
      "code": "603",
      "type": "budget_subfunction",
      "name": "Unemployment compensation",
      "amount": 43816134296.76
    },
    {
      "id": "053",
      "code": "053",
      "type": "budget_subfunction",
      "name": "Atomic energy defense activities",
      "amount": 41156563299.52
    },
    {
      "id": "601",
      "code": "601",
      "type": "budget_subfunction",
      "name": "General retirement and disability insurance (excluding social se",
      "amount": 41096992551.29
    },
    {
      "id": "301",
      "code": "301",
      "type": "budget_subfunction",
      "name": "Water resources",
      "amount": 41007764457.14
    },
    {
      "id": "351",
      "code": "351",
      "type": "budget_subfunction",
      "name": "Farm income stabilization",
      "amount": 36535056628.55
    },
    {
      "id": "302",
      "code": "302",
      "type": "budget_subfunction",
      "name": "Conservation and land management",
      "amount": 33371433196.5
    },
    {
      "id": "153",
      "code": "153",
      "type": "budget_subfunction",
      "name": "Conduct of foreign affairs",
      "amount": 31336990698.45
    },
    {
      "id": "252",
      "code": "252",
      "type": "budget_subfunction",
      "name": "Space flight, research, and supporting activities",
      "amount": 26195350653.52
    },
    {
      "id": "506",
      "code": "506",
      "type": "budget_subfunction",
      "name": "Social services",
      "amount": 25619468222.94
    },
    {
      "id": "271",
      "code": "271",
      "type": "budget_subfunction",
      "name": "Energy supply",
      "amount": 22099665328.51
    },
    {
      "id": "251",
      "code": "251",
      "type": "budget_subfunction",
      "name": "General science and basic research",
      "amount": 19027820947.62
    },
    {
      "id": "306",
      "code": "306",
      "type": "budget_subfunction",
      "name": "Other natural resources",
      "amount": 17904734213.06
    },
    {
      "id": "352",
      "code": "352",
      "type": "budget_subfunction",
      "name": "Agricultural research and services",
      "amount": 17157865445.45
    },
    {
      "id": "908",
      "code": "908",
      "type": "budget_subfunction",
      "name": "Other interest",
      "amount": 16520784081.42
    },
    {
      "id": "403",
      "code": "403",
      "type": "budget_subfunction",
      "name": "Water transportation",
      "amount": 14989335445.74
    },
    {
      "id": "702",
      "code": "702",
      "type": "budget_subfunction",
      "name": "Veterans education, training, and rehabilitation",
      "amount": 14956778147.75
    },
    {
      "id": "451",
      "code": "451",
      "type": "budget_subfunction",
      "name": "Community development",
      "amount": 13530393806.87
    },
    {
      "id": "752",
      "code": "752",
      "type": "budget_subfunction",
      "name": "Federal litigative and judicial activities",
      "amount": 12596821491.1
    },
    {
      "id": "272",
      "code": "272",
      "type": "budget_subfunction",
      "name": "Energy conservation",
      "amount": 12426086618.24
    },
    {
      "id": "504",
      "code": "504",
      "type": "budget_subfunction",
      "name": "Training and employment",
      "amount": 10798025903.63
    },
    {
      "id": "554",
      "code": "554",
      "type": "budget_subfunction",
      "name": "Consumer and occupational health and safety",
      "amount": 10603316666.97
    },
    {
      "id": "753",
      "code": "753",
      "type": "budget_subfunction",
      "name": "Federal correctional activities",
      "amount": 10287153239.48
    },
    {
      "id": "152",
      "code": "152",
      "type": "budget_subfunction",
      "name": "International security assistance",
      "amount": 10065129398.86
    },
    {
      "id": "155",
      "code": "155",
      "type": "budget_subfunction",
      "name": "International financial programs",
      "amount": 9991512175.51
    },
    {
      "id": "452",
      "code": "452",
      "type": "budget_subfunction",
      "name": "Area and regional development",
      "amount": 9195142904.32
    },
    {
      "id": "806",
      "code": "806",
      "type": "budget_subfunction",
      "name": "General purpose fiscal assistance",
      "amount": 8644888386.23
    },
    {
      "id": "754",
      "code": "754",
      "type": "budget_subfunction",
      "name": "Criminal justice assistance",
      "amount": 8538485768.98
    },
    {
      "id": "303",
      "code": "303",
      "type": "budget_subfunction",
      "name": "Recreational resources",
      "amount": 7560906689.62
    },
    {
      "id": "371",
      "code": "371",
      "type": "budget_subfunction",
      "name": "Mortgage credit",
      "amount": 7527267722.18
    },
    {
      "id": "808",
      "code": "808",
      "type": "budget_subfunction",
      "name": "Other general government",
      "amount": 3827411654.73
    },
    {
      "id": "274",
      "code": "274",
      "type": "budget_subfunction",
      "name": "Emergency energy preparedness",
      "amount": 3746154909.13
    },
    {
      "id": "505",
      "code": "505",
      "type": "budget_subfunction",
      "name": "Other labor services",
      "amount": 3200536526.14
    },
    {
      "id": "503",
      "code": "503",
      "type": "budget_subfunction",
      "name": "Research and general education aids",
      "amount": 2658218648.93
    },
    {
      "id": "276",
      "code": "276",
      "type": "budget_subfunction",
      "name": "Energy information, policy, and regulation",
      "amount": 2557785928.7
    },
    {
      "id": "407",
      "code": "407",
      "type": "budget_subfunction",
      "name": "Other transportation",
      "amount": 2199886866.33
    },
    {
      "id": "154",
      "code": "154",
      "type": "budget_subfunction",
      "name": "Foreign information and exchange activities",
      "amount": 2092083762.54
    },
    {
      "id": "704",
      "code": "704",
      "type": "budget_subfunction",
      "name": "Veterans housing",
      "amount": 1955298547.68
    },
    {
      "id": "801",
      "code": "801",
      "type": "budget_subfunction",
      "name": "Legislative functions",
      "amount": 902447241.83
    },
    {
      "id": "802",
      "code": "802",
      "type": "budget_subfunction",
      "name": "Executive direction and management",
      "amount": 852438852.94
    },
    {
      "id": "400",
      "code": "400",
      "type": "budget_subfunction",
      "name": "Transportation",
      "amount": 0.0
    },
    {
      "id": "000",
      "code": "000",
      "type": "budget_subfunction",
      "name": "Governmental Receipts",
      "amount": 0.0
    }
  ]
}
Fetching spending for 021-2020 (FY 2024): Status 200
Federal account response for subfunction 571: {
  "total": 0,
  "end_date": "2024-09-30T00:00:00Z",
  "results": []
}
Federal account response for subfunction 651: {
  "total": 0,
  "end_date": "2024-09-30T00:00:00Z",
  "results": []
}
Federal account response for subfunction 051: {
  "total": 1141639974791.54,
  "end_date": "2024-09-30T00:00:00Z",
  "results": [
    {
      "id": "6018",
      "code": "4930",
      "type": "federal_account",
      "name": "Department of Defense Working Capital Fund, Defense",
      "amount": 159375755095.31,
      "account_number": "097-4930"
    },
    {
      "id": "4175",
      "code": "1804",
      "type": "federal_account",
      "name": "Operation and Maintenance, Navy",
      "amount": 84406886313.7,
      "account_number": "017-1804"
    },
    {
      "id": "4501",
      "code": "2020",
      "type": "federal_account",
      "name": "Operation and Maintenance, Army",
      "amount": 81906189738.43,
      "account_number": "021-2020"
    },
    {
      "id": "4807",
      "code": "3400",
      "type": "federal_account",
      "name": "Operation and Maintenance, Air Force",
      "amount": 81894626034.67,
      "account_number": "057-3400"
    },
    {
      "id": "5965",
      "code": "0100",
      "type": "federal_account",
      "name": "Operation and Maintenance, Defense-Wide, Defense",
      "amount": 64820568469.41,
      "account_number": "097-0100"
    },
    {
      "id": "4500",
      "code": "2010",
      "type": "federal_account",
      "name": "Military Personnel, Army",
      "amount": 52899583666.68,
      "account_number": "021-2010"
    },
    {
      "id": "4810",
      "code": "3600",
      "type": "federal_account",
      "name": "Research, Development, Test, and Evaluation, Air Force",
      "amount": 50928895157.26,
      "account_number": "057-3600"
    },
    {
      "id": "5974",
      "code": "0130",
      "type": "federal_account",
      "name": "Defense Health Program, Defense",
      "amount": 45716285702.76,
      "account_number": "097-0130"
    },
    {
      "id": "5988",
      "code": "0400",
      "type": "federal_account",
      "name": "Research, Development, Test, and Evaluation, Defense-Wide",
      "amount": 38459052630.59,
      "account_number": "097-0400"
    },
    {
      "id": "4169",
      "code": "1453",
      "type": "federal_account",
      "name": "Military Personnel, Navy",
      "amount": 38096402462.92,
      "account_number": "017-1453"
    },
    {
      "id": "4809",
      "code": "3500",
      "type": "federal_account",
      "name": "Military Personnel, Air Force",
      "amount": 37043359786.71,
      "account_number": "057-3500"
    },
    {
      "id": "4804",
      "code": "3080",
      "type": "federal_account",
      "name": "Other Procurement, Air Force",
      "amount": 33393278381.5,
      "account_number": "057-3080"
    },
    {
      "id": "4166",
      "code": "1319",
      "type": "federal_account",
      "name": "Research, Development, Test, and Evaluation, Navy",
      "amount": 29562853987.1,
      "account_number": "017-1319"
    },
    {
      "id": "4508",
      "code": "2040",
      "type": "federal_account",
      "name": "Research, Development, Test, and Evaluation, Army",
      "amount": 24620169480.08,
      "account_number": "021-2040"
    },
    {
      "id": "4173",
      "code": "1611",
      "type": "federal_account",
      "name": "Shipbuilding and Conversion, Navy",
      "amount": 21191589562.44,
      "account_number": "017-1611"
    },
    {
      "id": "6363",
      "code": "3620",
      "type": "federal_account",
      "name": "Research, Development, Test, and Evaluation, Space Force, Air Force",
      "amount": 20360704026.66,
      "account_number": "057-3620"
    },
    {
      "id": "5964",
      "code": "0041",
      "type": "federal_account",
      "name": "Concurrent Receipt Accrual Payments to the Military Retirement Fund, Defense",
      "amount": 19874141000.0,
      "account_number": "097-0041"
    },
    {
      "id": "4799",
      "code": "3010",
      "type": "federal_account",
      "name": "Aircraft Procurement, Air Force",
      "amount": 16898337659.48,
      "account_number": "057-3010"
    },
    {
      "id": "4155",
      "code": "1105",
      "type": "federal_account",
      "name": "Military Personnel, Marine Corps",
      "amount": 15635532499.36,
      "account_number": "017-1105"
    },
    {
      "id": "4170",
      "code": "1506",
      "type": "federal_account",
      "name": "Aircraft Procurement, Navy",
      "amount": 15219858696.61,
      "account_number": "017-1506"
    },
    {
      "id": "4179",
      "code": "1810",
      "type": "federal_account",
      "name": "Other Procurement, Navy",
      "amount": 14817532851.85,
      "account_number": "017-1810"
    },
    {
      "id": "4156",
      "code": "1106",
      "type": "federal_account",
      "name": "Operation and Maintenance, Marine Corps",
      "amount": 11086969579.14,
      "account_number": "017-1106"
    },
    {
      "id": "4512",
      "code": "2060",
      "type": "federal_account",
      "name": "National Guard Personnel, Army",
      "amount": 10850511935.97,
      "account_number": "021-2060"
    },
    {
      "id": "4507",
      "code": "2035",
      "type": "federal_account",
      "name": "Other Procurement, Army",
      "amount": 9976043649.47,
      "account_number": "021-2035"
    },
    {
      "id": "4513",
      "code": "2065",
      "type": "federal_account",
      "name": "Operation and Maintenance, Army National Guard",
      "amount": 9891448499.17,
      "account_number": "021-2065"
    },
    {
      "id": "4506",
      "code": "2034",
      "type": "federal_account",
      "name": "Procurement of Ammunition, Army",
      "amount": 8904302023.65,
      "account_number": "021-2034"
    },
    {
      "id": "4510",
      "code": "2050",
      "type": "federal_account",
      "name": "Military Construction, Army",
      "amount": 8902116648.8,
      "account_number": "021-2050"
    },
    {
      "id": "4818",
      "code": "3840",
      "type": "federal_account",
      "name": "Operation and Maintenance, Air National Guard",
      "amount": 8643977048.64,
      "account_number": "057-3840"
    },
    {
      "id": "4174",
      "code": "1612",
      "type": "federal_account",
      "name": "National Sea-Based Deterrence Fund, Navy",
      "amount": 7757048036.97,
      "account_number": "017-1612"
    },
    {
      "id": "5983",
      "code": "0300",
      "type": "federal_account",
      "name": "Procurement, Defense-Wide",
      "amount": 7659063943.67,
      "account_number": "097-0300"
    },
    {
      "id": "4504",
      "code": "2032",
      "type": "federal_account",
      "name": "Missile Procurement, Army",
      "amount": 7306229400.75,
      "account_number": "021-2032"
    },
    {
      "id": "4505",
      "code": "2033",
      "type": "federal_account",
      "name": "Procurement of Weapons and Tracked Combat Vehicles, Army",
      "amount": 7046164431.91,
      "account_number": "021-2033"
    },
    {
      "id": "4162",
      "code": "1205",
      "type": "federal_account",
      "name": "Military Construction, Navy and Marine Corps",
      "amount": 6762631879.16,
      "account_number": "017-1205"
    },
    {
      "id": "4515",
      "code": "2070",
      "type": "federal_account",
      "name": "Reserve Personnel, Army",
      "amount": 5861399326.48,
      "account_number": "021-2070"
    },
    {
      "id": "4820",
      "code": "3850",
      "type": "federal_account",
      "name": "National Guard Personnel, Air Force",
      "amount": 5474228864.65,
      "account_number": "057-3850"
    },
    {
      "id": "6304",
      "code": "3410",
      "type": "federal_account",
      "name": "Operation and Maintenance, Space Force",
      "amount": 5433544933.64,
      "account_number": "057-3410"
    },
    {
      "id": "4171",
      "code": "1507",
      "type": "federal_account",
      "name": "Weapons Procurement, Navy",
      "amount": 5345271722.52,
      "account_number": "017-1507"
    },
    {
      "id": "4801",
      "code": "3020",
      "type": "federal_account",
      "name": "Missile Procurement, Air Force",
      "amount": 4626851400.33,
      "account_number": "057-3020"
    },
    {
      "id": "4503",
      "code": "2031",
      "type": "federal_account",
      "name": "Aircraft Procurement, Army",
      "amount": 4525641258.55,
      "account_number": "021-2031"
    },
    {
      "id": "6362",
      "code": "3022",
      "type": "federal_account",
      "name": "Procurement, Space Force, Air Force",
      "amount": 4451076024.65,
      "account_number": "057-3022"
    },
    {
      "id": "4814",
      "code": "3740",
      "type": "federal_account",
      "name": "Operation and Maintenance, Air Force Reserve",
      "amount": 4348278462.97,
      "account_number": "057-3740"
    },
    {
      "id": "4516",
      "code": "2080",
      "type": "federal_account",
      "name": "Operation and Maintenance, Army Reserve",
      "amount": 3744741014.48,
      "account_number": "021-2080"
    },
    {
      "id": "4159",
      "code": "1109",
      "type": "federal_account",
      "name": "Procurement, Marine Corps",
      "amount": 3723890610.25,
      "account_number": "017-1109"
    },
    {
      "id": "5992",
      "code": "0500",
      "type": "federal_account",
      "name": "Military Construction, Defense-Wide",
      "amount": 3111244876.09,
      "account_number": "097-0500"
    },
    {
      "id": "4495",
      "code": "1004",
      "type": "federal_account",
      "name": "Medicare-Eligible Retiree Health Fund Contribution, Army",
      "amount": 2846715000.0,
      "account_number": "021-1004"
    },
    {
      "id": "4168",
      "code": "1405",
      "type": "federal_account",
      "name": "Reserve Personnel, Navy",
      "amount": 2552194142.31,
      "account_number": "017-1405"
    },
    {
      "id": "4812",
      "code": "3700",
      "type": "federal_account",
      "name": "Reserve Personnel, Air Force",
      "amount": 2477747870.46,
      "account_number": "057-3700"
    },
    {
      "id": "4805",
      "code": "3300",
      "type": "federal_account",
      "name": "Military Construction, Air Force",
      "amount": 2322446862.94,
      "account_number": "057-3300"
    },
    {
      "id": "4151",
      "code": "1000",
      "type": "federal_account",
      "name": "Medicare-Eligible Retiree Health Fund Contribution, Navy",
      "amount": 2175657000.0,
      "account_number": "017-1000"
    },
    {
      "id": "4796",
      "code": "1007",
      "type": "federal_account",
      "name": "Medicare-Eligible Retiree Health Fund Contribution, Air Force",
      "amount": 2047980000.0,
      "account_number": "057-1007"
    },
    {
      "id": "6294",
      "code": "4932",
      "type": "federal_account",
      "name": "Defense Counterintelligence and Security Agency Working Capital Fund, Defense",
      "amount": 1740391177.37,
      "account_number": "097-4932"
    },
    {
      "id": "4172",
      "code": "1508",
      "type": "federal_account",
      "name": "Procurement of Ammunition, Navy and Marine Corps",
      "amount": 1509648020.1,
      "account_number": "017-1508"
    },
    {
      "id": "4177",
      "code": "1806",
      "type": "federal_account",
      "name": "Operation and Maintenance, Navy Reserve",
      "amount": 1409845623.84,
      "account_number": "017-1806"
    },
    {
      "id": "4800",
      "code": "3011",
      "type": "federal_account",
      "name": "Procurement of Ammunition, Air Force",
      "amount": 1389445325.31,
      "account_number": "057-3011"
    },
    {
      "id": "6497",
      "code": "3510",
      "type": "federal_account",
      "name": "Military Personnel, Space Force, Air Force",
      "amount": 1283903799.5,
      "account_number": "057-3510"
    },
    {
      "id": "5986",
      "code": "0390",
      "type": "federal_account",
      "name": "Chemical Agents and Munitions Destruction, Defense",
      "amount": 1137155837.76,
      "account_number": "097-0390"
    },
    {
      "id": "4152",
      "code": "1001",
      "type": "federal_account",
      "name": "Medicare-Eligible Retiree Health Fund Contribution, Marine Corps",
      "amount": 1102941000.0,
      "account_number": "017-1001"
    },
    {
      "id": "4158",
      "code": "1108",
      "type": "federal_account",
      "name": "Reserve Personnel, Marine Corps",
      "amount": 962138399.89,
      "account_number": "017-1108"
    },
    {
      "id": "4497",
      "code": "1006",
      "type": "federal_account",
      "name": "Medicare-Eligible Retiree Health Fund Contribution, National Guard Personnel, Army",
      "amount": 943772000.0,
      "account_number": "021-1006"
    },
    {
      "id": "6020",
      "code": "4950",
      "type": "federal_account",
      "name": "Pentagon Reservation Maintenance Revolving Fund",
      "amount": 860181790.59,
      "account_number": "097-4950"
    },
    {
      "id": "5985",
      "code": "0360",
      "type": "federal_account",
      "name": "Defense Production Act Purchases, Defense",
      "amount": 836371791.58,
      "account_number": "097-0360"
    },
    {
      "id": "6028",
      "code": "5441",
      "type": "federal_account",
      "name": "Burden Sharing Contribution, Defense",
      "amount": 805596025.28,
      "account_number": "097-5441"
    },
    {
      "id": "5984",
      "code": "0350",
      "type": "federal_account",
      "name": "National Guard and Reserve Equipment Account, Defense",
      "amount": 804001824.7,
      "account_number": "097-0350"
    },
    {
      "id": "5996",
      "code": "0516",
      "type": "federal_account",
      "name": "Department of Defense Base Closure Account, Defense",
      "amount": 692060790.56,
      "account_number": "097-0516"
    },
    {
      "id": "4518",
      "code": "2085",
      "type": "federal_account",
      "name": "Military Construction, Army National Guard",
      "amount": 647551477.16,
      "account_number": "021-2085"
    },
    {
      "id": "5968",
      "code": "0107",
      "type": "federal_account",
      "name": "Office of the Inspector General, Defense",
      "amount": 542642466.66,
      "account_number": "097-0107"
    },
    {
      "id": "4496",
      "code": "1005",
      "type": "federal_account",
      "name": "Medicare-Eligible Retiree Health Fund Contribution, Reserve Personnel, Army",
      "amount": 510346000.0,
      "account_number": "021-1005"
    },
    {
      "id": "6002",
      "code": "0804",
      "type": "federal_account",
      "name": "North Atlantic Treaty Organization, Security Investment Program, Defense",
      "amount": 508124851.44,
      "account_number": "097-0804"
    },
    {
      "id": "6061",
      "code": "8358",
      "type": "federal_account",
      "name": "Support for U.S. Relocation to Guam Activities, Defense",
      "amount": 475658784.69,
      "account_number": "097-8358"
    },
    {
      "id": "4492",
      "code": "0725",
      "type": "federal_account",
      "name": "Family Housing Operation and Maintenance, Army",
      "amount": 418842152.15,
      "account_number": "021-0725"
    },
    {
      "id": "4522",
      "code": "2091",
      "type": "federal_account",
      "name": "Afghanistan Security Forces Fund, Army",
      "amount": 396676490.91,
      "account_number": "021-2091"
    },
    {
      "id": "4149",
      "code": "0735",
      "type": "federal_account",
      "name": "Family Housing Operation and Maintenance, Navy and Marine Corps",
      "amount": 394909873.47,
      "account_number": "017-0735"
    },
    {
      "id": "4793",
      "code": "0745",
      "type": "federal_account",
      "name": "Family Housing Operation and Maintenance, Air Force",
      "amount": 384956787.6,
      "account_number": "057-0745"
    },
    {
      "id": "4798",
      "code": "1009",
      "type": "federal_account",
      "name": "Medicare-Eligible Retiree Health Fund Contribution, National Guard Personnel, Air Force",
      "amount": 371867000.0,
      "account_number": "057-1009"
    },
    {
      "id": "5990",
      "code": "0460",
      "type": "federal_account",
      "name": "Operational Test and Evaluation, Defense",
      "amount": 370098148.78,
      "account_number": "097-0460"
    },
    {
      "id": "6019",
      "code": "4931",
      "type": "federal_account",
      "name": "Building Maintenance Fund, Defense",
      "amount": 338413508.55,
      "account_number": "097-4931"
    },
    {
      "id": "4157",
      "code": "1107",
      "type": "federal_account",
      "name": "Operation and Maintenance, Marine Corps Reserve",
      "amount": 333876806.76,
      "account_number": "017-1107"
    },
    {
      "id": "4490",
      "code": "0720",
      "type": "federal_account",
      "name": "Family Housing Construction, Army",
      "amount": 329199435.91,
      "account_number": "021-0720"
    },
    {
      "id": "4529",
      "code": "2099",
      "type": "federal_account",
      "name": "Counter-ISIS Train and Equip Fund, Army",
      "amount": 325349721.89,
      "account_number": "021-2099"
    },
    {
      "id": "5976",
      "code": "0134",
      "type": "federal_account",
      "name": "Cooperative Threat Reduction Account, Defense",
      "amount": 291740142.98,
      "account_number": "097-0134"
    },
    {
      "id": "4519",
      "code": "2086",
      "type": "federal_account",
      "name": "Military Construction, Army Reserve",
      "amount": 288126050.19,
      "account_number": "021-2086"
    },
    {
      "id": "4816",
      "code": "3830",
      "type": "federal_account",
      "name": "Military Construction, Air National Guard",
      "amount": 269542492.59,
      "account_number": "057-3830"
    },
    {
      "id": "4148",
      "code": "0730",
      "type": "federal_account",
      "name": "Family Housing Construction, Navy and Marine Corps",
      "amount": 268942839.09,
      "account_number": "017-0730"
    },
    {
      "id": "6005",
      "code": "0819",
      "type": "federal_account",
      "name": "Overseas Humanitarian, Disaster, and Civic AID, Defense",
      "amount": 256234512.75,
      "account_number": "097-0819"
    },
    {
      "id": "6055",
      "code": "8164",
      "type": "federal_account",
      "name": "Commissary Stores Surcharge Program, Defense",
      "amount": 220288552.02,
      "account_number": "097-8164"
    },
    {
      "id": "4797",
      "code": "1008",
      "type": "federal_account",
      "name": "Medicare-Eligible Retiree Health Fund Contribution, Reserve Personnel, Air Force",
      "amount": 198046000.0,
      "account_number": "057-1008"
    },
    {
      "id": "4153",
      "code": "1002",
      "type": "federal_account",
      "name": "Medicare-Eligible Retiree Health Fund Contribution, Reserve Personnel, Navy",
      "amount": 183698000.0,
      "account_number": "017-1002"
    },
    {
      "id": "4813",
      "code": "3730",
      "type": "federal_account",
      "name": "Military Construction, Air Force Reserve",
      "amount": 109877192.31,
      "account_number": "057-3730"
    },
    {
      "id": "6060",
      "code": "8337",
      "type": "federal_account",
      "name": "Host Nation Support for U.S. Relocation Activities, Defense",
      "amount": 95559167.6,
      "account_number": "097-8337"
    },
    {
      "id": "4154",
      "code": "1003",
      "type": "federal_account",
      "name": "Medicare-Eligible Retiree Health Fund Contribution, Reserve Personnel, Marine Corps",
      "amount": 94316000.0,
      "account_number": "017-1003"
    },
    {
      "id": "4164",
      "code": "1235",
      "type": "federal_account",
      "name": "Military Construction, Naval Reserve",
      "amount": 85138737.55,
      "account_number": "017-1235"
    },
    {
      "id": "5969",
      "code": "0111",
      "type": "federal_account",
      "name": "Department of Defense Acquisition Workforce Development Account, Defense",
      "amount": 70924270.95,
      "account_number": "097-0111"
    },
    {
      "id": "6488",
      "code": "1010",
      "type": "federal_account",
      "name": "Medicare-Eligible Retiree Health Fund Contribution, Space Force, Air Force",
      "amount": 58016000.0,
      "account_number": "057-1010"
    },
    {
      "id": "5998",
      "code": "0765",
      "type": "federal_account",
      "name": "Family Housing Operation and Maintenance, Defense-Wide",
      "amount": 52286974.98,
      "account_number": "097-0765"
    },
    {
      "id": "6007",
      "code": "0834",
      "type": "federal_account",
      "name": "Department of Defense Family Housing Improvement Fund, Defense",
      "amount": 41516544.09,
      "account_number": "097-0834"
    },
    {
      "id": "4180",
      "code": "4557",
      "type": "federal_account",
      "name": "National Defense Sealift Fund, Navy",
      "amount": 35583569.69,
      "account_number": "017-4557"
    },
    {
      "id": "4802",
      "code": "3021",
      "type": "federal_account",
      "name": "Space Procurement, Air Force",
      "amount": 26608994.04,
      "account_number": "057-3021"
    },
    {
      "id": "4561",
      "code": "8927",
      "type": "federal_account",
      "name": "Department of the Army General Gift Fund, Army",
      "amount": 25861310.76,
      "account_number": "021-8927"
    },
    {
      "id": "6024",
      "code": "5189",
      "type": "federal_account",
      "name": "Lease of Department of Defense Real Property, Defense",
      "amount": 22099019.05,
      "account_number": "097-5189"
    },
    {
      "id": "4791",
      "code": "0740",
      "type": "federal_account",
      "name": "Family Housing Construction, Air Force",
      "amount": 21549501.9,
      "account_number": "057-0740"
    },
    {
      "id": "6059",
      "code": "8335",
      "type": "federal_account",
      "name": "Voluntary Separation Incentive Fund, Defense",
      "amount": 19936737.75,
      "account_number": "097-8335"
    },
    {
      "id": "4206",
      "code": "8733",
      "type": "federal_account",
      "name": "United States Naval Academy General Gift Fund",
      "amount": 19289035.34,
      "account_number": "017-8733"
    },
    {
      "id": "5966",
      "code": "0104",
      "type": "federal_account",
      "name": "United States Court of Appeals for the Armed Forces, Defense",
      "amount": 16801234.42,
      "account_number": "097-0104"
    },
    {
      "id": "4205",
      "code": "8723",
      "type": "federal_account",
      "name": "Ships' Stores Profits, Navy",
      "amount": 10763835.33,
      "account_number": "017-8723"
    },
    {
      "id": "6609",
      "code": "5756",
      "type": "federal_account",
      "name": "Natick Land Conveyance, Army",
      "amount": 9573823.92,
      "account_number": "021-5756"
    },
    {
      "id": "6030",
      "code": "5613",
      "type": "federal_account",
      "name": "Mutually Beneficial Activities, Defense",
      "amount": 6433935.3,
      "account_number": "097-5613"
    },
    {
      "id": "4533",
      "code": "5098",
      "type": "federal_account",
      "name": "Restoration, Rocky Mountain Arsenal, Army",
      "amount": 6027484.9,
      "account_number": "021-5098"
    },
    {
      "id": "5995",
      "code": "0512",
      "type": "federal_account",
      "name": "Department of Defense Base Closure Account 2005, Defense",
      "amount": 4794906.92,
      "account_number": "097-0512"
    },
    {
      "id": "6297",
      "code": "0402",
      "type": "federal_account",
      "name": "Department of Defense Rapid Prototyping Fund, Defense",
      "amount": 4279150.02,
      "account_number": "097-0402"
    },
    {
      "id": "4844",
      "code": "8928",
      "type": "federal_account",
      "name": "Department of the Air Force General Gift Fund, Air Force",
      "amount": 3909069.75,
      "account_number": "057-8928"
    },
    {
      "id": "6023",
      "code": "5188",
      "type": "federal_account",
      "name": "Disposal of Department of Defense Real Property, Defense",
      "amount": 3711857.04,
      "account_number": "097-5188"
    },
    {
      "id": "6056",
      "code": "8165",
      "type": "federal_account",
      "name": "Foreign National Employees Separation Pay Account, Defense",
      "amount": 3168255.48,
      "account_number": "097-8165"
    },
    {
      "id": "4204",
      "code": "8716",
      "type": "federal_account",
      "name": "Department of the Navy General Gift Fund, Navy",
      "amount": 1910634.94,
      "account_number": "017-8716"
    },
    {
      "id": "6006",
      "code": "0833",
      "type": "federal_account",
      "name": "Defense Emergency Response Fund, Defense",
      "amount": 1740850.2,
      "account_number": "097-0833"
    },
    {
      "id": "6014",
      "code": "4090",
      "type": "federal_account",
      "name": "Homeowners Assistance Fund, Defense",
      "amount": 1646177.79,
      "account_number": "097-4090"
    },
    {
      "id": "6032",
      "code": "5751",
      "type": "federal_account",
      "name": "Contributions to the Cooperative Threat Reduction Program, Defense",
      "amount": 1424288.88,
      "account_number": "097-5751"
    },
    {
      "id": "6348",
      "code": "0361",
      "type": "federal_account",
      "name": "Defense Production Act Program Account. Defense",
      "amount": 1267614.35,
      "account_number": "097-0361"
    },
    {
      "id": "4822",
      "code": "5616",
      "type": "federal_account",
      "name": "Support of Athletic Programs, Air Force",
      "amount": 968179.73,
      "account_number": "057-5616"
    },
    {
      "id": "6009",
      "code": "0838",
      "type": "federal_account",
      "name": "Support for International Sporting Competitions, Defense",
      "amount": 957147.14,
      "account_number": "097-0838"
    },
    {
      "id": "4494",
      "code": "0810",
      "type": "federal_account",
      "name": "Environmental Restoration, Army",
      "amount": 582000.0,
      "account_number": "021-0810"
    },
    {
      "id": "6008",
      "code": "0836",
      "type": "federal_account",
      "name": "Department of Defense Military Unaccompanied Housing Improvement Fund, Defense",
      "amount": 506000.0,
      "account_number": "097-0836"
    },
    {
      "id": "6054",
      "code": "8163",
      "type": "federal_account",
      "name": "Department of Defense General Gift Fund, Defense",
      "amount": 408921.32,
      "account_number": "097-8163"
    },
    {
      "id": "6031",
      "code": "5750",
      "type": "federal_account",
      "name": "Department of Defense Vietnam War Commemoration Fund, Defense",
      "amount": 327690.45,
      "account_number": "097-5750"
    },
    {
      "id": "6012",
      "code": "2093",
      "type": "federal_account",
      "name": "Joint Improvised-Threat Defeat Fund, Defense",
      "amount": 292773.63,
      "account_number": "097-2093"
    },
    {
      "id": "6033",
      "code": "5753",
      "type": "federal_account",
      "name": "Contributions for Renewable Energy Impact Assessments and Mitigation, Defense",
      "amount": 242858.76,
      "account_number": "097-5753"
    },
    {
      "id": "6015",
      "code": "4091",
      "type": "federal_account",
      "name": "Homeowners Assistance Fund - Recovery Act, Defense",
      "amount": 40240.72,
      "account_number": "097-4091"
    },
    {
      "id": "4535",
      "code": "5286",
      "type": "federal_account",
      "name": "National Science Center, Army",
      "amount": 23987.0,
      "account_number": "021-5286"
    },
    {
      "id": "4524",
      "code": "2093",
      "type": "federal_account",
      "name": "Joint Improvised Explosive Device Defeat Fund, Army",
      "amount": 3664.33,
      "account_number": "021-2093"
    },
    {
      "id": "4150",
      "code": "0810",
      "type": "federal_account",
      "name": "Environmental Restoration, Navy",
      "amount": 0.0,
      "account_number": "017-0810"
    },
    {
      "id": "6777",
      "code": "8721",
      "type": "federal_account",
      "name": "Heritage Center for the National Museum of the United States Army",
      "amount": 0.0,
      "account_number": "021-8721"
    },
    {
      "id": "5994",
      "code": "0510",
      "type": "federal_account",
      "name": "Department of Defense Base Closure Account 1990, Defense",
      "amount": 0.0,
      "account_number": "097-0510"
    },
    {
      "id": "7141",
      "code": "0362",
      "type": "federal_account",
      "name": "Defense Strategic Capital Credit Program, Defense",
      "amount": 0.0,
      "account_number": "097-0362"
    },
    {
      "id": "4537",
      "code": "5752",
      "type": "federal_account",
      "name": "Department of Defense Korean War Commemoration Fund, Army",
      "amount": 0.0,
      "account_number": "021-5752"
    },
    {
      "id": "6000",
      "code": "0801",
      "type": "federal_account",
      "name": "Foreign Currency Fluctuations, Defense",
      "amount": 0.0,
      "account_number": "097-0801"
    },
    {
      "id": "6001",
      "code": "0803",
      "type": "federal_account",
      "name": "Foreign Currency Fluctuations, Construction, Defense",
      "amount": 0.0,
      "account_number": "097-0803"
    },
    {
      "id": "6003",
      "code": "0810",
      "type": "federal_account",
      "name": "Environmental Restoration, Defense",
      "amount": 0.0,
      "account_number": "097-0810"
    },
    {
      "id": "6004",
      "code": "0811",
      "type": "federal_account",
      "name": "Environmental Restoration, Formerly Used Defense Sites, Defense",
      "amount": 0.0,
      "account_number": "097-0811"
    },
    {
      "id": "4560",
      "code": "8063",
      "type": "federal_account",
      "name": "Bequest of Major General Fred C. Ainsworth, Library, Walter Reed General Hospital, Army",
      "amount": 0.0,
      "account_number": "021-8063"
    },
    {
      "id": "6017",
      "code": "4555",
      "type": "federal_account",
      "name": "National Defense Stockpile Transaction Fund, Defense",
      "amount": 0.0,
      "account_number": "097-4555"
    },
    {
      "id": "5987",
      "code": "0391",
      "type": "federal_account",
      "name": "Chemical Demilitarization Construction, Defense-Wide",
      "amount": 0.0,
      "account_number": "097-0391"
    },
    {
      "id": "6021",
      "code": "4965",
      "type": "federal_account",
      "name": "Emergency Response Fund, Defense",
      "amount": 0.0,
      "account_number": "097-4965"
    },
    {
      "id": "6022",
      "code": "5187",
      "type": "federal_account",
      "name": "Defense Cooperation Account, Defense",
      "amount": 0.0,
      "account_number": "097-5187"
    },
    {
      "id": "4795",
      "code": "0810",
      "type": "federal_account",
      "name": "Environmental Restoration, Air Force",
      "amount": 0.0,
      "account_number": "057-0810"
    },
    {
      "id": "6025",
      "code": "5193",
      "type": "federal_account",
      "name": "Department of Defense Overseas Military Facility Investment Recovery Account, Defense",
      "amount": 0.0,
      "account_number": "097-5193"
    },
    {
      "id": "6026",
      "code": "5195",
      "type": "federal_account",
      "name": "Use of Proceeds from the Transfer or Disposition of Commissary Facilities, Defense",
      "amount": 0.0,
      "account_number": "097-5195"
    },
    {
      "id": "6051",
      "code": "8096",
      "type": "federal_account",
      "name": "Department of Defense Dependents' Education Gift Fund",
      "amount": 0.0,
      "account_number": "097-8096"
    },
    {
      "id": "4184",
      "code": "5562",
      "type": "federal_account",
      "name": "Ford Island Improvement Account",
      "amount": 0.0,
      "account_number": "017-5562"
    },
    {
      "id": "6057",
      "code": "8168",
      "type": "federal_account",
      "name": "National Security Education Trust Fund, Defense",
      "amount": 0.0,
      "account_number": "097-8168"
    },
    {
      "id": "4146",
      "code": "0380",
      "type": "federal_account",
      "name": "Coastal Defense Augmentation, Navy",
      "amount": 0.0,
      "account_number": "017-0380"
    },
    {
      "id": "4183",
      "code": "5185",
      "type": "federal_account",
      "name": "Kaho'Olawe Island Conveyance, Remediation, and Environmental Restoration Fund, Navy",
      "amount": 0.0,
      "account_number": "017-5185"
    },
    {
      "id": "4843",
      "code": "8418",
      "type": "federal_account",
      "name": "Air Force Cadet Fund, Air Force",
      "amount": 0.0,
      "account_number": "057-8418"
    },
    {
      "id": "6300",
      "code": "5630",
      "type": "federal_account",
      "name": "Department of Defense World War II Commemoration Fund, Navy",
      "amount": 0.0,
      "account_number": "017-5630"
    },
    {
      "id": "4165",
      "code": "1236",
      "type": "federal_account",
      "name": "Payments to Kaho'Olawe Island Conveyance, Remediation, and Environmental Restoration Fund, Navy",
      "amount": 0.0,
      "account_number": "017-1236"
    },
    {
      "id": "5972",
      "code": "0118",
      "type": "federal_account",
      "name": "Overseas Contingency Operations Transfer Fund, Defense",
      "amount": 0.0,
      "account_number": "097-0118"
    },
    {
      "id": "5967",
      "code": "0105",
      "type": "federal_account",
      "name": "Drug Interdiction and Counter-Drug Activities, Defense",
      "amount": 0.0,
      "account_number": "097-0105"
    },
    {
      "id": "6494",
      "code": "0403",
      "type": "federal_account",
      "name": "Creating Helpful Incentives to Produce Semi-Conductors (CHIPS) for America Defense Fund, Defense",
      "amount": 0.0,
      "account_number": "097-0403"
    }
  ]
}
Federal account response for subfunction 901: {
  "total": 0,
  "end_date": "2024-09-30T00:00:00Z",
  "results": []
}
Federal account response for subfunction 551: {
  "total": 0,
  "end_date": "2024-09-30T00:00:00Z",
  "results": []
}
Federal account response for subfunction 803: {
  "total": 0,
  "end_date": "2024-09-30T00:00:00Z",
  "results": []
}
Federal account response for subfunction 609: {
  "total": 0,
  "end_date": "2024-09-30T00:00:00Z",
  "results": []
}
Federal account response for subfunction 602: {
  "total": 0,
  "end_date": "2024-09-30T00:00:00Z",
  "results": []
}
Federal account response for subfunction 701: {
  "total": 0,
  "end_date": "2024-09-30T00:00:00Z",
  "results": []
}
Federal account response for subfunction 502: {
  "total": 0,
  "end_date": "2024-09-30T00:00:00Z",
  "results": []
}
Federal account response for subfunction 054: {
  "total": 175456833128.28,
  "end_date": "2024-09-30T00:00:00Z",
  "results": [
    {
      "id": "5963",
      "code": "0040",
      "type": "federal_account",
      "name": "Payments to Military Retirement Fund, Defense",
      "amount": 151521000000.0,
      "account_number": "097-0040"
    },
    {
      "id": "4007",
      "code": "0200",
      "type": "federal_account",
      "name": "Salaries and Expenses, Federal Bureau of Investigation, Justice",
      "amount": 12033323454.69,
      "account_number": "015-0200"
    },
    {
      "id": "6011",
      "code": "0850",
      "type": "federal_account",
      "name": "Payment to Department of Defense Medicare-Eligible Retiree Health Care Fund",
      "amount": 9584000000.0,
      "account_number": "097-0850"
    },
    {
      "id": "5055",
      "code": "1710",
      "type": "federal_account",
      "name": "Ready Reserve Force, Maritime Administration, Transportation",
      "amount": 1136580881.97,
      "account_number": "069-1710"
    },
    {
      "id": "5185",
      "code": "0412",
      "type": "federal_account",
      "name": "Procurement, Construction, and Improvements, Cybersecurity and Infrastructure Security Agency, Homeland Security",
      "amount": 506501490.81,
      "account_number": "070-0412"
    },
    {
      "id": "5056",
      "code": "1711",
      "type": "federal_account",
      "name": "Maritime Security Program, Maritime Administration, Transportation",
      "amount": 311749292.86,
      "account_number": "069-1711"
    },
    {
      "id": "5184",
      "code": "0411",
      "type": "federal_account",
      "name": "Federal Assistance, Countering Weapons of Mass Destruction Office, Homeland Security",
      "amount": 146403866.15,
      "account_number": "070-0411"
    },
    {
      "id": "4018",
      "code": "0333",
      "type": "federal_account",
      "name": "Payment to the Radiation Exposure Compensation Trust Fund, Justice",
      "amount": 80000000.0,
      "account_number": "015-0333"
    },
    {
      "id": "6468",
      "code": "1718",
      "type": "federal_account",
      "name": "Tanker Security Program, Maritime Administration, Transportation",
      "amount": 60000000.0,
      "account_number": "069-1718"
    },
    {
      "id": "4071",
      "code": "8116",
      "type": "federal_account",
      "name": "Radiation Exposure Compensation Trust Fund, Justice",
      "amount": 52313372.43,
      "account_number": "015-8116"
    },
    {
      "id": "6262",
      "code": "2724",
      "type": "federal_account",
      "name": "Salaries and Expenses, Privacy and Civil Liberties Oversight Board",
      "amount": 11648086.29,
      "account_number": "535-2724"
    },
    {
      "id": "6371",
      "code": "1717",
      "type": "federal_account",
      "name": "Cable Security Fleet, Maritime Administration, Transportation",
      "amount": 10000000.0,
      "account_number": "069-1717"
    },
    {
      "id": "5254",
      "code": "0805",
      "type": "federal_account",
      "name": "Research and Development, Cybersecurity and Infrastructure Security Agency, Homeland Security",
      "amount": 3312683.08,
      "account_number": "070-0805"
    },
    {
      "id": "5222",
      "code": "0565",
      "type": "federal_account",
      "name": "Infrastructure Protection and Information Security, Cybersecurity and Infrastructure Security Agency, Homeland Security",
      "amount": 0.0,
      "account_number": "070-0565"
    },
    {
      "id": "6453",
      "code": "1911",
      "type": "federal_account",
      "name": "Cybersecurity Response and Recovery Fund, Cybersecurity and Infrastructure Security Agency, Homeland Security",
      "amount": 0.0,
      "account_number": "070-1911"
    }
  ]
}
Federal account response for subfunction 605: {
  "total": 0,
  "end_date": "2024-09-30T00:00:00Z",
  "results": []
}
Federal account response for subfunction 703: {
  "total": 0,
  "end_date": "2024-09-30T00:00:00Z",
  "results": []
}
Federal account response for subfunction 401: {
  "total": 0,
  "end_date": "2024-09-30T00:00:00Z",
  "results": []
}
Federal account response for subfunction 453: {
  "total": 0,
  "end_date": "2024-09-30T00:00:00Z",
  "results": []
}
Federal account response for subfunction 376: {
  "total": 0,
  "end_date": "2024-09-30T00:00:00Z",
  "results": []
}
Federal account response for subfunction 751: {
  "total": 0,
  "end_date": "2024-09-30T00:00:00Z",
  "results": []
}
Federal account response for subfunction 373: {
  "total": 0,
  "end_date": "2024-09-30T00:00:00Z",
  "results": []
}
Federal account response for subfunction 604: {
  "total": 0,
  "end_date": "2024-09-30T00:00:00Z",
  "results": []
}
Federal account response for subfunction 552: {
  "total": 0,
  "end_date": "2024-09-30T00:00:00Z",
  "results": []
}
Federal account response for subfunction 304: {
  "total": 0,
  "end_date": "2024-09-30T00:00:00Z",
  "results": []
}
Federal account response for subfunction 805: {
  "total": 0,
  "end_date": "2024-09-30T00:00:00Z",
  "results": []
}
Federal account response for subfunction 501: {
  "total": 0,
  "end_date": "2024-09-30T00:00:00Z",
  "results": []
}
Federal account response for subfunction 402: {
  "total": 0,
  "end_date": "2024-09-30T00:00:00Z",
  "results": []
}
Federal account response for subfunction 151: {
  "total": 0,
  "end_date": "2024-09-30T00:00:00Z",
  "results": []
}
Federal account response for subfunction 804: {
  "total": 0,
  "end_date": "2024-09-30T00:00:00Z",
  "results": []
}
Federal account response for subfunction 705: {
  "total": 0,
  "end_date": "2024-09-30T00:00:00Z",
  "results": []
}
Federal account response for subfunction 603: {
  "total": 0,
  "end_date": "2024-09-30T00:00:00Z",
  "results": []
}
Federal account response for subfunction 053: {
  "total": 41156563299.52,
  "end_date": "2024-09-30T00:00:00Z",
  "results": [
    {
      "id": "5787",
      "code": "0240",
      "type": "federal_account",
      "name": "Weapons Activities, National Nuclear Security Administration, Energy",
      "amount": 23637473396.0,
      "account_number": "089-0240"
    },
    {
      "id": "5793",
      "code": "0251",
      "type": "federal_account",
      "name": "Defense Environmental Cleanup, Environmental and Other Defense Activities, Energy",
      "amount": 7634560443.26,
      "account_number": "089-0251"
    },
    {
      "id": "4122",
      "code": "1523",
      "type": "federal_account",
      "name": "Energy Employees Occupational Illness Compensation Fund, Labor",
      "amount": 2721135306.31,
      "account_number": "016-1523"
    },
    {
      "id": "5798",
      "code": "0309",
      "type": "federal_account",
      "name": "Defense Nuclear Nonproliferation, National Nuclear Security Administration, Energy",
      "amount": 2638684171.05,
      "account_number": "089-0309"
    },
    {
      "id": "5801",
      "code": "0314",
      "type": "federal_account",
      "name": "Naval Reactors, National Nuclear Security Administration, Energy",
      "amount": 1859189504.77,
      "account_number": "089-0314"
    },
    {
      "id": "5789",
      "code": "0243",
      "type": "federal_account",
      "name": "Other Defense Activities, Environmental and Other Defense Activities, Energy",
      "amount": 1652767010.37,
      "account_number": "089-0243"
    },
    {
      "id": "5800",
      "code": "0313",
      "type": "federal_account",
      "name": "Federal Salaries and Expenses, National Nuclear Security Administration, Energy",
      "amount": 512152910.15,
      "account_number": "089-0313"
    },
    {
      "id": "5935",
      "code": "3130",
      "type": "federal_account",
      "name": "Formerly Utilized Sites Remedial Action Program, Corps of Engineers-Civil",
      "amount": 311715936.11,
      "account_number": "096-3130"
    },
    {
      "id": "4123",
      "code": "1524",
      "type": "federal_account",
      "name": "Administrative Expenses, Energy Employees Occupational Illness Compensation Fund, Office of Workers' Compensation Programs, Labor",
      "amount": 144699490.64,
      "account_number": "016-1524"
    },
    {
      "id": "6112",
      "code": "3900",
      "type": "federal_account",
      "name": "Salaries and Expenses, Defense Nuclear Facilities Safety Board",
      "amount": 44185130.86,
      "account_number": "347-3900"
    },
    {
      "id": "5791",
      "code": "0249",
      "type": "federal_account",
      "name": "Defense Environmental Services, Energy",
      "amount": 0.0,
      "account_number": "089-0249"
    },
    {
      "id": "5790",
      "code": "0244",
      "type": "federal_account",
      "name": "Defense Nuclear Waste Disposal, Environmental and Other Defense Activities, Energy",
      "amount": 0.0,
      "account_number": "089-0244"
    }
  ]
}
Federal account response for subfunction 601: {
  "total": 0,
  "end_date": "2024-09-30T00:00:00Z",
  "results": []
}
Federal account response for subfunction 301: {
  "total": 0,
  "end_date": "2024-09-30T00:00:00Z",
  "results": []
}
Federal account response for subfunction 351: {
  "total": 0,
  "end_date": "2024-09-30T00:00:00Z",
  "results": []
}
Federal account response for subfunction 302: {
  "total": 0,
  "end_date": "2024-09-30T00:00:00Z",
  "results": []
}
Federal account response for subfunction 153: {
  "total": 0,
  "end_date": "2024-09-30T00:00:00Z",
  "results": []
}
Federal account response for subfunction 252: {
  "total": 0,
  "end_date": "2024-09-30T00:00:00Z",
  "results": []
}
Federal account response for subfunction 506: {
  "total": 0,
  "end_date": "2024-09-30T00:00:00Z",
  "results": []
}
Federal account response for subfunction 271: {
  "total": 0,
  "end_date": "2024-09-30T00:00:00Z",
  "results": []
}
Federal account response for subfunction 251: {
  "total": 0,
  "end_date": "2024-09-30T00:00:00Z",
  "results": []
}
Federal account response for subfunction 306: {
  "total": 0,
  "end_date": "2024-09-30T00:00:00Z",
  "results": []
}
Federal account response for subfunction 352: {
  "total": 0,
  "end_date": "2024-09-30T00:00:00Z",
  "results": []
}
Federal account response for subfunction 908: {
  "total": 0,
  "end_date": "2024-09-30T00:00:00Z",
  "results": []
}
Federal account response for subfunction 403: {
  "total": 0,
  "end_date": "2024-09-30T00:00:00Z",
  "results": []
}
Federal account response for subfunction 702: {
  "total": 0,
  "end_date": "2024-09-30T00:00:00Z",
  "results": []
}
Federal account response for subfunction 451: {
  "total": 0,
  "end_date": "2024-09-30T00:00:00Z",
  "results": []
}
Federal account response for subfunction 752: {
  "total": 0,
  "end_date": "2024-09-30T00:00:00Z",
  "results": []
}
Federal account response for subfunction 272: {
  "total": 0,
  "end_date": "2024-09-30T00:00:00Z",
  "results": []
}
Federal account response for subfunction 504: {
  "total": 0,
  "end_date": "2024-09-30T00:00:00Z",
  "results": []
}
Federal account response for subfunction 554: {
  "total": 0,
  "end_date": "2024-09-30T00:00:00Z",
  "results": []
}
Federal account response for subfunction 753: {
  "total": 0,
  "end_date": "2024-09-30T00:00:00Z",
  "results": []
}
Federal account response for subfunction 152: {
  "total": 0,
  "end_date": "2024-09-30T00:00:00Z",
  "results": []
}
Federal account response for subfunction 155: {
  "total": 0,
  "end_date": "2024-09-30T00:00:00Z",
  "results": []
}
Federal account response for subfunction 452: {
  "total": 0,
  "end_date": "2024-09-30T00:00:00Z",
  "results": []
}
Federal account response for subfunction 806: {
  "total": 0,
  "end_date": "2024-09-30T00:00:00Z",
  "results": []
}
Federal account response for subfunction 754: {
  "total": 0,
  "end_date": "2024-09-30T00:00:00Z",
  "results": []
}
Federal account response for subfunction 303: {
  "total": 0,
  "end_date": "2024-09-30T00:00:00Z",
  "results": []
}
Federal account response for subfunction 371: {
  "total": 0,
  "end_date": "2024-09-30T00:00:00Z",
  "results": []
}
Federal account response for subfunction 808: {
  "total": 0,
  "end_date": "2024-09-30T00:00:00Z",
  "results": []
}
Federal account response for subfunction 274: {
  "total": 0,
  "end_date": "2024-09-30T00:00:00Z",
  "results": []
}
Federal account response for subfunction 505: {
  "total": 0,
  "end_date": "2024-09-30T00:00:00Z",
  "results": []
}
Federal account response for subfunction 503: {
  "total": 0,
  "end_date": "2024-09-30T00:00:00Z",
  "results": []
}
Federal account response for subfunction 276: {
  "total": 0,
  "end_date": "2024-09-30T00:00:00Z",
  "results": []
}
Federal account response for subfunction 407: {
  "total": 0,
  "end_date": "2024-09-30T00:00:00Z",
  "results": []
}
Federal account response for subfunction 154: {
  "total": 0,
  "end_date": "2024-09-30T00:00:00Z",
  "results": []
}
Federal account response for subfunction 704: {
  "total": 0,
  "end_date": "2024-09-30T00:00:00Z",
  "results": []
}
Federal account response for subfunction 801: {
  "total": 0,
  "end_date": "2024-09-30T00:00:00Z",
  "results": []
}
Federal account response for subfunction 802: {
  "total": 0,
  "end_date": "2024-09-30T00:00:00Z",
  "results": []
}
Federal account response for subfunction 400: {
  "total": 0,
  "end_date": "2024-09-30T00:00:00Z",
  "results": []
}
Federal account response for subfunction 000: {
  "total": 0,
  "end_date": "2024-09-30T00:00:00Z",
  "results": []
}

=== Spending Breakdown ===

Agency: Access Board
  Subagencies:
  Federal Accounts (FY 2024):
    310-3200 - Salaries and Expenses, Access Board (Obligated: $8,713,121.61)
      Budget Functions:
        General Government: $8,713,121.61

Agency: Administrative Conference of the U.S.
  Subagencies:
  Federal Accounts (FY 2024):
    302-1700 - Salaries and Expenses, Administrative Conference of the United States (Obligated: $3,605,664.47)
      Budget Functions:
        General Government: $3,605,664.47

Agency: Advisory Council on Historic Preservation
  Subagencies:
  Federal Accounts (FY 2024):
    306-2300 - Salaries and Expenses, Advisory Council on Historic Preservation (Obligated: $11,045,796.28)
      Budget Functions:
        General Government: $11,045,796.28

Agency: Department of Defense
  Subagencies:
    Defense-Wide: Obligated: $389,100,616,231.89
    Department of the Navy: Obligated: $84,406,886,313.70
    Department of the Army: Obligated: $81,906,189,738.43
  Federal Accounts (FY 2024):
    097-0040 - Payments to Military Retirement Fund, Defense (Obligated: $151,521,000,000.00)
      Budget Functions:
        Defense-related activities: $151,521,000,000.00
    097-4930 - Department of Defense Working Capital Fund, Defense (Obligated: $159,375,755,095.31)
      Budget Functions:
        Department of Defense-Military: $159,375,755,095.31
    097-8097 - Department of Defense Military Retirement Fund (Obligated: $78,203,861,136.58)
      Budget Functions:
        Income Security: $78,203,861,136.58
    017-1804 - Operation and Maintenance, Navy (Obligated: $84,406,886,313.70)
      Budget Functions:
        Department of Defense-Military: $84,406,886,313.70
    021-2020 - Operation and Maintenance, Army (Obligated: $81,906,189,738.43)
      Budget Functions:
        Department of Defense-Military: $81,906,189,738.43
