id,label,kind,layer,ideology,magnitude,ein,source_url,notes,logo,country,slices,n_slices
abbott,Diane Abbott,person,party,,2,,https://en.wikipedia.org/wiki/Diane_Abbott,UK Labour (Corbyn shadow cabinet); member of the Mar 2018 CPC-summit delegation,,UK,rls-germany,1
afgj,Alliance for Global Justice,org,center,,25,86-0736784,https://www.influencewatch.org/organization/alliance-for-global-justice/|https://www.influencewatch.org/organization/hatuey-project/|https://projects.propublica.org/nonprofits/organizations/522094677,"Fiscal sponsor of ~122 left projects; successor to Nicaragua Network || Stale banner copy only; no named 990 line || Tucson-based fiscal sponsor umbrella (~130 projects); Arc of Justice grantee ($271K+, FY2009-22) || Tucson AZ; ~$5.2M rev; fiscal sponsor of ~130-150 projects; successor to Nicaragua Network",afgj.png,US,afgj-interlock|afgj-projects|hatuey|iran-network|latam-solidarity,5
albamov,ALBA Movimientos,concept,state,,,,https://peoplesdispatch.org/2022/02/14/its-time-for-our-america-alba-movements-to-hold-third-continental-assembly-in-argentina/,Social-movements arm of ALBA-TCP; personnel overlap with IPA Secretariat,,Venezuela,latam-solidarity,1
alhusseini,Ibrahim AlHusseini,person,party,,6,,https://en.wikipedia.org/wiki/Ibrahim_AlHusseini,Co-founder; Potential unregistered foreign agent.,,,singham-spine,1
alvin_benjamin,Alvin Benjamin (1920-2012),person,money,,34,,https://www.benjamindevco.com/founder.html,"Real estate developer, founder/president of The Benjamin Companies ($2B+ combined development). Medea Benjamin's father. Estate contributed $23,803,450 to Arc of Justice via two distributions (FY2015 $15M, FY2019 $8.8M).",,,iran-network,1
anderson-figueroa,Jo Anderson-Figueroa,person,party,,3,,https://jis.gov.jm/jamaicans-receive-scholarships-from-china/,"Secretary/Director, People's Support Foundation (PSF); recipient of Chinese Government Scholarship (2009), studied at Jilin University, China (International Relations)",,,singham-spine,1
ann_wright,Ann Wright,person,context,,,,https://www.democracynow.org/2019/2/27/codepinks_medea_benjamin_on_peace_delegation,"Retired U.S. Army colonel/former diplomat; co-organizer with Medea Benjamin of the Feb 2019 28-person CODEPINK Tehran delegation, co-signed the pre-trip statement, met FM Zarif, and was subjected to the same FBI secondary-screening/interrogation as Benjamin upon return. Additional source: https://www.commondreams.org/newswire/2019/02/26/statement-medea-benjamin-and-ann-wright-us-peace-organization-codepink. Not previously a node in singham-spine.",,,iran-network,1
answer,ANSWER Coalition,org,party,ml,,,https://www.answercoalition.org/,"Brian Becker, National Coordinator || Co-founded by Chuck Kaufman; PSL-aligned antiwar front",answer.png,US,hatuey|latam-solidarity,2
arc_of_justice,"Arc of Justice (fka Benjamin Fund, Inc.)",org,money,,40,84-1618483,https://projects.propublica.org/nonprofits/organizations/841618483,EIN 84-1618483; Miami private foundation; funds CODEPINK and AFGJ,,,iran-network,1
arlen_gomez,Arlen Benjamin-Gomez,person,money,,16,,https://projects.propublica.org/nonprofits/organizations/841618483,"Secretary, Arc of Justice / Benjamin Fund, 2014-2018 (990-PF, listed as 'Arlen Gomez'). Medea Benjamin's elder daughter; JD NYU Law; currently Executive Director, EdTrust-New York.",,,iran-network,1
atc,ATC — Asociación de Trabajadores del Campo,org,state,state,,,https://afgj.org/nicanotes-atc-defending-rural-workers-since-the-1970s,Sandinista-aligned rural workers' union; host of Friends-of-the-ATC delegations,atc.png,Nicaragua,latam-solidarity,1
baker_carolyn,Carolyn Baker,person,party,,4,,https://universityofthepoor.org/revolutionary-education-in-detroit/,"Executive Director, General Baker Institute (GBI); daughter of General Baker.",,,singham-spine,1
baker_gordon,General Gordon Baker Jr.,person,party,,3,,https://en.wikipedia.org/wiki/General_Baker,Co-founder; Member of foreign influence network.,,,singham-spine,1
balagun,Kazembe Balagun,person,money,,2,,https://rosalux.nyc/author/kazembebalagun/,"Project Manager North America/UN, RLS-NYC; formerly Education Coordinator at the Brecht Forum",,,rls-germany,1
bap,Black Alliance for Peace,org,veneer,panafrican,16.8,,https://blackallianceforpeace.com/,"Co-sponsored AFGJ July 2021 Nicaragua delegation; VZ solidarity statements || us_501c3_active; report §V-VI, VII. Allied to NNOC — built the militarization-site map (~1,335 US military commands) that NNOC's 2026 Rapid Response Plan di",bap.png,US,latam-solidarity|rubio-cuba,2
baptist,William Willie Baptist Jr.,person,party,,6,,https://peoplesforum.org/instructor/willie-baptist/,"People's Forum instructor; veteran poverty organizer — lead organizer, National Union of the Homeless; Education Director, Kensington Welfare Rights Union; lead organizer/educator, Poor People's Economic Human Rights Campaign; Poverty Initiative Scholar-in-Residence, Kairos Center.",,,singham-spine,1
belen,Matthew Matt Belen,person,party,,4,,https://www.imdb.com/name/nm11709082/,Network member; Member of foreign influence network.,,,singham-spine,1
bello,Walden Bello,person,party,,2,,https://keywiki.org/Rosa_Luxemburg_Stiftung,Progressive International Council member; featured at 'Bello on the BRICS' RLS-NYC event (Apr 2015),,Philippines,rls-germany,1
ben_becker,Ben Becker,person,party,,2,,https://www.liberationnews.org/05-09-01-psl-delegates-to-caracas-world-y-html | https://www.influencewatch.org/non-profit/breakthrough-news-btn/,"PSL Central Committee; BreakThrough News EIC (Singham-funded); m. Karina Garcia || PSL; authored the 2005 report on the PSL WFYS Caracas delegation || Founding member, Central Committee member; Potential unregistered foreign agent.",,US,hatuey|latam-solidarity|singham-spine,3
benjamin,Medea Benjamin,person,context,,30,,https://en.wikipedia.org/wiki/Medea_Benjamin,CODEPINK co-founder; president/Treasurer of Arc of Justice (fka Benjamin Fund) || Co-founder; org(s): Code Pink; §VII || Co-founder; Potential unregistered foreign agent.,,,iran-network|rubio-cuba|singham-spine,3
bertoldi,Manuel Bertoldi,person,state,,,,https://breakthroughnews.org/2020/08/28/why-us-political-scientists-are-arguing-that-evo-morales-should-be-the-president-of-bolivia/,ALBA Movimientos + IPA coordinator — personnel bridge,,Argentina,latam-solidarity,1
bounds,Tajee Bounds,person,party,,4,,https://peoplesforum.org/about/staff/,Executive Director; Potential unregistered foreign agent.,,,singham-spine,1
bournous,Yiannis Bournous,person,party,,2,,https://keywiki.org/Rosa_Luxemburg_Stiftung,SYRIZA International Relations head (Greece); member of the Mar 2018 CPC-summit delegation,,Greece,rls-germany,1
brease,Emily Brease,person,party,,6,,https://example.com/source-needed,Co-founder; Connected to Chinese Communist Party operations.,,,singham-spine,1
brecht_forum,Brecht Forum,org,veneer,,,,https://keywiki.org/Rosa_Luxemburg_Stiftung,NYC left cultural institution; Kazembe Balagun (RLS-NYC) was formerly its Education/Outreach Coordinator,,US,rls-germany,1
brian_becker,Brian Becker,person,party,,3,,https://www.influencewatch.org/person/brian-becker/,ANSWER National Coordinator; PSL co-founder; People's Forum instructor || Co-founder; Connected to Chinese Communist Party operations.,,,hatuey|singham-spine,2
btm,BreakThrough News,org,money,,,84-5071181,,,,,singham-spine,1
bugni,Renata Porto Bugni,person,money,,5,,https://example.com/source-needed,Led CoronaShock and Patriarchy study; interviewed MST leader Neuri Rossetto; Involved in genocide denial activities.,,,singham-spine,1
burke,Tom Burke,person,party,,,,https://fightbacknews.org/2019/7/23/frso-sends-delegation-sao-paolo-forum,FRSO Organization Secretary; led FSP 2019 Caracas delegation,,US,latam-solidarity,1
c3misc,Affiliated 501(c)(3),org,money,,,87-2461683,,,,,singham-spine,1
camacaro,William Camacaro,person,veneer,,,,https://afgj.org/communique-august-2-2024-alliance-for-global-justice-delegation-demands-respect-for-venezuelas-democracy-in-light-of-july-28-elections,AFGJ media contact; 2024 VZ delegation,,US,latam-solidarity,1
caruso,Christopher Chris Caruso,person,party,,6,,https://www.democracyatwork.info/acc_social_media_and_internet_pt2,Curriculum Developer; Potential unregistered foreign agent.,,,singham-spine,1
ccr,Center for Constitutional Rights,org,money,,18,,https://projects.propublica.org/nonprofits/organizations/841618483,"Received $400,000 from AoJ ($200,000 FY2020 + $200,000 FY2022) per 990-PF Schedule I, verified against grants.duckdb pf_grants (filer_ein 841618483). CCR's own EIN not independently confirmed in this corpus.",,,iran-network,1
cea_weaver,Cea Weaver,person,veneer,,2,,https://rosalux.nyc/100-days-of-mayor-mamdani-promising-progress/,"Multi-year RLS-NYC collaborator; NYC-DSA housing lead -> Mamdani admin (Mayor's Office to Protect Tenants, 2025)",,,rls-germany,1
chak,Tings Chak,person,party,,6,,https://tsinghua.academia.edu/TingsChak,Co-founder; Involved in genocide denial activities.,,,singham-spine,1
chanoine,Claudette Chanoine,person,money,,1,,https://www.grantmakers.io/profiles/v0/453658022-rosa-luxemburg-stiftung-inc/,"Financial Manager, RLS-NYC (2013-present); longest-serving staff — operational continuity across all directors",,,rls-germany,1
china,China (PRC),concept,state,,49,,,China — foreign-state tie hub,,China,singham-spine,1
chua,Heidi Chua,person,money,,2,,https://keywiki.org/Heidi_Easton_Chua_Schwa,Office Manager RLS-NYC FY2013-2018 (~$60K/yr) -> DSA Assistant to National Director Jan 2019+; active DSA member while on RLS payroll,,,rls-germany,1
chung,David Sung Mo Chung,person,party,,3,,https://peoplesforum.org/about/staff/,Executive Director; Potential unregistered foreign agent.,,,singham-spine,1
clarkgollub,Jill Clark-Gollub,person,veneer,,,,https://afgj.org/communique-august-2-2024-alliance-for-global-justice-delegation-demands-respect-for-venezuelas-democracy-in-light-of-july-28-elections,AFGJ delegate; Americas Without Sanctions; 2024 VZ delegation,,US,latam-solidarity,1
codepink,CODEPINK,org,context,,32,26-2823386,https://en.wikipedia.org/wiki/Code_Pink | https://en.wikipedia.org/wiki/CODEPINK,US antiwar org co-founded by Benjamin; led multiple Iran delegations || Women-for-Peace; IPA member; VZ solidarity brigades (2023/2026) || us_501c3_active; report §VII. NNOC member (formal coalition member; roster-verified),codepink.png,US,iran-network|latam-solidarity|rubio-cuba|singham-spine,4
conway,Marshall Eddie Conway,person,party,,3,,https://en.wikipedia.org/wiki/Eddie_Conway,Co-founder; Member of foreign influence network.,,,singham-spine,1
cook,Claire Cook,person,party,,4,,https://www.adl.org/resources/backgrounder/party-socialism-and-liberation-psl,Organizer (as of 2025); Member of foreign influence network.,,,singham-spine,1
cpc,Congressional Progressive Caucus,org,veneer,demsoc,,,https://keywiki.org/Rosa_Luxemburg_Stiftung,"US congressional caucus; hosted the Mar 2018 summit where an RLS-NYC-organized European-left delegation met Warren, Pelosi, Jayapal et al.",,US,rls-germany,1
craig,Hannah Priscilla Craig,person,party,,4,,https://peoplesforum.org/about/staff/,"Art, Culture and Communications Director; Member of foreign influence network.",,,singham-spine,1
croce,STEIN-DELLA CROCE,person,party,,4,,https://thetricontinental.org/team/,"English-language editing, translations, and publications management for Tricontinental (Source); Involved in genocide denial activities.",,,singham-spine,1
cuba,Cuba,concept,state,,12,,,Cuba — foreign-state tie hub,,Cuba,singham-spine,1
cultureproject,Culture Project,org,veneer,,,13-3898892,,,,,singham-spine,1
dagdelen,Sevim Dagdelen,person,party,,2,,https://keywiki.org/Rosa_Luxemburg_Stiftung,Die Linke deputy chair / Bundestag; in the RLS-NYC-organized delegation that met US members of Congress,,Germany,rls-germany,1
danaher,Maya (Mandela) Danaher,person,money,,16,,https://projects.propublica.org/nonprofits/organizations/841618483,"Treasurer, Arc of Justice / Benjamin Fund, all filing years (990-PF). Medea Benjamin's daughter. JD NYU Law 2018; Associate General Counsel, Citadel LLC (2025-present).",,,iran-network,1
deborah_benjamin,Deborah Coyle Benjamin,person,money,,16,,https://www.benjamindevco.com/executives.html,Alvin Benjamin's second wife (m. ~2000); President of The Benjamin Companies since 2012. Not an AoJ officer. Named co-defendant with the Benjamin Fund in Unger v. Coyle (2014-2016) inheritance litigation.,,,iran-network,1
delacruz,Claudia De la Cruz,person,party,,2,,https://www.influencewatch.org/non-profit/the-peoples-forum/|https://en.wikipedia.org/wiki/Claudia_de_la_Cruz|https://en.wikipedia.org/wiki/Claudia_De_la_Cruz,"People's Forum co-founder & co-Exec Director; PSL 2024 presidential nominee || People's Forum co-ED; PSL 2024 presidential candidate; IPA Caracas 2019 || Co-founder/Co-ED (People's Forum); ED (IFCO/Pastors for Peac; org(s): People's Forum, IFCO/Pastors for Peace, Code Pink, PSL; §VII || Co-Founder, Co-Executive Director (2018-2024), Board Member (2024-present); Connected to Chinese Communist Party operations.",,US,hatuey|latam-solidarity|rubio-cuba|singham-spine,4
delossantos,Manolo de los Santos,person,party,,1,,https://therealnews.com/international-election-observers-and-journalists-contest-claims-of-venezuela-election-fraud | https://peoplesforum.org/about/staff/ | https://www.yahoo.com/news/manolo-los-santos-leader-hamas-205656272.html,People's Forum co-founder / executive director || People's Forum co-ED; described as VZ 2024 'election monitor' (unverified-verbatim) || Co-founder/director; org(s): People's Forum; §VII || Executive Director; Involved in genocide denial activities.,,US,hatuey|latam-solidarity|rubio-cuba|singham-spine,4
die_linke,Die Linke,org,party,demsoc,,,https://en.wikipedia.org/wiki/Die_Linke,The Left Party (Germany); RLS is its affiliated foundation; former MPs run RLS-NYC,dielinke.png,Germany,rls-germany,1
dpaul,David Paul,person,veneer,,,,https://www.venezuelasolidaritynetwork.org/01282025,Sanctions Kill Coalition / Task Force on the Americas / DSA / Embassy Protection Collective; Jan 2025 Caracas anti-fascist festival delegate,,US,latam-solidarity,1
dsa,Democratic Socialists of America,org,veneer,demsoc,22.2,13-3109557,https://www.dsausa.org/|https://en.wikipedia.org/wiki/Democratic_Socialists_of_America,"Via International Committee: credentialed VZ 'observers' 2021 & 2024 || US 501(c)(4); recipient of RLS-NYC training funding, personnel, strategic publications & joint polling || us_501c3_active; report §V-VI, VII. NNOC member (formal coalition member; roster-verified)",dsa.png,US,latam-solidarity|rls-germany|rubio-cuba,3
dsa_fund,DSA Fund,org,veneer,demsoc,,,https://rosalux.nyc/new-poll-democratic-socialism-is-now-mainstream/,DSA's 501(c)(3) educational affiliate; co-commissioned the Nov 2025 poll with Jacobin + RLS-NYC,,US,rls-germany,1
duhalde,David Duhalde,person,veneer,,3,,https://rosalux.nyc/the-long-reroute/,DSA Fund chair; former DSA Deputy Director; RLS-NYC-commissioned author of 'The Long Reroute' (2025 DSA convention prep),,,rls-germany,1
dwilliams,David Williams,person,money,,1,,https://rosalux.nyc/about/,"Director, International Climate Justice Program, RLS-NYC; covered 2025 DSA Convention for rosalux.nyc",,,rls-germany,1
earle,Ethan Earle,person,money,,4,,https://ethanearle.info/curriculum-vitae/,Project Manager RLS-NYC 2012-2019; concurrently DSA International Committee co-chair; PEL North America WG; O4P coordinator,,,rls-germany,1
ehmsen,Stefanie Ehmsen,person,money,,1,,https://rosalux.nyc/about/,Co-ED RLS-NYC (2013-2018); rotated from RLS Berlin executive board,,,rls-germany,1
enkelmann,Dagmar Enkelmann,person,state,,1,,https://en.wikipedia.org/wiki/Rosa_Luxemburg_Foundation,"Chair, Rosa-Luxemburg-Stiftung e.V. (Berlin parent)",,Germany,rls-germany,1
ensler,Eve Ensler,person,party,,4,,https://en.wikipedia.org/wiki/Eve_Ensler,"Founder, President & Artistic Director of V-Day (per V-Day's most recent Form 990 and website).",,,singham-spine,1
estrada,Paola Estrada,person,state,,,,https://breakthroughnews.org/2020/03/19/imf-refuses-aid-to-venezuela-in-the-midst-of-the-coronavirus-crisis/,ALBA Movimientos (Brazil) + IPA Secretariat — personnel bridge,,Brazil,latam-solidarity,1
ev_antifa_festival_2025,International Anti-Fascist Festival (Caracas Jan 9-11 2025),concept,state,,,,https://orinocotribune.com/international-anti-fascist-festival-in-venezuela-ends-with-resolution-on-global-fight-against-fascism/,"2,000 delegates / 125 countries; parallel to Maduro inauguration",,Venezuela,latam-solidarity,1
ev_caracas_antifa_2024,Antifascist Congress of Caracas (Nov 28 2024),concept,state,,,,https://www.internacionalantifascista.org/antifascist-statement-of-caracas/,"1,100 delegates / 76 countries; Maduro credited; Caracas ""Executive Secretariat"". No public US roster.",,Venezuela,latam-solidarity,1
ev_fsp_caracas_2019,25th Foro de São Paulo (Caracas 2019),concept,state,,,,https://forodesaopaulo.org/memoria-del-xxv-encuentro-del-foro-de-sao-paulo-25-al-28-de-julio-de-2019-caracas-venezuela/,Maduro + Díaz-Canel spoke; FRSO delegation attended,,Venezuela,latam-solidarity,1
ev_ipa_founding_2019,IPA Founding Assembly (Caracas Feb 2019),concept,state,,,,https://breakthroughnews.org/2019/07/20/the-year-in-review-a-look-at-our-coverage/,"500 attendees / 87 countries; ""Dilemmas of Humanity"" process",,Venezuela,latam-solidarity,1
ev_maduro_inaug_2025,Maduro 3rd Inauguration (Jan 10 2025),concept,state,,,,https://en.wikipedia.org/wiki/Third_inauguration_of_Nicol%C3%A1s_Maduro,Only sitting presidents present: Díaz-Canel + Ortega. US sent NO delegation.,,Venezuela,latam-solidarity,1
ev_nica_delegation_2021,AFGJ Intl Delegation to Nicaragua (Jul 2021),concept,state,,,,https://afgj.org/statement-of-the-international-delegation-to-nicaragua-july-18-25-2021,AFGJ + ANSWER + Black Alliance for Peace; endorsed pre-election Sandinista govt,,Nicaragua,latam-solidarity,1
ev_nica_election_2021,Nicaragua General Election (Nov 2021),concept,state,,,,https://www.influencewatch.org/non-profit/alliance-for-global-justice/,"Ortega re-election; no independent observers permitted; AFGJ ""declared full confidence""",,Nicaragua,latam-solidarity,1
ev_vz_election_2024,Venezuela Presidential Election (Jul 28 2024),concept,state,,,,https://en.wikipedia.org/wiki/2024_Venezuelan_presidential_election,"Target of US-left ""international accompaniment"" (CNE-organized, ~900 from 100+ countries)",,Venezuela,latam-solidarity,1
ev_wfys_2005,16th World Festival of Youth & Students (Caracas 2005),concept,state,,,,https://www.liberationnews.org/05-09-01-psl-delegates-to-caracas-world-y-html,"Caracas Aug 2005; ~15,000 youth / 144 countries; 700 US delegates",,Venezuela,latam-solidarity,1
evans,Jodie Evans,person,money,,24,,https://projects.propublica.org/nonprofits/organizations/262823386|https://en.wikipedia.org/wiki/Jodie_Evans|https://www.facebook.com/jodie.evans.169/,"Co-founder CODEPINK (Nov 2002); President per 990 officer data 2019-2022. Also President, People's Support Foundation (Singham vehicle, EIN 82-1202926). Married Neville Roy Singham 2017. || Co-founder; Singham spouse; org(s): Code Pink, People's Forum, (Singham); §VII || Co-founder (2002), Board of Directors; Potential unregistered foreign agent.",,,iran-network|rubio-cuba|singham-spine,3
fars_news,Fars News Agency,org,state,state,,,https://www.nejatngo.org/en/posts/9569,Iranian state-controlled outlet; press conference held at its College of Journalism,,Iran,iran-network,1
fernandes,Marco Fernandes,person,party,,6,,https://valdaiclub.com/about/experts/28895/,"Marco Fernandes is a researcher at Tricontinental: Institute for Social Research, co-founder/co-editor of Dongsheng (News on China), member of the No Cold War campaign, and Brazilian representative to the BRICS Civil Council (per Valdai Club bio). Drop the unsourced ""potential unregistered foreign agent"" label — no source states or evidences FARA-registrable conduct.",,,singham-spine,1
fes,Friedrich Ebert Stiftung Inc (FES),org,money,,,13-3173769,"https://www.causeiq.com/organizations/friedrich-ebert-stiftung,133173769/",SPD-affiliated; ~$1.23M FY2024; transatlantic policy/labor,,Germany,rls-germany,1
fns,Friedrich Naumann Foundation (FNS),org,money,,,,https://en.wikipedia.org/wiki/Political_foundation_in_Germany,"FDP-affiliated; trade/free markets; HAS a US 501(c)(3) presence — Friedrich Naumann Foundation North America (EIN 52-1758591, Washington DC), running Transatlantic Dialogue and World Order/Globalization Hub programs; activity is dialogue/conferences/study tours.",,Germany,rls-germany,1
friendsatc,Friends of the ATC,org,party,,,,https://afgj.org/friends-of-the-atc-delegation-announcement,AFGJ/Nicaragua Network project; runs delegations to the Sandinista ATC,,US,latam-solidarity,1
frso,Freedom Road Socialist Organization,org,party,ml,,,https://fightbacknews.org/,US M-L org; FSP + Maduro-recognized delegations,,US,latam-solidarity,1
fsln,FSLN — Sandinista National Liberation Front,org,state,state,,,https://en.wikipedia.org/wiki/Sandinista_National_Liberation_Front,"Nicaragua ruling party || Nicaragua's governing party (canonical, = latam slice). Report §I-III cites its 1979 armed origins & Cuban patronage; typed as governing party/state, NOT a designated FTO.",fsln.png,Nicaragua,latam-solidarity|rubio-cuba,2
fsp,Foro de São Paulo,concept,state,,,,https://en.wikipedia.org/wiki/S%C3%A3o_Paulo_Forum,Hemispheric left-party forum (1990); 25th Encuentro Caracas 2019,,Brazil,latam-solidarity,1
garcia,Karina Garcia,person,party,,1,,https://www.liberationatl.org/events/meet-psl-vice-presidential-candidate-karina-garcia,PSL 2024 VP nominee; Central Committee || Executive Director; Connected to Chinese Communist Party operations.,,,hatuey|singham-spine,2
gbi,General Baker Institute,org,party,,,81-1174658,,,,,singham-spine,1
german_gov,German Federal Government,concept,state,,,,https://en.wikipedia.org/wiki/Political_foundation_in_Germany,Bundestag appropriation; EUR 697M/yr (2023) to all 6 party foundations via 5 ministries; funding formula keyed to party electoral results,,Germany,rls-germany,1
ghost_officers,Ghost Officers (5 unidentified signers),concept,money,,16,,https://projects.propublica.org/nonprofits/organizations/841618483,"Form 990-PF signature blocks for Arc of Justice (fka The Benjamin Fund, EIN 84-1618483) FY2006-2012 were signed by individuals who do not match the officers formally listed in Part VIII (Medea Susan Benjamin-President, Kirsten Irgens-Moller-Secretary, Kevin Danaher-Treasurer), using informal titles ('Exec. Director,' 'Secy Bd of Director') not found in Part VIII (distinct signer names/initials appear on the FY2006, 2007, 2008, 2009, 2010, and 2012 returns). The pattern ends by FY2014, when Medea Susan Benjamin appears as the return's named President alongside Maya Danaher (Treasurer) and Arlen Gomez (Secretary).",,,iran-network,1
global_exchange,Global Exchange,org,money,,24,94-3066686,https://projects.propublica.org/nonprofits/organizations/943066686|https://globalexchange.org/,"Co-founded 1988 by Benjamin, Danaher, Irgens-Moller. AoJ's largest grantee pre-2015 era ($60K-$405K/yr) while Irgens-Moller simultaneously ran GE and administered AoJ. || us_501c3_active; report §VII. NNOC member (formal coalition member; roster-verified)",,,iran-network|rubio-cuba,2
gonzales,Kate Gonzales,person,party,,4,,https://peoplesforum.org/about/staff/,Executive Director; Potential unregistered foreign agent.,,,singham-spine,1
goodwin,Alicia Thilani Singham Goodwin,person,party,,3,,https://news.mit.edu/2014/nine-mit-students-and-alumni-win-fulbright-grants,Organizer 'for the past decade' (reported July 2025); Connected to Chinese Communist Party operations.,,,singham-spine,1
grassroots_intl,Grassroots International,org,money,,28,04-2791159,https://projects.propublica.org/nonprofits/organizations/042791159,"Boston-based re-granter; confirmed Arc of Justice (Medea Benjamin's foundation, funds CODEPINK/AFGJ) grantee with at least $750K documented ($250K in 2020, $500K in 2022, both 'general support'), among AoJ's largest grantees per Candid/990-PF data. Re-grants to Palestine, Honduras (COPINH, OFRANEH), Puerto Rico, Haiti, Brazil, and Mesoamerica movements.",,,iran-network,1
grenyion,Kristen Grenyion,person,party,,4,,https://web.archive.org/web/20230808055155/https://www.oneloveunionjodieandroy.com/,Event logistics coordinator; Connected to Chinese Communist Party operations.,,,singham-spine,1
gunther,Andreas Günther,person,money,,2,,https://rosalux.nyc/about/,"Head of Office, RLS-NYC (2018–2024); former Director of International Policy, Die Linke",,,rls-germany,1
hamby,Ryan Hamby,person,party,,4,,https://peoplesforum.org/about/staff/,"General Manager, People's Forum (per FY2024 IRS Form 990).",,,singham-spine,1
harris,Roger D. Harris,person,veneer,,,,https://consortiumnews.com/2024/07/30/venezuela-as-us-leaders-call-fraud-us-observers-endorse-results/,Task Force on the Americas / US Peace Council; VZ 2024 election accompanier (Miranda),,US,latam-solidarity,1
hatuey,The Hatuey Project,project,center,,,,https://www.hatueyproject.org/,"Founded Apr 2022; Cuba ""medical aid""; no independent EIN; coordinator Gloria La Riva",hatuey.png,,hatuey,1
hbs,Heinrich Boell Foundation (HBS),org,money,,,52-2168529,https://us.boell.org/en/who-we-are,Greens-affiliated; ~$1.78M FY2024; climate/democracy/gender,,Germany,rls-germany,1
henderson,Rita Henderson,person,party,,4,,https://newlinesmag.com/reportage/the-big-business-of-uyghur-genocide-denial/,Operations Manager (2019-2021); Involved in genocide denial activities.,,,singham-spine,1
hispantv,HispanTV,org,state,state,,,https://www.algemeiner.com/2023/10/31/hispantv-is-irans-propaganda-arm-in-latin-america-why-is-it-still-being-broadcast/,"Spanish-language IRIB outlet, OFAC-sanctioned alongside Press TV",,Iran,iran-network,1
hoyt,Katherine Hoyt,person,veneer,,,,https://afgj.org/about/board-of-directors,AFGJ National Co-Coordinator 2003-2016; board; ex-Sandinista govt translator,,US,latam-solidarity,1
hrizi,Nathalie Patricia Hrizi,person,party,,4,,https://www.ussearch.com/people-search/nathalie-hrizi/,Oversees SFUSD substitute teacher pool (reduced from 500+ to ~200 during pandemic) [Source: https://www.kqed.org/news/11898251/i-learned-nothing-for-three-weeks-bay-area-sub-shortage-leaves-students-h; Member of foreign influence network.,,,singham-spine,1
hss,Hanns Seidel Foundation USA (HSS),org,money,,,51-0635136,"https://www.causeiq.com/organizations/hanns-seidel-foundation-usa,510635136/",CSU-affiliated; security/dialogue,,Germany,rls-germany,1
hu,Rachel Hu,person,money,,6,,https://www.linkedin.com/in/rachel-hu-5b707a22a/,National organizer and educator on 'radical organizing in the Asian American community' [Source: https://www.liberationschool.org/class-the-legacy-of-asian-american-struggle/]; Connected to Chinese Communist Party operations.,,,singham-spine,1
hub_andira_alves,Andira Alves,person,party,,3,,https://www.hatueyproject.org/,Interlock hub — cited in 3 AFGJ-project people's bios,,,afgj-interlock,1
hub_assata_shakur,Assata Shakur,person,party,,2,,https://www.citybureau.org/stories/2018/3/1/who-are-assatas-daughters-a-qa-with-founder-page-may|https://thetriibe.com/2025/12/assata-shakur-an-enduring-legacy-that-serves-as-the-blueprint-for-black-liberation/|https://en.wikipedia.org/wiki/Assata_Shakur,"Interlock hub — cited in 2 AFGJ-project people's bios || BLA member; Cuba fugitive; org(s): Black Liberation Army, Assata's Daughters (namesake); §V-VI, VII",,Cuba,afgj-interlock|rubio-cuba,2
hub_autonomous_tenants_union,Autonomous Tenants Union,org,party,,2,,https://www.influencewatch.org/organization/chicago-housing-justice-league-chjl/,Interlock hub — cited in 2 AFGJ-project people's bios,,,afgj-interlock,1
hub_communities_united,Communities United,org,party,,2,,https://lcbh.org/lcbh-helps-save-the-kcro/|https://www.influencewatch.org/organization/chicago-housing-justice-league-chjl/,Interlock hub — cited in 2 AFGJ-project people's bios,,,afgj-interlock,1
hub_dead_prez,Dead Prez,org,party,,2,,https://www.berklee.edu/people/tef-poe|https://www.youthvsapocalypse.org/our-board,Interlock hub — cited in 2 AFGJ-project people's bios,,,afgj-interlock,1
hub_dream_defenders,Dream Defenders,org,party,panafrican,2,,https://colorlines.com/articles/michael-brown-one-year-later|https://www.berklee.edu/people/tef-poe,Interlock hub — cited in 2 AFGJ-project people's bios,,,afgj-interlock,1
hub_green_party,Green Party,org,party,,2,,https://www.gp.org/2018_sc_elections|https://www.economichumanrights.org/speaking-engagements/,Interlock hub — cited in 2 AFGJ-project people's bios,,,afgj-interlock,1
hub_green_shadow_cabinet,Green Shadow Cabinet,org,party,,2,,https://www.gp.org/2018_sc_elections|https://en.wikipedia.org/wiki/Kevin_Zeese,Interlock hub — cited in 2 AFGJ-project people's bios,,,afgj-interlock,1
hub_hugo_chavez,Hugo Chavez,person,party,,2,,https://findingaids.library.nyu.edu/tamwag/tam_715/|https://cindysheehanssoapbox.blogspot.com/2018/02/?m=0,Interlock hub — cited in 2 AFGJ-project people's bios,,Venezuela,afgj-interlock,1
hub_ifnotnow,IfNotNow,org,party,,2,,https://www.laprogressive.com/author/mnovick|https://www.commondreams.org/news/2020/03/24/because-anne-frank-did-not-die-gas-chamber-jewish-activists-cite-disease-nazi-death,Interlock hub — cited in 2 AFGJ-project people's bios,,,afgj-interlock,1
hub_lawyers_better_housing,Lawyers’ Committee for Better Housing,org,party,,2,,https://www.influencewatch.org/organization/chicago-housing-justice-league-chjl/,Interlock hub — cited in 2 AFGJ-project people's bios,,,afgj-interlock,1
hub_leni_villag_mez_reeves,Leni Villagómez Reeves,person,party,,3,,https://www.hatueyproject.org/,Interlock hub — cited in 3 AFGJ-project people's bios,,,afgj-interlock,1
hub_massachusetts_bail,Massachusetts Bail Fund,org,party,,2,,https://worldpeacefoundation.org/blog/interview-with-michael-cox-solidarity-is-the-bedrock-of-advancing-lgbtq-rights-in-prison/|https://www.justice.gov/usao-wdok/pr/executive-director-black-lives-matter-okc-charged-wire-fraud-and-money-laundering,Interlock hub — cited in 2 AFGJ-project people's bios,,,afgj-interlock,1
hub_military_families_speak_out,Military Families Speak Out,org,party,,2,,https://findingaids.library.nyu.edu/tamwag/tam_715/|https://www.veteransforpeace.org/files/6313/4091/4233/newsletter_summer2012.pdf,Interlock hub — cited in 2 AFGJ-project people's bios,,,afgj-interlock,1
hub_mott_haven_port_morris_community_land_st,Mott Haven-Port Morris Community Land Stewards,org,party,,3,,https://www.southbronxunite.org/our-board|https://www.southbronxunite.org/our-board?locale=es,Interlock hub — cited in 3 AFGJ-project people's bios,,,afgj-interlock,1
hub_movement_netlab,Movement NetLab,org,party,,3,,https://adastra.management/team|https://commonslibrary.org/the-movement-compass-and-worksheet/|https://worldfellowship.org/event/understanding-antisemitism-and-its-instrumentalization-through-a-power-analysis-lens-tamara-shapiro-organizer/,Interlock hub — cited in 3 AFGJ-project people's bios,,,afgj-interlock,1
hub_occupy_sandy,Occupy Sandy,org,party,,4,,https://www.nateforcongress.com/about-nate-kleinman|https://www.bustle.com/p/what-is-the-march-for-racial-justice-its-mission-is-worthy-of-your-attention-2454473|https://www.influencewatch.org/non-profit/movement-netlab/|https://worldfellowship.org/event/understanding-antisemitism-and-its-instrumentalization-through-a-power-analysis-lens-tamara-shapiro-organizer/,Interlock hub — cited in 4 AFGJ-project people's bios,,,afgj-interlock,1
hub_occupy_wall_street,Occupy Wall Street,org,party,,3,,https://www.influencewatch.org/organization/interoccupy/|https://www.nateforcongress.com/about-nate-kleinman|https://www.influencewatch.org/non-profit/movement-netlab/,Interlock hub — cited in 3 AFGJ-project people's bios,,,afgj-interlock,1
hub_opposed_to_militarism_draft,Committee Opposed to Militarism & the Draft,org,party,,3,,https://www.nnomy.org/about-us/steering-committee|https://www.prcsd.org/who-we-are/,"Interlock hub — named in bios of 3 people (Gary Ghirardi, Oren Robinson, Rick Jahnkow) via prcsd.org and nnomy.org",,,afgj-interlock,1
hub_revolutionary_communist_party_usa,"Revolutionary Communist Party, USA",org,party,ml,2,,https://revcom.us/en/quick/472en.php|https://revcom.us/movement-for-revolution/stop-mass-incarceration/stop-mass-incarceration-carl-dix.html,Interlock hub — RCP-USA founding member Carl Dix co-initiated Refuse Fascism; RCP-USA supporters Sunsara Taylor & Debra Sweet co-founded World Can't Wait (both AFGJ-network projects),,,afgj-interlock,1
hub_talib_kweli,Talib Kweli,person,party,,2,,https://www.berklee.edu/people/tef-poe|https://www.youthvsapocalypse.org/our-board,Interlock hub — cited in 2 AFGJ-project people's bios,,,afgj-interlock,1
hub_trans_justice_funding,Trans Justice Funding Project,org,party,,2,,https://www.tucsonspotlight.org/collective-builds-community/,Interlock hub — cited in 2 AFGJ-project people's bios,,,afgj-interlock,1
hub_will_kohr,Will Kohr,person,party,,3,,https://www.hatueyproject.org/,Interlock hub — cited in 3 AFGJ-project people's bios,,,afgj-interlock,1
hub_women_in_black,Women in Black,org,party,,2,,https://www.bates.edu/news/2004/10/06/feminist-peace-activists-working-in-israel-offer-a-pair-of-lectures/|https://afsc.org/sites/default/files/documents/Profiles%20of%20Peace%20Low%20Resolution.pdf,Interlock hub — cited in 2 AFGJ-project people's bios,,,afgj-interlock,1
hub_women_s_march,Women’s March,org,party,,3,,https://adastra.management/team|https://www.brownmanrunning.com/|https://sites.middlebury.edu/middblogs/2019/09/26/sign-up-for-one-on-one-chats-with-alumni-at-the-global-health-field-guide/,Interlock hub — cited in 3 AFGJ-project people's bios,,,afgj-interlock,1
icap,ICAP,org,state,state,,,https://www.radiohc.cu/en/the-hatuey-project-of-the-united-states-reaffirms-its-solidarity-with-cuba/ | https://www.cubaheadlines.com/articles/338317,"Cuban Institute for Friendship w/ Peoples; Pres. Fernando Gonzalez Llort || foreign_state_entity; report §IV, VII, VIII. HUB — central node of the entire Cuban influence network; organizing hub facing the NNOC 501(c)(3) coalition; run by con",,,hatuey|rubio-cuba,2
ipa,International Peoples' Assembly,concept,party,,,,https://en.wikipedia.org/wiki/International_Peoples%27_Assembly,Founded Caracas Feb 2019; Tricontinental/People's Forum-anchored convening network,,Venezuela,latam-solidarity,1
ips,Institute for Policy Studies,org,veneer,,,52-0788947,https://www.ips-dc.org/,US left think tank; staff participated in RLS-NYC convenings,,US,rls-germany|singham-spine,2
iran,Islamic Republic of Iran (state),concept,state,,6,,,Iranian state hub node for generalized travel/access claims || Iran — foreign-state tie hub,,Iran,iran-network|singham-spine,2
iran_foreign_ministry,Iranian Ministry of Foreign Affairs,org,state,state,,,https://www.codepink.org/codepink_peace_delegation_meeting_with_the_mohammad_javad_zarif,Hosted CODEPINK delegation meetings in 2008 and 2019,,Iran,iran-network,1
iranian_red_crescent,Iranian Red Crescent Society,org,state,state,,,https://www.codepink.org/2_us_citizens_participate_in_iranian_peace_boat_to_stop_saudi_attacks_on_yemen,Sponsored 2015 peace-boat voyage to protest Saudi strikes on Yemen,,Iran,iran-network,1
irgc,Islamic Revolutionary Guard Corps (IRGC),org,state,state,,,https://home.treasury.gov/news/press-releases/sm611,IRGC-Qods Force found by OFAC to have used New Horizon conferences for recruitment/intel collection,,Iran,iran-network,1
irgens_moller,Kirsten Irgens-Moller,person,money,,18,,https://www.sourcewatch.org/index.php/Kirsten_Moller,"Danish-born Global Exchange co-founder/ED (1988-2011), later Secretary. Only compensated Benjamin Fund officer (Secretary, $10K/yr FY2006-2013); lived at Benjamin/Danaher's SF address. IRS flagged uncorrected self-dealing (IRC 4941) FY2011-2013 for her dual role.",,,iran-network,1
jacobin,Jacobin,org,veneer,demsoc,,,https://rosalux.nyc/new-poll-democratic-socialism-is-now-mainstream/|https://jacobin.com,"Left media, founded by Sunkara; co-sponsored RLS-NYC events; co-commissioned Nov 2025 poll; editorially intertwined with DSA || media_llc; report §I-III. 2026 article quoted approvingly on Cuba's role in ""decolonizing"" Marxist thought — identify exact piece.",,US,rls-germany|rubio-cuba,2
janequine,Olivia Goncalves Janequine,person,party,,5,,https://projects.propublica.org/nonprofits/organizations/824975378,Former Board Chair/Director of Justice and Education Fund (JEF) per 2018-2019 IRS Form 990 filings (not Executive Director as previously listed).,,,singham-spine,1
jef,Justice and Education Fund (JEF),org,money,,18,82-4975378,https://projects.propublica.org/nonprofits/organizations/824975378,"Singham/PSF downstream grantmaking vehicle. Parallel-funds AoJ's grantees CODEPINK ($360,591, 2021-2022) and AFGJ ($10,000, 2022), independent of AoJ's own grant flow. || Singham's primary US funding vehicle; >$20M into the network",,,iran-network|singham-spine,2
jonathan_raggett,Jonathan 'Jonny' Raggett,person,money,,16,,https://projects.propublica.org/nonprofits/organizations/841618483,"Secretary, Arc of Justice / Benjamin Fund, 2019-present (990-PF). Maya Danaher's partner. VP Strategic Partnerships, Via Transportation.",,,iran-network,1
jordan,James Patrick Jordan,person,veneer,,,,https://afgj.org/category/james-jordan,AFGJ National Co-Coordinator / current President,,US,latam-solidarity,1
jvp,Jewish Voice for Peace (JVP),org,context,,,,https://www.adl.org/resources/backgrounder/jewish-voice-peace-jvp,Not present in singham-spine nodes/edges prior to this extraction. Flagged in the separate 'Revolutionary Network in America' NCRI-adjacent synthesis (/Users/xero/xero/reports/ncri-revolutionary-network/synthesis/final-synthesis-report.md) as a bridge organization; its Rabbinical Council has a documented individual-level Iran contact (see 'stein' node).,,,iran-network,1
kas,Konrad Adenauer Stiftung Inc (KAS),org,money,,,81-4628400,https://www.kas.de/en/web/usa,CDU-affiliated; ~$882K FY2024; transatlantic relations,,Germany,rls-germany,1
kaufman,Chuck Kaufman,person,veneer,,,,https://afgj.org/chuck-kaufman-presente,AFGJ + ANSWER co-founder (d. Dec 28 2021); coordinated BOTH Nicaragua Network & Venezuela Solidarity Network,,US,latam-solidarity,1
khalek,Rania Abdul Khalek,person,party,,5,,https://x.com/RaniaKhalek,"Chief Correspondent / host at BreakThrough News (not a co-founder — PSL's Brian Becker and Eugene Puryear are the outlet's co-founders); outlet described as 'spearheaded by' Khalek in pressing Uyghur genocide denial, per New Lines Magazine investigation.",,,singham-spine,1
kleiner,Franziska Kleiner,person,party,,4,,https://www.eulenspiegel.com/autoren/autor/4-franziska-kleiner.html,Executive Director; Involved in genocide denial activities.,,,singham-spine,1
kovalik,Dan Kovalik,person,veneer,,,,https://www.answercoalition.org/afgj_s_chuck_kaufman_takes_on_imperialist_myths_in,Solidarity lawyer/author; photo credit on AFGJ Ortega piece,,US,latam-solidarity,1
kramer,Marian Kramer,person,party,,5,,https://voicesfromthegrassroots.org/kramer-baker-marian/,Co-founder; Member of foreign influence network.,,,singham-spine,1
krouth,Kristine Teresa Krouth,person,party,,4,,https://projects.propublica.org/nonprofits/organizations/834705654,"Former Administrator, 'Office of Roy Singham,' ThoughtWorks (per public employment-history record; role listed alongside separate 'Administrator, Thoughtworks' entry); now President/Director of Peoples Welfare Association (PWA), a Madison WI 501(c)(4) that received $14.9M in 2022 from People's Support Foundation (PSF), the Singham-network conduit accused of channeling concealed international grants through PWA. 'Potential unregistered foreign agent' is inferential from the broader network's ongoing DOJ/FARA scrutiny, not documented specifically against Krouth.",,,singham-spine,1
kuang,Savannah Kuang,person,veneer,,,,https://www.persuasion.community/p/the-democratic-socialists-of-america,DSA; sole individual claimed accredited to 2024 VZ election (single opinion source),,US,latam-solidarity,1
lariva,Gloria La Riva,person,state,,1,,https://www.hatueyproject.org/|https://en.wikipedia.org/wiki/Gloria_La_Riva,"Gloria La Riva, Coordinator, The Hatuey Project || PSL founder; 2016+2020 pres candidate; Hatuey coordinator || Co-founder; Involved in genocide denial activities.",,,afgj-interlock|hatuey|singham-spine,3
leila_zand,Leila Zand,person,context,,,,https://www.codepink.org/leila_zand,CODEPINK 'Director of Citizen Diplomacy with Iran' (advisory board + staff); Iranian-American Track II diplomacy specialist. Coordinated Fellowship of Reconciliation's 14-person Iran delegation concurrent with CODEPINK's Nov 2008 trip; operational link arranging meetings with Iranian Foreign Ministry and parliamentarians across the 2008 and 2019 delegations. Not previously a node in singham-spine. Source also in local file /Users/xero/xero/research/people/codepink-leadership.yaml.,,,iran-network,1
liebich,Stefan Liebich,person,money,,3,,https://en.wikipedia.org/wiki/Stefan_Liebich,"ED RLS-NYC (2023+); Die Linke Bundestag 2009-2021, foreign-affairs group chair; wrote '100 Days of Mayor Mamdani'",,,rls-germany,1
lowengard,Elizabeth Lowengard,person,party,,5,,https://www.guidestar.org/profile/94-3382208,"Treasurer of Progress Unity Fund (2015-2024), the Singham-network fiscal sponsor.",,,singham-spine,1
luvela,Smangele Luvela,person,party,,4,,https://sadc-gmi.org/ms-smangele-luvela/,Executive Director; Member of foreign influence network.,,,singham-spine,1
ma,"Simon Ma, MD, MPH",person,state,,1,,https://www.hatueyproject.org/,"Simon Ma, MD, MPH, Family Medicine || Kaiser",,,afgj-interlock|hatuey,2
maduro,Nicolás Maduro,person,state,,,,https://en.wikipedia.org/wiki/Nicol%C3%A1s_Maduro,President of Venezuela (PSUV); state patron of the solidarity events,,Venezuela,latam-solidarity,1
marsh,"Nadia Marsh, MD",person,state,,1,,https://www.alicewalkersgarden.com/home/alice-walkers-garden-home-page-2022/,Cuba needs massive help to recover! The ANSWER Coalition and the Hatuey Project appeal to you to help Cuba in their time of need. || Real 35-yr internist (UNM) AND 'member of ANSWER' per Hatuey's own copy,,,afgj-interlock|hatuey,2
maura,Eduardo Maura,person,party,,2,,https://keywiki.org/Rosa_Luxemburg_Stiftung,Podemos MP (Spain); member of the Mar 2018 CPC-summit delegation,,Spain,rls-germany,1
mcalevey,Jane McAlevey,person,veneer,,1,,https://www.rosalux.de/en/o4p,Labor organizer; designed the Organizing for Power curriculum funded by RLS and coordinated by Earle,,,rls-germany,1
mccarthy,Bobbette McCarthy,person,party,,3,,https://www.linkedin.com/in/bobbette-mccarthy-0b8a54a8/,Co-founder; Member of foreign influence network.,,,singham-spine,1
mfernandez,Mariana Fernandez,person,money,,1,,https://rosalux.nyc/cuba-is-being-strangled/,"Staff/Program Manager, RLS-NYC; authored 'Cuba Is Being Strangled' (RLS-NYC, published Mar 27, 2026), a piece on the U.S. blockade of Cuba",,,rls-germany,1
minsap,MINSAP (Cuban Health Ministry),org,state,state,,,,Aldo Grandal; C.A. Martinez Blanco,,,hatuey,1
moseley,Saidi Moseley,person,party,,3,,https://peoplesforum.org/about/staff/,Executive Director; Member of foreign influence network.,,,singham-spine,1
ncri_report,Following the Benjamins: How a $48 Million Foundation Operated an Iran-Aligned Influence Network Outside State Oversight in Florida,concept,context,,,,https://networkcontagion.us/reports/following-the-benjamins-how-a-48-million-foundation-operated-an-iran-aligned-influence-network-outside-state-oversight-in-florida/,"NCRI, May 2026, 34pp/135fn. Anchor report for the Arc of Justice (fka The Benjamin Fund) / Medea Benjamin network. Documents: New Horizon 2014 (OFAC-designated IRGC-Qods Force recruitment platform), Feb 2019 28-person CODEPINK Tehran delegation (Press TV/HispanTV stops, 90-min FM Zarif meeting, Fars News presser), 61-call Press TV CDR contact history (2nd-highest in NCRI's Hidden Switchboard dataset), CODEPINK/AFGJ-Samidoun/NIAC fiscal-sponsorship opacity, Cuba/ICAP operations. Caveat: several local drafts (article-v1 through v4 in ncri-tehran-tampa/articles/) mistakenly link this title to the PDF for a DIFFERENT, earlier NCRI report ('From Tehran to Tampa,' Apr 2026, 36pp) — the URL above is the corrected one used in article-v5-annotated.md and confirmed in the internal QA pass (qa-10-assessment-and-footnotes.md).",,,iran-network,1
new_horizon,New Horizon Organization,org,state,state,,,https://home.treasury.gov/news/press-releases/sm611,OFAC-designated Feb 13 2019 (EO 13224) as IRGC-QF recruitment/intel platform; conference host in Tehran,,Iran,iran-network,1
niac,National Iranian American Council (NIAC),org,context,,,,https://www.cotton.senate.gov/news/press-releases/cotton-cruz-braun-urge-doj-to-investigate-niac-for-potential-fara-violations,"US-based Iranian-American advocacy org; subject of Jan 2020 Senate FARA referral (Cotton/Cruz/Braun); Arc of Justice grantee ($10K FY2015, $10K FY2016 -- funding relationship omitted from edges per relation-type restrictions)",,,iran-network,1
nicanet,Nicaragua Network,org,party,,,,https://afgj.org/programs/nicaragua-network,Founding project of AFGJ (1979; dissolved into AFGJ 1998); now AFGJ Nicaragua program,,US,latam-solidarity,1
nlg,National Lawyers Guild,org,veneer,,37.7,,https://nlginternational.org/|https://www.nlg.org/,Sent 5 election observers to VZ Jul 2024 || us_501c3_active; report §VII. NNOC member (formal coalition member; roster-verified),nlg.png,US,latam-solidarity|rubio-cuba,2
nmeyer,Neal Meyer,person,money,,2,,https://keywiki.org/Neal_Meyer,Assistant Office Manager RLS-NYC (in 990-PF) + DSA Bread & Roses lead organizer + NYC-DSA treasurer 2016-2018,,,rls-germany,1
nunez,Marlon Matthew Nunez,person,veneer,,,,https://afgj.org/communique-august-2-2024-alliance-for-global-justice-delegation-demands-respect-for-venezuelas-democracy-in-light-of-july-28-elections,DSA International Committee / Venezuela Solidarity Network; 2024 VZ delegation,,US,latam-solidarity,1
o4p,Organizing for Power (O4P),project,money,,,,https://www.rosalux.de/en/o4p,"RLS global training program (not a separate legal entity); 40,000+ organizers / 1,800+ orgs / 115 countries since 2019; run by Earle",,,rls-germany,1
ortega,Daniel Ortega,person,state,,,,https://en.wikipedia.org/wiki/Daniel_Ortega,President of Nicaragua; FSLN,,Nicaragua,latam-solidarity,1
p_411_collective,411 Collective,project,veneer,,,,https://www.411collective.com/,Art · Anti-capitalist; pluralist,,,afgj-projects,1
p_action_bail_fund,Action Bail Fund,project,party,,,,https://afgj.salsalabs.org/actionbailfund/index.html,Bail · Left-wing (general) · antifa:YES · foreign-support:YES,,,afgj-projects,1
p_adastra,AdAstra,project,party,,,,https://adastra.management/about,Administrative · Left-wing (general) · antifa:YES,,,afgj-interlock|afgj-projects,2
p_african_awareness_association,African Awareness Association,project,state,,,,https://web.archive.org/web/20250118162817/https://www.aaa-cubatours.com/,Travel · Communist · foreign-support:YES,,,afgj-projects,1
p_alianza_ind_gena_sin_fronteras_indigen,Alianza Indígena Sin Fronteras / Indigenous Alliance Without Borders,project,state,,,,https://ushrnetwork.org/news/120/100/Indigenous-Alliance-Without-Borders-Releases-Handbook-on-Indigenous-Peoples-Border-Crossing-Rights,Immigration · foreign-support:YES,,,afgj-interlock|afgj-projects,2
p_amigos_de_la_playa,Amigos de la Playa,project,veneer,,,,https://www.facebook.com/AmigosDeLaPlayaOmetepe#,Environmental,,,afgj-projects,1
p_arizona_educators_united,Arizona Educators United,project,veneer,,,,https://psuaaup.net/blog/entry/inspired-by-west-virginia-teachers-spread-red-for-ed-movement-across-arizona,Education · Left-wing (labor),,,afgj-projects,1
p_arizona_palestine_solidarity_alliance,Arizona Palestine Solidarity Alliance,project,state,,,,https://www.arizonapalestine.org/about.html,Collective · Anti-Israel · foreign-support:YES,,,afgj-interlock|afgj-projects,2
p_asotrecol,ASOTRECOL,project,state,,,,https://www.dol.gov/newsroom/releases/ilab/ilab20120824,Union · Labor rights · foreign-support:YES,,,afgj-projects,1
p_assata_s_daughters,Assata’s Daughters,project,party,,,,https://www.assatasdaughters.org/homie|https://www.assatasdaughters.org/,Training · antifa:YES || us_501c3_active; report §V-VI. One-hop interlock only: Assata's Daughters is a fiscally-sponsored project of the Alliance for Global Justice (AFGJ) (af,,,afgj-interlock|afgj-projects|rubio-cuba,3
p_az_jobs_with_justice,AZ Jobs with Justice,project,veneer,,,,https://www.jwj.org/,Labor union-aligned coalition · Left-of-center,,,afgj-projects,1
p_beef_relief,Beef Relief,project,veneer,,,,http://beefrelief.org/,Food Bank · Non-partisan,,,afgj-projects,1
p_black_and_pink_ma,Black and Pink MA,project,veneer,,,,https://www.influencewatch.org/non-profit/black-and-pink/,Activism · Left-wing (social justice),,,afgj-interlock|afgj-projects,2
p_black_lives_matter_oklahoma_city,Black Lives Matter-Oklahoma City,project,party,,,,https://www.blmokc.com/,Activism · Left-wing (racial justice) · antifa:MAYBE,,,afgj-interlock|afgj-projects,2
p_black_lives_matter_tucson,Black Lives Matter Tucson,project,party,,,,,Activism · Left-wing (racial justice) · antifa:MAYBE,,,afgj-projects,1
p_black_movement_law_project,Black Movement Law Project,project,veneer,,,,https://www.influencewatch.org/organization/black-movement-law-project/,Legal,,,afgj-interlock|afgj-projects,2
p_black_trans_media,Black Trans Media,project,veneer,,,,https://www.influencewatch.org/non-profit/black-trans-media/,Art · Left-wing (identity politics),,,afgj-projects,1
p_black_trans_travel_fund,Black Trans Travel Fund,project,veneer,,,,https://www.blacktranstravelfund.com/,Travel · Left-wing (identity politics),,,afgj-interlock|afgj-projects,2
p_bukit_bail_fund_of_pittsburgh,Bukit Bail Fund of Pittsburgh,project,party,,,,,Bail · Left-wing (criminal justice) · antifa:MAYBE,,,afgj-projects,1
p_bv_solidarity_project,BV Solidarity Project,project,state,,,,,Activism · foreign-support:YES,,,afgj-projects,1
p_camino_com_n,Camino Común,project,state,,,,"https://afgj.org/a-visit-inside-colombias-most-notorious-prison-la-tramacua
https://afgj.org/death-squad-threatens-wayuu-womens-force-in-la-guajira-colombia",· foreign-support:YES,,,afgj-projects,1
p_central_ohio_freedom_fund,Central Ohio Freedom Fund,project,veneer,,,,https://www.facebook.com/COFF614/,Bail · Left-wing (criminal justice),,,afgj-projects,1
p_centro_de_derechos_humanos_del_pac_fic,Centro de Derechos Humanos del Pacífico (Centro Pazífico),project,state,,,,https://afgj.org/centro-pazfiico-2024-report,Activism · Marxist · foreign-support:YES,,,afgj-projects,1
p_centro_solidario_de_puerto_rico,Centro Solidario de Puerto Rico,project,veneer,,,,,Collective,,,afgj-projects,1
p_change_links_newspaper,Change-Links Newspaper,project,party,,,,,Media · Anti-fascist leaning · antifa:YES,,,afgj-interlock|afgj-projects,2
p_chicago_housing_initiative,Chicago Housing Initiative,project,veneer,,,,,Housing · Left-wing (economic justice),,,afgj-interlock|afgj-projects,2
p_chicago_housing_justice_league,Chicago Housing Justice League,project,veneer,,,,,Housing · Left-wing (economic justice),,,afgj-interlock|afgj-projects,2
p_chico_mendes_reforestation_project,Chico Mendes Reforestation Project,project,state,,,,,Environmental · Left-wing (environmental) · foreign-support:YES,,,afgj-projects,1
p_cindy_sheehan_s_soapbox,Cindy Sheehan’s Soapbox,project,veneer,,,,,Media/Activism · Far-left (anti-imperialist),,,afgj-interlock|afgj-projects,2
p_clean_up_the_mines,Clean up the Mines,project,veneer,,,,,Environmental · Environmental/Indigenous rights,,,afgj-projects,1
p_coalition_of_women_for_peace,Coalition of Women for Peace,project,state,,,,,Peace/Activism · Left-wing (anti-occupation) · foreign-support:YES,,,afgj-interlock|afgj-projects,2
p_colorado_freedom_fund,Colorado Freedom Fund,project,veneer,,,,,Bail · Left-wing (criminal justice),,,afgj-interlock|afgj-projects,2
p_community_action_relief_project,Community Action Relief Project,project,veneer,,,,,Mutual Aid · Left-wing (mutual aid),,,afgj-projects,1
p_corporate_genome_project,Corporate Genome Project,project,veneer,,,,https://www.corporategenomeproject.org/,Research · Left-wing (anti-corporate),,,afgj-interlock|afgj-projects,2
p_creating_a_more_beloved_community_film,Creating a More Beloved Community Film & Discussion Series,project,veneer,,,,,Education/Media · Left-wing (racial justice),,,afgj-projects,1
p_denver_justice_project,Denver Justice Project,project,veneer,,,,,Criminal Justice · Left-wing (criminal justice),,,afgj-projects,1
p_erie_bail_fund,Erie Bail Fund,project,veneer,,,,,Bail · Left-wing (criminal justice),,,afgj-projects,1
p_eritye_papa_desalin,Eritye Papa Desalin,project,state,,,,,Activism · Left-wing (anti-imperialist) · foreign-support:YES,,,afgj-projects,1
p_free_mumia_abu_jamal_coalition,Free Mumia Abu-Jamal Coalition,project,party,,,,,"Legal/Activism · Far-left (anti-police, revolutionary) · antifa:MAYBE · foreign-support:YES",,,afgj-projects,1
p_friends_of_asociaci_n_de_trabajadores_,Friends of Asociación de Trabajadores Campesinos,project,state,,,,,Labor/Solidarity · Left-wing (labor/solidarity) · foreign-support:YES,,,afgj-interlock|afgj-projects,2
p_friends_of_gente_de_i_itoi_a_c,"Friends of Gente de I’itoi, A.C.",project,state,,,,,Indigenous · Indigenous rights · foreign-support:YES,,,afgj-projects,1
p_friends_of_mujeres_de_la_tierra,Friends of Mujeres de la Tierra,project,state,,,,,Women/Environmental · Left-wing (feminist/environmental) · foreign-support:YES,,,afgj-projects,1
p_gno_interfaith_sanctuary_coalition,GNO Interfaith Sanctuary Coalition,project,veneer,,,,,Immigration · Left-wing (immigrant rights),,,afgj-projects,1
p_good_shepherd_collective,Good Shepherd Collective,project,veneer,,,,,Immigration/Humanitarian · Left-wing (immigrant rights),,,afgj-projects,1
p_hampshire_college_legal_support_fund,Hampshire College Legal Support Fund,project,party,,,,,Legal · Left-wing · antifa:MAYBE,,,afgj-projects,1
p_hands_up_united,Hands Up United,project,veneer,,,,,Activism · Left-wing (racial justice),,,afgj-interlock|afgj-projects,2
p_honduras_solidarity_network,Honduras Solidarity Network,project,state,,,,,International Solidarity · Left-wing (anti-imperialist) · foreign-support:YES,,,afgj-projects,1
p_human_rights_school,Human Rights School,project,veneer,,,,,Education · Left-wing,,,afgj-projects,1
p_initiative_for_equality,Initiative for Equality,project,veneer,,,,,Research/Advocacy · Left-wing (economic justice),,,afgj-projects,1
p_instituto_agroecol_gico_latinoamerican,Instituto Agroecológico Latinoamericano–Mesoamericana (IALA Mesoamerica),project,state,,,,,Agriculture/Education · Left-wing (agrarian) · foreign-support:YES,,,afgj-interlock|afgj-projects,2
p_international_indigenous_initiative_fo,InterNational Indigenous Initiative for Transformative Collaboration,project,veneer,,,,,Indigenous · Indigenous rights,,,afgj-projects,1
p_international_journal_of_foreign_langu,International Journal of Foreign Language Teaching,project,veneer,,,,,Academic · Non-partisan (academic),,,afgj-projects,1
p_international_people_s_tribunal,International People’s Tribunal,project,state,,,,https://sanctionstribunal.org,Legal/Advocacy · Far-left (anti-imperialist) · foreign-support:YES,,,afgj-projects,1
p_interoccupy,InterOccupy,project,party,,,,,Activism · Far-left (anti-capitalist) · antifa:MAYBE,,,afgj-interlock|afgj-projects,2
p_irish_diaspora_decolonization_alliance,Irish Diaspora Decolonization Alliance,project,state,,,,,Activism · Far-left (anti-colonial) · foreign-support:YES,,,afgj-projects,1
p_just_info,Just Info,project,party,,,,,Legal · Left-wing (civil liberties) · antifa:MAYBE,,,afgj-interlock|afgj-projects,2
p_justice_for_all_coalition,Justice for All Coalition,project,veneer,,,,,Activism · Left-wing (criminal justice),,,afgj-interlock|afgj-projects,2
p_juthour_arboretum,Juthour Arboretum,project,state,,,,,Environmental/Cultural · Pro-Palestinian · foreign-support:YES,,,afgj-projects,1
p_kevin_zeese_emerging_activists_fund,Kevin Zeese Emerging Activists Fund,project,veneer,,,,,Funding · Far-left (anti-imperialist),,,afgj-interlock|afgj-projects,2
p_kindred_connections,Kindred Connections,project,veneer,,,,,LGBTQ · Left-wing (identity politics),,,afgj-interlock|afgj-projects,2
p_la_colectiva,La ColectiVA,project,veneer,,,,,Immigration · Left-wing (immigrant rights),,,afgj-projects,1
p_labor_against_racism_and_war,Labor Against Racism and War,project,party,,,,,Labor/Activism · Far-left (anti-imperialist labor) · antifa:MAYBE · foreign-support:YES,,,afgj-projects,1
p_lancaster_bail_fund,Lancaster Bail Fund,project,veneer,,,,,Bail · Left-wing (criminal justice),,,afgj-projects,1
p_legal_defense_for_palestine,Legal Defense for Palestine,project,state,,,,,Legal · Pro-Palestinian · foreign-support:YES,,,afgj-projects,1
p_lgbt_freedom_and_asylum_network,LGBT Freedom and Asylum Network,project,veneer,,,,,Immigration/LGBTQ · Left-wing (immigrant/LGBTQ rights),,,afgj-projects,1
p_lgbt_voice_tanzania,LGBT Voice Tanzania,project,state,,,,,LGBTQ · Left-wing (LGBTQ rights) · foreign-support:YES,,,afgj-projects,1
p_lo_eterno_media_collective,Lo Eterno Media Collective,project,veneer,,,,,Media/Arts · Left-wing (anti-imperialist),,,afgj-projects,1
p_los_angeles_community_action_network,Los Angeles Community Action Network,project,state,,,,https://keywiki.org/Lee_Siu_Hin,Protest Organization · foreign-support:YES,,,afgj-interlock|afgj-projects,2
p_lupinewood,Lupinewood,project,veneer,,,,,Environmental/Community · Left-wing (environmental),,,afgj-projects,1
p_march_4_racial_justice,March 4 Racial Justice,project,party,,,,,Activism · Left-wing (racial justice) · antifa:MAYBE,,,afgj-interlock|afgj-projects,2
p_march_4_racial_justice_ny,March 4 Racial Justice NY,project,party,,,,,Activism · Left-wing (racial justice) · antifa:MAYBE,,,afgj-projects,1
p_miracle_for_mikeals_legacy_foundation,Miracle For Mikeals Legacy Foundation,project,veneer,,,,https://www.facebook.com/MikealsMiracleDIPGCure,Health/Charity · Non-partisan,,,afgj-projects,1
p_mosaic_black_trans_funding_network,Mosaic Black Trans Funding Network,project,veneer,,,,,LGBTQ/Funding · Left-wing (identity politics),,,afgj-projects,1
p_movement_net_lab,Movement Net Lab,project,veneer,,,,,Research/Technology · Left-wing,,,afgj-interlock|afgj-projects,2
p_nappy_roots_books,Nappy Roots Books,project,veneer,,,,,Education/Publishing · Left-wing (cultural),,,afgj-interlock|afgj-projects,2
p_national_association_of_human_rights_d,National Association of Human Rights Defenders,project,veneer,,,,,Human Rights · Left-wing (human rights),,,afgj-projects,1
p_national_immigrant_solidarity_network,National Immigrant Solidarity Network,project,state,,,,,Immigration · Far-left (open borders) · foreign-support:YES,,,afgj-projects,1
p_national_network_opposing_the_militari,National Network Opposing the Militarization of Youth,project,veneer,,,,,Anti-war · Left-wing (anti-war),,,afgj-interlock|afgj-projects,2
p_never_again_action,Never Again Action,project,veneer,,,,,Immigration/Activism · Left-wing (immigrant rights),,,afgj-interlock|afgj-projects,2
p_nicaragua_solidarity_fund,Nicaragua Solidarity Fund,project,state,,,,,International Solidarity · Far-left (pro-Sandinista) · foreign-support:YES,,,afgj-projects,1
p_o_odham_anti_border_collective,O’odham Anti Border Collective,project,party,,,,,Indigenous/Immigration · Far-left (indigenous/anti-border) · antifa:MAYBE,,,afgj-projects,1
p_orinoco_tribune,Orinoco Tribune,project,state,,,,,Media · Far-left (Chavista/Bolivarian) · foreign-support:YES,,Venezuela,afgj-interlock|afgj-projects,2
p_otros_mundos_a_c,Otros Mundos A.C.,project,state,,,,,Environmental/Social Justice · Far-left (anti-capitalist/environmental) · foreign-support:YES,,,afgj-projects,1
p_peace_education,Peace Education,project,veneer,,,,,Education · Left-wing (peace),,,afgj-projects,1
p_people_helping_people,People Helping People,project,veneer,,,,,Humanitarian · Humanitarian,,,afgj-projects,1
p_philly_thrive,Philly Thrive,project,veneer,,,,,Environmental Justice · Left-wing (environmental justice),,,afgj-projects,1
p_poor_people_s_economic_human_rights_ca,Poor People’s Economic Human Rights Campaign,project,veneer,,,,,Economic Justice · Far-left (anti-capitalist),,,afgj-interlock|afgj-projects,2
p_popular_resistance,Popular Resistance,project,party,,,,,Media/Activism · Far-left (anti-imperialist) · antifa:MAYBE · foreign-support:YES,,,afgj-interlock|afgj-projects,2
p_pueblo_sin_fronteras,Pueblo Sin Fronteras,project,state,,,,,Immigration · Far-left (open borders) · foreign-support:YES,,,afgj-projects,1
p_queer_food_foundation,Queer Food Foundation,project,veneer,,,,,Food Justice/LGBTQ · Left-wing (identity politics/food justice),,,afgj-interlock|afgj-projects,2
p_radical_bloggers_fund,Radical Bloggers Fund,project,party,,,,,Media/Funding · Far-left · antifa:MAYBE,,,afgj-projects,1
p_real_food_generation,Real Food Generation,project,veneer,,,,,Food Justice · Left-wing (food justice),,,afgj-interlock|afgj-projects,2
p_real_name_campaign_nola,Real Name Campaign NOLA,project,veneer,,,,,Criminal Justice · Left-wing (criminal justice),,,afgj-projects,1
p_reale_justice_network,Reale Justice Network,project,veneer,,,,,Criminal Justice · Left-wing (criminal justice),,,afgj-projects,1
p_reconnect_earth,Reconnect Earth,project,veneer,,,,,Environmental · Left-wing (environmental),,,afgj-projects,1
p_red_de_solidaridad,Red de Solidaridad,project,state,,,,,International Solidarity · Far-left (anti-imperialist) · foreign-support:YES,,,afgj-projects,1
p_refuse_fascism,Refuse Fascism,project,party,,,,,Activism · Far-left (revolutionary communist) · antifa:YES,,,afgj-interlock|afgj-projects,2
p_return_solidarity,Return Solidarity,project,state,,,,,International Solidarity · Pro-Palestinian · foreign-support:YES,,,afgj-projects,1
p_reuniting_of_african_descendants_road,Reuniting of African Descendants (ROAD),project,veneer,,,,,Pan-African · Left-wing (Pan-African),,,afgj-projects,1
p_samidoun_palestinian_prisoner_solidari,Samidoun Palestinian Prisoner Solidarity Network,project,state,,,,https://samidoun.net,Activism/Terrorism-linked · Far-left (PFLP-aligned) · foreign-support:YES,,,afgj-projects,1
p_solidarity_ignite,Solidarity Ignite,project,veneer,,,,,Activism · Left-wing,,,afgj-projects,1
p_south_bronx_unite,South Bronx Unite,project,veneer,,,,,Environmental Justice · Left-wing (environmental justice),,,afgj-interlock|afgj-projects,2
p_splitseed_productions,SplitSeed Productions,project,veneer,,,,,Media/Arts · Left-wing,,,afgj-interlock|afgj-projects,2
p_stop_mass_incarceration_network,Stop Mass Incarceration Network,project,party,,,,,Criminal Justice · Far-left (revolutionary) · antifa:YES,,,afgj-interlock|afgj-projects,2
p_suriname_indigenous_health_fund,Suriname Indigenous Health Fund,project,state,,,,,Health/Indigenous · Non-partisan (health) · foreign-support:YES,,,afgj-projects,1
p_sustainable_nations,Sustainable Nations,project,veneer,,,,,Environmental/Indigenous · Left-wing (environmental/indigenous),,,afgj-projects,1
p_sustainable_orphanages_for_haitian_you,Sustainable Orphanages for Haitian Youth,project,state,,,,,Charity · Non-partisan (charity) · foreign-support:YES,,,afgj-interlock|afgj-projects,2
p_ta_ayush,Ta’ayush,project,state,,,,,Peace/Activism · Left-wing (anti-occupation) · foreign-support:YES,,,afgj-projects,1
p_taking_black_pride,Taking Black Pride,project,veneer,,,,,LGBTQ/Cultural · Left-wing (identity politics),,,afgj-interlock|afgj-projects,2
p_the_hatuey_project,The Hatuey Project,project,state,,,,,International Solidarity · Far-left (pro-Cuba) · foreign-support:YES,,,afgj-interlock|afgj-projects,2
p_the_l_i_c_project,The L.I.C. Project,project,veneer,,,,,Community/Arts · Left-wing,,,afgj-projects,1
p_thompson_house_tucson,Thompson House Tucson,project,veneer,,,,,Community Space · Left-wing,,,afgj-interlock|afgj-projects,2
p_trans_women_of_color_solidarity_networ,Trans Women of Color Solidarity Network,project,veneer,,,,,LGBTQ · Left-wing (identity politics),,,afgj-interlock|afgj-projects,2
p_ubuntu,UBUNTU,project,veneer,,,,,Pan-African/Community · Left-wing (Pan-African),,,afgj-projects,1
p_unir,UNIR,project,state,,,,,International Solidarity · Left-wing (solidarity) · foreign-support:YES,,,afgj-projects,1
p_united_students_against_sweatshops,United Students Against Sweatshops,project,state,,,,,Labor/Student · Left-wing (labor) · foreign-support:YES,,,afgj-interlock|afgj-projects,2
p_upland_grassroots,Upland Grassroots,project,veneer,,,,,Environmental · Environmental,,,afgj-projects,1
p_werk_for_peace,WERK for Peace,project,veneer,,,,,LGBTQ/Peace · Left-wing (LGBTQ/peace),,,afgj-interlock|afgj-projects,2
p_white_noise_collective,White Noise Collective,project,party,,,,,Activism · Far-left (anti-racist) · antifa:MAYBE,,,afgj-projects,1
p_woodbine_education_center,Woodbine Education Center,project,party,,,,,Education/Community · Far-left (anarchist/autonomous) · antifa:YES,,,afgj-projects,1
p_world_can_t_wait,World Can’t Wait,project,party,,,,,Activism · Far-left (revolutionary) · antifa:YES,,,afgj-interlock|afgj-projects,2
p_youth_vs_apocalypse,Youth Vs Apocalypse,project,veneer,,,,,Environmental/Youth · Left-wing (environmental justice),,,afgj-interlock|afgj-projects,2
pel,Party of the European Left,org,party,demsoc,,,https://en.wikipedia.org/wiki/Party_of_the_European_Left,"European transnational party (Die Linke, SYRIZA, PCF, ~40 others); has a formal North American Working Group",,,rls-germany,1
per_abraham_hassen,Abraham Hassen,person,veneer,,1,,https://dickinsonlaw.psu.edu/abi-hassen,"He is also a co-founder Black Movement-Law Project, a non-profit dedicated to rapid response legal support.",,,afgj-interlock,1
per_allen_kwabena_frimpong,Allen Kwabena Frimpong,person,party,,2,,https://commonslibrary.org/the-movement-compass-and-worksheet/,"Allen Kwabena Frimpong is a former principal member of Movement Netlab and now a co-founder and managing partner with AdAstra Collective, which supports the growth of social moveme",,,afgj-interlock,1
per_alyssa_rubin,Alyssa Rubin,person,veneer,,1,,https://www.commondreams.org/news/2020/03/24/because-anne-frank-did-not-die-gas-chamber-jewish-activists-cite-disease-nazi-death,"The camps, which are run by Immigration and Customs Enforcement (ICE), threaten to become ""de-facto death camps,"" said Never Again Action national campaign director Alyssa Rubin--n",,,afgj-interlock,1
per_andrea_ciannavei,Andrea Ciannavei,person,party,,2,,https://www.bustle.com/p/what-is-the-march-for-racial-justice-its-mission-is-worthy-of-your-attention-2454473,"I just remember feeling really upset and outraged and hopeless because I just couldn't stop thinking about this young man who everyone seemed to love in his town, and he was shot i",,,afgj-interlock,1
per_antonio_gutierrez,Antonio Gutierrez,person,veneer,,1,,https://www.influencewatch.org/organization/chicago-housing-justice-league-chjl/,"The steering committee of the CHJL consists of Diane Limas, a volunteer at Communities United; Antonio Gutierrez, founder of the Autonomous Tenants Union; Chante’ Gamby, housing co",,,afgj-interlock,1
per_aquib_s_yacoob,Aquib S. Yacoob,person,party,,1,,https://www.brownmanrunning.com/,"Aquib is a Managing Partner at the AdAstra Collective, and is the founder of #BrownManRunning Consulting, a social change strategy firm.",,,afgj-interlock,1
per_banbose_shango,Banbose Shango,person,veneer,,1,,https://www.okgazette.com/arts-culture/strong-spines-3804530,"Most bookstores — cool bookstores at least — are much more than just a place to go and buy a book,"" said Camille Landry, who recently re-opened Nappy Roots Books with her husband,",,,afgj-interlock,1
per_bella_de_soto,Bella De Soto,person,party,,1,,https://change-links.org/vote-for-pacifica-mission-coalition-candidates-at-kpfk/,"Jack Neff, an environmentalist and solidarity activist for Indigenous sovereignty, is running for LSB chair, Rick Cooper, former founder of KMUD, for vice chair, Doug Barnett, a pe",,,afgj-interlock,1
per_carl_dix,Carl Dix,person,party,,1,,https://revcom.us/en/quick/472en.php|https://revcom.us/movement-for-revolution/stop-mass-incarceration/stop-mass-incarceration-carl-dix.html,"Carl Dix, of the Revolutionary Communist Party, USA, and an initiator of Refuse Fascism, lays out the vision and plan for spreading the “No Trump! No Pence! No Fascist 2017!” messa",,,afgj-interlock,1
per_cheri_honkala,Cheri Honkala,person,veneer,,1,,https://www.economichumanrights.org/speaking-engagements/,"These speaking engagements serve as financial support for PPEHRC’s movement to abolish poverty.Our main speaker is our National Coordinator and Co-Founder, Cheri Honkala.",,,afgj-interlock,1
per_cindy_sheehan,Cindy Sheehan,person,veneer,,1,,https://findingaids.library.nyu.edu/tamwag/tam_715/,"Starting in 2009, Sheehan began hosting a weekly radio show where she interviewed individuals including Hugo Chavez and Howard Zinn. Sheehan also maintains a blog called ""Cindy's S",,,afgj-interlock,1
per_cornel_west,Cornel West,person,party,,2,,https://refusefascism.org/about-refuse-fascism/ | https://www.economichumanrights.org/speaking-engagements/,"Founded by Andy Zee, Sunsara Taylor, Cornel West, and others in the wake of Trump’s first election in 2016, Refuse Fascism recognized early that this was not just another administr || Interlock hub — cited in 2 AFGJ-project people's bios",,,afgj-interlock,1
per_cory_jong,Cory Jong,person,veneer,,1,,https://www.youthvsapocalypse.org/our-board,Many know Mx. Cory as a longtime pillar of the YVA community.,,,afgj-interlock,1
per_dakotah_lilly,Dakotah Lilly,person,veneer,,1,,https://cindysheehanssoapbox.blogspot.com/2018/02/?m=0,Dakotah Lilly is a student activist based out of New York City where he attends The New School. His home base is in the the Lehigh Valley of Pennsylvania. He has appeared on Fox Ne,,,afgj-interlock,1
per_david_foecke,David Foecke,person,veneer,,1,,https://www.youthvsapocalypse.org/our-board,"He is currently the volunteer organizer of the Youth Vs. Apocalypse Club at his son's school, the Melrose Leadership Academy, which won a campaign in December 2023, featured in the",,,afgj-interlock,1
per_debra_sweet,Debra Sweet,person,party,,1,,https://worldcantwait.org/2006/09/05/september-7th-guest-speaker-list/,(San Francisco) Debra Sweet is the National Coordinator of World Can’t Wait.,,,afgj-interlock,1
per_devin_michael_lowe,Devin Michael Lowe,person,veneer,,1,,https://www.blacktranstravelfund.com/our-team.html,"With an understanding of the need to center the most marginalized, and for trans masculine people to be working in communal solidarity to support Black trans women, Devin Lowe is t",,,afgj-interlock,1
per_diane_limas,Diane Limas,person,veneer,,1,,https://www.influencewatch.org/organization/chicago-housing-justice-league-chjl/,"The steering committee of the CHJL consists of Diane Limas, a volunteer at Communities United; Antonio Gutierrez, founder of the Autonomous Tenants Union; Chante’ Gamby, housing co",,,afgj-interlock,1
per_dr_patrisia_gonzales,Dr. Patrisia Gonzales,person,state,,1,,https://haury.arizona.edu/person/patrisia-gonzales,"She is a former Kellogg Fellow and has served as an advisor to numerous Indigenous organizations, including the Alianza Indigena Sin Fronteras",,,afgj-interlock,1
per_elaine_brower,Elaine Brower,person,state,,1,,https://www.veteransforpeace.org/files/6313/4091/4233/newsletter_summer2012.pdf,"Grassroots Action: What it Really Means to Help the People in Haiti, Elaine Brower
President of Sustainable Orphanages for Haitian Youth; Member of VFP & MFSO;
National Steering Co",,,afgj-interlock,1
per_elisabeth_epps,Elisabeth Epps,person,veneer,,1,,https://www.elisabethepps.com/meet-elisabeth,"State Representative Elisabeth Epps, JD, is a mother, an abolitionist legislator, and Founder/ Executive Director of Colorado Freedom Fund.",,,afgj-interlock,1
per_erika_takeo,Erika Takeo,person,state,,1,,https://orinocotribune.com/nicaragua-is-teaching-us-how-to-put-people-over-profits/,"Erika Takeo is a Nicaragua-based organizer and national coordinator of Friends of the ATC, a solidarity network with the Asociación de Trabajadores del Campo (ATC, or Rural Workers",,Nicaragua,afgj-interlock,1
per_evana,Evana,person,veneer,,1,,https://queertheland.org/team/,"Evana Enabulele is a core member of Queer The Land (QTL), a QTBIPOC advocate and affordable housing organizer.",,,afgj-interlock,1
per_firas_nasr,Firas Nasr,person,veneer,,1,,https://sites.middlebury.edu/middblogs/2019/09/26/sign-up-for-one-on-one-chats-with-alumni-at-the-global-health-field-guide/,"In the wake of the Pulse Nightclub shooting, Firas founded WERK for Peace, a queer and trans grassroots movement that uses all forms of dance to promote peace.",,,afgj-interlock,1
per_frank_avellone,Frank Avellone,person,veneer,,1,,https://lcbh.org/lcbh-helps-save-the-kcro/,"“We certainly appreciate working the City Administration, Alderman LaSpata, and support from the Chicago Housing Justice League in getting this done,” LCBH attorney and Justice Lea",,,afgj-interlock,1
per_gabrielle_lenart,Gabrielle Lenart,person,veneer,,1,,https://www.specialtyfood.com/news-media/news-features/specialty-food-news/q-a-with-queer-food-foundation-s-lenart/,"SFA News Daily recently spoke to QFF co-founder Gabrielle Lenart (pictured above in the fore) about how the foundation came to be, what it endeavors to accomplish, and where it’s h",,,afgj-interlock,1
per_gary_ghirardi,Gary Ghirardi,person,veneer,,1,,https://www.prcsd.org/who-we-are/,"Gary Ghirardi, Communications consultant
Since 2000 collaborated with the National Network Opposing the Militarization of Youth.",,,afgj-interlock,1
per_gila_svirsky,Gila Svirsky,person,state,,1,,https://afsc.org/sites/default/files/documents/Profiles%20of%20Peace%20Low%20Resolution.pdf,"Gila Svirsky is an American-born Israeli who lives in Jerusalem. She is a co-founder of the Coalition of Women for Peace, a group of Israeli and Palestinian women’s peace organizat",,Israel,afgj-interlock,1
per_hannah_safran,Hannah Safran,person,state,,1,,https://www.bates.edu/news/2004/10/06/feminist-peace-activists-working-in-israel-offer-a-pair-of-lectures/,"Safran is an Israeli peace activist with Women in Black, a weekly peace vigil that opposes the Israeli occupation of the West Bank and Gaza Strip. Co-founder of the Coalition of Wo",,Israel,afgj-interlock,1
per_joan_donovan,Joan Donovan,person,party,,1,,https://www.influencewatch.org/organization/interoccupy/,"Joan Donovan is co-founder of InterOccupy and the head of research at Harvard’s Shorenstein Center on Media, Politics and Public Policy, where she also teaches courses on disinform",,,afgj-interlock,1
per_johnnie_jae,Johnnie Jae,person,party,,1,,https://johnniejae.com/?p=21999,"They founded A Tribe Called Geek, a groundbreaking, award-winning platform celebrating Indigenous geek culture and STEM throughout its 11-year run.",,,afgj-interlock,1
per_kevin_zeese,Kevin Zeese,person,veneer,,2,,https://en.wikipedia.org/wiki/Kevin_Zeese,"Zeese co-founded the news site PopularResistance.org in 2011 with his partner, Margaret Flowers.",,,afgj-interlock,1
per_khafre_jay,Khafre Jay,person,veneer,,1,,https://www.youthvsapocalypse.org/our-board,Khafre Jay | Youth Vs Apocalypse,,,afgj-interlock,1
per_kristen_godfrey,Kristen Godfrey,person,veneer,,1,,https://tempestmag.org/2022/05/responding-to-the-backlash-2/,"First is Kristen Godfrey. They’re a Black, non-binary community organizer and social worker. They’re a member of the Tempest collective and a co-founding member of Thompson house T",,,afgj-interlock,1
per_kristen_hackett,Kristen Hackett,person,veneer,,1,,https://centerforthehumanities.org/person/kristen-hackett/,"Kristen Hackett is an activist, scholar, and educator working towards decolonized, anti-racist, and just urban futures in New York City. She is an executive committee member of the",,,afgj-interlock,1
per_lourdes_escalante,Lourdes Escalante,person,state,,1,,https://kxci.org/podcast/ep-30-centering-indigenous-relationships/,"Lourdes Escalante (Yoeme) was born and raised in Tucson and is the Executive Director of the Alianza Indigena Sin Fronteras, Indigenous Alliance Without Borders (AISF).",,,afgj-interlock,1
per_lourdez,Lourdez,person,veneer,,2,,https://artisttrust.org/artists/lourdez-velasco/,Lourdez is a co-founding member of queer CHamoru art collective Guma’ Gela’ and co-founder of the Trans Women of Color Solidarity Network.,,,afgj-interlock,1
per_makayla_heiser,Makayla Heiser,person,state,,1,,https://www.influencewatch.org/organization/united-states-against-sweatshops/,"As of 2026, Makayla Heiser was the national organizing director of United Students Against Sweatshops, a role in which she reported training student activists and coordinating labo",,,afgj-interlock,1
per_margaret_flowers,Margaret Flowers,person,veneer,,2,,https://www.gp.org/2018_sc_elections,"That work developed into Popular Resistance in 2013, which she co-directs. ([gp.org](https://www.gp.org/2018_sc_elections))",,,afgj-interlock,1
per_mark_swartz,Mark Swartz,person,veneer,,1,,https://www.influencewatch.org/organization/chicago-housing-justice-league-chjl/,"The steering committee of the CHJL consists of Diane Limas, a volunteer at Communities United; Antonio Gutierrez, founder of the Autonomous Tenants Union; Chante’ Gamby, housing co",,,afgj-interlock,1
per_marlen_s_nchez,Marlen Sánchez,person,state,,1,,https://food.berkeley.edu/from-the-field/berkeley-undergraduates-host-food-sovereignty-leaders-from-nicaragua/,She now directs IALA Mesoamerica in Nicaragua.,,Nicaragua,afgj-interlock,1
per_mattie,Mattie,person,veneer,,2,,https://www.sgn.org/story/320893,Panelist Mattie Mooney is currently working as a senior program coordinator for Transgender health at Swedish Hospital. They are also a co-founder of the Trans Women of Color Solid,,,afgj-interlock,1
per_maurice_cook,Maurice Cook,person,party,,1,,https://sputnikglobe.com/20200627/huge-covid-spikes-in-us-as-trump-tries-to-cut-health-care-for-millions-1079731935.html,"Maurice Cook, the founder and executive director of Serve Your City and a co-founder and co-chair of March for Racial Justice, joins the show with Brian Becker.",,,afgj-interlock,1
per_mavis_jay_sanders,Mavis-Jay Sanders,person,veneer,,1,,https://www.queerfoodfoundation.org/leadership/,A special Thank-You to our other founding members Mavis-Jay Sanders and Jona Beliu for their continued support!,,,afgj-interlock,1
per_mcahl_sheffield,Mcahl Sheffield,person,veneer,,1,,https://www.chicagohousinginitiative.org/staff,Mcahl is our Chicago Housing Initiative Media Organizer.,,,afgj-interlock,1
per_meghan_maurus,Meghan Maurus,person,party,,1,,https://www.nacle.com/CLE/Courses/Protest-Lawyering-Theory-and-Practice-460,"Meghan DuPuis Maurus is an attorney at Maurus & Heinegg, a founding member of the New York LawCollective.",,,afgj-interlock,1
per_melina_abdullah,Melina Abdullah,person,state,,1,,https://www.calstatela.edu/academic/pas/Abdullah.php,"Dr. Abdullah also serves on boards for the Black Community, Clergy and Labor Alliance (BCCLA), California Faculty Association-Los Angeles, Los Angeles African American Women’s Publ",,,afgj-interlock,1
per_melissa_barber_md,"Melissa Barber, MD",person,veneer,,1,,https://www.southbronxunite.org/our-board?locale=es,"She is a co-founder of South Bronx Unite and a founding Executive Board Member of the Mott Haven-Port Morris Community Land Stewards, the first ever community land trust in The Bro",,,afgj-interlock,1
per_michael_cox,Michael Cox,person,veneer,,1,,https://worldpeacefoundation.org/blog/interview-with-michael-cox-solidarity-is-the-bedrock-of-advancing-lgbtq-rights-in-prison/,"Michael Cox is Executive Director of Black and Pink — Massachusetts, an organization that aims “to abolish the prison industrial complex and liberate LGBTQ+ people and people livin",,,afgj-interlock,1
per_michael_novick,Michael Novick,person,party,,1,,https://www.laprogressive.com/author/mnovick,"Michael Novick is a former KPFK Local Station Board chair and treasurer, a former Pacifica National Board director and treasurer, and current candidate for the LSB. He is a long-ti",,,afgj-interlock,1
per_mirely_baca,Mirely Baca,person,veneer,,2,,https://www.tucsonspotlight.org/collective-builds-community/,"Mirely Baca, Vikó Velazquez Morales and T Loving are the force behind Kindred Connections, a wellness collective that offers support and services to Black, Indigenous and People of || Interlock hub — cited in 2 AFGJ-project people's bios",,,afgj-interlock,1
per_mohyeddin_abdulaziz,Mohyeddin Abdulaziz,person,state,,1,,https://azpalnetwork.com/our-team,Mohyeddin is a cofounder of the Arizona Palestine Solidarity Alliance and an active participant in other peace and justice organizations.,,,afgj-interlock,1
per_moira_meltzer_cohen,Moira Meltzer-Cohen,person,party,,1,,https://lpr.com/lpr_artists/moira-meltzer-cohen/,"Moira Meltzer-Cohen (Mo) is a criminal defense attorney committed to supporting people’s struggles for liberation.She is a founding member of Just Info, a 24-hour hotline providing",,,afgj-interlock,1
per_monxo_lopez,Monxo Lopez,person,veneer,,1,,https://www.southbronxunite.org/our-board,"Monxo is a founding member of South Bronx Unite and the Mott Haven-Port Morris Community Land Stewards, the first local community land trust in The Bronx.",,,afgj-interlock,1
per_mychal_johnson,Mychal Johnson,person,veneer,,1,,https://www.southbronxunite.org/our-board,"He is a co-founder of South Bronx Unite and a founding member of the Mott Haven-Port Morris Community Land Stewards, where is also a board member.",,,afgj-interlock,1
per_nate_kleinman,Nate Kleinman,person,party,,1,,https://www.nateforcongress.com/about-nate-kleinman,"I was proud to be an active participant in Occupy Philly, Occupy Wall Street, InterOccupy, and Occupy Sandy.",,,afgj-interlock,1
per_nathan_sheard,Nathan Sheard,person,veneer,,1,,https://ferguson-legal-47f1.squarespace.com/new-gallery,"After helping to build and fortify legal support systems and infrastructure in New York, St. Louis and Baltimore, Nathan Sheard co-founded the Black Movement-Law Project.",,,afgj-interlock,1
per_oren_robinson,Oren Robinson,person,veneer,,1,,https://www.nnomy.org/about-us/steering-committee,"Program Coordinator for the Project on Youth & Non-military Opportunities,contributor to Draft NOtices, a publication of the Committee Opposed to Militarism & the Draft, Currently",,,afgj-interlock,1
per_pablo_benson_silva,Pablo Benson-Silva,person,veneer,,1,,https://www.influencewatch.org/non-profit/movement-netlab/,"MNL staff members Pablo Benson­Silva and Tamara Shapiro are members of The New York City Network of Worker Cooperatives (NYC NOWC), a trade association for worker cooperative busin",,,afgj-interlock,1
per_page_may,Page May,person,party,,1,,https://www.citybureau.org/stories/2018/3/1/who-are-assatas-daughters-a-qa-with-founder-page-may,Page May started Assata’s Daughters in 2015.,,,afgj-interlock,1
per_pat_alviso,Pat Alviso,person,veneer,,1,,https://www.nnomy.org/about-us/steering-committee,"Pat Alviso, a mother of an active duty Marine, is the National Coordinator for Military Families Speak Out, a national organization with members across the country who have or have",,,afgj-interlock,1
per_rachel_o_leary_carmona,Rachel O'Leary Carmona,person,party,,1,,https://adastra.management/team,Rachel O'Leary Carmona is the co-founder of and Managing Partner of AdAstra Management Collective.,,,afgj-interlock,1
per_rachel_wilson,Rachel Wilson,person,veneer,,1,,https://www.influencewatch.org/organization/chicago-housing-justice-league-chjl/,Rachel Wilson has been a senior organizer with the CHJL since 2024.,,,afgj-interlock,1
per_rebecca_heinegg,Rebecca Heinegg,person,party,,1,,https://kunstlerlaw.net/index.php/rebecca-heinegg/,"Rebecca is a founding member of the Street Law steering committee, which organizes know-your-rights trainings for New York City students and community groups, and Just Info, a 24 h",,,afgj-interlock,1
per_rick_jahnkow,Rick Jahnkow,person,veneer,,1,,https://www.nnomy.org/about-us/steering-committee,"Rick Jahnkow
Project on Youth and Non-Military Opportunities (Project YANO) - San Diego, California
Past Program Coordinator for the Project on Youth & Non-military Opportunities,c",,,afgj-interlock,1
per_samantha_butler,Samantha Butler,person,veneer,,1,,https://www.chicagohousinginitiative.org/staff,Sam is our Chicago Housing Initiative Research Organizer.,,,afgj-interlock,1
per_samantha_parsons,Samantha Parsons,person,veneer,,2,,https://www.corporategenomeproject.org/people,Samantha Parsons is a former co-founder and Campaigns Director of UnKoch My Campus.,,,afgj-interlock,1
per_steve_lalla,Steve Lalla,person,state,,1,,https://orinocotribune.com/about-us-draft/,"Steve Lalla is a journalist, researcher and analyst. His areas of interest include geopolitics, history, and current affairs. He has contributed to MR Online, Counterpunch, Resumen",,,afgj-interlock,1
per_sunny_levine,Sunny Levine,person,veneer,,1,,https://launchherawards.weareupspring.com/judges,"Sunny Levine (she/her) is the Chair of the Board of the Queer Food Foundation and a digital marketer, food journalist, and cook based in Baltimore, Maryland.",,,afgj-interlock,1
per_sunsara_taylor,Sunsara Taylor,person,party,,1,,https://refusefascism.org/all/sunsara-taylor-this-week-in-washington-dc-no-fascist-court-no-fascist-coup-trump-pence-out-now/,"Sunsara Taylor is a co-Initiator Refuse Fascism, co-host of the RNL – Revolution Nothing Less – Show, Revcom.us writer, Host of “We Only Want the World” Pacifica Radio, organized S",,,afgj-interlock,1
per_t_dubb_o,T-Dubb-O,person,veneer,,1,,https://www.firstalert4.com/2024/08/08/bodies-line-decade-later-young-activists-rise-ferguson-unrest/,"“I didn’t think I would make it to 24, or 25 or 21 with some of the things I experienced. So, the least I could do is put my life on the line in hopes of it will open up a door or",,,afgj-interlock,1
per_t_loving,T Loving,person,veneer,,2,,https://www.tucsonspotlight.org/collective-builds-community/,"The collective began as an idea between friends Vikó Velazquez Morales, T Loving, and Mirely Baca, who recognized the gaps in support for BIPOC and queer people in the community an || Interlock hub — cited in 2 AFGJ-project people's bios",,,afgj-interlock,1
per_t_sheri_dickerson,T. Sheri Dickerson,person,party,,1,,https://www.justice.gov/usao-wdok/pr/executive-director-black-lives-matter-okc-charged-wire-fraud-and-money-laundering,"According to the Indictment, beginning in at least 2016, Dickerson served as the Executive Director of Black Lives Matter OKC (BLMOKC).",,,afgj-interlock,1
per_tamara_shapiro,Tamara Shapiro,person,veneer,,1,,https://worldfellowship.org/event/understanding-antisemitism-and-its-instrumentalization-through-a-power-analysis-lens-tamara-shapiro-organizer/,"Previously, she was the Program Director for the NYC Network of Worker Cooperatives for almost a decade, and a freelance facilitator and movement trainer. She was also the coordina",,,afgj-interlock,1
per_tara_thompson,Tara Thompson,person,veneer,,1,,https://colorlines.com/articles/michael-brown-one-year-later,"Tef Poe and Tara Thompson, St. Louis-area organizers who represent Hands Up United, have done a lot of this everyday work that we're describing.",,,afgj-interlock,1
per_taureen_tory_russell,"Taureen ""Tory"" Russell",person,veneer,,1,,https://archive.thinkprogress.org/as-verdict-looms-in-ferguson-activists-play-the-long-game-eb069e39181f/,"Russell, along with the Organization for Black Struggle, the homeless youth of Lost Voices, and rapper Tef Poe, co-founded Hands Up United, a coalition of organizers demanding an i",,,afgj-interlock,1
per_tef_poe,Tef Poe,person,veneer,,2,,https://www.berklee.edu/people/tef-poe|https://colorlines.com/articles/michael-brown-one-year-later|https://archive.thinkprogress.org/as-verdict-looms-in-ferguson-activists-play-the-long-game-eb069e39181f/,"Tef Poe is a rapper, musician, and activist from St. Louis, Missouri. He is a cofounder of Hands Up United in nearby Ferguson. || Interlock hub — cited in 2 AFGJ-project people's bios",,,afgj-interlock,1
per_trayce_peterson,Trayce Peterson,person,veneer,,1,,https://www.borderlinks.org/trayce-peterson,"She co-founded SplitSeed Productions, which uses art-based interventions to inform, educate, and explore human rights and justice issues.",,,afgj-interlock,1
per_vee_morris_moore,Vee Morris Moore,person,party,,1,,https://thetriibe.com/2025/12/assata-shakur-an-enduring-legacy-that-serves-as-the-blueprint-for-black-liberation/,"“said Morris Moore, who is the organizing and programming director of the queer Black woman-led Assata’s Daughters (AD).”",,,afgj-interlock,1
per_vik_velazquez_morales,Vikó Velazquez Morales,person,veneer,,2,,https://www.tucsonspotlight.org/collective-builds-community/,"Mirely Baca, Vikó Velazquez Morales and T Loving are the force behind Kindred Connections, a wellness collective that offers support and services to Black, Indigenous and People of || Interlock hub — cited in 2 AFGJ-project people's bios",,,afgj-interlock,1
pf,The People's Forum,org,money,,31.6,61-1844780,https://www.influencewatch.org/non-profit/the-peoples-forum/,320 W 37th St NYC; live donate-page payee for Hatuey || Singham-funded NYC hub; IPA North America anchor || Singham-funded NYC hub; feeds DSA adjacently via a separate channel from RLS || us_501c3_active; report §VII. ICAP interlock confirmed directly: State Dept/Rubio sanctions reporting names The People's Forum among the US groups 'wo,pf.png,US,hatuey|latam-solidarity|rls-germany|rubio-cuba|singham-spine,5
pfetcher,Jason Pfetcher,person,party,,3,,https://www.peoplessupportfoundation.org/,WMH representative at NewsClick shareholder meetings (peoplesdemocracy.in); Involved in genocide denial activities.,,,singham-spine,1
pflp,Popular Front for the Liberation of Palestine (PFLP),org,terror,natlib,,,https://home.treasury.gov/news/press-releases/jy2646|https://en.wikipedia.org/wiki/Popular_Front_for_the_Liberation_of_Palestine,US-designated Foreign Terrorist Organization; Samidoun found by OFAC to be its fundraising front || foreign_militant_terror; report §VIII.,,,iran-network|rubio-cuba,2
pi,Progressive International,org,party,demsoc,,93-3021918,https://progressive.international/members/,Co-founded by DiEM25 + Sanders Institute; DSA is a formal member (Oct 2023); connects European left to US orgs,,,rls-germany,1
podemos,Podemos,org,party,demsoc,,,https://en.wikipedia.org/wiki/Podemos_(Spanish_political_party),Spanish left party,,Spain,rls-germany,1
prashad,Vijay Prashad,person,party,,6,,https://www.wikidata.org/wiki/Q7929191|https://en.wikipedia.org/wiki/Vijay_Prashad,"Tricontinental director; published on rosalux.nyc (2013, 2017); RLS Berlin HQ speaker Jun 2025 — bridge to the Singham/PI pipelines || Executive Director; org(s): Tricontinental; §VII || Executive Director/Founder; Involved in genocide denial activities.",,,rls-germany|rubio-cuba|singham-spine,3
press_tv,Press TV,org,state,state,,,https://sanctionssearch.ofac.treas.gov/Details.aspx?id=45062,OFAC-sanctioned English-language IRIB state broadcaster,,Iran,iran-network,1
psf,People's Support Foundation (PSF),org,money,,22,82-1202926,https://projects.propublica.org/nonprofits/organizations/821202926,"Neville Roy Singham vehicle; Jodie Evans, President. $111.6M assets (FY2024). Funds JEF, People's Welfare Association, and People's Forum -- structurally parallel to, not overlapping with, AoJ's grant flow.",,,iran-network|singham-spine,2
psl,Party for Socialism & Liberation,org,party,ml,,,https://www.influencewatch.org/political-party/the-party-for-socialism-and-liberation-psl/,Marxist-Leninist electoral party || US Marxist-Leninist party; shared leadership with People's Forum || 527 political action committee/political party (NOT a 501(c)(3) — no active 501c3 status or ProPublica 990 record found); report §VII. PSL chapters are among the most frequent named co-sponsors of hatuey-related city actions.,psl.png,US,hatuey|latam-solidarity|rubio-cuba|singham-spine,4
puf,Progress Unity Fund,org,party,,,94-3382208,,,,,singham-spine,1
puryear,Eugene Puryear,person,party,,6,,https://en.wikipedia.org/wiki/Eugene_Puryear,"Founding member, former VP candidate (2008, 2016); Potential unregistered foreign agent.",,,singham-spine,1
pwa,People's Welfare Association,org,money,,,83-4705654,,,,,singham-spine,1
reyes,Karla Reyes,person,party,,4,,https://www.linkedin.com/in/karla-reyes-810a628/,Central Committee member; Connected to Chinese Communist Party operations.,,,singham-spine,1
rhc,Radio Havana Cuba / Prensa Latina / Granma,org,state,state,,,,Cuban state media,,,hatuey,1
richard_becker,Richard Becker,person,party,,2,,https://missionlocal.org/2019/08/local-socialists-see-the-fog-of-anti-communism-lifting/,PSL co-founder; ANSWER coordinator; m. Gloria La Riva || Co-founder (June 2004); Involved in genocide denial activities.,,,hatuey|singham-spine,2
rls_berlin,Rosa-Luxemburg-Stiftung e.V. (Berlin),org,state,,71,,https://en.wikipedia.org/wiki/Rosa_Luxemburg_Foundation,"Die Linke's party foundation; EUR 71.2M (2024), ~95% German-government-funded; parent that controls all RLS-NYC money",rls.png,Germany,rls-germany,1
rls_nyc,Rosa Luxemburg Stiftung Inc (RLS-NYC),org,center,,19,45-3658022,https://projects.propublica.org/nonprofits/organizations/453658022,US 501(c)(3); 275 Madison Ave NYC; 100% funded by RLS Berlin; ~$19.1M cumulative 2012-2025; staffed & funded DSA training,rls.png,US,rls-germany,1
ron,Carlos Ron,person,money,,,,https://thetricontinental.org/team/,"Board/team member (Tricontinental); fmr Venezuelan Deputy FM; org(s): Tricontinental, (Venezuela state); §VII",,Venezuela,rubio-cuba,1
rose_benjamin,Rose Benjamin,person,money,,24,,https://www.influencewatch.org/non-profit/benjamin-fund/,"Alvin Benjamin's first wife, Medea Benjamin's mother. Estate contributed $10,863,060 to the Benjamin Fund in FY2010 (990-PF Sched B) -- a distinct, smaller sum from Alvin's later $23.8M; external sources (InfluenceWatch, CRC) misattribute the foundation's money to her estate alone.",,,iran-network,1
rub_african_national_congress,African National Congress,org,context,panafrican,,,https://www.anc1912.org.za/,foreign_solidarity; report §I-III. South Africa; Tricontinental attendee; Cuban-trained ZAPU cadres joined ANC militants in Rhodesia.,,South Africa,rubio-cuba,1
rub_al_tajammu,Al-Tajammu,org,context,,,,https://ict.org.il/propaganda-narratives-influence-operations-latin-america/,network_coalition; report §VIII.,,,rubio-cuba,1
rub_alpha_66,Alpha 66,org,opposition,,,,https://en.wikipedia.org/wiki/Alpha_66,exile_opposition; report §IV.,,,rubio-cuba,1
rub_amazon_labor_union,Amazon Labor Union,org,context,,,,https://www.amazonlaborunion.org/,"us_labor_union_501c5_active; report §V-VI. ALU-IBT Local 1 (Teamsters affiliate); founder Chris Smalls named as participant in Cuba solidarity delegation (""Nuestra América Convoy"") cited in report.",,,rubio-cuba,1
rub_amistur_cuba_sa,Amistur Cuba SA,org,state,state,,,https://www.state.gov/releases/office-of-the-spokesperson/2026/06/sanctions-on-cuban-actors-responsible-for-subversive-anti-american-activities-fact-sheet,foreign_state_entity; report §VII. ICAP travel/logistics arm — operates delegations on ICAP's behalf (report L2083),,Cuba,rubio-cuba,1
rub_association_for_investment,Association for Investment in Popular Action Committees,org,context,,19.2,,https://assinvpopactcom.org/,us_501c3_active; report §VIII.,,,rubio-cuba,1
rub_belly_of_the_beast_llc,Belly of the Beast LLC,org,context,,,,https://www.bellyofthebeastcuba.com/,media_llc; report §V-VI.,,,rubio-cuba,1
rub_black_liberation_army,Black Liberation Army,org,context,panafrican,,,https://en.wikipedia.org/wiki/Black_Liberation_Army,us_radical_historical; report §V-VI.,,,rubio-cuba,1
rub_black_lives_matter_at_scho,Black Lives Matter at School,org,context,panafrican,,,https://www.blacklivesmatteratschool.com/,"us_501c3_active; report §V-VI.  [TIER B — context-only, NEVER in a Cuba total]",,,rubio-cuba,1
rub_black_lives_matter_global,Black Lives Matter Global Network Foundation,org,context,panafrican,82.9,,https://blacklivesmatter.com/,"us_501c3_active; report §V-VI.  [TIER B — context-only, NEVER in a Cuba total]",,,rubio-cuba,1
rub_black_lives_matter_grassro,Black Lives Matter Grassroots,org,context,panafrican,,,https://blmgrassroots.org/,"us_501c3_active; report §V-VI.  [TIER B — context-only, NEVER in a Cuba total]",,,rubio-cuba,1
rub_black_panther_party,Black Panther Party,org,context,panafrican,,,https://en.wikipedia.org/wiki/Black_Panther_Party,"us_radical_historical; report §I-III, V-VI. Cited as influenced by Robert F. Williams broadcasts; leaders found safe harbor in Cuba.",,,rubio-cuba,1
rub_british_cuba_solidarity_ca,British Cuba Solidarity Campaign,org,money,,,,https://cuba-solidarity.org.uk/,foreign_solidarity; report §V-VI.,,UK,rubio-cuba,1
rub_brothers_to_the_rescue,Brothers to the Rescue,org,opposition,,,,https://en.wikipedia.org/wiki/Brothers_to_the_Rescue,exile_opposition; report §IV.,,,rubio-cuba,1
rub_canadian_network_on_cuba,Canadian Network on Cuba,org,money,,,,https://canadiannetworkoncuba.ca/,foreign_solidarity; report §V-VI.,,Canada,rubio-cuba,1
rub_changingfrequencies,changingFrequencies,org,context,,,,https://changingfrequencies.com/,"us_fiscally_sponsored (fiscal sponsor unnamed on org site; tax-deductible gifts >$500 routed through a third party per its own donation page); named in the July 2026 State Dept report 'Cuba: The Capital of 21st Century Communism' (specific §VII citation unconfirmed — independent tally of the report's ~43 named Americans/groups includes changingFrequencies, but no source specifies a section number)",,,rubio-cuba,1
rub_claudia_jones_school,Claudia Jones School,org,money,,,,https://claudiajonesschool.org/,"us_fiscally_sponsored — fiscal host is Open Collective Foundation, a 501(c)(3) (per org's own Open Collective account); report §VII.",,,rubio-cuba,1
rub_communist_party_usa,Communist Party USA,org,party,ml,,,https://www.cpusa.org/,"us_political_party_active — no national 501(c)(3)/tax-exempt registration found; CPUSA is an unincorporated political party (not a nonprofit). NNOC coalition member (separately confirmed edge, https://nnoc.org/member-orgs/). Membership peaked at ~75,000 in 1947 and collapsed to roughly 5,000 by the late 1950s amid Cold War Red Scare prosecutions and the 1956 Khrushchev-speech/Hungary defections.",,,rubio-cuba,1
rub_cuban_american_national_fo,Cuban American National Foundation,org,opposition,,,,https://en.wikipedia.org/wiki/Cuban_American_National_Foundation,exile_opposition; report §IV.,,,rubio-cuba,1
rub_cuban_interests_section,Cuban Interests Section,org,state,state,,,https://en.wikipedia.org/wiki/Cuban_Interests_Section,foreign_state_entity; report §IV.,,Cuba,rubio-cuba,1
rub_cuban_mission_to_the_un,Cuban Mission to the UN,org,state,state,,,https://www.newyorklatinculture.com/cuban-un/,foreign_state_entity; report §IV.,,Cuba,rubio-cuba,1
rub_democratic_front_for_the_l,Democratic Front for the Liberation of Palestine,org,terror,natlib,,,https://en.wikipedia.org/wiki/Democratic_Front_for_the_Liberation_of_Palestine,foreign_militant_terror; report §VIII.,,,rubio-cuba,1
rub_eln,ELN,org,terror,natlib,,,https://en.wikipedia.org/wiki/National_Liberation_Army_(Colombia),foreign_militant_terror; report §I-III. Founders trained in Cuban guerrilla camps.,,,rubio-cuba,1
rub_equality_for_flatbush,Equality for Flatbush,org,context,,,,https://equalityforflatbush.org/,us_fiscally_sponsored; report §VII.,,,rubio-cuba,1
rub_f_4_commandos,F-4 Commandos,org,opposition,,,,https://en.wikipedia.org/wiki/Cuban_Five,exile_opposition; report §IV.,,,rubio-cuba,1
rub_fair_play_for_cuba_committ,Fair Play for Cuba Committee,org,context,,,,https://en.wikipedia.org/wiki/Fair_Play_for_Cuba_Committee,"us_radical_historical; report §I-III, V-VI. Founded April 1960 NYC, Castro-funded; NYT ads, delegations, chapters.",,,rubio-cuba,1
rub_faln,FALN,org,context,natlib,,,https://en.wikipedia.org/wiki/FALN,us_radical_historical; report §I-III. ~130 bombings 1974-1983; co-founded by Ríos.,,,rubio-cuba,1
rub_george_floyd_riots_antifa,George Floyd riots / Antifa / campus activism,concept,context,,,,https://www.kenklippenstein.com/p/after-political-terrorism-event-us,movement_event; report §VIII.,,,rubio-cuba,1
rub_germany_cuba_friendship_as,Germany-Cuba Friendship Association,org,money,,,,https://www.fgbrdkuba.de/,foreign_solidarity; report §V-VI.,,Germany,rubio-cuba,1
rub_haitian_women_for_haitian,Haitian Women for Haitian Refugees,org,context,,,,https://haitianrefugees.org,us_fiscally_sponsored; report §VII.,,,rubio-cuba,1
rub_hamas,Hamas,org,terror,islamist,,,https://en.wikipedia.org/wiki/Hamas,foreign_militant_terror; report §VIII.,,,rubio-cuba,1
rub_hezbollah,Hezbollah,org,terror,islamist,,,https://en.wikipedia.org/wiki/Hezbollah,foreign_militant_terror; report §VIII.,,,rubio-cuba,1
rub_houthis,Houthis,org,terror,islamist,,,https://en.wikipedia.org/wiki/Houthis,foreign_militant_terror; report §VIII.,,,rubio-cuba,1
rub_ifco_pastors_for_peace,IFCO / Pastors for Peace,org,money,,25.0,,https://ifconews.org/,us_501c3_active; report §V-VI. NNOC member; runs the Pastors for Peace 'Friendshipment' caravans to Cuba via ICAP; sole US administrator of Cuba's ELAM,,,rubio-cuba,1
rub_international_may_day_brig,International May Day Brigade,org,money,,,,https://nnoc.org/brigades/,"us_fiscally_sponsored; report §V-VI. Direct, structural interlock, not incidental: NNOC's own page states 'Each year, the NNOC works with ICAP...to lead the",,,rubio-cuba,1
rub_m_19,M-19,org,terror,natlib,,,https://en.wikipedia.org/wiki/M-19,foreign_militant_terror; report §I-III. Colombia; Cuban-trained; 1980 Bogotá Dominican embassy siege; Gustavo Petro was a member.,,,rubio-cuba,1
rub_macheteros,Macheteros,org,context,natlib,,,https://en.wikipedia.org/wiki/Macheteros,"us_radical_historical; report §I-III. Puerto Rico; 1979 Navy bus ambush, USS Pensacola attack, FBI San Juan HQ/courthouse rocket attacks, Wells Fargo robbery",,,rubio-cuba,1
rub_may_19th_communist_organiz,May 19th Communist Organization,org,context,natlib,,,https://en.wikipedia.org/wiki/May_19th_Communist_Organization,us_radical_historical; report §V-VI.,,,rubio-cuba,1
rub_montoneros,Montoneros,org,terror,natlib,,,https://en.wikipedia.org/wiki/Montoneros,foreign_militant_terror; report §I-III. Argentina; Castro-backed/funded; ransom money to Cuba; CIA report on Middle East training.,,,rubio-cuba,1
rub_naacp,NAACP,org,context,,,,https://naacp.org,"us_501c4_active (social welfare org, since Mar 2019); separate affiliated entity NAACP Empowerment Programs, Inc. (EIN 13-1084135) holds 501(c)(3) status; report §V-VI.",,,rubio-cuba,1
rub_nation_of_islam,Nation of Islam,org,context,panafrican,,,https://noi.org,us_501c3_active; report §V-VI.,,,rubio-cuba,1
rub_national_conference_of_bla,National Conference of Black Lawyers,org,context,panafrican,,,https://ncbl.org,us_501c3_active; report §V-VI.,,,rubio-cuba,1
rub_national_network_on_cuba,National Network on Cuba,org,center,,,,https://nnoc.org,"network_coalition; report §VII. ICAP's primary US counterpart — 60+ member coalition (incl. DSA, NLG, CodePink, CPUSA); partners with ICAP every year to",,,rubio-cuba,1
rub_olas,OLAS,org,context,,,,https://www.latinamericanstudies.org/tricon/tricon1.htm,"network_coalition; report §I-III, V-VI. Formed by 27 Latin American Tricontinental delegations; HQ'd in Havana.",,,rubio-cuba,1
rub_p_alicia_garza,Alicia Garza,person,context,,,,https://en.wikipedia.org/wiki/Alicia_Garza,Co-founder; org(s): Black Lives Matter Global Network; §V-VI,,,rubio-cuba,1
rub_p_angela_davis,Angela Davis,person,context,,,,https://en.wikipedia.org/wiki/Angela_Davis,"Movement figure; org(s): CPUSA lineage, BLM lineage; §V-VI",,,rubio-cuba,1
rub_p_antonio_guerrero,Antonio Guerrero,person,state,,,,https://en.wikipedia.org/wiki/Antonio_Guerrero,Wasp agent (Cuban Five); org(s): Wasp Network; §IV,,Cuba,rubio-cuba,1
rub_p_asad_rehman,Asad Rehman,person,context,,,,https://thousandcurrents.org/our-leadership/,"Board member (Thousand Currents); ED War on Want; org(s): Thousand Currents, War on Want; §VII",,,rubio-cuba,1
rub_p_bernardine_dohrn,Bernardine Dohrn,person,context,,,,https://en.wikipedia.org/wiki/Bernardine_Dohrn,"Leader; org(s): Weather Underground; §V-VI, VII",,,rubio-cuba,1
rub_p_bill_ayers,Bill Ayers,person,context,,,,https://en.wikipedia.org/wiki/Bill_Ayers,Leader; org(s): Weather Underground; §V-VI,,,rubio-cuba,1
rub_p_charles_charlie_hill,Charles 'Charlie' Hill,person,context,,,,https://www.cbsnews.com/news/charlie-hill-american-harbored-by-cuba-fears-winds-of-change/,"BLA/RNA; Cuba fugitive (hijacker); org(s): Black Liberation Army, Republic of New Afrika; §V-VI",,Cuba,rubio-cuba,1
rub_p_fernando_gonz_lez_llor,Fernando González Llort,person,state,,,,https://en.wikipedia.org/wiki/Fernando_González_Llort,"Wasp Network agent (Cuban Five) → President of ICAP; org(s): Wasp Network, ICAP; §IV, VII",,Cuba,rubio-cuba,1
rub_p_george_galloway,George Galloway,person,context,,,,https://en.wikipedia.org/wiki/George_Galloway,Founder; org(s): Viva Palestina US; §VII,,UK,rubio-cuba,1
rub_p_gerardo_hern_ndez,Gerardo Hernández,person,state,,,,https://cubacenter.org/cuba-brief-archives/2022/09/13/cubabrief-24/,Wasp Network leader (Cuban Five); org(s): Wasp Network; §IV,,Cuba,rubio-cuba,1
rub_p_gustavo_petro,Gustavo Petro,person,context,,,,https://en.wikipedia.org/wiki/Gustavo_Petro,Colombia president; ex-M-19; org(s): M-19; §I-III,,Colombia,rubio-cuba,1
rub_p_kathy_boudin,Kathy Boudin,person,context,,,,https://en.wikipedia.org/wiki/Kathy_Boudin,"Member; org(s): Weather Underground, May 19th; §V-VI, VII",,,rubio-cuba,1
rub_p_leonard_boudin,Leonard Boudin,person,context,,,,https://en.wikipedia.org/wiki/Leonard_Boudin,Attorney; org(s): (FPCC/Cuba legal); §VII,,,rubio-cuba,1
rub_p_nayef_hawatmeh,Nayef Hawatmeh,person,context,,,,https://en.wikipedia.org/wiki/Nayef_Hawatmeh,"Founder; org(s): PFLP, DFLP; §VIII",,,rubio-cuba,1
rub_p_onyesonwu_chatoyer,Onyesonwu Chatoyer,person,money,,,,https://hoodcommunist.org/2025/07/28/cuba-beats-the-beast/,"Lead coordinator (US contingent); NNOC co-chair; VB organize; org(s): International May Day Brigade, National Network on Cuba, Ven; §VII",,,rubio-cuba,1
rub_p_opal_tometi,Opal Tometi,person,context,,,,https://en.wikipedia.org/wiki/Opal_Tometi,"Co-founder (BLM GNF); BAP founding/former advisory cmte; org(s): Black Lives Matter Global Network Foundation, Black Alliance; §V-VI, VII",,,rubio-cuba,1
rub_p_paul_larudee,Paul Larudee,person,context,,,,https://en.wikipedia.org/wiki/Paul_Larudee,"AIP (EIN 20-5516191), founded 2007, is itself the fiscal sponsor of ISM-Northern California, Free Palestine Movement, Syria Solidarity Movement and related projects; Larudee has served as its Treasurer (President in FY2022 filing) per IRS Form 990s; §VIII",,,rubio-cuba,1
rub_p_ram_n_laba_ino,Ramón Labañino,person,state,,,,https://en.wikipedia.org/wiki/Ramón_Labañino,Wasp agent (Cuban Five); org(s): Wasp Network; §IV,,Cuba,rubio-cuba,1
rub_p_ren_gonz_lez,René González,person,state,,,,https://en.wikipedia.org/wiki/René_González,Wasp agent (Cuban Five); org(s): Wasp Network; §IV,,Cuba,rubio-cuba,1
rub_p_rev_lucius_walker,Rev. Lucius Walker,person,money,,,,https://www.influencewatch.org/non-profit/interreligious-foundation-for-community-organization/,Founder; org(s): IFCO / Pastors for Peace; §VII,,,rubio-cuba,1
rub_p_robert_f_williams,Robert F. Williams,person,context,,,,https://en.wikipedia.org/wiki/Robert_F._Williams,"Radio Free Dixie; NAACP→Cuba exile; org(s): NAACP, Black Panther Party (influence); §I-III, V-VI",,,rubio-cuba,1
rub_p_suzanne_adely,Suzanne Adely,person,money,,,,https://aaan.org/congratulations-to-our-friend-suzanne-adely-the-newly-elected-national-lawyers-guild-president/,President; org(s): National Lawyers Guild; §VII,,,rubio-cuba,1
rub_palestine_liberation_organ,Palestine Liberation Organization,org,terror,natlib,,,https://en.wikipedia.org/wiki/Palestine_Liberation_Organization,"foreign_militant_terror; report §I-III, VIII. Attended Tricontinental Conference; trained Sandinistas at Lebanon camps per RAND Note N-2685.",,,rubio-cuba,1
rub_palestinian_islamic_jihad,Palestinian Islamic Jihad,org,terror,islamist,,,https://en.wikipedia.org/wiki/Palestinian_Islamic_Jihad,foreign_militant_terror; report §VIII.,,,rubio-cuba,1
rub_radio_habana,Radio Habana,org,state,state,,,https://en.wikipedia.org/wiki/Radio_Habana,foreign_state_entity; report §V-VI.,,Cuba,rubio-cuba,1
rub_republic_of_new_afrika,Republic of New Afrika,org,context,panafrican,,,https://en.wikipedia.org/wiki/Republic_of_New_Afrika,us_radical_historical; report §V-VI.,,,rubio-cuba,1
rub_student_nonviolent_coordin,Student Nonviolent Coordinating Committee,org,context,panafrican,,,https://en.wikipedia.org/wiki/Student_Nonviolent_Coordinating_Committee,"State Dept report (p.58, historical/Black-radicalism section): SNCC named as an 'early and foundational' proponent of the Black radical political current Cuba is alleged to have cultivated — historical/lineage cite, NOT a current funded member",,,rubio-cuba,1
rub_students_for_a_democratic,Students for a Democratic Society,org,context,,,,https://en.wikipedia.org/wiki/Students_for_a_Democratic_Society,us_radical_historical; report §V-VI.,,,rubio-cuba,1
rub_the_jericho_movement,The Jericho Movement,org,money,,,,https://thejerichomovement.com,us_fiscally_sponsored; report §VII.,,,rubio-cuba,1
rub_the_wasp_network_red_avisp,The Wasp Network / Red Avispa,org,state,,,,https://www.cubaheadlines.com/articles/338317,"foreign_state_entity; report §IV, VII, VIII. ESPIONAGE→FRONT HINGE — Wasp member González Llort now heads ICAP; the single fact that makes the espionage layer and th",,Cuba,rubio-cuba,1
rub_thousand_currents,Thousand Currents,org,context,,67.5,,https://thousandcurrents.org/,"us_501c3_active; report §V-VI.  [TIER B — context-only, NEVER in a Cuba total]",,,rubio-cuba,1
rub_tupamaros,Tupamaros,org,terror,natlib,,,https://en.wikipedia.org/wiki/Tupamaros,foreign_militant_terror; report §I-III. Uruguay; Cuban-trained/armed; kidnapped/executed American security adviser.,,,rubio-cuba,1
rub_venceremos_brigade,Venceremos Brigade,org,money,,,,https://vb4cuba.com/,"us_fiscally_sponsored; report §I-III, IV, V-VI, VII. Founded 1969; transported thousands of American radicals to Cuba over 50+ years; ""dominated by Cuban spies"" per report —",,,rubio-cuba,1
rub_viva_palestina_us,Viva Palestina US,org,context,,,,https://sfbayview.com/2014/01/irs-attacks-cuba-supporting-ifco-for-fiscally-sponsoring-viva-palestina/,us_fiscally_sponsored; report §VII.,,,rubio-cuba,1
rub_weather_underground,Weather Underground,org,context,natlib,,,https://en.wikipedia.org/wiki/Weather_Underground,"us_radical_historical; report §I-III, V-VI, VIII. Alleged direct Cuban official contact and covert operational support to bombings — uncited claim.",,,rubio-cuba,1
rub_witness_for_peace_solidari,Witness for Peace Solidarity Collective,org,money,,18.5,,https://www.witnessforpeace.org/,us_501c3_active; report §V-VI. NNOC member (formal coalition member; roster-verified),,,rubio-cuba,1
rub_zimbabwe_african_people_s,Zimbabwe African People's Union,org,context,panafrican,,,https://zapu.org,"foreign_solidarity; report §I-III, VII. Cuban-trained cadres fought in Rhodesia alongside ANC.",,Zimbabwe,rubio-cuba,1
rubio_report,Rubio Cuba Report (State Dept.),concept,context,,,,https://www.state.gov/cuba-the-capital-of-21st-century-communism,"State Dept./Rubio report on Cuban subversion; 8 sections. Anchors every node's section ref. Context entities (FTO/exile/historical) are CITED here, not funded.",,,rubio-cuba,1
russia,Russia,concept,state,,19,,,Russia — foreign-state tie hub,,Russia,singham-spine,1
samidoun,Samidoun Palestinian Prisoner Solidarity Network,org,terror,natlib,,,https://home.treasury.gov/news/press-releases/jy2646,OFAC-designated Oct 15 2024 as a 'sham charity' PFLP fundraising front,,,iran-network,1
santos,Lucas Tinti dos Santos,person,party,,3,,https://projects.propublica.org/nonprofits/organizations/371913339/202002309349300500/full,"Director & Secretary of United Community Fund, 2019-2023 (per Form 990 filings); UCF is a Neville Roy Singham-linked pass-through nonprofit reported to channel funds tied to pro-CCP/China media outlets, though no source names Santos personally as a foreign agent, registered or unregistered.",,,singham-spine,1
scharenberg,Albert Scharenberg,person,money,,2,,https://keywiki.org/Albert_Scharenberg,Co-ED RLS-NYC (2013-2018); organized the Mar 2018 European delegation to the CPC Summit,,,rls-germany,1
seal,ICAP 65th-Anniversary Seal,concept,state,,,,,"Awarded to La Riva, Jan 2026",,,hatuey,1
singham,Neville Roy Singham,person,money,,20,,https://www.banks.senate.gov/news/press-releases/senator-jim-banks-to-attorney-general-bondi-i-urge-you-to-investigate-code-pink-for-potential-violations-of-fara/|https://en.wikipedia.org/wiki/Neville_Roy_Singham|https://www.nytimes.com/2023/08/05/world/americas/neville-roy-singham-china-money.html,"ThoughtWorks founder; married Jodie Evans (2017); China-resident (Shanghai). Apex funder of the network: >$20M to People's Forum (2017-2022), routed via People's Support Foundation and Justice & Education Fund. Subject of NYT (Aug 2023) reporting and Senate (Banks/Grassley) FARA scrutiny over CCP-linked funding.",,,hatuey|iran-network|rubio-cuba|singham-spine,4
singham_shanti,Shanti Singham,person,party,,4,,https://jewishinsider.com/2026/03/neville-roy-singham-family-embedded-zohran-mamdani/,Williams College professor emerita (History/Africana Studies); sister of Neville Roy Singham; holds an academic post at China's state-controlled East China Normal University and has advocated for Beijing-backed Confucius Institutes in Africa — documented ties to CCP-linked academic institutions.,,,singham-spine,1
social_good_fund,Social Good Fund,org,money,,24,46-1323531,https://projects.propublica.org/nonprofits/organizations/461323531,"CA fiscal sponsor/DAF operator, 100+ sponsored projects. $855K cumulative from AoJ FY2018-2022 (990-PF Sched I). Ultimate project recipient of AoJ's money not named anywhere in public filings.",,,iran-network,1
souers,Wyatt Souers,person,party,,,,https://consortiumnews.com/2024/07/30/venezuela-as-us-leaders-call-fraud-us-observers-endorse-results/,International Peoples' Assembly; 2024 VZ election accompanier,,US,latam-solidarity,1
stein,Abby Stein (JVP Rabbinical Council),person,context,,,,https://www.adl.org/resources/backgrounder/jewish-voice-peace-jvp,"JVP Rabbinical Council member; attended a Sept 2024 NYC meeting convened by the Islamic Republic of Iran with Iranian President Masoud Pezeshkian, less than a week before Iran launched missiles at Israel. Additional source: https://www.aol.com/anti-israel-nyc-rabbi-attended-173832352.html (NY Post via AOL). Source material explicitly frames this as an individual-capacity contact, not an organizational JVP-Iran relationship. Entirely separate corpus from the Benjamin-foundation/Press-TV material — surfaced via the Revolutionary Network synthesis, not the ncri-tehran-tampa project.",,,iran-network,1
sunkara,Bhaskar Sunkara,person,veneer,,3,,https://rosalux.nyc/2026-ellen-meiksins-wood-lecture/,Jacobin founder; The Nation president; 2026 Ellen Meiksins Wood Lecturer at RLS-NYC; 2014 advisory group,,,rls-germany,1
svart,Maria Svart,person,veneer,,1,,https://keywiki.org/Mapping_Socialist_Strategies,DSA National Director; advisory group at RLS-NYC's 'Mapping Socialist Strategies' retreat (Aug 2014),,,rls-germany,1
syriza,SYRIZA,org,party,demsoc,,,https://en.wikipedia.org/wiki/Syriza,Greek left party,,Greece,rls-germany,1
taylor,Nancy Taylor,person,party,,3,,https://projects.propublica.org/nonprofits/organizations/824975378,"Secretary/Grant Administrator, Justice and Education Fund (2019 Form 990); also Secretary, Tricontinental Ltd (2017-2018 filings) — both nonprofits in the Neville Roy Singham funding network.",,,singham-spine,1
tfa,Task Force on the Americas,org,veneer,,,,https://taskforceamericas.org/,Roger Harris-led; co-sponsors Venezuela Solidarity Network,tfa.png,US,latam-solidarity,1
theoharis,Rev. Dr. Elizabeth Armen Liz Theoharis,person,party,,7,,https://en.wikipedia.org/wiki/Liz_Theoharis,"Personal and organizational ties to the Singham network (attended Singham-Evans wedding; staff overlap between her Kairos Center and Singham-linked groups); publicly frames the Gaza war as a genocide and opposes U.S. military aid to Israel, Ukraine, and Taiwan -- NOT a genocide denier as previously stated.",,,singham-spine,1
tighe_barry,Tighe Barry,person,context,,16,,https://www.nps.gov/aboutus/foia/upload/19-1203_Barry_application.pdf|https://www.trtworld.com/magazine/american-activist-from-vietnam-to-gaza-war-my-government-lies-to-me-18204641,CODEPINK Art Director; personal DC address matches Arc of Justice's operational address,,,iran-network|singham-spine,2
tricontinental,Tricontinental: Institute for Social Research,org,money,,30.8,82-2882135,https://thetricontinental.org/about/ | https://thetricontinental.org/team/,"Prashad-led; IPA research arm || Prashad-led; personnel collaborated with RLS South Asia; $3.015M to People's Forum (2018) || us_501c3_active; report §I-III, V-VI, VIII. Quarterly publication from Tricontinental Conference; direct match to existing 'gold standard' Tricontinental dossier.",tricontinental.png,US,latam-solidarity|rls-germany|rubio-cuba|singham-spine,4
trochowski,Daniela Trochowski,person,state,,1,,https://en.wikipedia.org/wiki/Rosa_Luxemburg_Foundation,"Executive Director, RLS e.V. Berlin; oversees the $1.3-2.5M/yr transfers to RLS-NYC",,Germany,rls-germany,1
ucf,United Community Fund,org,money,,,37-1913339,,,,,singham-spine,1
uk_labour,UK Labour Party,org,party,demsoc,,,https://en.wikipedia.org/wiki/Labour_Party_(UK),UK opposition party (Corbyn-era left),,UK,rls-germany,1
uspc,US Peace Council,org,veneer,ml,,,https://uspeacecouncil.org/,WPC-affiliated; Roger Harris member,uspc.png,US,latam-solidarity,1
uts,Union Theological Seminary,org,veneer,,,13-1624238,,,,,singham-spine,1
valente,Mónica Valente,person,state,,,,https://www.nodal.am/2025/01/venezuela-delegaciones-internacionales-asisten-a-la-investidura-de-nicolas-maduro/,Secretary of Foro de São Paulo (PT Brazil); attended Maduro inauguration 2025,,Brazil,latam-solidarity,1
venezuela,Venezuela,concept,state,,9,,,Venezuela — foreign-state tie hub,,Venezuela,singham-spine,1
viq,"Rachel Viqueira, MHS",person,state,,1,,https://www.hatueyproject.org/,"Rachel Viqueira, MHS, Epidemiologist || Real epidemiologist; PSL-paper byline re Hatuey",,,afgj-interlock|hatuey,2
vsn,Venezuela Solidarity Network,org,veneer,,,,https://www.venezuelasolidaritynetwork.org/,Coalition (AFGJ/CODEPINK/TFA/WWP); Kaufman-era outgrowth,vsn.png,US,latam-solidarity,1
wathington,Chad Wathington,person,party,,3,,https://confengine.com/user/chad-wathington,Former Director/Treasurer (2017); Involved in genocide denial activities.,,,singham-spine,1
wfdy,World Federation of Democratic Youth,org,party,ml,,,https://en.wikipedia.org/wiki/World_Festival_of_Youth_and_Students,Soviet-lineage organizer of the WFYS series,wfdy.png,,latam-solidarity,1
wfp,Working Families Party,org,veneer,demsoc,,,https://keywiki.org/Rosa_Luxemburg_Stiftung,US political party; Steve Hughes conducted organizing trainings at/for RLS-NYC events,,US,rls-germany,1
wider,Phil Wider,person,party,,7,,https://peoplesforum.org/instructor/phil-wider/,"Director/Treasurer, Justice and Education Fund (EIN 82-4975378), FY2018-FY2022 per IRS Form 990 Schedule O compensation disclosures (Philip Wider, Director/treasurer, $32,667-$56,000/yr); JEF is a Neville Singham/People's Support Foundation grantmaking vehicle described in NYT reporting as part of a CCP-linked funding network.",,,singham-spine,1
xiao,Sheila Xiao,person,party,,5,,https://liberationschool.org/hong-kong-and-china/,"Co-founder/lead organizer, Pivot to Peace; institutional research analyst, Rio Hondo College; chair, ANSWER Coalition LA chapter and former PSL organizer who has collaborated with People's Forum's Manolo De Los Santos on China programming (per NCRI's May 2024 SID4P report).",,,singham-spine,1
ydsa,Young DSA (YDSA),org,veneer,demsoc,,,https://keywiki.org/Rosa_Luxemburg_Stiftung,Youth DSA; RLS-NYC co-sponsored its 'Generation Left' Winter Conference (Feb 2016),,US,rls-germany,1
yee,Amanda Yee,person,party,,1,,https://example.com/source-needed,Liberation News managing editor (PSL paper); BreakThrough News || Co-host of 'The China Report'; Involved in genocide denial activities.,,,hatuey|singham-spine,2
zarif,Mohammad Javad Zarif,person,state,,,,https://www.codepink.org/day_3,Iranian Foreign Minister; met Benjamin/CODEPINK delegation Feb 2019; later named in NIAC litigation discovery,,Iran,iran-network,1
inv_sacp,South African Communist Party (SACP),org,context,ml,,,https://www.plenglish.com/news/2023/02/28/icap-delegation-winds-up-visit-to-south-africa/?page=2,foreign_solidarity (inversion pass). SACP supported ICAP delegation during its Feb 2023 solidarity visit to South Africa. Self-described communist (vanguard) party; Tripartite Alliance member.,,South Africa,rubio-cuba,1
inv_cosatu,COSATU (Congress of South African Trade Unions),org,context,,,,https://www.plenglish.com/news/2023/02/28/icap-delegation-winds-up-visit-to-south-africa/?page=2,"foreign_solidarity (inversion pass). COSATU (South Africa's leading trade union federation) supported ICAP delegation, Feb 2023. Tripartite Alliance member.",,South Africa,rubio-cuba,1
inv_juan_ruiz_rivera_brigade,"""Juan Ruiz Rivera"" Puerto Rican Solidarity Brigade",org,money,,,,https://www.plenglish.com/news/2026/08/04/international-activists-solidarity-acknowledged-in-cuba,"foreign_solidarity (inversion pass). 35th ""Juan Ruiz Rivera"" Puerto Rican solidarity brigade inaugurated at ICAP's Julio Antonio Mella International Camp (Aug 2026); handed over medical supplies, solar panels, and batteries to Artemisa health institutions.",,,rubio-cuba,1
