geocoding_id,canonical_address,normalized_address,geocoding_status,address_count
019ab7c7-2f1e-7373-6f4a-61120efff6c8,"10 S Dearborn Il1-0111, Chicago, Il, 60603","{""id"": 0, ""street"": ""10 S DEARBORN IL1-0111"", ""city"": ""CHICAGO"", ""state"": ""IL"", ""zip"": ""60603""}",No_Match,6061
019ab858-34c4-7826-7d8b-bafca98b9768,"500 First Ave P7-Pfsc-03-Z, Pittsburgh, Pa, 15219","{""id"": 0, ""street"": ""500 FIRST AVE P7-PFSC-03-Z"", ""city"": ""PITTSBURGH"", ""state"": ""PA"", ""zip"": ""15219""}",No_Match,5598
019ab7ca-aabd-7267-956e-f8c55a8bbc5c,"4900 Tiedeman Road Oh-01-49-0381, Brooklyn, Oh, 44144","{""id"": 0, ""street"": ""4900 TIEDEMAN ROAD OH-01-49-0381"", ""city"": ""BROOKLYN"", ""state"": ""OH"", ""zip"": ""44144""}",No_Match,1963
019ab3e0-364b-7e1c-91dd-6a3450d26d80,"5001 Angel Canyon Road, Kanab, Ut, 84741","{""id"": 0, ""street"": ""5001 ANGEL CANYON ROAD"", ""city"": ""KANAB"", ""state"": ""UT"", ""zip"": ""84741""}",No_Match,1618
019ab3e0-b7c6-7d09-a6b4-e1eacadc027c,"31 Evans Terminal, Hillside, Nj, 07205","{""id"": 0, ""street"": ""31 EVANS TERMINAL"", ""city"": ""HILLSIDE"", ""state"": ""NJ"", ""zip"": ""07205""}",No_Match,1532
019ab3e7-ff00-7158-edc9-2180aed371dc,"5001 Angel Canyon Rd, Kanab, Ut, 84741","{""id"": 0, ""street"": ""5001 ANGEL CANYON RD"", ""city"": ""KANAB"", ""state"": ""UT"", ""zip"": ""84741""}",No_Match,1318
019ab40f-1d55-7a9c-02e5-01ed548f8ec0,"3677 Mapleshade Lane, Plano, Tx, 75075","{""id"": 0, ""street"": ""3677 MAPLESHADE LANE"", ""city"": ""PLANO"", ""state"": ""TX"", ""zip"": ""75075""}",No_Match,1249
019ab7c7-315f-7081-4b1a-e75e6273eae4,"1 Billy Graham Parkway, Charlotte, Nc, 28201","{""id"": 0, ""street"": ""1 BILLY GRAHAM PARKWAY"", ""city"": ""CHARLOTTE"", ""state"": ""NC"", ""zip"": ""28201""}",No_Match,980
019ab3ea-8840-782e-44b4-e8270c5e5bfc,"36 Battery Place, New York, Ny, 10280","{""id"": 0, ""street"": ""36 BATTERY PLACE"", ""city"": ""NEW YORK"", ""state"": ""NY"", ""zip"": ""10280""}",No_Match,906
019ab3ed-f415-7818-acd7-bc6f363166ec,"1619 D Street, Virginia Beach, Va, 23459","{""id"": 0, ""street"": ""1619 D STREET"", ""city"": ""VIRGINIA BEACH"", ""state"": ""VA"", ""zip"": ""23459""}",No_Match,906
019ab7c7-30d3-7095-4b93-fb5104f6ef40,"5905 Wilshire Blvd, Los Angeles, Ca, 90036","{""id"": 0, ""street"": ""5905 WILSHIRE BLVD"", ""city"": ""LOS ANGELES"", ""state"": ""CA"", ""zip"": ""90036""}",No_Match,860
019ab3ec-f7ee-7296-4365-2d67ed9e4370,"1280 Peachtree St Ne, Atlanta, Ga, 30309","{""id"": 0, ""street"": ""1280 PEACHTREE ST NE"", ""city"": ""ATLANTA"", ""state"": ""GA"", ""zip"": ""30309""}",No_Match,844
019ab787-9fe4-718f-8edd-a7567cea3000,"3630 Peachtree Road Suite 320, Atlanta, Ga, 30326","{""id"": 0, ""street"": ""3630 PEACHTREE ROAD SUITE 320"", ""city"": ""ATLANTA"", ""state"": ""GA"", ""zip"": ""30326""}",No_Match,824
019ab76f-eda2-7a54-d8e6-b0855c8a1ee4,"C/O Tull Charitable Foundation 191, Atlanta, Ga, 30303","{""id"": 0, ""street"": ""C/O TULL CHARITABLE FOUNDATION 191"", ""city"": ""ATLANTA"", ""state"": ""GA"", ""zip"": ""30303""}",No_Match,818
019ab3e0-20bc-71e0-1492-af8f86299d70,"1000 Fifth Ave, New York, Ny, 10028","{""id"": 0, ""street"": ""1000 FIFTH AVE"", ""city"": ""NEW YORK"", ""state"": ""NY"", ""zip"": ""10028""}",No_Match,808
019ab3e0-e739-77a2-3b4f-b1d81eb93430,"475 Riverside Drive, New York, Ny, 10115","{""id"": 0, ""street"": ""475 RIVERSIDE DRIVE"", ""city"": ""NEW YORK"", ""state"": ""NY"", ""zip"": ""10115""}",No_Match,800
019ab7c7-30d3-7ea0-b9d8-d1a9e292a2e0,"1275 Peachtree Street Ne, Atlanta, Ga, 30309","{""id"": 0, ""street"": ""1275 PEACHTREE STREET NE"", ""city"": ""ATLANTA"", ""state"": ""GA"", ""zip"": ""30309""}",No_Match,794
019ab3ec-9a86-7053-8752-f48703f98348,"114 Camp K9 Road, Ponte Vedra, Fl, 32081","{""id"": 0, ""street"": ""114 CAMP K9 ROAD"", ""city"": ""PONTE VEDRA"", ""state"": ""FL"", ""zip"": ""32081""}",No_Match,789
019ab3e3-4483-70b6-f30c-d9769d23ce5c,"Massachusetts Hall, Cambridge, Ma, 02138","{""id"": 0, ""street"": ""MASSACHUSETTS HALL"", ""city"": ""CAMBRIDGE"", ""state"": ""MA"", ""zip"": ""02138""}",No_Match,783
019ab3e1-246e-7bea-7df6-b021b6a60768,"9500 Gilman Drive, La Jolla, Ca, 92093","{""id"": 0, ""street"": ""9500 GILMAN DRIVE"", ""city"": ""LA JOLLA"", ""state"": ""CA"", ""zip"": ""92093""}",No_Match,778
019ab3fc-17a9-7832-a719-0dba5e93f0a4,"8014 Marine Way, Irvine, Ca, 92618","{""id"": 0, ""street"": ""8014 MARINE WAY"", ""city"": ""IRVINE"", ""state"": ""CA"", ""zip"": ""92618""}",No_Match,772
019ab77a-ef06-7530-7df9-2074e83bab60,"N/A, Na, La, 78000","{""id"": 0, ""street"": ""N/A"", ""city"": ""NA"", ""state"": ""LA"", ""zip"": ""78000""}",No_Match,770
019ab419-3209-71eb-0ee0-895b4a19d5a8,"Rodney Street, Brooklyn, Ny, 11211","{""id"": 0, ""street"": ""Rodney Street"", ""city"": ""Brooklyn"", ""state"": ""NY"", ""zip"": ""11211""}",No_Match,764
019ab7c7-3b34-757e-14e7-6aad54035e04,"201 Old Main, University Park, Pa, 16802","{""id"": 0, ""street"": ""201 OLD MAIN"", ""city"": ""UNIVERSITY PARK"", ""state"": ""PA"", ""zip"": ""16802""}",No_Match,750
019ab3e5-4ef0-74dc-7ff6-997dc67575d0,"10 Brookline Place West 6Th Floor, Brookline, Ma, 02445","{""id"": 0, ""street"": ""10 BROOKLINE PLACE WEST 6TH FLOOR"", ""city"": ""BROOKLINE"", ""state"": ""MA"", ""zip"": ""02445""}",No_Match,728
019ab3df-a061-7f02-6a69-65d6701020c8,"301 Massachusetts Avenue, Boston, Ma, 02115","{""id"": 0, ""street"": ""301 MASSACHUSETTS AVENUE"", ""city"": ""BOSTON"", ""state"": ""MA"", ""zip"": ""02115""}",No_Match,728
019ab7c2-7fc0-7345-7b4d-7c2c69a21f94,"C/O Longwood Foundation 100 W 10Th, Wilmington, De, 19801","{""id"": 0, ""street"": ""C/O LONGWOOD FOUNDATION 100 W 10TH"", ""city"": ""WILMINGTON"", ""state"": ""DE"", ""zip"": ""19801""}",No_Match,712
019ab3df-f443-703c-1f74-4731b6a0bbb0,"25701 Science Park Drive, Cleveland, Oh, 44122","{""id"": 0, ""street"": ""25701 SCIENCE PARK DRIVE"", ""city"": ""CLEVELAND"", ""state"": ""OH"", ""zip"": ""44122""}",No_Match,706
019ab3ef-06ea-745b-fd3a-965c619d7394,"300 College Park, Dayton, Oh, 45469","{""id"": 0, ""street"": ""300 COLLEGE PARK"", ""city"": ""DAYTON"", ""state"": ""OH"", ""zip"": ""45469""}",No_Match,703
019ab3e8-fe87-7a99-05f6-c1e357d40b18,"371 East Jericho Turnpike, Smithtown, Ny, 11787","{""id"": 0, ""street"": ""371 EAST JERICHO TURNPIKE"", ""city"": ""SMITHTOWN"", ""state"": ""NY"", ""zip"": ""11787""}",No_Match,694
019ab7d6-a97e-7fd6-8348-b0061b8c7ef4,"C/O Foundation 3 Park Avenue 24Th, New York, Ny, 10016","{""id"": 0, ""street"": ""C/O FOUNDATION 3 PARK AVENUE 24TH"", ""city"": ""NEW YORK"", ""state"": ""NY"", ""zip"": ""10016""}",No_Match,682
019ab785-0364-775e-8306-9a84b6e04a84,"Available At The Office, Beaumont, Tx, 77706","{""id"": 0, ""street"": ""AVAILABLE AT THE OFFICE"", ""city"": ""BEAUMONT"", ""state"": ""TX"", ""zip"": ""77706""}",No_Match,674
019ab3eb-1896-7b82-1606-22de2ffe0c44,"301 Massachusetts Ave, Boston, Ma, 02115","{""id"": 0, ""street"": ""301 MASSACHUSETTS AVE"", ""city"": ""BOSTON"", ""state"": ""MA"", ""zip"": ""02115""}",No_Match,670
019ab745-39ae-740c-7913-f8495fac1414,"One Security Benefit Place, Topeka, Ks, 66636","{""id"": 0, ""street"": ""ONE SECURITY BENEFIT PLACE"", ""city"": ""TOPEKA"", ""state"": ""KS"", ""zip"": ""66636""}",No_Match,652
019ab3e5-4713-7025-f76a-ace62f5b4fc4,"121 Habitat Street, Americus, Ga, 31709","{""id"": 0, ""street"": ""121 HABITAT STREET"", ""city"": ""AMERICUS"", ""state"": ""GA"", ""zip"": ""31709""}",No_Match,650
019ab3ff-5017-7504-3d33-d700a206cbe8,"5500 Caruth Haven Lane, Dallas, Tx, 75225","{""id"": 0, ""street"": ""5500 CARUTH HAVEN LANE"", ""city"": ""DALLAS"", ""state"": ""TX"", ""zip"": ""75225""}",No_Match,646
019ab733-7ec5-7132-b12b-53ec0b44d90c,"Main Street, Cleveland, Oh, 00000","{""id"": 0, ""street"": ""MAIN STREET"", ""city"": ""CLEVELAND"", ""state"": ""OH"", ""zip"": ""00000""}",No_Match,624
019ab3e0-7e19-79ab-8951-4f59005b3f78,"10 S Dearborn St Mc Il1-0111, Chicago, Il, 60603","{""id"": 0, ""street"": ""10 S DEARBORN ST MC IL1-0111"", ""city"": ""CHICAGO"", ""state"": ""IL"", ""zip"": ""60603""}",No_Match,621
019ab3e7-82ea-743b-aabc-755a81cf5670,"159 Sapsucker Woods Rd, Ithaca, Ny, 14850","{""id"": 0, ""street"": ""159 SAPSUCKER WOODS RD"", ""city"": ""ITHACA"", ""state"": ""NY"", ""zip"": ""14850""}",No_Match,612
019ab3ec-da9d-7050-4035-4d6c571c4710,"3677 Mapleshade Ln, Plano, Tx, 75075","{""id"": 0, ""street"": ""3677 MAPLESHADE LN"", ""city"": ""PLANO"", ""state"": ""TX"", ""zip"": ""75075""}",No_Match,610
019ab7c7-32dc-7a21-5713-ff72f1529e2c,"1 Eunice Kennedy Shriver Way, Lawrenceville, Nj, 08648","{""id"": 0, ""street"": ""1 EUNICE KENNEDY SHRIVER WAY"", ""city"": ""LAWRENCEVILLE"", ""state"": ""NJ"", ""zip"": ""08648""}",No_Match,608
019ab3e8-e784-7a54-1a9e-ec2dbc52b5a4,"1971 University Blvd, Lynchburg, Va, 24515","{""id"": 0, ""street"": ""1971 UNIVERSITY BLVD"", ""city"": ""LYNCHBURG"", ""state"": ""VA"", ""zip"": ""24515""}",No_Match,608
019ab3e2-9d6f-7e78-6cb5-d0c3caf0870c,"1275 Peachtree St Ne, Atlanta, Ga, 30309","{""id"": 0, ""street"": ""1275 PEACHTREE ST NE"", ""city"": ""ATLANTA"", ""state"": ""GA"", ""zip"": ""30309""}",No_Match,598
019ab3e9-7a9c-74c1-fcad-20e8e45fd3b4,"415 South Street, Waltham, Ma, 02453","{""id"": 0, ""street"": ""415 SOUTH STREET"", ""city"": ""WALTHAM"", ""state"": ""MA"", ""zip"": ""02453""}",No_Match,596
019ab714-3a93-7a01-5030-aa7ae6c5b958,"C/O Betty And Davis Fitzgerald, Atlanta, Ga, 30355","{""id"": 0, ""street"": ""C/O BETTY AND DAVIS FITZGERALD"", ""city"": ""ATLANTA"", ""state"": ""GA"", ""zip"": ""30355""}",No_Match,590
019ab401-953b-70f2-7f72-fa9508a34948,"3700 Grand Avenue, Des Moines, Ia, 50312","{""id"": 0, ""street"": ""3700 GRAND AVENUE"", ""city"": ""DES MOINES"", ""state"": ""IA"", ""zip"": ""50312""}",No_Match,589
019ab77a-f87e-79a9-54f1-fe4ce1b1c3b0,"C/O The Organization, Branchport, Ny, 14418","{""id"": 0, ""street"": ""C/O THE ORGANIZATION"", ""city"": ""BRANCHPORT"", ""state"": ""NY"", ""zip"": ""14418""}",No_Match,580
019ab3ef-7c3e-7fd3-ac79-237a10c1d730,"100 Purpose Road, Pippa Passes, Ky, 41844","{""id"": 0, ""street"": ""100 PURPOSE ROAD"", ""city"": ""PIPPA PASSES"", ""state"": ""KY"", ""zip"": ""41844""}",No_Match,568
019ab3f2-f85e-7341-93b8-277aa00f263c,"105 Sikes Hall, Clemson, Sc, 29634","{""id"": 0, ""street"": ""105 SIKES HALL"", ""city"": ""CLEMSON"", ""state"": ""SC"", ""zip"": ""29634""}",No_Match,566
019ab3e5-93fa-7701-71b0-d8b810e6fb20,"10 Brookline Place West, Brookline, Ma, 02445","{""id"": 0, ""street"": ""10 BROOKLINE PLACE WEST"", ""city"": ""BROOKLINE"", ""state"": ""MA"", ""zip"": ""02445""}",No_Match,560
019ab3e8-c312-799b-2d97-d2d2cbe7363c,"One Union Station, Providence, Ri, 02903","{""id"": 0, ""street"": ""ONE UNION STATION"", ""city"": ""Providence"", ""state"": ""RI"", ""zip"": ""02903""}",No_Match,557
019ab3e8-d1af-7fa9-3153-6632cbb40ec0,"200 Eastern Parkway, Brooklyn, Ny, 11238","{""id"": 0, ""street"": ""200 Eastern Parkway"", ""city"": ""Brooklyn"", ""state"": ""NY"", ""zip"": ""11238""}",No_Match,556
019ab72c-ec3e-74ec-8337-6b6c153f3434,"C/O The Rs Family Foundation 1372, Brooklyn, Ny, 11230","{""id"": 0, ""street"": ""C/O THE RS FAMILY FOUNDATION 1372"", ""city"": ""BROOKLYN"", ""state"": ""NY"", ""zip"": ""11230""}",No_Match,550
019ab3ed-de85-73ba-9d47-279e12057c5c,"800 E Lancaster Ave, Villanova, Pa, 19085","{""id"": 0, ""street"": ""800 E LANCASTER AVE"", ""city"": ""VILLANOVA"", ""state"": ""PA"", ""zip"": ""19085""}",No_Match,543
019ab3e2-2576-7569-3d70-a5593789f884,"Street, Brooklyn, Ny, 11211","{""id"": 0, ""street"": ""Street"", ""city"": ""Brooklyn"", ""state"": ""NY"", ""zip"": ""11211""}",No_Match,542
019ab3fa-d7fb-7084-c050-ac7697aeb768,"2501 Sw 32 Terrace, Pembroke Park, Fl, 33023","{""id"": 0, ""street"": ""2501 SW 32 TERRACE"", ""city"": ""PEMBROKE PARK"", ""state"": ""FL"", ""zip"": ""33023""}",No_Match,536
019ab40d-a3ef-7c0f-a576-16715299a7e8,"1 N Linden St, Duquesne, Pa, 15110","{""id"": 0, ""street"": ""1 N LINDEN ST"", ""city"": ""DUQUESNE"", ""state"": ""PA"", ""zip"": ""15110""}",No_Match,536
019ab7c7-324a-7c7f-fbdc-724d52be18cc,"1280 Peachtree Street Ne, Atlanta, Ga, 30309","{""id"": 0, ""street"": ""1280 PEACHTREE STREET NE"", ""city"": ""ATLANTA"", ""state"": ""GA"", ""zip"": ""30309""}",No_Match,535
019ab3e1-d53a-758b-a8b1-84bf9e8dc598,"800 Lancaster Avenue, Villanova, Pa, 19085","{""id"": 0, ""street"": ""800 LANCASTER AVENUE"", ""city"": ""VILLANOVA"", ""state"": ""PA"", ""zip"": ""19085""}",No_Match,533
019ab3e1-1023-72e4-29d8-ed98515d815c,"Soldiers Field, Boston, Ma, 02163","{""id"": 0, ""street"": ""SOLDIERS FIELD"", ""city"": ""BOSTON"", ""state"": ""MA"", ""zip"": ""02163""}",No_Match,530
019ab3f8-9fce-7a41-06bb-727bdd9278cc,"4100 College Station, Brunswick, Me, 04011","{""id"": 0, ""street"": ""4100 COLLEGE STATION"", ""city"": ""BRUNSWICK"", ""state"": ""ME"", ""zip"": ""04011""}",No_Match,526
019ab5e1-17d6-7c12-b0ca-1b9ae2810314,"860 Dolwick Drive, Erlanger, Ky, 41018","{""id"": 0, ""street"": ""860 Dolwick Drive"", ""city"": ""Erlanger"", ""state"": ""KY"", ""zip"": ""41018""}",No_Match,519
019ab419-2fd4-7349-2a98-81084f306d34,"12400 Wilshire Blvd Ste 1500, Los Angeles, Ca, 90025","{""id"": 0, ""street"": ""12400 WILSHIRE BLVD STE 1500"", ""city"": ""LOS ANGELES"", ""state"": ""CA"", ""zip"": ""90025""}",No_Match,518
019ab717-86a2-7952-5899-7246baabb720,"C/O Org 370 Lexington Ave Suite, New York, Ny, 10017","{""id"": 0, ""street"": ""C/O ORG 370 LEXINGTON AVE SUITE"", ""city"": ""NEW YORK"", ""state"": ""NY"", ""zip"": ""10017""}",No_Match,518
019ab3e2-b96a-7268-2e4f-677a86976c54,"3400 Vine Street, Cincinnati, Oh, 45220","{""id"": 0, ""street"": ""3400 VINE STREET"", ""city"": ""CINCINNATI"", ""state"": ""OH"", ""zip"": ""45220""}",No_Match,513
019ab5e0-eb70-7a3a-5875-be7b96489378,"5 Commerce Park North-Wealth, Bedford, Nh, 03110","{""id"": 0, ""street"": ""5 COMMERCE PARK NORTH-WEALTH"", ""city"": ""BEDFORD"", ""state"": ""NH"", ""zip"": ""03110""}",No_Match,507
019ab3e6-48dd-7301-aeff-672b4b966548,"18001 Old Cutler Road Suite 625, Palmetto Bay, Fl, 33157","{""id"": 0, ""street"": ""18001 OLD CUTLER ROAD SUITE 625"", ""city"": ""PALMETTO BAY"", ""state"": ""FL"", ""zip"": ""33157""}",No_Match,507
019ab707-1096-77f1-251b-c7388f7734d4,"3380 Chastain Meadows Pkwy Nw Suite, Kennesaw, Ga, 30144","{""id"": 0, ""street"": ""3380 CHASTAIN MEADOWS PKWY NW SUITE"", ""city"": ""KENNESAW"", ""state"": ""GA"", ""zip"": ""30144""}",No_Match,504
019ab401-5b33-7483-db1c-1e44a2b66660,"100 Timberdell Road, Norman, Ok, 73019","{""id"": 0, ""street"": ""100 TIMBERDELL ROAD"", ""city"": ""NORMAN"", ""state"": ""OK"", ""zip"": ""73019""}",No_Match,503
019ab82b-ebb7-7c71-f2f9-41fca3408874,"C/O Huntington National Bank, Columbus, Oh, 43216","{""id"": 0, ""street"": ""C/O HUNTINGTON NATIONAL BANK"", ""city"": ""COLUMBUS"", ""state"": ""OH"", ""zip"": ""43216""}",No_Match,498
019ab5e0-f195-7f9b-952a-42e7fadbeb60,"450 Jane Stanford Way, Stanford, Ca, 94305","{""id"": 0, ""street"": ""450 JANE STANFORD WAY"", ""city"": ""STANFORD"", ""state"": ""CA"", ""zip"": ""94305""}",No_Match,497
019ab3ea-2afb-79cf-b6e1-7c419d298180,"31 Evans Terminal Road, Hillside, Nj, 07205","{""id"": 0, ""street"": ""31 EVANS TERMINAL ROAD"", ""city"": ""HILLSIDE"", ""state"": ""NJ"", ""zip"": ""07205""}",No_Match,496
019ab7c7-3659-7911-761b-6dffc7264500,"2121 Santa Monica Blvd, Santa Monica, Ca, 90404","{""id"": 0, ""street"": ""2121 SANTA MONICA BLVD"", ""city"": ""SANTA MONICA"", ""state"": ""CA"", ""zip"": ""90404""}",No_Match,496
019ab3e4-206e-7adf-8d9b-d2f3662c4e50,"1 Mead Way, Bronxville, Ny, 10708","{""id"": 0, ""street"": ""1 MEAD WAY"", ""city"": ""BRONXVILLE"", ""state"": ""NY"", ""zip"": ""10708""}",No_Match,493
019ab3ee-f75a-7df3-4198-5caa0db3483c,"371 E Jericho Turnpike, Smithtown, Ny, 11787","{""id"": 0, ""street"": ""371 E JERICHO TURNPIKE"", ""city"": ""SMITHTOWN"", ""state"": ""NY"", ""zip"": ""11787""}",No_Match,486
019ab409-5d82-707a-ba44-81a35a445e68,"200 1St St Sw, Rochester, Mn, 55905","{""id"": 0, ""street"": ""200 1ST ST SW"", ""city"": ""ROCHESTER"", ""state"": ""MN"", ""zip"": ""55905""}",No_Match,486
019ab419-2614-719a-010e-59076b012c34,"1 North Linden Street, Duquesne, Pa, 15110","{""id"": 0, ""street"": ""1 NORTH LINDEN STREET"", ""city"": ""DUQUESNE"", ""state"": ""PA"", ""zip"": ""15110""}",No_Match,482
019ab401-7f00-7cba-f2a3-297b409e5590,"1500 Rosecrans Avenue Suite 200, Manhattan Beach, Ca, 90266","{""id"": 0, ""street"": ""1500 ROSECRANS AVENUE SUITE 200"", ""city"": ""MANHATTAN BEACH"", ""state"": ""CA"", ""zip"": ""90266""}",No_Match,474
019ab3e7-3fea-7fc7-71e6-f291fa1a8c34,"2505 University Blvd, Ames, Ia, 50010","{""id"": 0, ""street"": ""2505 UNIVERSITY BLVD"", ""city"": ""AMES"", ""state"": ""IA"", ""zip"": ""50010""}",No_Match,472
019ab403-6786-7af7-0094-71a5d5184d20,"2301 Vanderbilt Place, Nashville, Tn, 37240","{""id"": 0, ""street"": ""2301 VANDERBILT PLACE"", ""city"": ""NASHVILLE"", ""state"": ""TN"", ""zip"": ""37240""}",No_Match,470
019ab3e2-a377-7a93-c0c7-d86ee8640870,"2020 Peachtree Rd Nw, Atlanta, Ga, 30309","{""id"": 0, ""street"": ""2020 PEACHTREE RD NW"", ""city"": ""ATLANTA"", ""state"": ""GA"", ""zip"": ""30309""}",No_Match,468
019ab3df-b2d3-7e4c-2101-7ec27fbe9aa4,"26345 Network Place, Chicago, Il, 60673","{""id"": 0, ""street"": ""26345 NETWORK PLACE"", ""city"": ""CHICAGO"", ""state"": ""IL"", ""zip"": ""60673""}",No_Match,456
019ab3e0-03f2-7a0b-6cdb-cd9727afc2d0,"4200 Fifth Avenue, Pittsburgh, Pa, 15260","{""id"": 0, ""street"": ""4200 FIFTH AVENUE"", ""city"": ""PITTSBURGH"", ""state"": ""PA"", ""zip"": ""15260""}",No_Match,456
019ab720-3548-7b53-3ca0-ff68fe828e50,"9450 Sw Gemini Dr Pmb 16009, Beaverton, Or, 97008","{""id"": 0, ""street"": ""9450 SW GEMINI DR PMB 16009"", ""city"": ""Beaverton"", ""state"": ""OR"", ""zip"": ""97008""}",No_Match,453
019ab3eb-1171-7d39-f04c-83754c3e1490,"4200 Fifth Ave, Pittsburgh, Pa, 15260","{""id"": 0, ""street"": ""4200 FIFTH AVE"", ""city"": ""PITTSBURGH"", ""state"": ""PA"", ""zip"": ""15260""}",No_Match,444
019ab3ec-57ba-7a06-553d-927a92a4961c,"1725 Eye Street Nw Suite 900, Washington, Dc, 20006","{""id"": 0, ""street"": ""1725 EYE STREET NW SUITE 900"", ""city"": ""WASHINGTON"", ""state"": ""DC"", ""zip"": ""20006""}",No_Match,443
019ab406-43fe-75d0-2920-cb46b24d5d04,"300 Arnold Palmer Blvd, Norton, Ma, 02766","{""id"": 0, ""street"": ""300 ARNOLD PALMER BLVD"", ""city"": ""NORTON"", ""state"": ""MA"", ""zip"": ""02766""}",No_Match,442
019ab3e3-68b3-7ce2-4045-535220bd76bc,"6140 Station Street, Pittsburgh, Pa, 15206","{""id"": 0, ""street"": ""6140 STATION STREET"", ""city"": ""Pittsburgh"", ""state"": ""PA"", ""zip"": ""15206""}",No_Match,438
019ab3e3-2160-7622-f593-64bbb40e4014,"Department 13, Tulsa, Ok, 74182","{""id"": 0, ""street"": ""DEPARTMENT 13"", ""city"": ""TULSA"", ""state"": ""OK"", ""zip"": ""74182""}",No_Match,432
019ab3e3-0178-779b-1e8e-d79ad0f98e7c,"1200 E California Blvd, Pasadena, Ca, 91125","{""id"": 0, ""street"": ""1200 E CALIFORNIA BLVD"", ""city"": ""PASADENA"", ""state"": ""CA"", ""zip"": ""91125""}",No_Match,428
019ab3f0-fee1-7036-9bfa-6d6c497711f4,"95 Prospect Park West, Brooklyn, Ny, 11215","{""id"": 0, ""street"": ""95 PROSPECT PARK WEST"", ""city"": ""BROOKLYN"", ""state"": ""NY"", ""zip"": ""11215""}",No_Match,427
019ab3f5-3681-75f8-e01e-1472b48a9e94,"159 Sapsucker Woods Road, Ithaca, Ny, 14850","{""id"": 0, ""street"": ""159 SAPSUCKER WOODS ROAD"", ""city"": ""ITHACA"", ""state"": ""NY"", ""zip"": ""14850""}",No_Match,418
019ab3fa-5ff9-73e8-f41a-479ae63ee874,"12400 Wilshire Blvd Suite 1500, Los Angeles, Ca, 90025","{""id"": 0, ""street"": ""12400 WILSHIRE BLVD SUITE 1500"", ""city"": ""LOS ANGELES"", ""state"": ""CA"", ""zip"": ""90025""}",No_Match,416
019ab701-d5c0-716b-796f-8b6648105e40,"5155 Paysphere Circle, Chicago, Il, 60674","{""id"": 0, ""street"": ""5155 PAYSPHERE CIRCLE"", ""city"": ""CHICAGO"", ""state"": ""IL"", ""zip"": ""60674""}",No_Match,415
019ab3e2-2971-7d8a-3d55-50545122c910,"Street, Brooklyn, Ny, 11219","{""id"": 0, ""street"": ""Street"", ""city"": ""Brooklyn"", ""state"": ""NY"", ""zip"": ""11219""}",No_Match,414
019ab3ec-40fa-71ef-e0df-616bb548e6bc,"103 Vision Way, Bloomfield, Ct, 06002","{""id"": 0, ""street"": ""103 VISION WAY"", ""city"": ""BLOOMFIELD"", ""state"": ""CT"", ""zip"": ""06002""}",No_Match,414
019ab3e3-125f-7edc-9144-a47494b4c194,"11207 Blue Heron Blvd N, St Petersburg, Fl, 33716","{""id"": 0, ""street"": ""11207 BLUE HERON BLVD N"", ""city"": ""ST PETERSBURG"", ""state"": ""FL"", ""zip"": ""33716""}",No_Match,410
019ab3ff-0fc5-78bc-8ba7-fddacf482984,"134 Hicks Way, Amherst, Ma, 01003","{""id"": 0, ""street"": ""134 HICKS WAY"", ""city"": ""AMHERST"", ""state"": ""MA"", ""zip"": ""01003""}",No_Match,408
019ab7c7-32dd-708f-eb18-b9ea0b164740,"1 Haven For Hope Way, San Antonio, Tx, 78207","{""id"": 0, ""street"": ""1 HAVEN FOR HOPE WAY"", ""city"": ""SAN ANTONIO"", ""state"": ""TX"", ""zip"": ""78207""}",No_Match,408
019ab5e0-e40c-7b07-9614-d01ce8e96844,"C/O Pnc Bank Na, Pittsburgh, Pa, 15212","{""id"": 0, ""street"": ""C/O PNC BANK NA"", ""city"": ""PITTSBURGH"", ""state"": ""PA"", ""zip"": ""15212""}",No_Match,404
019ab3fa-4254-7733-0df7-337e6e7bc070,"One University Parkway, High Point, Nc, 27268","{""id"": 0, ""street"": ""ONE UNIVERSITY PARKWAY"", ""city"": ""HIGH POINT"", ""state"": ""NC"", ""zip"": ""27268""}",No_Match,402
019ab3e4-36f1-7818-3a9e-537ce6aa8d9c,"One Utsa Circle, San Antonio, Tx, 78249","{""id"": 0, ""street"": ""ONE UTSA CIRCLE"", ""city"": ""SAN ANTONIO"", ""state"": ""TX"", ""zip"": ""78249""}",No_Match,400
019ab3e2-70d4-7501-e161-be56fd22b3e4,"415 Crossways Park Drive Suite D, Woodbury, Ny, 11797","{""id"": 0, ""street"": ""415 CROSSWAYS PARK DRIVE SUITE D"", ""city"": ""WOODBURY"", ""state"": ""NY"", ""zip"": ""11797""}",No_Match,397
019ab3e5-5817-71e9-c419-3cce5a798080,"2501 Sw 32Nd Terrace, Pembroke Park, Fl, 33023","{""id"": 0, ""street"": ""2501 SW 32ND TERRACE"", ""city"": ""PEMBROKE PARK"", ""state"": ""FL"", ""zip"": ""33023""}",No_Match,394
019ab403-6068-7556-584b-fc893b234ac8,"305 W Gate City Blvd, Greensboro, Nc, 27406","{""id"": 0, ""street"": ""305 W GATE CITY BLVD"", ""city"": ""GREENSBORO"", ""state"": ""NC"", ""zip"": ""27406""}",No_Match,392
019ab3ef-6693-763c-be77-ff8987a24d48,"400 Main Building, Notre Dame, In, 46556","{""id"": 0, ""street"": ""400 MAIN BUILDING"", ""city"": ""NOTRE DAME"", ""state"": ""IN"", ""zip"": ""46556""}",No_Match,388
019ab436-ecb3-7402-c0d1-97500875ef78,"800 Lancaster Ave, Villanova, Pa, 19085","{""id"": 0, ""street"": ""800 LANCASTER AVE"", ""city"": ""VILLANOVA"", ""state"": ""PA"", ""zip"": ""19085""}",No_Match,386
019ab3e1-dede-7db1-7da1-4024d498b648,"225 Music School Road, Aspen, Co, 81611","{""id"": 0, ""street"": ""225 MUSIC SCHOOL ROAD"", ""city"": ""ASPEN"", ""state"": ""CO"", ""zip"": ""81611""}",No_Match,386
019ab3f9-9fac-7b24-38c2-6785344f920c,"100 Aquarium Wharf, Charleston, Sc, 29401","{""id"": 0, ""street"": ""100 AQUARIUM WHARF"", ""city"": ""CHARLESTON"", ""state"": ""SC"", ""zip"": ""29401""}",No_Match,386
019ab405-d07f-7b3a-1dd3-08a4b9a093dc,"4700 Glynco Parkway, Brunswick, Ga, 31525","{""id"": 0, ""street"": ""4700 Glynco Parkway"", ""city"": ""Brunswick"", ""state"": ""GA"", ""zip"": ""31525""}",No_Match,386
019ab3e6-566b-7263-3eac-c10bfc4022b4,"32 Campus Drive, Missoula, Mt, 59812","{""id"": 0, ""street"": ""32 CAMPUS DRIVE"", ""city"": ""MISSOULA"", ""state"": ""MT"", ""zip"": ""59812""}",No_Match,380
019ab3eb-5c7c-7b23-8db4-547f64c01220,"735 University Ave, Sewanee, Tn, 37383","{""id"": 0, ""street"": ""735 UNIVERSITY AVE"", ""city"": ""SEWANEE"", ""state"": ""TN"", ""zip"": ""37383""}",No_Match,376
019ab3f6-1bbb-7796-72fb-e8be199d2350,"1000 Ability Way, Park City, Ut, 84060","{""id"": 0, ""street"": ""1000 ABILITY WAY"", ""city"": ""PARK CITY"", ""state"": ""UT"", ""zip"": ""84060""}",No_Match,376
019ab3eb-89d4-78b0-00c2-60a8c8867a5c,"19001 Huebner Road, San Antonio, Tx, 78258","{""id"": 0, ""street"": ""19001 HUEBNER ROAD"", ""city"": ""SAN ANTONIO"", ""state"": ""TX"", ""zip"": ""78258""}",No_Match,372
019ab436-fc9f-77aa-9296-8ea3d8578698,"Street, Brooklyn, Ny, 11204","{""id"": 0, ""street"": ""Street"", ""city"": ""Brooklyn"", ""state"": ""NY"", ""zip"": ""11204""}",No_Match,370
019ab3e0-416a-74ee-8b2a-b2c29fd9c59c,"347 Don Shula Drive, Miami Gardens, Fl, 33056","{""id"": 0, ""street"": ""347 DON SHULA DRIVE"", ""city"": ""MIAMI GARDENS"", ""state"": ""FL"", ""zip"": ""33056""}",No_Match,368
019ab72c-fb58-7235-e3bd-0cf2e3954ce0,"Financial Aid Scholarship Office, Cheney, Wa, 99004","{""id"": 0, ""street"": ""FINANCIAL AID SCHOLARSHIP OFFICE"", ""city"": ""CHENEY"", ""state"": ""WA"", ""zip"": ""99004""}",No_Match,368
019ab436-f5cd-70c5-e2ae-8fed76a45ad4,"1 Cunningham Sq, Providence, Ri, 02918","{""id"": 0, ""street"": ""1 CUNNINGHAM SQ"", ""city"": ""PROVIDENCE"", ""state"": ""RI"", ""zip"": ""02918""}",No_Match,366
019ab3df-c1be-7b02-39c6-e37e2e5a5980,"800 Waterfront Drive, Pittsburgh, Pa, 15222","{""id"": 0, ""street"": ""800 WATERFRONT DRIVE"", ""city"": ""PITTSBURGH"", ""state"": ""PA"", ""zip"": ""15222""}",No_Match,366
019ab3e7-f743-7de1-a674-27207c29f468,"735 University Avenue, Sewanee, Tn, 37383","{""id"": 0, ""street"": ""735 UNIVERSITY AVENUE"", ""city"": ""SEWANEE"", ""state"": ""TN"", ""zip"": ""37383""}",No_Match,365
019ab3ed-de06-726a-d668-869231310d40,"100 Save The Bay Drive, Providence, Ri, 02905","{""id"": 0, ""street"": ""100 SAVE THE BAY DRIVE"", ""city"": ""PROVIDENCE"", ""state"": ""RI"", ""zip"": ""02905""}",No_Match,364
019ab3fd-25d8-76cc-8e5b-38e7f24b4f00,"Central Park West At 79Th Street, New York, Ny, 10024","{""id"": 0, ""street"": ""CENTRAL PARK WEST AT 79TH STREET"", ""city"": ""NEW YORK"", ""state"": ""NY"", ""zip"": ""10024""}",No_Match,363
019ab3fb-ce72-7594-3490-6cb42f258dd4,"100 Maher Avenue, Greenwich, Ct, 06830","{""id"": 0, ""street"": ""100 MAHER AVENUE"", ""city"": ""GREENWICH"", ""state"": ""CT"", ""zip"": ""06830""}",No_Match,362
019ab403-5009-7891-c005-cbb727cd6990,"3300 Golf Road, Brookfield, Il, 60513","{""id"": 0, ""street"": ""3300 GOLF ROAD"", ""city"": ""BROOKFIELD"", ""state"": ""IL"", ""zip"": ""60513""}",No_Match,360
019ab7d6-9b4a-7555-bb2e-104f4b797c3c,"C/O 110 N Market Street, Wilmington, De, 19890","{""id"": 0, ""street"": ""C/O 110 N MARKET STREET"", ""city"": ""WILMINGTON"", ""state"": ""DE"", ""zip"": ""19890""}",No_Match,356
019ab3e1-fc2e-74cd-4a5b-55cd417c8e0c,"5905 Wilshire Boulevard, Los Angeles, Ca, 90036","{""id"": 0, ""street"": ""5905 WILSHIRE BOULEVARD"", ""city"": ""LOS ANGELES"", ""state"": ""CA"", ""zip"": ""90036""}",No_Match,354
019ab3e2-eed9-7f1c-b95a-4dbcba11dc88,"1 N Linden Street, Duquesne, Pa, 15110","{""id"": 0, ""street"": ""1 N LINDEN STREET"", ""city"": ""DUQUESNE"", ""state"": ""PA"", ""zip"": ""15110""}",No_Match,354
019ab3f2-8510-7181-226b-1bf2dcf7ffa4,"121 Habitat St, Americus, Ga, 31709","{""id"": 0, ""street"": ""121 HABITAT ST"", ""city"": ""AMERICUS"", ""state"": ""GA"", ""zip"": ""31709""}",No_Match,354
019ab3e7-302c-7ea5-b053-d224d6109e80,"350 Engle Street, Englewood, Nj, 07631","{""id"": 0, ""street"": ""350 ENGLE STREET"", ""city"": ""ENGLEWOOD"", ""state"": ""NJ"", ""zip"": ""07631""}",No_Match,351
019ab3f2-7852-78c3-507b-26ccf64a0f94,"1500 Rosecrans Ave Ste 200, Manhattan Bch, Ca, 90266","{""id"": 0, ""street"": ""1500 ROSECRANS AVE STE 200"", ""city"": ""MANHATTAN BCH"", ""state"": ""CA"", ""zip"": ""90266""}",No_Match,350
019ab714-367c-7de0-684d-62fd87b1e7b8,"333 E Lancaster Ave 414, Wynnewood, Pa, 19096","{""id"": 0, ""street"": ""333 E LANCASTER AVE 414"", ""city"": ""WYNNEWOOD"", ""state"": ""PA"", ""zip"": ""19096""}",No_Match,350
019ab3f7-8e5d-7a2d-c2fd-44787d0d635c,"One Shields Avenue, Davis, Ca, 95616","{""id"": 0, ""street"": ""ONE SHIELDS AVENUE"", ""city"": ""DAVIS"", ""state"": ""CA"", ""zip"": ""95616""}",No_Match,349
019ab877-6c78-7359-25e7-5704015aee48,"C/O Bnsf Railway Fdn, Fort Worth, Tx, 76131","{""id"": 0, ""street"": ""C/O BNSF RAILWAY FDN"", ""city"": ""FORT WORTH"", ""state"": ""TX"", ""zip"": ""76131""}",No_Match,348
019ab7c7-370f-728b-8b43-7360dce3ef00,"1815 Se Bison Rd, Bartlesville, Ok, 74006","{""id"": 0, ""street"": ""1815 SE BISON RD"", ""city"": ""BARTLESVILLE"", ""state"": ""OK"", ""zip"": ""74006""}",No_Match,348
019ab5e0-f324-7d80-4ec9-901a543ecf1c,"5200 Enrique M Barrera Pkwy, San Antonio, Tx, 78227","{""id"": 0, ""street"": ""5200 ENRIQUE M BARRERA PKWY"", ""city"": ""SAN ANTONIO"", ""state"": ""TX"", ""zip"": ""78227""}",No_Match,345
019ab3e7-fc05-7419-2dc8-6e9830bce19c,"One Citizens Bank Way Jcb115, Johnston, Ri, 02919","{""id"": 0, ""street"": ""ONE CITIZENS BANK WAY JCB115"", ""city"": ""JOHNSTON"", ""state"": ""RI"", ""zip"": ""02919""}",No_Match,344
019ab7c7-388b-75c5-1d39-f5da0544dc5c,"2020 Peachtree Road Nw, Atlanta, Ga, 30309","{""id"": 0, ""street"": ""2020 PEACHTREE ROAD NW"", ""city"": ""ATLANTA"", ""state"": ""GA"", ""zip"": ""30309""}",No_Match,344
019ab3e1-9fe3-78f5-2f4d-50ef224775a8,"1906 College Heights Blvd, Bowling Green, Ky, 42101","{""id"": 0, ""street"": ""1906 COLLEGE HEIGHTS BLVD"", ""city"": ""BOWLING GREEN"", ""state"": ""KY"", ""zip"": ""42101""}",No_Match,342
019ab3e8-80af-7db9-bd46-4016afe95584,"4500 San Pablo Road, Jacksonville, Fl, 32224","{""id"": 0, ""street"": ""4500 SAN PABLO ROAD"", ""city"": ""JACKSONVILLE"", ""state"": ""FL"", ""zip"": ""32224""}",No_Match,342
019ab3e1-2142-71c5-51bb-d0d289a43da0,"5500 Campanile Drive, San Diego, Ca, 92182","{""id"": 0, ""street"": ""5500 CAMPANILE DRIVE"", ""city"": ""SAN DIEGO"", ""state"": ""CA"", ""zip"": ""92182""}",No_Match,340
019ab7ae-f96c-73ec-9131-8ab7353482e4,"1 Street, Spring Valley, Ny, 10977","{""id"": 0, ""street"": ""1 Street"", ""city"": ""Spring Valley"", ""state"": ""NY"", ""zip"": ""10977""}",No_Match,340
019ab701-e128-76ec-f707-d7b84c87724c,"C/O Cille Norman Newton West High, Newton, Ms, 39345","{""id"": 0, ""street"": ""C/O Cille Norman Newton West High"", ""city"": ""Newton"", ""state"": ""MS"", ""zip"": ""39345""}",No_Match,338
019ab3f4-025c-7afa-914f-1f28cdb95850,"1501 W Bradley Ave, Peoria, Il, 61625","{""id"": 0, ""street"": ""1501 W BRADLEY AVE"", ""city"": ""PEORIA"", ""state"": ""IL"", ""zip"": ""61625""}",No_Match,338
019ab3e7-2b31-72b2-4549-d9e0136b0908,"2943 Smu Boulevard, Dallas, Tx, 75205","{""id"": 0, ""street"": ""2943 SMU BOULEVARD"", ""city"": ""DALLAS"", ""state"": ""TX"", ""zip"": ""75205""}",No_Match,337
019ab3f0-47c4-7cef-065c-6ee6537cc994,"501 St Judes Place, Memphis, Tn, 38105","{""id"": 0, ""street"": ""501 ST JUDES PLACE"", ""city"": ""MEMPHIS"", ""state"": ""TN"", ""zip"": ""38105""}",No_Match,336
019ab5e1-0793-7a8a-f2e0-fe9d56fc7280,"C/O University Of Iowa, Iowa City, Ia, 52242","{""id"": 0, ""street"": ""C/O UNIVERSITY OF IOWA"", ""city"": ""IOWA CITY"", ""state"": ""IA"", ""zip"": ""52242""}",No_Match,336
019ab72c-f723-7e66-ed07-4a9188d85794,"C/O Fr Grobman Fdn, Hempstead, Ny, 11550","{""id"": 0, ""street"": ""C/O FR GROBMAN FDN"", ""city"": ""HEMPSTEAD"", ""state"": ""NY"", ""zip"": ""11550""}",No_Match,334
019ab3e4-13e7-7541-62b0-d7278f56cb50,"201 Mullica Hill Road, Glassboro, Nj, 08028","{""id"": 0, ""street"": ""201 Mullica Hill Road"", ""city"": ""Glassboro"", ""state"": ""NJ"", ""zip"": ""08028""}",No_Match,332
019ab407-5a59-79e6-965b-9f420624b140,"200 Vesey St 28Th Floor, New York, Ny, 10281","{""id"": 0, ""street"": ""200 VESEY ST 28TH FLOOR"", ""city"": ""NEW YORK"", ""state"": ""NY"", ""zip"": ""10281""}",No_Match,332
019ab40d-d92f-7134-7062-25c26d7dc138,"514 University Ave, Selinsgrove, Pa, 17870","{""id"": 0, ""street"": ""514 UNIVERSITY AVE"", ""city"": ""SELINSGROVE"", ""state"": ""PA"", ""zip"": ""17870""}",No_Match,330
019ab3fe-8a3e-7b4b-f820-2ab94e36c488,"2840 Wilderness Place Suite A, Boulder, Co, 80301","{""id"": 0, ""street"": ""2840 WILDERNESS PLACE SUITE A"", ""city"": ""BOULDER"", ""state"": ""CO"", ""zip"": ""80301""}",No_Match,330
019ab762-a0c0-7187-68ab-dac15903ac70,"C/O Barbash Family Fund 265 W Main, Babylon, Ny, 11748","{""id"": 0, ""street"": ""C/O BARBASH FAMILY FUND 265 W MAIN"", ""city"": ""BABYLON"", ""state"": ""NY"", ""zip"": ""11748""}",No_Match,330
019ab3f0-c8f8-72b4-3fe5-9174df71d7e4,"8000 York Road, Towson, Md, 21252","{""id"": 0, ""street"": ""8000 YORK ROAD"", ""city"": ""TOWSON"", ""state"": ""MD"", ""zip"": ""21252""}",No_Match,329
019ab3e0-f4e5-7abc-c7e5-710eb7efc9d4,"655 Knight Way, Stanford, Ca, 94305","{""id"": 0, ""street"": ""655 KNIGHT WAY"", ""city"": ""STANFORD"", ""state"": ""CA"", ""zip"": ""94305""}",No_Match,324
019ab7c7-3727-7451-1e68-f14a91bbf29c,"1000 E University Ave, Laramie, Wy, 82071","{""id"": 0, ""street"": ""1000 E UNIVERSITY AVE"", ""city"": ""LARAMIE"", ""state"": ""WY"", ""zip"": ""82071""}",No_Match,323
019ab3f6-fb59-760d-d4d8-391245cbdc44,"2505 University Boulevard, Ames, Ia, 50010","{""id"": 0, ""street"": ""2505 UNIVERSITY BOULEVARD"", ""city"": ""AMES"", ""state"": ""IA"", ""zip"": ""50010""}",No_Match,320
019ab3e7-7ab7-7d0d-da1d-ab86fe1db2f8,"1 Shields Ave, Davis, Ca, 95616","{""id"": 0, ""street"": ""1 SHIELDS AVE"", ""city"": ""DAVIS"", ""state"": ""CA"", ""zip"": ""95616""}",No_Match,318
019ab3e2-407e-77da-72b3-ed15e171c354,"2500 Broadway, Lubbock, Tx, 79409","{""id"": 0, ""street"": ""2500 Broadway"", ""city"": ""Lubbock"", ""state"": ""TX"", ""zip"": ""79409""}",No_Match,318
019ab3e9-4200-769e-7e70-6e2f788e5e6c,"One Park Avenue 5Th Floor, New York, Ny, 10016","{""id"": 0, ""street"": ""ONE PARK AVENUE 5TH FLOOR"", ""city"": ""NEW YORK"", ""state"": ""NY"", ""zip"": ""10016""}",No_Match,318
019ab787-a113-77a9-3aa5-56642c789c54,"695 Pro-Med Lane 300, Carmel, In, 46032","{""id"": 0, ""street"": ""695 PRO-MED LANE 300"", ""city"": ""CARMEL"", ""state"": ""IN"", ""zip"": ""46032""}",No_Match,317
019ab7da-a636-767c-631d-e4d00546c384,"C/O Cannon Foundation Inc 52 Spring, Concord, Nc, 28025","{""id"": 0, ""street"": ""C/O CANNON FOUNDATION INC 52 SPRING"", ""city"": ""CONCORD"", ""state"": ""NC"", ""zip"": ""28025""}",No_Match,316
019ab3df-f001-7818-b827-0e2805b191d4,"1 Billy Graham Pkwy, Charlotte, Nc, 28201","{""id"": 0, ""street"": ""1 BILLY GRAHAM PKWY"", ""city"": ""CHARLOTTE"", ""state"": ""NC"", ""zip"": ""28201""}",No_Match,314
019ab3eb-993b-740c-88ec-968e24c5d1a0,"45 Museum Drive, Tupper Lake, Ny, 12986","{""id"": 0, ""street"": ""45 MUSEUM DRIVE"", ""city"": ""TUPPER LAKE"", ""state"": ""NY"", ""zip"": ""12986""}",No_Match,314
019ab792-ffac-76fd-3e15-ffc27bacf578,"C/O J Bulow Campbell Foundation, Atlanta, Ga, 30327","{""id"": 0, ""street"": ""C/O J BULOW CAMPBELL FOUNDATION"", ""city"": ""ATLANTA"", ""state"": ""GA"", ""zip"": ""30327""}",No_Match,314
019ab3e0-e477-7ed8-9a69-d927254bb560,"500 Huntsman Way, Salt Lake City, Ut, 84108","{""id"": 0, ""street"": ""500 HUNTSMAN WAY"", ""city"": ""SALT LAKE CITY"", ""state"": ""UT"", ""zip"": ""84108""}",No_Match,313
019ab5e0-e992-78e9-cd81-a565e23f7768,"4900 Tiedeman Road Oh-01-49-0150, Brooklyn, Oh, 44144","{""id"": 0, ""street"": ""4900 TIEDEMAN ROAD OH-01-49-0150"", ""city"": ""BROOKLYN"", ""state"": ""OH"", ""zip"": ""44144""}",No_Match,311
019ab3ee-cfea-7f3a-6d0c-7cc9ed4edabc,"4847 David S Mack Drive, West Palm Beach, Fl, 33417","{""id"": 0, ""street"": ""4847 DAVID S MACK DRIVE"", ""city"": ""WEST PALM BEACH"", ""state"": ""FL"", ""zip"": ""33417""}",No_Match,310
019ab402-1c9b-72ec-0235-e9ae405ace34,"902 Prices Fork Road, Blacksburg, Va, 24061","{""id"": 0, ""street"": ""902 PRICES FORK ROAD"", ""city"": ""BLACKSBURG"", ""state"": ""VA"", ""zip"": ""24061""}",No_Match,308
019ab3f4-bb22-7d07-77c0-bcea8d766d54,"255 Carter Hall Lane, Millwood, Va, 22646","{""id"": 0, ""street"": ""255 CARTER HALL LANE"", ""city"": ""MILLWOOD"", ""state"": ""VA"", ""zip"": ""22646""}",No_Match,308
019ab419-2fd2-7fc2-d970-3a842acd1b78,"Street, Brooklyn, Ny, 11213","{""id"": 0, ""street"": ""Street"", ""city"": ""Brooklyn"", ""state"": ""NY"", ""zip"": ""11213""}",No_Match,308
019ab436-ec42-7f42-799f-759af84a6e7c,"128 North Craig Street, Pittsburgh, Pa, 15260","{""id"": 0, ""street"": ""128 NORTH CRAIG STREET"", ""city"": ""PITTSBURGH"", ""state"": ""PA"", ""zip"": ""15260""}",No_Match,306
019ab3f8-9e19-7f16-d965-f6b2e7412460,"200 Centre Street, New York, Ny, 10013","{""id"": 0, ""street"": ""200 Centre Street"", ""city"": ""New York"", ""state"": ""NY"", ""zip"": ""10013""}",No_Match,305
019ab437-09eb-793b-73de-8f36a85b3624,"12651 San Pablo Ave 5473, Richmond, Ca, 94805","{""id"": 0, ""street"": ""12651 San Pablo Ave 5473"", ""city"": ""Richmond"", ""state"": ""CA"", ""zip"": ""94805""}",No_Match,304
019ab436-f43a-7d27-c9f1-6439be480400,"Road, Monsey, Ny, 10952","{""id"": 0, ""street"": ""Road"", ""city"": ""Monsey"", ""state"": ""NY"", ""zip"": ""10952""}",No_Match,304
019ab3e3-3e3f-7df8-ee35-53b1fef4bc38,"1500 Rosecrans Ave Ste 200, Manhattan Beach, Ca, 90266","{""id"": 0, ""street"": ""1500 ROSECRANS AVE STE 200"", ""city"": ""MANHATTAN BEACH"", ""state"": ""CA"", ""zip"": ""90266""}",No_Match,304
019ab3e9-aa09-7c4a-6bb0-7a9cec4db778,"4343 Elgin, Houston, Tx, 77204","{""id"": 0, ""street"": ""4343 Elgin"", ""city"": ""Houston"", ""state"": ""TX"", ""zip"": ""77204""}",No_Match,302
019ab77a-fd45-7261-ddc5-18071870b348,"1201 W Peachtree St 4900, Atlanta, Ga, 30309","{""id"": 0, ""street"": ""1201 W PEACHTREE ST 4900"", ""city"": ""ATLANTA"", ""state"": ""GA"", ""zip"": ""30309""}",No_Match,298
019ab3e5-c2e8-79fd-e8b0-389ba0a76478,"1201 15Th Street Nw 8Th Floor, Washington, Dc, 20005","{""id"": 0, ""street"": ""1201 15TH STREET NW 8TH FLOOR"", ""city"": ""WASHINGTON"", ""state"": ""DC"", ""zip"": ""20005""}",No_Match,298
019ab3e1-7caf-7407-ffb2-ba9597514dac,"5800 N Patriot Drive, Owasso, Ok, 74055","{""id"": 0, ""street"": ""5800 N Patriot Drive"", ""city"": ""Owasso"", ""state"": ""OK"", ""zip"": ""74055""}",No_Match,296
019ab3df-fb01-7c75-9fb7-664fa74d9ee4,"36 Battery Pl, New York, Ny, 10280","{""id"": 0, ""street"": ""36 BATTERY PL"", ""city"": ""NEW YORK"", ""state"": ""NY"", ""zip"": ""10280""}",No_Match,294
019ab3e1-5011-79b1-1b28-53cce1f10074,"1275 Mamaroneck Avenue, White Plains, Ny, 10605","{""id"": 0, ""street"": ""1275 MAMARONECK AVENUE"", ""city"": ""WHITE PLAINS"", ""state"": ""NY"", ""zip"": ""10605""}",No_Match,293
019ab800-b455-7e4d-8469-ca68059c7a14,"Detailed Address Information, Brooklyn, Ny, 11223","{""id"": 0, ""street"": ""DETAILED ADDRESS INFORMATION"", ""city"": ""BROOKLYN"", ""state"": ""NY"", ""zip"": ""11223""}",No_Match,292
019ab3fa-8d66-761f-6e0a-2bbdd70017a8,"1355 Peachtree St Ne Ste 600, Atlanta, Ga, 30309","{""id"": 0, ""street"": ""1355 PEACHTREE ST NE STE 600"", ""city"": ""ATLANTA"", ""state"": ""GA"", ""zip"": ""30309""}",No_Match,292
019ab419-2173-7a8a-f3da-9e43f2b0dbcc,"C/O Longwood Foundation 100 West, Wilmington, De, 19801","{""id"": 0, ""street"": ""C/O LONGWOOD FOUNDATION 100 WEST"", ""city"": ""WILMINGTON"", ""state"": ""DE"", ""zip"": ""19801""}",No_Match,292
019ab419-25fb-7257-5151-5e001306dda4,"9500 Gilman Dr, La Jolla, Ca, 92093","{""id"": 0, ""street"": ""9500 GILMAN DR"", ""city"": ""LA JOLLA"", ""state"": ""CA"", ""zip"": ""92093""}",No_Match,291
019ab419-2980-7333-eed7-cf5e33c2c860,"5555 Hermann Park Drive, Houston, Tx, 77030","{""id"": 0, ""street"": ""5555 Hermann Park Drive"", ""city"": ""Houston"", ""state"": ""TX"", ""zip"": ""77030""}",No_Match,288
019ab436-e6d2-7ff8-29ea-a7d826bcb79c,"27310 Network Place, Chicago, Il, 60673","{""id"": 0, ""street"": ""27310 NETWORK PLACE"", ""city"": ""CHICAGO"", ""state"": ""IL"", ""zip"": ""60673""}",No_Match,288
019ab714-301c-7438-0424-491d7e534768,"501 Danny Thomas Place, Memphis, Tn, 38105","{""id"": 0, ""street"": ""501 DANNY THOMAS PLACE"", ""city"": ""MEMPHIS"", ""state"": ""TN"", ""zip"": ""38105""}",No_Match,288
019ab7af-0552-7ac4-f4fc-273219db5fb8,"5230 Pacific Concourse Drive Suite, Los Angeles, Ca, 90045","{""id"": 0, ""street"": ""5230 PACIFIC CONCOURSE DRIVE SUITE"", ""city"": ""LOS ANGELES"", ""state"": ""CA"", ""zip"": ""90045""}",No_Match,288
019ab3ea-f521-7a74-712a-a41f6b4a415c,"968 Easton Road Suite H, Warrington, Pa, 18976","{""id"": 0, ""street"": ""968 EASTON ROAD SUITE H"", ""city"": ""WARRINGTON"", ""state"": ""PA"", ""zip"": ""18976""}",No_Match,287
019ab400-ae3f-7253-3e0f-b9e817875ed0,"44 Cocoanut Row M201, Palm Beach, Fl, 33480","{""id"": 0, ""street"": ""44 COCOANUT ROW M201"", ""city"": ""PALM BEACH"", ""state"": ""FL"", ""zip"": ""33480""}",No_Match,287
019ab412-a04e-7d2f-2efa-f34595dd19ec,"1222 Preservation Park Way, Oakland, Ca, 94612","{""id"": 0, ""street"": ""1222 PRESERVATION PARK WAY"", ""city"": ""OAKLAND"", ""state"": ""CA"", ""zip"": ""94612""}",No_Match,285
019ab3e0-0d96-7117-39bc-bc5a226ac4a4,"1000 Holt Avenue, Winter Park, Fl, 32789","{""id"": 0, ""street"": ""1000 HOLT AVENUE"", ""city"": ""WINTER PARK"", ""state"": ""FL"", ""zip"": ""32789""}",No_Match,282
019ab436-f33c-720d-323a-b756f4608de0,"9500 Gilman Drive 0940, La Jolla, Ca, 92093","{""id"": 0, ""street"": ""9500 Gilman Drive 0940"", ""city"": ""La Jolla"", ""state"": ""CA"", ""zip"": ""92093""}",No_Match,282
019ab3fd-5ad2-75bd-5dab-2cb4f2f08464,"1946 County Road 53, Keenesburg, Co, 80643","{""id"": 0, ""street"": ""1946 COUNTY ROAD 53"", ""city"": ""KEENESBURG"", ""state"": ""CO"", ""zip"": ""80643""}",No_Match,280
019ab3ec-fcfd-794e-89a2-9bf9f8eacc68,"8000 Utopia Parkway, Queens, Ny, 11439","{""id"": 0, ""street"": ""8000 UTOPIA PARKWAY"", ""city"": ""QUEENS"", ""state"": ""NY"", ""zip"": ""11439""}",No_Match,279
019ab419-2017-7eec-e525-afa2cc47480c,"453 John Lewis Freedom Pkwy Ne, Atlanta, Ga, 30307","{""id"": 0, ""street"": ""453 JOHN LEWIS FREEDOM PKWY NE"", ""city"": ""ATLANTA"", ""state"": ""GA"", ""zip"": ""30307""}",No_Match,278
019ab5e0-fda7-7a2c-3ad5-39cf7445d68c,"3125 S Gilbert Road, Chandler, Az, 85286","{""id"": 0, ""street"": ""3125 S GILBERT ROAD"", ""city"": ""CHANDLER"", ""state"": ""AZ"", ""zip"": ""85286""}",No_Match,278
019ab436-fe0c-7618-a64d-a35596a73284,"114 Camp K9 Rd, Ponte Vedra, Fl, 32081","{""id"": 0, ""street"": ""114 CAMP K9 RD"", ""city"": ""PONTE VEDRA"", ""state"": ""FL"", ""zip"": ""32081""}",No_Match,278
019ab7c7-30eb-791b-c40d-2a9a3a131abc,"475 Riverside Dr, New York, Ny, 10115","{""id"": 0, ""street"": ""475 RIVERSIDE DR"", ""city"": ""NEW YORK"", ""state"": ""NY"", ""zip"": ""10115""}",No_Match,277
019ab419-29bf-7a6c-e44c-8ded0c429a10,"C/O Freelander Family Tr- 455, New York, Ny, 10025","{""id"": 0, ""street"": ""C/O FREELANDER FAMILY TR- 455"", ""city"": ""NEW YORK"", ""state"": ""NY"", ""zip"": ""10025""}",No_Match,276
019ab3f6-f166-7b9e-ef34-53973ffd1390,"See Attached Schedule, See Attached Schedule, Il, 60680","{""id"": 0, ""street"": ""SEE ATTACHED SCHEDULE"", ""city"": ""SEE ATTACHED SCHEDULE"", ""state"": ""IL"", ""zip"": ""60680""}",No_Match,274
019ab3ea-3386-70e0-a8fe-0ac0326898d0,"200 Eastern Pkwy, Brooklyn, Ny, 11238","{""id"": 0, ""street"": ""200 EASTERN PKWY"", ""city"": ""BROOKLYN"", ""state"": ""NY"", ""zip"": ""11238""}",No_Match,274
019ab3e0-0497-7f74-e345-02eeaa327780,"800 Linden Street, Scranton, Pa, 18510","{""id"": 0, ""street"": ""800 LINDEN STREET"", ""city"": ""SCRANTON"", ""state"": ""PA"", ""zip"": ""18510""}",No_Match,273
019ab3e6-b9f0-7992-3fbd-94363c378fdc,"1500 Rosecrans Ave Suite 200, Manhattan Beach, Ca, 90266","{""id"": 0, ""street"": ""1500 ROSECRANS AVE SUITE 200"", ""city"": ""MANHATTAN BEACH"", ""state"": ""CA"", ""zip"": ""90266""}",No_Match,272
019ab401-3954-7a67-52e8-89d90c4f95d0,"2605 Preamble Point, Colorado Springs, Co, 80915","{""id"": 0, ""street"": ""2605 PREAMBLE POINT"", ""city"": ""COLORADO SPRINGS"", ""state"": ""CO"", ""zip"": ""80915""}",No_Match,272
019ab707-0500-71cb-89c6-f5384c828ca4,"110 N Wacker Drive Il4-110-07-03, Chicago, Il, 60606","{""id"": 0, ""street"": ""110 N WACKER DRIVE IL4-110-07-03"", ""city"": ""CHICAGO"", ""state"": ""IL"", ""zip"": ""60606""}",No_Match,272
019ab409-db90-7b9f-ccf0-a8cd7039c0b0,"10600 Preston Road, Dallas, Tx, 75230","{""id"": 0, ""street"": ""10600 PRESTON ROAD"", ""city"": ""DALLAS"", ""state"": ""TX"", ""zip"": ""75230""}",No_Match,272
019ab409-5aea-7db9-503c-19baab994444,"1605 County Road 101 N, Plymouth, Mn, 55447","{""id"": 0, ""street"": ""1605 COUNTY ROAD 101 N"", ""city"": ""PLYMOUTH"", ""state"": ""MN"", ""zip"": ""55447""}",No_Match,270
019ab7ae-f9f5-7be0-0bc7-9cf414e7b5e0,"One Fnb Blvd 3Rd Floor, Hermitage, Pa, 16148","{""id"": 0, ""street"": ""ONE FNB BLVD 3RD FLOOR"", ""city"": ""HERMITAGE"", ""state"": ""PA"", ""zip"": ""16148""}",No_Match,270
019ab3e3-9535-7ade-c4cf-50d9c39633b4,"5600 City Avenue, Philadelphia, Pa, 19131","{""id"": 0, ""street"": ""5600 CITY AVENUE"", ""city"": ""PHILADELPHIA"", ""state"": ""PA"", ""zip"": ""19131""}",No_Match,270
019ab3f9-f686-72d3-ebe1-8851cb9e4b20,"4156 Southbank Rd, Oxnard, Ca, 93036","{""id"": 0, ""street"": ""4156 SOUTHBANK RD"", ""city"": ""OXNARD"", ""state"": ""CA"", ""zip"": ""93036""}",No_Match,268
019ab5e0-feee-71ab-e7b2-5dcb51e4fe5c,"600 Peachtree Street Ne Suite 1000, Atlanta, Ga, 30308","{""id"": 0, ""street"": ""600 Peachtree Street NE Suite 1000"", ""city"": ""Atlanta"", ""state"": ""GA"", ""zip"": ""30308""}",No_Match,266
019ab3e6-175f-7266-5233-259fe31b655c,"453 Freedom Parkway, Atlanta, Ga, 30307","{""id"": 0, ""street"": ""453 FREEDOM PARKWAY"", ""city"": ""ATLANTA"", ""state"": ""GA"", ""zip"": ""30307""}",No_Match,266
019ab400-f49f-72d7-ad30-f0db44a79c38,"2001 Airport Rd S, Naples, Fl, 34112","{""id"": 0, ""street"": ""2001 AIRPORT RD S"", ""city"": ""NAPLES"", ""state"": ""FL"", ""zip"": ""34112""}",No_Match,266
019ab3ec-8d82-7c30-77a1-28abb2fdc388,"825 College Blvd Suite 102 Pmb 609, Oceanside, Ca, 92057","{""id"": 0, ""street"": ""825 COLLEGE BLVD SUITE 102 PMB 609"", ""city"": ""OCEANSIDE"", ""state"": ""CA"", ""zip"": ""92057""}",No_Match,265
019ab3e2-87e6-7472-5baf-98729f48a73c,"650 Clark Way, Palo Alto, Ca, 94304","{""id"": 0, ""street"": ""650 Clark Way"", ""city"": ""Palo Alto"", ""state"": ""CA"", ""zip"": ""94304""}",No_Match,264
019ab3ef-9451-74d4-dd0e-c3780591839c,"101 Station Landing Suite 510, Medford, Ma, 02155","{""id"": 0, ""street"": ""101 STATION LANDING SUITE 510"", ""city"": ""MEDFORD"", ""state"": ""MA"", ""zip"": ""02155""}",No_Match,264
019ab3ff-aa0a-7de9-d6a8-e89c0d31c578,"Us Bank Lockbox 78807, Milwaukee, Wi, 53278","{""id"": 0, ""street"": ""US BANK LOCKBOX 78807"", ""city"": ""MILWAUKEE"", ""state"": ""WI"", ""zip"": ""53278""}",No_Match,264
019ab3e0-e5a1-7272-833f-f7b2003314c0,"1220 Fifth Avenue, New York, Ny, 10029","{""id"": 0, ""street"": ""1220 FIFTH AVENUE"", ""city"": ""NEW YORK"", ""state"": ""NY"", ""zip"": ""10029""}",No_Match,264
019ab5e1-0be9-7b4d-1910-97b28927cf5c,"485 Broadway Mail Code 8838, Redwood City, Ca, 94063","{""id"": 0, ""street"": ""485 BROADWAY MAIL CODE 8838"", ""city"": ""REDWOOD CITY"", ""state"": ""CA"", ""zip"": ""94063""}",No_Match,263
019ab3ec-c276-746a-7983-74f8f259145c,"415 South St, Waltham, Ma, 02453","{""id"": 0, ""street"": ""415 SOUTH ST"", ""city"": ""WALTHAM"", ""state"": ""MA"", ""zip"": ""02453""}",No_Match,262
019ab3ea-5b21-7712-2c72-7e2365d15538,"100 Purpose Rd, Pippa Passes, Ky, 41844","{""id"": 0, ""street"": ""100 PURPOSE RD"", ""city"": ""Pippa Passes"", ""state"": ""KY"", ""zip"": ""41844""}",No_Match,262
019ab3e8-aa5e-74ca-81ae-05e0a44398e0,"Two Alumni Place, Orono, Me, 04469","{""id"": 0, ""street"": ""TWO ALUMNI PLACE"", ""city"": ""ORONO"", ""state"": ""ME"", ""zip"": ""04469""}",No_Match,262
019ab70d-44a8-7d41-868d-4f18cba3f798,"231 Main Street, Toms River, Nj, 08754","{""id"": 0, ""street"": ""231 MAIN STREET"", ""city"": ""TOMS RIVER"", ""state"": ""NJ"", ""zip"": ""08754""}",No_Match,262
019ab436-eada-7a89-e20d-53c3c350bb7c,"900 South Crouse Ave, Syracuse, Ny, 13244","{""id"": 0, ""street"": ""900 SOUTH CROUSE AVE"", ""city"": ""SYRACUSE"", ""state"": ""NY"", ""zip"": ""13244""}",No_Match,262
019ab3f7-2e9f-7bb7-c87f-72c5c097e4f8,"One Symphony Place, Nashville, Tn, 37201","{""id"": 0, ""street"": ""ONE SYMPHONY PLACE"", ""city"": ""NASHVILLE"", ""state"": ""TN"", ""zip"": ""37201""}",No_Match,260
019ab400-3cff-7108-f27e-2cdc236d5564,"1940 Cannery Way, Orlando, Fl, 32804","{""id"": 0, ""street"": ""1940 CANNERY WAY"", ""city"": ""ORLANDO"", ""state"": ""FL"", ""zip"": ""32804""}",No_Match,258
019ab3fb-96db-7369-4edb-aa439b8cfc48,"100 W 14Th Ave Pkwy, Denver, Co, 80204","{""id"": 0, ""street"": ""100 W 14TH AVE PKWY"", ""city"": ""DENVER"", ""state"": ""CO"", ""zip"": ""80204""}",No_Match,258
019ab419-26f1-7082-9902-0a55518f055c,"100 Morrissey Blvd, Boston, Ma, 02125","{""id"": 0, ""street"": ""100 MORRISSEY BLVD"", ""city"": ""BOSTON"", ""state"": ""MA"", ""zip"": ""02125""}",No_Match,258
019ab7ae-f841-7476-d2df-fe27d166e27c,"C/O Reidsville Area Foundation 124, Reidsville, Nc, 27320","{""id"": 0, ""street"": ""C/O REIDSVILLE AREA FOUNDATION 124"", ""city"": ""REIDSVILLE"", ""state"": ""NC"", ""zip"": ""27320""}",No_Match,258
019ab701-d71f-77a5-2224-fb5804ae3ce0,"Available On Request, Salem, Ma, 01970","{""id"": 0, ""street"": ""AVAILABLE ON REQUEST"", ""city"": ""SALEM"", ""state"": ""MA"", ""zip"": ""01970""}",No_Match,256
019ab849-19fa-7f08-b376-6643f43e5134,"Office Of Student Financial, Pullman, Wa, 99164","{""id"": 0, ""street"": ""OFFICE OF STUDENT FINANCIAL"", ""city"": ""PULLMAN"", ""state"": ""WA"", ""zip"": ""99164""}",No_Match,256
019ab3e4-4e2e-75a1-e3b8-91a609f9571c,"1 Campus Drive, Allendale, Mi, 49401","{""id"": 0, ""street"": ""1 Campus Drive"", ""city"": ""Allendale"", ""state"": ""MI"", ""zip"": ""49401""}",No_Match,256
019ab3eb-1f88-76ea-5854-30641e4cd3ec,"Po Drawer 2440, Tupelo, Ms, 38803","{""id"": 0, ""street"": ""PO DRAWER 2440"", ""city"": ""TUPELO"", ""state"": ""MS"", ""zip"": ""38803""}",No_Match,254
019ab7be-9027-767d-cf86-f5dc9045961c,"C/O Foundation 132 West 31Th Street, New York, Ny, 10001","{""id"": 0, ""street"": ""C/O FOUNDATION 132 WEST 31TH STREET"", ""city"": ""NEW YORK"", ""state"": ""NY"", ""zip"": ""10001""}",No_Match,254
019ab40b-668c-7ff2-49e0-f00d50b15ea8,"1086 Teaneck Road Suite 2G, Teaneck, Nj, 07666","{""id"": 0, ""street"": ""1086 TEANECK ROAD SUITE 2G"", ""city"": ""TEANECK"", ""state"": ""NJ"", ""zip"": ""07666""}",No_Match,253
019ab707-07d4-7468-004f-c429ba3d7380,"8508 Park Rd 389, Charlotte, Nc, 28210","{""id"": 0, ""street"": ""8508 PARK RD 389"", ""city"": ""CHARLOTTE"", ""state"": ""NC"", ""zip"": ""28210""}",No_Match,252
019ab419-2616-783b-3747-b57b4af492c8,"One West Park Road, Iowa City, Ia, 52242","{""id"": 0, ""street"": ""ONE WEST PARK ROAD"", ""city"": ""IOWA CITY"", ""state"": ""IA"", ""zip"": ""52242""}",No_Match,252
019ab3f8-16bf-7fd2-a8f6-5f153a5cc12c,"1201 N Galvin Parkway, Phoenix, Az, 85008","{""id"": 0, ""street"": ""1201 N GALVIN PARKWAY"", ""city"": ""PHOENIX"", ""state"": ""AZ"", ""zip"": ""85008""}",No_Match,250
019ab3eb-71fc-77f7-49e5-2e368079c3f0,"3400 Vine St, Cincinnati, Oh, 45220","{""id"": 0, ""street"": ""3400 VINE ST"", ""city"": ""CINCINNATI"", ""state"": ""OH"", ""zip"": ""45220""}",No_Match,250
019ab3f0-4575-7159-c0b0-68e874da0aec,"230 Jesse Hall, Columbia, Mo, 65211","{""id"": 0, ""street"": ""230 JESSE HALL"", ""city"": ""COLUMBIA"", ""state"": ""MO"", ""zip"": ""65211""}",No_Match,250
019ab849-215f-7887-b86a-7bf93dec22f4,"Contact Org, Contact Org, Pa, 12345","{""id"": 0, ""street"": ""Contact Org"", ""city"": ""Contact Org"", ""state"": ""PA"", ""zip"": ""12345""}",No_Match,250
019ab413-e8d8-7374-75b9-f999c3f167b4,"200 1St Street Sw, Rochester, Mn, 55905","{""id"": 0, ""street"": ""200 1ST STREET SW"", ""city"": ""ROCHESTER"", ""state"": ""MN"", ""zip"": ""55905""}",No_Match,249
019ab3e3-de87-7f62-d87b-97376d47afe8,"475 Riverside Drive Suite 960, New York, Ny, 10115","{""id"": 0, ""street"": ""475 RIVERSIDE DRIVE SUITE 960"", ""city"": ""NEW YORK"", ""state"": ""NY"", ""zip"": ""10115""}",No_Match,248
019ab3f2-ca9d-7454-a545-bcf845df5408,"5500 Caruth Haven Ln, Dallas, Tx, 75225","{""id"": 0, ""street"": ""5500 CARUTH HAVEN LN"", ""city"": ""DALLAS"", ""state"": ""TX"", ""zip"": ""75225""}",No_Match,248
019ab3f1-1615-770d-8f6a-8b81eba054d4,"170 Longview Road, Far Hills, Nj, 07931","{""id"": 0, ""street"": ""170 LONGVIEW ROAD"", ""city"": ""FAR HILLS"", ""state"": ""NJ"", ""zip"": ""07931""}",No_Match,248
019ab3e8-528a-77e4-2fd3-e2edcded7124,"3601 Pacific Ave, Stockton, Ca, 95211","{""id"": 0, ""street"": ""3601 PACIFIC AVE"", ""city"": ""STOCKTON"", ""state"": ""CA"", ""zip"": ""95211""}",No_Match,248
019ab3e6-365a-7e6d-7541-d7564702f610,"University Park, Los Angeles, Ca, 90089","{""id"": 0, ""street"": ""UNIVERSITY PARK"", ""city"": ""LOS ANGELES"", ""state"": ""CA"", ""zip"": ""90089""}",No_Match,246
019ab3f6-22c6-79b2-d73b-b998ba9b3128,"4100 Illinois Route 53, Lisle, Il, 60532","{""id"": 0, ""street"": ""4100 ILLINOIS ROUTE 53"", ""city"": ""LISLE"", ""state"": ""IL"", ""zip"": ""60532""}",No_Match,246
019ab3ea-ee06-73d5-585c-9a58c2c010cc,"3301 College Avenue, Fort Lauderdale, Fl, 33314","{""id"": 0, ""street"": ""3301 COLLEGE AVENUE"", ""city"": ""FORT LAUDERDALE"", ""state"": ""FL"", ""zip"": ""33314""}",No_Match,246
019ab7c2-835a-7676-75b3-46c758c98524,"40 Ragsdaleste 200, Monterey, Ca, 93940","{""id"": 0, ""street"": ""40 RAGSDALESTE 200"", ""city"": ""MONTEREY"", ""state"": ""CA"", ""zip"": ""93940""}",No_Match,246
019ab3f4-b9e9-70d1-657d-b9650c8b6348,"5600 City Ave, Philadelphia, Pa, 19131","{""id"": 0, ""street"": ""5600 CITY AVE"", ""city"": ""PHILADELPHIA"", ""state"": ""PA"", ""zip"": ""19131""}",No_Match,246
019ab3e1-52ea-7eca-eafe-1ae8a5c1e674,"1483 Alaskan Way Pier 59, Seattle, Wa, 98101","{""id"": 0, ""street"": ""1483 ALASKAN WAY PIER 59"", ""city"": ""SEATTLE"", ""state"": ""WA"", ""zip"": ""98101""}",No_Match,246
019ab3eb-8a74-717b-7db7-bc18cb0a3b8c,"12290 Voyager Parkway, Colorado Springs, Co, 80997","{""id"": 0, ""street"": ""12290 VOYAGER PARKWAY"", ""city"": ""COLORADO SPRINGS"", ""state"": ""CO"", ""zip"": ""80997""}",No_Match,246
019ab401-a737-716c-1a0e-61b33086a65c,"3380 Chastain Meadows Pkwy Nw Ste, Kennesaw, Ga, 30144","{""id"": 0, ""street"": ""3380 CHASTAIN MEADOWS PKWY NW STE"", ""city"": ""KENNESAW"", ""state"": ""GA"", ""zip"": ""30144""}",No_Match,246
019ab3ff-c48d-73e5-0144-b9d0f965877c,"400 Cedar Avenue, West Long Branch, Nj, 07764","{""id"": 0, ""street"": ""400 CEDAR AVENUE"", ""city"": ""WEST LONG BRANCH"", ""state"": ""NJ"", ""zip"": ""07764""}",No_Match,246
019ab405-dd56-7475-c738-9ee6c29f30f0,"500 Salisbury Street, Worcester, Ma, 01609","{""id"": 0, ""street"": ""500 SALISBURY STREET"", ""city"": ""WORCESTER"", ""state"": ""MA"", ""zip"": ""01609""}",No_Match,245
019ab3e9-b75a-73a2-e8eb-6679c72bf484,"8701 Watertown Plank Rd, Milwaukee, Wi, 53226","{""id"": 0, ""street"": ""8701 WATERTOWN PLANK RD"", ""city"": ""MILWAUKEE"", ""state"": ""WI"", ""zip"": ""53226""}",No_Match,245
019ab3eb-0bec-7465-06ed-7073e08b795c,"300 N Washington St, Gettysburg, Pa, 17325","{""id"": 0, ""street"": ""300 N WASHINGTON ST"", ""city"": ""GETTYSBURG"", ""state"": ""PA"", ""zip"": ""17325""}",No_Match,244
019ab3e6-44f6-72f8-70e4-426e53e38fb0,"1 Harvard Cir 100, West Palm Beach, Fl, 33409","{""id"": 0, ""street"": ""1 HARVARD CIR 100"", ""city"": ""WEST PALM BEACH"", ""state"": ""FL"", ""zip"": ""33409""}",No_Match,242
019ab400-b9ff-786a-ffe9-7a3da7f53e3c,"1116 Edgewood Ave N Units D/E, Jacksonville, Fl, 32254","{""id"": 0, ""street"": ""1116 EDGEWOOD AVE N UNITS D/E"", ""city"": ""JACKSONVILLE"", ""state"": ""FL"", ""zip"": ""32254""}",No_Match,242
019ab3f6-7578-7eb5-128d-d190b6c20210,"101 Merritt 7 Corporate Park, Norwalk, Ct, 06851","{""id"": 0, ""street"": ""101 MERRITT 7 CORPORATE PARK"", ""city"": ""NORWALK"", ""state"": ""CT"", ""zip"": ""06851""}",No_Match,242
019ab3ee-ae01-7a16-6dc3-4f41e7a6ba58,"5800 N Patriot Dr, Owasso, Ok, 74055","{""id"": 0, ""street"": ""5800 N PATRIOT DR"", ""city"": ""OWASSO"", ""state"": ""OK"", ""zip"": ""74055""}",No_Match,242
019ab3e0-adbd-73f4-2f8b-2429fe2656ec,"700 Exposition Park Drive, Los Angeles, Ca, 90037","{""id"": 0, ""street"": ""700 EXPOSITION PARK DRIVE"", ""city"": ""LOS ANGELES"", ""state"": ""CA"", ""zip"": ""90037""}",No_Match,242
019ab419-25d4-7ede-6c41-1ca4741de25c,"101 N Merion Ave, Bryn Mawr, Pa, 19010","{""id"": 0, ""street"": ""101 N MERION AVE"", ""city"": ""BRYN MAWR"", ""state"": ""PA"", ""zip"": ""19010""}",No_Match,242
019ab406-9059-7f33-9622-f6ffdc04f154,"2600 Benjamin Franklin Pkwy, Philadelphia, Pa, 19130","{""id"": 0, ""street"": ""2600 BENJAMIN FRANKLIN PKWY"", ""city"": ""PHILADELPHIA"", ""state"": ""PA"", ""zip"": ""19130""}",No_Match,242
019ab3f4-bcf8-7a14-1d15-0937fc6e50d4,"One Dent Drive, Lewisburg, Pa, 17837","{""id"": 0, ""street"": ""ONE DENT DRIVE"", ""city"": ""LEWISBURG"", ""state"": ""PA"", ""zip"": ""17837""}",No_Match,241
019ab3ee-c26d-7023-c3f6-1ba7d30e8cb4,"Central Wharf, Boston, Ma, 02110","{""id"": 0, ""street"": ""CENTRAL WHARF"", ""city"": ""BOSTON"", ""state"": ""MA"", ""zip"": ""02110""}",No_Match,240
019ab3eb-cdb2-7e71-5255-b91e589cb784,"25 N 40Th St, Phoenix, Az, 85034","{""id"": 0, ""street"": ""25 N 40TH ST"", ""city"": ""PHOENIX"", ""state"": ""AZ"", ""zip"": ""85034""}",No_Match,240
019ab3e8-28c9-7675-9695-3caadd6097a8,"2300 Steele Street, Denver, Co, 80205","{""id"": 0, ""street"": ""2300 STEELE STREET"", ""city"": ""DENVER"", ""state"": ""CO"", ""zip"": ""80205""}",No_Match,240
019ab3e7-985e-7d74-6348-4fe9aadfb458,"483 Great House Road, Stratford, Va, 22558","{""id"": 0, ""street"": ""483 GREAT HOUSE ROAD"", ""city"": ""STRATFORD"", ""state"": ""VA"", ""zip"": ""22558""}",No_Match,240
019ab76f-f2fd-7ba8-4f20-60ad195d0598,"C/O Windels Et Al, New York, Ny, 10019","{""id"": 0, ""street"": ""C/O WINDELS ET AL"", ""city"": ""NEW YORK"", ""state"": ""NY"", ""zip"": ""10019""}",No_Match,238
019ab75d-1914-7362-ac7c-80b9e57325ac,"King Street Station, Alexandria, Va, 22314","{""id"": 0, ""street"": ""KING STREET STATION"", ""city"": ""ALEXANDRIA"", ""state"": ""VA"", ""zip"": ""22314""}",No_Match,238
019ab419-30bd-74bc-a440-e65558866208,"800 S Tucker Dr, Tulsa, Ok, 74104","{""id"": 0, ""street"": ""800 S TUCKER DR"", ""city"": ""TULSA"", ""state"": ""OK"", ""zip"": ""74104""}",No_Match,236
019ab3eb-4501-7904-92d1-12dc8a405c98,"10 S Dearborn Stmc Il1-0111, Chicago, Il, 60603","{""id"": 0, ""street"": ""10 S DEARBORN STMC IL1-0111"", ""city"": ""CHICAGO"", ""state"": ""IL"", ""zip"": ""60603""}",No_Match,236
019ab3ee-bd95-7089-39be-03b47f215568,"Elm Carlton Streets, Buffalo, Ny, 14263","{""id"": 0, ""street"": ""ELM CARLTON STREETS"", ""city"": ""BUFFALO"", ""state"": ""NY"", ""zip"": ""14263""}",No_Match,236
019ab3f2-f8e7-7850-0400-1ce7731dd838,"287 Rivers St, Boone, Nc, 28608","{""id"": 0, ""street"": ""287 RIVERS ST"", ""city"": ""BOONE"", ""state"": ""NC"", ""zip"": ""28608""}",No_Match,236
019ab40c-4ea1-7738-f317-37728c02655c,"1419 Salt Springs Rd, Syracuse, Ny, 13214","{""id"": 0, ""street"": ""1419 SALT SPRINGS RD"", ""city"": ""SYRACUSE"", ""state"": ""NY"", ""zip"": ""13214""}",No_Match,236
019ab3ec-ff2a-7146-7aec-a90328b067a8,"2445 Prior Ave N, Roseville, Mn, 55113","{""id"": 0, ""street"": ""2445 PRIOR AVE N"", ""city"": ""ROSEVILLE"", ""state"": ""MN"", ""zip"": ""55113""}",No_Match,236
019ab3e1-4f0b-70a3-9f72-e8f082cd67a0,"147 Prince Street, Brooklyn, Ny, 11201","{""id"": 0, ""street"": ""147 Prince Street"", ""city"": ""Brooklyn"", ""state"": ""NY"", ""zip"": ""11201""}",No_Match,235
019ab400-51f3-7221-32a5-265467a9188c,"2500 Jupiter Park Drive, Jupiter, Fl, 33458","{""id"": 0, ""street"": ""2500 JUPITER PARK DRIVE"", ""city"": ""JUPITER"", ""state"": ""FL"", ""zip"": ""33458""}",No_Match,234
019ab3ee-f5b2-7fe0-9f54-f0e50bd24f28,"5200 Enrique M Barrera Parkway, San Antonio, Tx, 78227","{""id"": 0, ""street"": ""5200 Enrique M Barrera Parkway"", ""city"": ""San Antonio"", ""state"": ""TX"", ""zip"": ""78227""}",No_Match,234
019ab403-f94c-7ff0-e178-c3cec163de24,"Columbia Point, Boston, Ma, 02125","{""id"": 0, ""street"": ""COLUMBIA POINT"", ""city"": ""BOSTON"", ""state"": ""MA"", ""zip"": ""02125""}",No_Match,234
019ab5e0-e539-783d-c234-122064ded97c,"901 8Th St S, Moorhead, Mn, 56562","{""id"": 0, ""street"": ""901 8th St S"", ""city"": ""Moorhead"", ""state"": ""MN"", ""zip"": ""56562""}",No_Match,234
019ab40e-ff1c-79b4-d5eb-7007f9051298,"10711 Kipp Way, Houston, Tx, 77099","{""id"": 0, ""street"": ""10711 KIPP WAY"", ""city"": ""HOUSTON"", ""state"": ""TX"", ""zip"": ""77099""}",No_Match,233
019ab437-123e-7baa-b56d-df2dd6d7d468,"266 Woods Hole Road, Woods Hole, Ma, 02543","{""id"": 0, ""street"": ""266 WOODS HOLE ROAD"", ""city"": ""WOODS HOLE"", ""state"": ""MA"", ""zip"": ""02543""}",No_Match,232
019ab701-d06e-7519-f2e1-076c0a99a464,"1 Seeing Eye Way, Morristown, Nj, 07960","{""id"": 0, ""street"": ""1 SEEING EYE WAY"", ""city"": ""MORRISTOWN"", ""state"": ""NJ"", ""zip"": ""07960""}",No_Match,232
019ab3ed-beda-7089-1996-1e9e703f99d8,"1600 21St Street Nw, Washington, Dc, 20009","{""id"": 0, ""street"": ""1600 21ST STREET NW"", ""city"": ""WASHINGTON"", ""state"": ""DC"", ""zip"": ""20009""}",No_Match,232
019ab7a5-b7d7-7c53-2b41-e33a5e09784c,"C/O Harland Foundation 2 Piedmont, Atlanta, Ga, 30305","{""id"": 0, ""street"": ""C/O HARLAND FOUNDATION 2 PIEDMONT"", ""city"": ""ATLANTA"", ""state"": ""GA"", ""zip"": ""30305""}",No_Match,232
019ab419-20ad-792b-1dc8-30fb9ad36fe4,"57 Us Highway 1, New Brunswick, Nj, 08901","{""id"": 0, ""street"": ""57 US HIGHWAY 1"", ""city"": ""NEW BRUNSWICK"", ""state"": ""NJ"", ""zip"": ""08901""}",No_Match,232
019ab3f0-1aec-78ef-3082-94472e7f610c,"See Attached, See Attached, Ri, 02903","{""id"": 0, ""street"": ""SEE ATTACHED"", ""city"": ""SEE ATTACHED"", ""state"": ""RI"", ""zip"": ""02903""}",No_Match,232
019ab40b-fa59-7493-aeff-1743b91964e0,"301 Freedom Place South, New York, Ny, 10069","{""id"": 0, ""street"": ""301 FREEDOM PLACE SOUTH"", ""city"": ""NEW YORK"", ""state"": ""NY"", ""zip"": ""10069""}",No_Match,231
019ab3e4-8bae-7a48-7a47-d934b75b93b4,"1355 Peachtree St Ne Suite 600, Atlanta, Ga, 30309","{""id"": 0, ""street"": ""1355 PEACHTREE ST NE SUITE 600"", ""city"": ""ATLANTA"", ""state"": ""GA"", ""zip"": ""30309""}",No_Match,231
019ab409-dfdd-71db-6058-7a54bb21af14,"6220 Thermal Road, Charlotte, Nc, 28211","{""id"": 0, ""street"": ""6220 THERMAL ROAD"", ""city"": ""CHARLOTTE"", ""state"": ""NC"", ""zip"": ""28211""}",No_Match,230
019ab3f0-a568-7c16-2e8a-3f8d1629aaa0,"201 Van Ness Avenue, San Francisco, Ca, 94102","{""id"": 0, ""street"": ""201 VAN NESS AVENUE"", ""city"": ""SAN FRANCISCO"", ""state"": ""CA"", ""zip"": ""94102""}",No_Match,230
019ab40e-e4f9-7b92-9cfb-cabf4976c110,"311 Probandt, San Antonio, Tx, 78204","{""id"": 0, ""street"": ""311 PROBANDT"", ""city"": ""SAN ANTONIO"", ""state"": ""TX"", ""zip"": ""78204""}",No_Match,230
019ab436-f0fb-719f-bbd0-2338f49ac068,"6191 College Station Drive, Williamsburg, Ky, 40769","{""id"": 0, ""street"": ""6191 College Station Drive"", ""city"": ""Williamsburg"", ""state"": ""KY"", ""zip"": ""40769""}",No_Match,230
019ab437-05af-747e-13b5-92db4a9055a8,"1776 Avenue Of The States, Lexington, Ky, 40511","{""id"": 0, ""street"": ""1776 Avenue of the States"", ""city"": ""Lexington"", ""state"": ""KY"", ""zip"": ""40511""}",No_Match,228
019ab419-2c5f-7d39-0d01-ddf30caa0f70,"95 Bradhurst Avenue, Valhalla, Ny, 10595","{""id"": 0, ""street"": ""95 BRADHURST AVENUE"", ""city"": ""VALHALLA"", ""state"": ""NY"", ""zip"": ""10595""}",No_Match,228
019ab40c-5b7a-7a32-dc00-d38bfcf6aec8,"415 Crossways Park Dr Ste D, Woodbury, Ny, 11797","{""id"": 0, ""street"": ""415 CROSSWAYS PARK DR STE D"", ""city"": ""WOODBURY"", ""state"": ""NY"", ""zip"": ""11797""}",No_Match,228
019ab3f2-5fcd-7c1c-fe66-f88f83370df4,"2400 Chew St, Allentown, Pa, 18104","{""id"": 0, ""street"": ""2400 CHEW ST"", ""city"": ""ALLENTOWN"", ""state"": ""PA"", ""zip"": ""18104""}",No_Match,228
019ab3f2-16f4-756c-8433-aa17a0480c8c,"4156 Southbank Road, Oxnard, Ca, 93036","{""id"": 0, ""street"": ""4156 SOUTHBANK ROAD"", ""city"": ""OXNARD"", ""state"": ""CA"", ""zip"": ""93036""}",No_Match,228
019ab3eb-5b09-7ac3-5316-5d7751bffcec,"5501 Old York Road, Philadelphia, Pa, 19141","{""id"": 0, ""street"": ""5501 OLD YORK ROAD"", ""city"": ""PHILADELPHIA"", ""state"": ""PA"", ""zip"": ""19141""}",No_Match,228
019ab3ec-bd91-7602-5485-8c8c9985ec70,"12 Capen Hall, Buffalo, Ny, 14260","{""id"": 0, ""street"": ""12 CAPEN HALL"", ""city"": ""BUFFALO"", ""state"": ""NY"", ""zip"": ""14260""}",No_Match,228
019ab3e4-90a9-7cde-2d4f-44ea8c7afa30,"1 Campus Dr, Allendale, Mi, 49401","{""id"": 0, ""street"": ""1 CAMPUS DR"", ""city"": ""ALLENDALE"", ""state"": ""MI"", ""zip"": ""49401""}",No_Match,227
019ab3e3-db74-7138-b523-f83ad4b3faf4,"475 Riverside Drive Suite 900, New York, Ny, 10115","{""id"": 0, ""street"": ""475 RIVERSIDE DRIVE SUITE 900"", ""city"": ""NEW YORK"", ""state"": ""NY"", ""zip"": ""10115""}",No_Match,227
019ab3e8-5db2-7e19-dfde-034a58b8989c,"515 Loudon Road, Loudonville, Ny, 12211","{""id"": 0, ""street"": ""515 Loudon Road"", ""city"": ""Loudonville"", ""state"": ""NY"", ""zip"": ""12211""}",No_Match,226
019ab7ca-a68c-7eac-7ac4-24cacccb4c4c,"C/O Crestlea Foundation 100 W 10Th, Wilmington, De, 19801","{""id"": 0, ""street"": ""C/O CRESTLEA FOUNDATION 100 W 10TH"", ""city"": ""WILMINGTON"", ""state"": ""DE"", ""zip"": ""19801""}",No_Match,226
019ab436-f987-713a-c4b0-89bbe7b9e540,"8701 Watertown Plank Road, Milwaukee, Wi, 53226","{""id"": 0, ""street"": ""8701 WATERTOWN PLANK ROAD"", ""city"": ""MILWAUKEE"", ""state"": ""WI"", ""zip"": ""53226""}",No_Match,226
019ab76f-eda7-7218-0352-3f7d72cda528,"860 Dolwick Dr, Erlanger, Ky, 41018","{""id"": 0, ""street"": ""860 DOLWICK DR"", ""city"": ""ERLANGER"", ""state"": ""KY"", ""zip"": ""41018""}",No_Match,226
019ab76a-af65-7aab-66d3-a2d42652c160,"200 Bellevue Parkway Suite 525, Wilmington, De, 19808","{""id"": 0, ""street"": ""200 BELLEVUE PARKWAY SUITE 525"", ""city"": ""WILMINGTON"", ""state"": ""DE"", ""zip"": ""19808""}",No_Match,224
019ab436-f7d2-7273-43e4-39448dab9140,"2201 E Camelback Rd 405B, Phoenix, Az, 85016","{""id"": 0, ""street"": ""2201 E CAMELBACK RD 405B"", ""city"": ""PHOENIX"", ""state"": ""AZ"", ""zip"": ""85016""}",No_Match,224
019ab401-eef0-7d4d-828c-2794b062ce34,"6016 Mcnutt Hall, Hanover, Nh, 03755","{""id"": 0, ""street"": ""6016 MCNUTT HALL"", ""city"": ""HANOVER"", ""state"": ""NH"", ""zip"": ""03755""}",No_Match,224
019ab40a-edae-7374-90f4-b67d14196efc,"One Positive Place, Nashua, Nh, 03060","{""id"": 0, ""street"": ""ONE POSITIVE PLACE"", ""city"": ""NASHUA"", ""state"": ""NH"", ""zip"": ""03060""}",No_Match,224
019ab76d-0024-761d-885d-184638176584,"C/O The Sapelo Foundation 2 Bryan, Savannah, Ga, 31401","{""id"": 0, ""street"": ""C/O THE SAPELO FOUNDATION 2 BRYAN"", ""city"": ""SAVANNAH"", ""state"": ""GA"", ""zip"": ""31401""}",No_Match,224
019ab5e0-ed69-74d2-67f2-cba42e4dcb00,"2195 Nolensville Pike, Nashville, Tn, 37211","{""id"": 0, ""street"": ""2195 NOLENSVILLE PIKE"", ""city"": ""NASHVILLE"", ""state"": ""TN"", ""zip"": ""37211""}",No_Match,224
019ab3e1-a2bf-71be-419d-ecc8ee5b609c,"0210 Beardshear Hall, Ames, Ia, 50011","{""id"": 0, ""street"": ""0210 BEARDSHEAR HALL"", ""city"": ""AMES"", ""state"": ""IA"", ""zip"": ""50011""}",No_Match,222
019ab3e6-25cc-7b75-1f29-082b2eb75354,"1 Union Station, Providence, Ri, 02903","{""id"": 0, ""street"": ""1 UNION STATION"", ""city"": ""PROVIDENCE"", ""state"": ""RI"", ""zip"": ""02903""}",No_Match,222
019ab3ed-d137-7228-0e8c-912a86cffe30,"1946 Campus Drive, Hyde Park, Ny, 12538","{""id"": 0, ""street"": ""1946 CAMPUS DRIVE"", ""city"": ""HYDE PARK"", ""state"": ""NY"", ""zip"": ""12538""}",No_Match,221
019ab3ef-9530-798d-7150-2028b6bac140,"2943 Smu Blvd, Dallas, Tx, 75205","{""id"": 0, ""street"": ""2943 SMU BLVD"", ""city"": ""DALLAS"", ""state"": ""TX"", ""zip"": ""75205""}",No_Match,221
019ab733-7ad7-7880-ddf4-d6b4fa389d00,"Na, Na, Ny, 10022","{""id"": 0, ""street"": ""NA"", ""city"": ""NA"", ""state"": ""NY"", ""zip"": ""10022""}",No_Match,220
019ab3ec-42f8-71f6-8def-5f283fa75834,"1201 15Th St Nw, Washington, Dc, 20005","{""id"": 0, ""street"": ""1201 15TH ST NW"", ""city"": ""WASHINGTON"", ""state"": ""DC"", ""zip"": ""20005""}",No_Match,220
019ab40e-0b36-7831-cdb2-ab114e696278,"100 Save The Bay Dr, Providence, Ri, 02905","{""id"": 0, ""street"": ""100 SAVE THE BAY DR"", ""city"": ""PROVIDENCE"", ""state"": ""RI"", ""zip"": ""02905""}",No_Match,220
019ab3ec-cd2f-7781-5f15-bcf69709159c,"2401 Virginia Ave Nw, Washington, Dc, 20037","{""id"": 0, ""street"": ""2401 VIRGINIA AVE NW"", ""city"": ""WASHINGTON"", ""state"": ""DC"", ""zip"": ""20037""}",No_Match,220
019ab436-f8f8-7543-7134-4e12b930e4bc,"200 N Maple Ave, Greenwich, Ct, 06830","{""id"": 0, ""street"": ""200 N MAPLE AVE"", ""city"": ""GREENWICH"", ""state"": ""CT"", ""zip"": ""06830""}",No_Match,220
019ab5e0-f398-71b9-59c2-d3c61d0c3f9c,"Street Address Not Provided, Canton, Il, 61520","{""id"": 0, ""street"": ""STREET ADDRESS NOT PROVIDED"", ""city"": ""Canton"", ""state"": ""IL"", ""zip"": ""61520""}",No_Match,220
019ab40b-43a7-7cfd-f4cc-0eee6740a620,"1384 Perrineville Road, Monroe Township, Nj, 08831","{""id"": 0, ""street"": ""1384 PERRINEVILLE ROAD"", ""city"": ""MONROE TOWNSHIP"", ""state"": ""NJ"", ""zip"": ""08831""}",No_Match,220
019ab402-8353-7f18-8432-043470f27eac,"1 Press Place Suite 101, Athens, Ga, 30602","{""id"": 0, ""street"": ""1 PRESS PLACE SUITE 101"", ""city"": ""ATHENS"", ""state"": ""GA"", ""zip"": ""30602""}",No_Match,220
019ab419-2801-77a1-c325-8714ba67802c,"1200 East California Boulevard, Pasadena, Ca, 91125","{""id"": 0, ""street"": ""1200 East California Boulevard"", ""city"": ""Pasadena"", ""state"": ""CA"", ""zip"": ""91125""}",No_Match,218
019ab7af-0463-7b7d-46eb-0f58c23727f0,"3380 Chastain Meadows Pkwy, Kennesaw, Ga, 30144","{""id"": 0, ""street"": ""3380 CHASTAIN MEADOWS PKWY"", ""city"": ""KENNESAW"", ""state"": ""GA"", ""zip"": ""30144""}",No_Match,218
019ab419-201d-76be-7aae-3a149b70ca68,"300 Arnold Palmer Boulevard, Norton, Ma, 02766","{""id"": 0, ""street"": ""300 ARNOLD PALMER BOULEVARD"", ""city"": ""NORTON"", ""state"": ""MA"", ""zip"": ""02766""}",No_Match,218
019ab3e6-cfe7-71b1-f234-1eef1d073100,"201 Van Ness Ave, San Francisco, Ca, 94102","{""id"": 0, ""street"": ""201 VAN NESS AVE"", ""city"": ""SAN FRANCISCO"", ""state"": ""CA"", ""zip"": ""94102""}",No_Match,218
019ab707-0177-7883-c647-4fed9a35762c,"900 Hope Way, Altamonte Springs, Fl, 32714","{""id"": 0, ""street"": ""900 Hope Way"", ""city"": ""Altamonte Springs"", ""state"": ""FL"", ""zip"": ""32714""}",No_Match,216
019ab419-2985-7654-32f0-f90d3fbaee8c,"2401 Virginia Avenue Nw, Washington, Dc, 20037","{""id"": 0, ""street"": ""2401 VIRGINIA AVENUE NW"", ""city"": ""WASHINGTON"", ""state"": ""DC"", ""zip"": ""20037""}",No_Match,216
019ab3ec-8ee5-790f-60f6-09359f7da540,"951 Isha Ln, Mcminnville, Tn, 37110","{""id"": 0, ""street"": ""951 ISHA LN"", ""city"": ""MCMINNVILLE"", ""state"": ""TN"", ""zip"": ""37110""}",No_Match,216
019ab419-25db-7084-0661-958b1d0aa3b8,"1 University Of Arkansas, Fayetteville, Ar, 72701","{""id"": 0, ""street"": ""1 UNIVERSITY OF ARKANSAS"", ""city"": ""FAYETTEVILLE"", ""state"": ""AR"", ""zip"": ""72701""}",No_Match,216
019ab3eb-f832-7849-6689-666c3f9becac,"2500 Main Street, Lawrenceville, Nj, 08648","{""id"": 0, ""street"": ""2500 MAIN STREET"", ""city"": ""LAWRENCEVILLE"", ""state"": ""NJ"", ""zip"": ""08648""}",No_Match,216
019ab3e2-19a3-7c37-73dd-8a54694d03c4,"4500 S Cockrell Hill Road, Dallas, Tx, 75236","{""id"": 0, ""street"": ""4500 S COCKRELL HILL ROAD"", ""city"": ""DALLAS"", ""state"": ""TX"", ""zip"": ""75236""}",No_Match,216
019ab3f5-1064-73be-faa2-487bddbad8d4,"2001 Airport Road South, Naples, Fl, 34112","{""id"": 0, ""street"": ""2001 AIRPORT ROAD SOUTH"", ""city"": ""NAPLES"", ""state"": ""FL"", ""zip"": ""34112""}",No_Match,215
019ab3e9-e042-7c68-03e7-163c67b18834,"2600 Benjamin Franklin Parkway, Philadelphia, Pa, 19130","{""id"": 0, ""street"": ""2600 Benjamin Franklin Parkway"", ""city"": ""Philadelphia"", ""state"": ""PA"", ""zip"": ""19130""}",No_Match,214
019ab849-2434-7b06-007d-9c27cb09e624,"Detailed Address Information, New York, Ny, 10022","{""id"": 0, ""street"": ""DETAILED ADDRESS INFORMATION"", ""city"": ""NEW YORK"", ""state"": ""NY"", ""zip"": ""10022""}",No_Match,214
019ab419-2898-7f44-6846-ae143f7321a0,"255 Grapevine Road, Wenham, Ma, 01984","{""id"": 0, ""street"": ""255 GRAPEVINE ROAD"", ""city"": ""WENHAM"", ""state"": ""MA"", ""zip"": ""01984""}",No_Match,213
019ab412-1fab-7170-050d-1af94512b660,"1801 W Olympic Blvd, Pasadena, Ca, 91199","{""id"": 0, ""street"": ""1801 W OLYMPIC BLVD"", ""city"": ""PASADENA"", ""state"": ""CA"", ""zip"": ""91199""}",No_Match,213
019ab3f2-2ab0-7b8e-2e35-8efbfcebe828,"32 Campus Dr, Missoula, Mt, 59812","{""id"": 0, ""street"": ""32 CAMPUS DR"", ""city"": ""MISSOULA"", ""state"": ""MT"", ""zip"": ""59812""}",No_Match,212
019ab40b-a774-7e08-18af-476fd993df28,"550 Italy Drive, Sparks, Nv, 89437","{""id"": 0, ""street"": ""550 ITALY DRIVE"", ""city"": ""SPARKS"", ""state"": ""NV"", ""zip"": ""89437""}",No_Match,212
019ab5e1-1511-7810-854c-e45b7200d8b4,"4790 N State Road 7, Lauderdale Lakes, Fl, 33319","{""id"": 0, ""street"": ""4790 N STATE ROAD 7"", ""city"": ""LAUDERDALE LAKES"", ""state"": ""FL"", ""zip"": ""33319""}",No_Match,211
019ab436-f124-7804-3502-c6d3801ee4c4,"6301 Kirkwood Blvd Sw, Cedar Rapids, Ia, 52404","{""id"": 0, ""street"": ""6301 KIRKWOOD BLVD SW"", ""city"": ""CEDAR RAPIDS"", ""state"": ""IA"", ""zip"": ""52404""}",No_Match,210
019ab3e6-2af1-7961-5cc7-1563c210248c,"One College Drive, Bennington, Vt, 05201","{""id"": 0, ""street"": ""ONE COLLEGE DRIVE"", ""city"": ""BENNINGTON"", ""state"": ""VT"", ""zip"": ""05201""}",No_Match,210
019ab419-21d8-712d-7a14-b94034ecda34,"100 Maher Ave, Greenwich, Ct, 06830","{""id"": 0, ""street"": ""100 MAHER AVE"", ""city"": ""GREENWICH"", ""state"": ""CT"", ""zip"": ""06830""}",No_Match,210
019ab3ff-9ba8-736a-3048-d03fc8e62638,"2103 Coral Way 2Nd Floor, Miami, Fl, 33145","{""id"": 0, ""street"": ""2103 CORAL WAY 2ND FLOOR"", ""city"": ""MIAMI"", ""state"": ""FL"", ""zip"": ""33145""}",No_Match,210
019ab7b2-4e21-7347-c508-2dbe596e6ee4,"303 Vintage Park Drive 250, Foster City, Ca, 94404","{""id"": 0, ""street"": ""303 VINTAGE PARK DRIVE 250"", ""city"": ""FOSTER CITY"", ""state"": ""CA"", ""zip"": ""94404""}",No_Match,210
019ab707-0660-7a23-7323-883b3aa95450,"9040 Sunset Drive, Miami, Fl, 33173","{""id"": 0, ""street"": ""9040 SUNSET DRIVE"", ""city"": ""MIAMI"", ""state"": ""FL"", ""zip"": ""33173""}",No_Match,210
019ab3ee-31b1-7251-119b-36ea38c77a9c,"Princeton University, Princeton, Nj, 08544","{""id"": 0, ""street"": ""PRINCETON UNIVERSITY"", ""city"": ""PRINCETON"", ""state"": ""NJ"", ""zip"": ""08544""}",No_Match,210
019ab3f6-6dda-7205-3806-3daae4dd47dc,"95 Bradhurst Ave, Valhalla, Ny, 10595","{""id"": 0, ""street"": ""95 BRADHURST AVE"", ""city"": ""VALHALLA"", ""state"": ""NY"", ""zip"": ""10595""}",No_Match,210
019ab419-2cbc-76f0-9700-eaf627548648,"Walla Walla Wa, Walla Walla, Wa, 99362","{""id"": 0, ""street"": ""WALLA WALLA WA"", ""city"": ""WALLA WALLA"", ""state"": ""WA"", ""zip"": ""99362""}",No_Match,208
019ab419-2985-7261-ce8d-36bae3e571d8,"8600 Mcdonogh Road, Owings Mills, Md, 21117","{""id"": 0, ""street"": ""8600 MCDONOGH ROAD"", ""city"": ""OWINGS MILLS"", ""state"": ""MD"", ""zip"": ""21117""}",No_Match,208
019ab72c-fb59-76d5-eb7c-d493658b421c,"Office Of Scholarship Services Po, Pullman, Wa, 99164","{""id"": 0, ""street"": ""OFFICE OF SCHOLARSHIP SERVICES PO"", ""city"": ""PULLMAN"", ""state"": ""WA"", ""zip"": ""99164""}",No_Match,208
019ab3ef-9434-7f58-d71d-960a50560038,"101 Page Street, New Bedford, Ma, 02740","{""id"": 0, ""street"": ""101 PAGE STREET"", ""city"": ""NEW BEDFORD"", ""state"": ""MA"", ""zip"": ""02740""}",No_Match,208
019ab410-50b3-7b41-6eb7-bd74d39fa0bc,"407 Gerberding Hall, Seattle, Wa, 98195","{""id"": 0, ""street"": ""407 GERBERDING HALL"", ""city"": ""SEATTLE"", ""state"": ""WA"", ""zip"": ""98195""}",No_Match,207
019ab437-09fd-7b68-9c09-eb8408640c58,"230 Administration, Stony Brook, Ny, 11794","{""id"": 0, ""street"": ""230 ADMINISTRATION"", ""city"": ""STONY BROOK"", ""state"": ""NY"", ""zip"": ""11794""}",No_Match,206
019ab3ee-8b31-7ec3-8f34-b6a4519298cc,"4500 San Pablo Rd S, Jacksonville, Fl, 32224","{""id"": 0, ""street"": ""4500 SAN PABLO RD S"", ""city"": ""JACKSONVILLE"", ""state"": ""FL"", ""zip"": ""32224""}",No_Match,206
019ab81e-5654-7d04-f358-b47dee660ed0,"2 Park Ave - 17Th Floor, New York, Ny, 10016","{""id"": 0, ""street"": ""2 PARK AVE - 17TH FLOOR"", ""city"": ""NEW YORK"", ""state"": ""NY"", ""zip"": ""10016""}",No_Match,206
019ab40e-e7e6-7bf1-3601-e01d3911d7ec,"1700 Hermann Drive, Houston, Tx, 77004","{""id"": 0, ""street"": ""1700 HERMANN DRIVE"", ""city"": ""HOUSTON"", ""state"": ""TX"", ""zip"": ""77004""}",No_Match,206
019ab419-2aed-7e42-6448-a3a4ad7b08d0,"5500 Campanile Dr, San Diego, Ca, 92182","{""id"": 0, ""street"": ""5500 CAMPANILE DR"", ""city"": ""SAN DIEGO"", ""state"": ""CA"", ""zip"": ""92182""}",No_Match,205
019ab3ef-912a-7058-337e-0316d8963770,"101 Broad Street, Plattsburgh, Ny, 12901","{""id"": 0, ""street"": ""101 BROAD STREET"", ""city"": ""PLATTSBURGH"", ""state"": ""NY"", ""zip"": ""12901""}",No_Match,204
019ab3e8-fd2f-7cae-8fd8-61bc0937fc28,"5555 Hermann Park Dr, Houston, Tx, 77030","{""id"": 0, ""street"": ""5555 HERMANN PARK DR"", ""city"": ""HOUSTON"", ""state"": ""TX"", ""zip"": ""77030""}",No_Match,204
019ab3ff-2091-7f63-8007-82f9cc2b39d4,"5105 Kennett Pike, Winterthur, De, 19735","{""id"": 0, ""street"": ""5105 KENNETT PIKE"", ""city"": ""WINTERTHUR"", ""state"": ""DE"", ""zip"": ""19735""}",No_Match,204
019ab436-f125-7786-6c43-8cd88fe50fd8,"501 St Judes Pl, Memphis, Tn, 38105","{""id"": 0, ""street"": ""501 ST JUDES PL"", ""city"": ""MEMPHIS"", ""state"": ""TN"", ""zip"": ""38105""}",No_Match,204
019ab3ea-36d4-723f-29d0-039a3acaefa4,"C/O Jad Consulting Llc, New York, Ny, 10006","{""id"": 0, ""street"": ""C/O JAD CONSULTING LLC"", ""city"": ""NEW YORK"", ""state"": ""NY"", ""zip"": ""10006""}",No_Match,204
019ab3fd-dc15-787d-b504-51aa73bc6a90,"12301 Main Street, Houston, Tx, 77035","{""id"": 0, ""street"": ""12301 Main Street"", ""city"": ""Houston"", ""state"": ""TX"", ""zip"": ""77035""}",No_Match,204
019ab3f0-d97c-794a-bc4c-41cb603eec5c,"715 Broadway Street, Quantico, Va, 22134","{""id"": 0, ""street"": ""715 BROADWAY STREET"", ""city"": ""QUANTICO"", ""state"": ""VA"", ""zip"": ""22134""}",No_Match,203
019ab3e1-24a6-7fae-013d-1a93028d81a8,"475 Riverside Drive Suite 455, New York, Ny, 10115","{""id"": 0, ""street"": ""475 RIVERSIDE DRIVE SUITE 455"", ""city"": ""NEW YORK"", ""state"": ""NY"", ""zip"": ""10115""}",No_Match,202
019ab403-4c41-789f-ada0-56198477c534,"848 E Grand Ave Navy Pier, Chicago, Il, 60611","{""id"": 0, ""street"": ""848 E GRAND AVE NAVY PIER"", ""city"": ""CHICAGO"", ""state"": ""IL"", ""zip"": ""60611""}",No_Match,202
019ab3f0-b1c9-7bf1-08bd-5be1d99c3fd4,"2235 Millennium Way, Enola, Pa, 17025","{""id"": 0, ""street"": ""2235 MILLENNIUM WAY"", ""city"": ""ENOLA"", ""state"": ""PA"", ""zip"": ""17025""}",No_Match,202
019ab5e0-e01f-7299-4dd5-619835bb308c,"200 N Arthur Ashe Blvd, Richmond, Va, 23220","{""id"": 0, ""street"": ""200 N ARTHUR ASHE BLVD"", ""city"": ""RICHMOND"", ""state"": ""VA"", ""zip"": ""23220""}",No_Match,202
019ab40c-aaa2-77b0-cdb9-c7849f3845e4,"515 Loudon Rd, Loudonville, Ny, 12211","{""id"": 0, ""street"": ""515 LOUDON RD"", ""city"": ""LOUDONVILLE"", ""state"": ""NY"", ""zip"": ""12211""}",No_Match,202
019ab437-1308-74ff-73f9-b19c7d7269c8,"1513 Cambridge Street, Houston, Tx, 77030","{""id"": 0, ""street"": ""1513 CAMBRIDGE STREET"", ""city"": ""HOUSTON"", ""state"": ""TX"", ""zip"": ""77030""}",No_Match,201
019ab5e0-fbca-798f-2498-6b155a2015b0,"177 Holston Drive, Lancaster, Ca, 93535","{""id"": 0, ""street"": ""177 HOLSTON DRIVE"", ""city"": ""LANCASTER"", ""state"": ""CA"", ""zip"": ""93535""}",No_Match,200
019ab3fe-f257-7aa3-28a5-08b5dd234bfc,"260 Wall St, Eatontown, Nj, 07724","{""id"": 0, ""street"": ""260 WALL ST"", ""city"": ""EATONTOWN"", ""state"": ""NJ"", ""zip"": ""07724""}",No_Match,200
019ab3f1-f25f-70ac-7bb6-13cd9492c6c0,"898 Woodberry Forest Road, Woodberry Forest, Va, 22989","{""id"": 0, ""street"": ""898 Woodberry Forest Road"", ""city"": ""Woodberry Forest"", ""state"": ""VA"", ""zip"": ""22989""}",No_Match,200
019ab3df-d288-7cca-ba68-2ea6c3a7d640,"2300 Steele St, Denver, Co, 80205","{""id"": 0, ""street"": ""2300 STEELE ST"", ""city"": ""DENVER"", ""state"": ""CO"", ""zip"": ""80205""}",No_Match,200
019ab745-47eb-75c3-ce0f-cfede9281f90,"1 Glen Bell Way, Irvine, Ca, 92618","{""id"": 0, ""street"": ""1 GLEN BELL WAY"", ""city"": ""IRVINE"", ""state"": ""CA"", ""zip"": ""92618""}",No_Match,200
019ab3f0-8a08-7099-f0d6-ca94f9c97e24,"112 Shields Bldg, University Park, Pa, 16802","{""id"": 0, ""street"": ""112 SHIELDS BLDG"", ""city"": ""UNIVERSITY PARK"", ""state"": ""PA"", ""zip"": ""16802""}",No_Match,198
019ab419-26f0-7e3b-d882-f3d070b7ffa0,"700 Arch Street, Pittsburgh, Pa, 15212","{""id"": 0, ""street"": ""700 ARCH STREET"", ""city"": ""PITTSBURGH"", ""state"": ""PA"", ""zip"": ""15212""}",No_Match,198
019ab3e3-b241-7b2d-20a1-915fbe0fab6c,"100 Wvia Way, Pittston, Pa, 18640","{""id"": 0, ""street"": ""100 WVIA WAY"", ""city"": ""PITTSTON"", ""state"": ""PA"", ""zip"": ""18640""}",No_Match,198
019ab3e1-60ab-7513-e1b3-c26058c7916c,"1725 Eye Street Nw Suite 510, Washington, Dc, 20006","{""id"": 0, ""street"": ""1725 EYE STREET NW SUITE 510"", ""city"": ""WASHINGTON"", ""state"": ""DC"", ""zip"": ""20006""}",No_Match,198
019ab3e4-6710-75e3-5689-847103079e68,"6425 Boaz Lane, Dallas, Tx, 75205","{""id"": 0, ""street"": ""6425 BOAZ LANE"", ""city"": ""DALLAS"", ""state"": ""TX"", ""zip"": ""75205""}",No_Match,198
019ab419-30bb-7335-139e-f806a0305d08,"University Park Campus, Los Angeles, Ca, 90089","{""id"": 0, ""street"": ""UNIVERSITY PARK CAMPUS"", ""city"": ""LOS ANGELES"", ""state"": ""CA"", ""zip"": ""90089""}",No_Match,198
019ab403-c5a6-7bbc-4d66-aa7d0bc525a4,"535 Chestnut Rd Rm 300, East Lansing, Mi, 48824","{""id"": 0, ""street"": ""535 CHESTNUT RD RM 300"", ""city"": ""EAST LANSING"", ""state"": ""MI"", ""zip"": ""48824""}",No_Match,198
019ab402-b61a-7e72-8cea-bdc4a015cf64,"3700 Grand Ave, Des Moines, Ia, 50312","{""id"": 0, ""street"": ""3700 GRAND AVE"", ""city"": ""DES MOINES"", ""state"": ""IA"", ""zip"": ""50312""}",No_Match,197
019ab3f9-3397-7be2-7ce1-7e2d8f7e5dbc,"10586 W Pico Blvd 196, Los Angeles, Ca, 90064","{""id"": 0, ""street"": ""10586 W PICO BLVD 196"", ""city"": ""LOS ANGELES"", ""state"": ""CA"", ""zip"": ""90064""}",No_Match,196
019ab437-14e4-77b7-1ed0-b52d339884ac,"347 Don Shula Dr, Miami Gardens, Fl, 33056","{""id"": 0, ""street"": ""347 DON SHULA DR"", ""city"": ""MIAMI GARDENS"", ""state"": ""FL"", ""zip"": ""33056""}",No_Match,196
019ab436-f5cf-785d-6f54-952400a52954,"42 W Warren Ave, Detroit, Mi, 48202","{""id"": 0, ""street"": ""42 W WARREN AVE"", ""city"": ""DETROIT"", ""state"": ""MI"", ""zip"": ""48202""}",No_Match,194
019ab707-1016-74be-74fe-5b61e11c3a98,"One Waterfront Place - 7Th Floor, Morgantown, Wv, 26507","{""id"": 0, ""street"": ""ONE WATERFRONT PLACE - 7TH FLOOR"", ""city"": ""MORGANTOWN"", ""state"": ""WV"", ""zip"": ""26507""}",No_Match,194
019ab3e5-3f26-7afb-2d39-618503f62410,"1 Ford Place 5A, Detroit, Mi, 48202","{""id"": 0, ""street"": ""1 FORD PLACE 5A"", ""city"": ""DETROIT"", ""state"": ""MI"", ""zip"": ""48202""}",No_Match,194
019ab406-0cb0-7a46-1352-3ac362f92830,"10 Brookline Pl West 6Th Fl, Brookline, Ma, 02445","{""id"": 0, ""street"": ""10 BROOKLINE PL WEST 6TH FL"", ""city"": ""BROOKLINE"", ""state"": ""MA"", ""zip"": ""02445""}",No_Match,194
019ab7c7-34ec-77ea-edd0-9d052ca39f68,"116Th St Broadway, New York, Ny, 10027","{""id"": 0, ""street"": ""116th St Broadway"", ""city"": ""New York"", ""state"": ""NY"", ""zip"": ""10027""}",No_Match,192
019ab3f8-847d-7a80-18e8-f9f4adc7d57c,"1 Utsa Circle, San Antonio, Tx, 78249","{""id"": 0, ""street"": ""1 UTSA CIRCLE"", ""city"": ""SAN ANTONIO"", ""state"": ""TX"", ""zip"": ""78249""}",No_Match,192
019ab3e2-18c7-79e7-02d1-d65029670b9c,"101 North Merion Avenue, Bryn Mawr, Pa, 19010","{""id"": 0, ""street"": ""101 NORTH MERION AVENUE"", ""city"": ""BRYN MAWR"", ""state"": ""PA"", ""zip"": ""19010""}",No_Match,192
019ab3e8-aeeb-741d-f9a6-68b8d9d65944,"1001 East Indiantown Road, Jupiter, Fl, 33477","{""id"": 0, ""street"": ""1001 EAST INDIANTOWN ROAD"", ""city"": ""JUPITER"", ""state"": ""FL"", ""zip"": ""33477""}",No_Match,192
019ab436-fc9b-7bc4-cbf2-3d79c973fa7c,"100 Capital Street, Jupiter, Fl, 33458","{""id"": 0, ""street"": ""100 CAPITAL STREET"", ""city"": ""JUPITER"", ""state"": ""FL"", ""zip"": ""33458""}",No_Match,192
019ab3ff-f4f4-7739-8dad-a78383596a00,"1 Aerospace Blvd, Daytona Beach, Fl, 32114","{""id"": 0, ""street"": ""1 AEROSPACE BLVD"", ""city"": ""DAYTONA BEACH"", ""state"": ""FL"", ""zip"": ""32114""}",No_Match,190
019ab79d-efef-736f-fa0e-b9587698139c,"Unavailable, Bradford, Pa, 16701","{""id"": 0, ""street"": ""UNAVAILABLE"", ""city"": ""BRADFORD"", ""state"": ""PA"", ""zip"": ""16701""}",No_Match,190
019ab3e1-b6d3-745d-b7eb-11136833fc98,"1980 Sports Club Drive, Braselton, Ga, 30517","{""id"": 0, ""street"": ""1980 SPORTS CLUB DRIVE"", ""city"": ""BRASELTON"", ""state"": ""GA"", ""zip"": ""30517""}",No_Match,190
019ab79d-f2be-7cd3-6edd-401d815355e4,"New Lexington, New Lexington, Oh, 43764","{""id"": 0, ""street"": ""NEW LEXINGTON"", ""city"": ""NEW LEXINGTON"", ""state"": ""OH"", ""zip"": ""43764""}",No_Match,190
019ab3fd-5b72-7df9-8847-f4c5c4dd9e38,"1946 Wcr 53, Keenesburg, Co, 80643","{""id"": 0, ""street"": ""1946 WCR 53"", ""city"": ""KEENESBURG"", ""state"": ""CO"", ""zip"": ""80643""}",No_Match,190
019ab3f3-c8ba-758f-6523-49ef30c81884,"402 Woodberry Station, Woodberry Forest, Va, 22989","{""id"": 0, ""street"": ""402 WOODBERRY STATION"", ""city"": ""WOODBERRY FOREST"", ""state"": ""VA"", ""zip"": ""22989""}",No_Match,190
019ab77f-df8d-7f99-3393-0dfe17aa84c0,"8508-123 Park Rd, Charlotte, Nc, 28210","{""id"": 0, ""street"": ""8508-123 PARK RD"", ""city"": ""CHARLOTTE"", ""state"": ""NC"", ""zip"": ""28210""}",No_Match,190
019ab3f2-428e-749c-7bd4-3bd54425a1e8,"101 N College Ave, Annville, Pa, 17003","{""id"": 0, ""street"": ""101 N COLLEGE AVE"", ""city"": ""ANNVILLE"", ""state"": ""PA"", ""zip"": ""17003""}",No_Match,190
019ab3fd-f3cc-7ede-fc34-cbcc7ef9aecc,"12502 Usf Pine Drive, Tampa, Fl, 33612","{""id"": 0, ""street"": ""12502 USF PINE DRIVE"", ""city"": ""TAMPA"", ""state"": ""FL"", ""zip"": ""33612""}",No_Match,190
019ab5e0-f802-75ca-540e-16c9acd9b59c,"1110 St Lukes Way, Allentown, Pa, 18109","{""id"": 0, ""street"": ""1110 ST LUKES WAY"", ""city"": ""ALLENTOWN"", ""state"": ""PA"", ""zip"": ""18109""}",No_Match,189
019ab40e-ee14-7497-70a4-24fae47d9dc0,"3 Nrg Park, Houston, Tx, 77054","{""id"": 0, ""street"": ""3 NRG PARK"", ""city"": ""HOUSTON"", ""state"": ""TX"", ""zip"": ""77054""}",No_Match,189
019ab707-061a-7675-cecf-6324f84c42ec,"22157 Network Place, Chicago, Il, 60673","{""id"": 0, ""street"": ""22157 NETWORK PLACE"", ""city"": ""CHICAGO"", ""state"": ""IL"", ""zip"": ""60673""}",No_Match,188
019ab3f5-3c70-7a23-df63-c8e19483fe24,"2500 Main St, Lawrenceville, Nj, 08648","{""id"": 0, ""street"": ""2500 MAIN ST"", ""city"": ""LAWRENCEVILLE"", ""state"": ""NJ"", ""zip"": ""08648""}",No_Match,188
019ab40a-6359-7725-6039-4ff628d44588,"205 Regency Executive Park Drive, Charlotte, Nc, 28217","{""id"": 0, ""street"": ""205 REGENCY EXECUTIVE PARK DRIVE"", ""city"": ""CHARLOTTE"", ""state"": ""NC"", ""zip"": ""28217""}",No_Match,188
019ab3e5-7518-7e92-bc70-0aa9f06258c8,"500 Victory Road, Quincy, Ma, 02171","{""id"": 0, ""street"": ""500 VICTORY ROAD"", ""city"": ""QUINCY"", ""state"": ""MA"", ""zip"": ""02171""}",No_Match,187
019ab436-f319-79ad-56a1-41d4e8ad901c,"Auburn University, Auburn, Al, 36849","{""id"": 0, ""street"": ""AUBURN UNIVERSITY"", ""city"": ""Auburn"", ""state"": ""AL"", ""zip"": ""36849""}",No_Match,187
019ab3ec-308d-753e-f5a5-53b7fe0e1a58,"1 Novacare Way, Philadelphia, Pa, 19145","{""id"": 0, ""street"": ""1 NOVACARE WAY"", ""city"": ""PHILADELPHIA"", ""state"": ""PA"", ""zip"": ""19145""}",No_Match,187
019ab717-8fdf-7bef-c22d-62bcf1b25180,"Office For Sponsored Programs 1033, Cambridge, Ma, 02138","{""id"": 0, ""street"": ""OFFICE FOR SPONSORED PROGRAMS 1033"", ""city"": ""CAMBRIDGE"", ""state"": ""MA"", ""zip"": ""02138""}",No_Match,186
019ab413-015c-741b-7d37-a223665638b4,"1201 15Th St Nw 8Th Floor, Washington, Dc, 20005","{""id"": 0, ""street"": ""1201 15TH ST NW 8TH FLOOR"", ""city"": ""WASHINGTON"", ""state"": ""DC"", ""zip"": ""20005""}",No_Match,186
019ab3ec-4820-78d1-5b44-0cd7b66c0ad8,"901 Nj-10, Whippany, Nj, 07981","{""id"": 0, ""street"": ""901 NJ-10"", ""city"": ""WHIPPANY"", ""state"": ""NJ"", ""zip"": ""07981""}",No_Match,186
019ab419-2c51-7316-1253-956f29be25e0,"1201 15Th Street Nw, Washington, Dc, 20005","{""id"": 0, ""street"": ""1201 15TH STREET NW"", ""city"": ""WASHINGTON"", ""state"": ""DC"", ""zip"": ""20005""}",No_Match,186
019ab3ee-8894-795f-c5ea-6553b7acdb2c,"2303 College Ave, Huntington, In, 46750","{""id"": 0, ""street"": ""2303 COLLEGE AVE"", ""city"": ""HUNTINGTON"", ""state"": ""IN"", ""zip"": ""46750""}",No_Match,186
019ab419-27df-7047-090a-bb185fc2ee30,"201 Fort Mason, San Francisco, Ca, 94123","{""id"": 0, ""street"": ""201 FORT MASON"", ""city"": ""SAN FRANCISCO"", ""state"": ""CA"", ""zip"": ""94123""}",No_Match,186
019ab40f-870e-7961-9138-e9a54941430c,"1590 Old Main Hill, Logan, Ut, 84322","{""id"": 0, ""street"": ""1590 OLD MAIN HILL"", ""city"": ""LOGAN"", ""state"": ""UT"", ""zip"": ""84322""}",No_Match,186
019ab436-ef6c-7e8b-f2e7-6bc7cb6aaf60,"C/O The Organization, Rochester, Ny, 14625","{""id"": 0, ""street"": ""C/O the Organization"", ""city"": ""Rochester"", ""state"": ""NY"", ""zip"": ""14625""}",No_Match,185
019ab419-2395-7b18-91b0-bee6b2c6b724,"200 E Homer Adams Parkway, Alton, Il, 62002","{""id"": 0, ""street"": ""200 E HOMER ADAMS PARKWAY"", ""city"": ""ALTON"", ""state"": ""IL"", ""zip"": ""62002""}",No_Match,185
019ab70d-4332-79cf-23c7-63a5bb506e74,"Available At The Office, Houston, Tx, 77079","{""id"": 0, ""street"": ""AVAILABLE AT THE OFFICE"", ""city"": ""HOUSTON"", ""state"": ""TX"", ""zip"": ""77079""}",No_Match,184
019ab5e0-e62e-7114-ccc9-040a860a747c,"400 Winding Creek Blvd, Mechanicsburg, Pa, 17050","{""id"": 0, ""street"": ""400 WINDING CREEK BLVD"", ""city"": ""MECHANICSBURG"", ""state"": ""PA"", ""zip"": ""17050""}",No_Match,184
019ab3ed-c94e-7271-e36b-3301eb920840,"300 N Washington Street, Gettysburg, Pa, 17325","{""id"": 0, ""street"": ""300 N WASHINGTON STREET"", ""city"": ""GETTYSBURG"", ""state"": ""PA"", ""zip"": ""17325""}",No_Match,184
019ab436-f764-7d01-622b-51ebd499b9a4,"One Shields Ave, Davis, Ca, 95616","{""id"": 0, ""street"": ""ONE SHIELDS AVE"", ""city"": ""DAVIS"", ""state"": ""CA"", ""zip"": ""95616""}",No_Match,184
019ab3f4-eff2-77ba-846a-e6416b3cd9bc,"307 Markle Hall, Easton, Pa, 18042","{""id"": 0, ""street"": ""307 MARKLE HALL"", ""city"": ""EASTON"", ""state"": ""PA"", ""zip"": ""18042""}",No_Match,184
019ab5e1-04fb-7f0f-e8cd-c0ace42868b4,"Dept Of Music Harvard University, Cambridge, Ma, 02138","{""id"": 0, ""street"": ""DEPT OF MUSIC HARVARD UNIVERSITY"", ""city"": ""CAMBRIDGE"", ""state"": ""MA"", ""zip"": ""02138""}",No_Match,184
019ab419-202c-7c76-cc6b-a8b097fc12a0,"370 Zoo Parkway, Jacksonville, Fl, 32218","{""id"": 0, ""street"": ""370 ZOO PARKWAY"", ""city"": ""JACKSONVILLE"", ""state"": ""FL"", ""zip"": ""32218""}",No_Match,184
019ab3e4-f8c5-7cf8-c7a6-f9f3c3d24900,"4500 S Cockrell Hill Rd, Dallas, Tx, 75236","{""id"": 0, ""street"": ""4500 S COCKRELL HILL RD"", ""city"": ""DALLAS"", ""state"": ""TX"", ""zip"": ""75236""}",No_Match,184
019ab5e0-f6df-78db-e4d0-3b25d248c3cc,"180 E Pearson Street 5304, Chicago, Il, 60611","{""id"": 0, ""street"": ""180 E PEARSON STREET 5304"", ""city"": ""CHICAGO"", ""state"": ""IL"", ""zip"": ""60611""}",No_Match,182
019ab436-f318-7b47-9c4b-5fc022da43e4,"1900 Benjamin Franklin Parkway, Philadelphia, Pa, 19103","{""id"": 0, ""street"": ""1900 BENJAMIN FRANKLIN PARKWAY"", ""city"": ""PHILADELPHIA"", ""state"": ""PA"", ""zip"": ""19103""}",No_Match,182
019ab701-d052-7951-2da9-4001236002b4,"C/O Crestlea Foundation 100 West, Wilmington, De, 19801","{""id"": 0, ""street"": ""C/O CRESTLEA FOUNDATION 100 WEST"", ""city"": ""WILMINGTON"", ""state"": ""DE"", ""zip"": ""19801""}",No_Match,182
019ab3ec-d994-77ef-a433-79d18e548310,"2301 N Central Ave, Phoenix, Az, 85004","{""id"": 0, ""street"": ""2301 N CENTRAL AVE"", ""city"": ""PHOENIX"", ""state"": ""AZ"", ""zip"": ""85004""}",No_Match,182
019ab3ea-dcb0-7526-70c9-0e5bad60993c,"1500 University Drive, Billings, Mt, 59101","{""id"": 0, ""street"": ""1500 UNIVERSITY DRIVE"", ""city"": ""BILLINGS"", ""state"": ""MT"", ""zip"": ""59101""}",No_Match,182
019ab3e5-160e-70b7-29b5-e8d2f54472bc,"Texas Am University, College Station, Tx, 77843","{""id"": 0, ""street"": ""TEXAS AM UNIVERSITY"", ""city"": ""COLLEGE STATION"", ""state"": ""TX"", ""zip"": ""77843""}",No_Match,182
019ab707-0749-7d30-b12e-5711dc5f9648,"East High School, Rochester, Ny, 14609","{""id"": 0, ""street"": ""EAST HIGH SCHOOL"", ""city"": ""ROCHESTER"", ""state"": ""NY"", ""zip"": ""14609""}",No_Match,182
019ab3ef-8d4c-71da-a5aa-8e410d8b74a8,"2400 Chew Street, Allentown, Pa, 18104","{""id"": 0, ""street"": ""2400 Chew Street"", ""city"": ""Allentown"", ""state"": ""PA"", ""zip"": ""18104""}",No_Match,182
019ab40c-933f-738c-fdbf-427105a62d40,"101 Broad St, Plattsburgh, Ny, 12901","{""id"": 0, ""street"": ""101 BROAD ST"", ""city"": ""PLATTSBURGH"", ""state"": ""NY"", ""zip"": ""12901""}",No_Match,182
019ab419-2202-74d0-2d22-0279fa37ea84,"1 Harvard Circle 100, West Palm Beach, Fl, 33409","{""id"": 0, ""street"": ""1 HARVARD CIRCLE 100"", ""city"": ""WEST PALM BEACH"", ""state"": ""FL"", ""zip"": ""33409""}",No_Match,182
019ab3f7-cde2-794a-bf77-706de2acfb38,"9601 Baptist Health Drive, Little Rock, Ar, 72205","{""id"": 0, ""street"": ""9601 BAPTIST HEALTH DRIVE"", ""city"": ""LITTLE ROCK"", ""state"": ""AR"", ""zip"": ""72205""}",No_Match,181
019ab409-c30b-7158-b1b6-465322bef0e0,"3901 Martha Truman Road, Kansas City, Mo, 64137","{""id"": 0, ""street"": ""3901 MARTHA TRUMAN ROAD"", ""city"": ""KANSAS CITY"", ""state"": ""MO"", ""zip"": ""64137""}",No_Match,181
019ab40c-e7c0-72f5-953d-cc918ac18308,"2 Rescue Road, High Falls, Ny, 12440","{""id"": 0, ""street"": ""2 RESCUE ROAD"", ""city"": ""HIGH FALLS"", ""state"": ""NY"", ""zip"": ""12440""}",No_Match,180
019ab701-cf8f-7baa-1e7c-b1b32c736684,"24700 Mcbean Parkway, Valencia, Ca, 91355","{""id"": 0, ""street"": ""24700 MCBEAN PARKWAY"", ""city"": ""VALENCIA"", ""state"": ""CA"", ""zip"": ""91355""}",No_Match,180
019ab3f9-6971-7212-5383-644efacc6d14,"1000 Holt Ave, Winter Park, Fl, 32789","{""id"": 0, ""street"": ""1000 HOLT AVE"", ""city"": ""WINTER PARK"", ""state"": ""FL"", ""zip"": ""32789""}",No_Match,180
019ab437-03c0-7249-a26f-776f98241ab4,"3300 Golf Rd, Brookfield, Il, 60513","{""id"": 0, ""street"": ""3300 GOLF RD"", ""city"": ""BROOKFIELD"", ""state"": ""IL"", ""zip"": ""60513""}",No_Match,180
019ab3e7-7bae-7c76-87c8-895c4523d0f4,"400 Ves Road, Lynchburg, Va, 24503","{""id"": 0, ""street"": ""400 VES ROAD"", ""city"": ""LYNCHBURG"", ""state"": ""VA"", ""zip"": ""24503""}",No_Match,180
019ab3e9-4c75-7d0e-61f1-13976c9cc00c,"60 Surrey Way, Devon, Pa, 19333","{""id"": 0, ""street"": ""60 SURREY WAY"", ""city"": ""DEVON"", ""state"": ""PA"", ""zip"": ""19333""}",No_Match,180
019ab5e1-1101-7ae7-3b93-6c2770c7aed8,"1350 Ave Of The Americasfl2Ste266, New York, Ny, 10019","{""id"": 0, ""street"": ""1350 AVE OF THE AMERICASFL2STE266"", ""city"": ""NEW YORK"", ""state"": ""NY"", ""zip"": ""10019""}",No_Match,179
019ab5e1-0308-71db-7ffa-f2913758b8c0,"2550 University Ave W Rm/Ste 330N, St Paul, Mn, 55114","{""id"": 0, ""street"": ""2550 UNIVERSITY AVE W RM/STE 330N"", ""city"": ""ST PAUL"", ""state"": ""MN"", ""zip"": ""55114""}",No_Match,179
019ab436-ecb7-76bf-b5c6-55104cc418e8,"5 Ppg Place Suite 250, Pittsburgh, Pa, 15222","{""id"": 0, ""street"": ""5 PPG PLACE SUITE 250"", ""city"": ""PITTSBURGH"", ""state"": ""PA"", ""zip"": ""15222""}",No_Match,178
019ab419-2615-724e-d8ef-1195d9176e50,"512 West Township Line Road, Plymouth Meeting, Pa, 19462","{""id"": 0, ""street"": ""512 WEST TOWNSHIP LINE ROAD"", ""city"": ""PLYMOUTH MEETING"", ""state"": ""PA"", ""zip"": ""19462""}",No_Match,178
019ab436-f1e3-7298-05c8-fbde8e2f4d04,"100 Legends Way, Boston, Ma, 02114","{""id"": 0, ""street"": ""100 LEGENDS WAY"", ""city"": ""BOSTON"", ""state"": ""MA"", ""zip"": ""02114""}",No_Match,178
019ab409-5c31-7c29-ab24-aeea7cbf8550,"1600 Grand Ave, St Paul, Mn, 55105","{""id"": 0, ""street"": ""1600 GRAND AVE"", ""city"": ""ST PAUL"", ""state"": ""MN"", ""zip"": ""55105""}",No_Match,178
019ab3e4-f408-7f90-e836-9785a8b12a74,"3901 Martha Truman Rd, Kansas City, Mo, 64137","{""id"": 0, ""street"": ""3901 MARTHA TRUMAN RD"", ""city"": ""KANSAS CITY"", ""state"": ""MO"", ""zip"": ""64137""}",No_Match,178
019ab3ea-c382-783f-a576-ed0398b828d8,"15200 Kutztown Rd, Kutztown, Pa, 19530","{""id"": 0, ""street"": ""15200 KUTZTOWN RD"", ""city"": ""KUTZTOWN"", ""state"": ""PA"", ""zip"": ""19530""}",No_Match,178
019ab3eb-0a07-7db8-57e5-60b3683387d8,"1 Alpha Dr, Elizabethtown, Pa, 17022","{""id"": 0, ""street"": ""1 ALPHA DR"", ""city"": ""ELIZABETHTOWN"", ""state"": ""PA"", ""zip"": ""17022""}",No_Match,178
019ab40f-7012-7fdf-1c00-41d47cdec6f8,"1155 Union Circle 311250, Denton, Tx, 76203","{""id"": 0, ""street"": ""1155 UNION CIRCLE 311250"", ""city"": ""DENTON"", ""state"": ""TX"", ""zip"": ""76203""}",No_Match,177
019ab3fd-85df-76c3-c5b9-c9e597240edc,"1 Theatre Drive, St Louis, Mo, 63112","{""id"": 0, ""street"": ""1 THEATRE DRIVE"", ""city"": ""ST LOUIS"", ""state"": ""MO"", ""zip"": ""63112""}",No_Match,177
019ab40c-af39-77e8-c883-cfd4378a7b0c,"590 North State Road, Briarcliff Manor, Ny, 10510","{""id"": 0, ""street"": ""590 NORTH STATE ROAD"", ""city"": ""BRIARCLIFF MANOR"", ""state"": ""NY"", ""zip"": ""10510""}",No_Match,176
019ab404-2a9d-7473-abd9-f8935b071fc0,"Farmers Merchants Trust Co Po B, Chambersburg, Pa, 17201","{""id"": 0, ""street"": ""FARMERS MERCHANTS TRUST CO PO B"", ""city"": ""CHAMBERSBURG"", ""state"": ""PA"", ""zip"": ""17201""}",No_Match,176
019ab3f0-fa3f-7126-8b40-7cca2c4f5508,"8000 Utopia Parkway, Jamaica, Ny, 11439","{""id"": 0, ""street"": ""8000 UTOPIA PARKWAY"", ""city"": ""JAMAICA"", ""state"": ""NY"", ""zip"": ""11439""}",No_Match,176
019ab3e2-dc3b-7267-1dab-77e3db1cb57c,"1275 Mamaroneck Ave, White Plains, Ny, 10605","{""id"": 0, ""street"": ""1275 MAMARONECK AVE"", ""city"": ""WHITE PLAINS"", ""state"": ""NY"", ""zip"": ""10605""}",No_Match,176
019ab3f5-356d-7ae4-cbff-7ca4b183b44c,"20 Gilsland Farm Road, Falmouth, Me, 04105","{""id"": 0, ""street"": ""20 GILSLAND FARM ROAD"", ""city"": ""FALMOUTH"", ""state"": ""ME"", ""zip"": ""04105""}",No_Match,176
019ab714-39f3-73aa-3691-aefae40ae6b4,"453 John Lewis Freedom Parkway Ne, Atlanta, Ga, 30307","{""id"": 0, ""street"": ""453 JOHN LEWIS FREEDOM PARKWAY NE"", ""city"": ""ATLANTA"", ""state"": ""GA"", ""zip"": ""30307""}",No_Match,176
019ab3ea-4597-72c9-8d0e-945a6017248c,"7575 North Picnic Lane, Houston, Tx, 77007","{""id"": 0, ""street"": ""7575 NORTH PICNIC LANE"", ""city"": ""HOUSTON"", ""state"": ""TX"", ""zip"": ""77007""}",No_Match,175
019ab3f9-2972-742f-ec5f-a8ba3b7ba1e8,"127 University Avenue, Berkeley, Ca, 94710","{""id"": 0, ""street"": ""127 UNIVERSITY AVENUE"", ""city"": ""BERKELEY"", ""state"": ""CA"", ""zip"": ""94710""}",No_Match,175
019ab3e8-5f30-763b-cbd2-66705014e070,"800 E Lancaster Avenue, Villanova, Pa, 19085","{""id"": 0, ""street"": ""800 E Lancaster Avenue"", ""city"": ""Villanova"", ""state"": ""PA"", ""zip"": ""19085""}",No_Match,175
019ab436-f319-70b1-2547-ece7c9e3e108,"3601 Pacific Avenue, Stockton, Ca, 95211","{""id"": 0, ""street"": ""3601 PACIFIC AVENUE"", ""city"": ""STOCKTON"", ""state"": ""CA"", ""zip"": ""95211""}",No_Match,175
019ab3e0-21de-7517-1d05-35d411b34260,"1 Nassau Hall, Princeton, Nj, 08544","{""id"": 0, ""street"": ""1 NASSAU HALL"", ""city"": ""PRINCETON"", ""state"": ""NJ"", ""zip"": ""08544""}",No_Match,174
019ab7ca-97f0-769d-286e-8304279e75cc,"1100 Rockhurst Road, Kansas City, Mo, 64110","{""id"": 0, ""street"": ""1100 ROCKHURST ROAD"", ""city"": ""KANSAS CITY"", ""state"": ""MO"", ""zip"": ""64110""}",No_Match,174
019ab5e0-eb6b-77a4-0c11-f457e70e7fec,"158-11 Harry Van Arsdale Jr Avenue, Flushing, Ny, 11365","{""id"": 0, ""street"": ""158-11 HARRY VAN ARSDALE JR AVENUE"", ""city"": ""FLUSHING"", ""state"": ""NY"", ""zip"": ""11365""}",No_Match,174
019ab436-f3a5-7a4c-7f64-cb5cca4454e4,"5200 Bayou Blvd, Pensacola, Fl, 32503","{""id"": 0, ""street"": ""5200 BAYOU BLVD"", ""city"": ""PENSACOLA"", ""state"": ""FL"", ""zip"": ""32503""}",No_Match,174
019ab400-22bf-743b-b0f1-4123029e7448,"University Of California, Santa Barbara, Ca, 93106","{""id"": 0, ""street"": ""UNIVERSITY OF CALIFORNIA"", ""city"": ""SANTA BARBARA"", ""state"": ""CA"", ""zip"": ""93106""}",No_Match,174
019ab3e3-9641-7023-ab74-5be2d75c316c,"1200 S Franklin St, Mt Pleasant, Mi, 48859","{""id"": 0, ""street"": ""1200 S FRANKLIN ST"", ""city"": ""MT PLEASANT"", ""state"": ""MI"", ""zip"": ""48859""}",No_Match,174
019ab407-2dd8-7ebb-b3c0-71fe5a3802fc,"134 Hicks Way Memorial Hall, Amherst, Ma, 01003","{""id"": 0, ""street"": ""134 HICKS WAY MEMORIAL HALL"", ""city"": ""AMHERST"", ""state"": ""MA"", ""zip"": ""01003""}",No_Match,174
019ab3eb-1c85-72be-8557-82bbe09c3ef8,"19001 Huebner Rd, San Antonio, Tx, 78258","{""id"": 0, ""street"": ""19001 HUEBNER RD"", ""city"": ""SAN ANTONIO"", ""state"": ""TX"", ""zip"": ""78258""}",No_Match,174
019ab3ea-4426-7a0d-616e-afc447809538,"10600 Preston Rd, Dallas, Tx, 75230","{""id"": 0, ""street"": ""10600 PRESTON RD"", ""city"": ""DALLAS"", ""state"": ""TX"", ""zip"": ""75230""}",No_Match,174
019ab407-660d-7636-d73e-8cf0e2694388,"515 Post Oak Blvd 1000, Houston, Tx, 77027","{""id"": 0, ""street"": ""515 POST OAK BLVD 1000"", ""city"": ""HOUSTON"", ""state"": ""TX"", ""zip"": ""77027""}",No_Match,174
019ab3f7-3fd7-7377-0b1f-4b0a3cb53ea0,"26901 Beaumont Blvd, Southfield, Mi, 48033","{""id"": 0, ""street"": ""26901 BEAUMONT BLVD"", ""city"": ""SOUTHFIELD"", ""state"": ""MI"", ""zip"": ""48033""}",No_Match,173
019ab3e1-eafb-7b87-dfab-e11d9d92b7b0,"100 College Drive, Allentown, Pa, 18104","{""id"": 0, ""street"": ""100 COLLEGE DRIVE"", ""city"": ""ALLENTOWN"", ""state"": ""PA"", ""zip"": ""18104""}",No_Match,173
019ab3e9-1763-74da-f2d6-2e9c395c4780,"251 Little Falls Drive, Wilmington, De, 19808","{""id"": 0, ""street"": ""251 LITTLE FALLS DRIVE"", ""city"": ""WILMINGTON"", ""state"": ""DE"", ""zip"": ""19808""}",No_Match,173
019ab419-2174-7afa-06af-9973b4b2aff0,"11 Jesse Hall, Columbia, Mo, 65211","{""id"": 0, ""street"": ""11 JESSE HALL"", ""city"": ""COLUMBIA"", ""state"": ""MO"", ""zip"": ""65211""}",No_Match,172
019ab701-d2c7-76b5-200a-538ffcff0aa8,"1225 Eye Street Nw Suite 1000, Washington, Dc, 20005","{""id"": 0, ""street"": ""1225 EYE STREET NW SUITE 1000"", ""city"": ""WASHINGTON"", ""state"": ""DC"", ""zip"": ""20005""}",No_Match,172
019ab404-57e0-757e-ee8e-f08030ac78d4,"260 Wall Street, Eatontown, Nj, 07724","{""id"": 0, ""street"": ""260 WALL STREET"", ""city"": ""EATONTOWN"", ""state"": ""NJ"", ""zip"": ""07724""}",No_Match,172
019ab3fb-9496-750b-de66-776792046cac,"Cpo 2216, Berea, Ky, 40404","{""id"": 0, ""street"": ""CPO 2216"", ""city"": ""BEREA"", ""state"": ""KY"", ""zip"": ""40404""}",No_Match,172
019ab3ff-e525-7401-f22e-8a5f8ad32a68,"8 Clarkson Ave, Potsdam, Ny, 13699","{""id"": 0, ""street"": ""8 CLARKSON AVE"", ""city"": ""POTSDAM"", ""state"": ""NY"", ""zip"": ""13699""}",No_Match,172
019ab419-22a2-7741-8ec4-07237c781e20,"8000 Utopia Pkwy, Jamaica, Ny, 11439","{""id"": 0, ""street"": ""8000 UTOPIA PKWY"", ""city"": ""JAMAICA"", ""state"": ""NY"", ""zip"": ""11439""}",No_Match,172
019ab437-0045-7c7b-e786-385443593774,"75 Grasslands Road, Valhalla, Ny, 10595","{""id"": 0, ""street"": ""75 GRASSLANDS ROAD"", ""city"": ""VALHALLA"", ""state"": ""NY"", ""zip"": ""10595""}",No_Match,172
019ab3f5-b985-7bf5-9006-9f72159794d8,"2232 Lincoln Blvd, Venice, Ca, 90291","{""id"": 0, ""street"": ""2232 LINCOLN BLVD"", ""city"": ""VENICE"", ""state"": ""CA"", ""zip"": ""90291""}",No_Match,171
019ab7a5-b94e-7898-ceb7-d8a303f9e8c0,"C/O Robins Foundation 10 South 3Rd, Richmond, Va, 23219","{""id"": 0, ""street"": ""C/O ROBINS FOUNDATION 10 SOUTH 3RD"", ""city"": ""RICHMOND"", ""state"": ""VA"", ""zip"": ""23219""}",No_Match,170
019ab7ea-2209-74b0-c42f-8f36af746818,"C/O Helene Kornstein 5 Lupine Court, New City, Ny, 10956","{""id"": 0, ""street"": ""C/O HELENE KORNSTEIN 5 LUPINE COURT"", ""city"": ""NEW CITY"", ""state"": ""NY"", ""zip"": ""10956""}",No_Match,170
019ab7a3-b0a9-73f1-a840-feb61c4bedc0,"C/O George Coleman Foundation 1747, Washington, Dc, 20006","{""id"": 0, ""street"": ""C/O GEORGE COLEMAN FOUNDATION 1747"", ""city"": ""WASHINGTON"", ""state"": ""DC"", ""zip"": ""20006""}",No_Match,170
019ab3f0-3b43-7737-70eb-fba81cac0298,"902 Prices Fork Rd, Blacksburg, Va, 24061","{""id"": 0, ""street"": ""902 PRICES FORK RD"", ""city"": ""BLACKSBURG"", ""state"": ""VA"", ""zip"": ""24061""}",No_Match,170
