geocoding_id	canonical_address	normalized_address	geocoding_status	address_count
019ab7c7-30d3-7095-4b93-fb5104f6ef40	5905 Wilshire Blvd, Los Angeles, Ca, 90036	"{""id"": 0, ""street"": ""5905 WILSHIRE BLVD"", ""city"": ""LOS ANGELES"", ""state"": ""CA"", ""zip"": ""90036""}"	No_Match	860
019ab76f-eda2-7a54-d8e6-b0855c8a1ee4	C/O Tull Charitable Foundation 191, Atlanta, Ga, 30303	"{""id"": 0, ""street"": ""C/O TULL CHARITABLE FOUNDATION 191"", ""city"": ""ATLANTA"", ""state"": ""GA"", ""zip"": ""30303""}"	No_Match	818
019ab3e0-20bc-71e0-1492-af8f86299d70	1000 Fifth Ave, New York, Ny, 10028	"{""id"": 0, ""street"": ""1000 FIFTH AVE"", ""city"": ""NEW YORK"", ""state"": ""NY"", ""zip"": ""10028""}"	No_Match	808
019ab3e0-e739-77a2-3b4f-b1d81eb93430	475 Riverside Drive, New York, Ny, 10115	"{""id"": 0, ""street"": ""475 RIVERSIDE DRIVE"", ""city"": ""NEW YORK"", ""state"": ""NY"", ""zip"": ""10115""}"	No_Match	800
019ab3ec-9a86-7053-8752-f48703f98348	114 Camp K9 Road, Ponte Vedra, Fl, 32081	"{""id"": 0, ""street"": ""114 CAMP K9 ROAD"", ""city"": ""PONTE VEDRA"", ""state"": ""FL"", ""zip"": ""32081""}"	No_Match	789
019ab3e3-4483-70b6-f30c-d9769d23ce5c	Massachusetts Hall, Cambridge, Ma, 02138	"{""id"": 0, ""street"": ""MASSACHUSETTS HALL"", ""city"": ""CAMBRIDGE"", ""state"": ""MA"", ""zip"": ""02138""}"	No_Match	783
019ab3e1-246e-7bea-7df6-b021b6a60768	9500 Gilman Drive, La Jolla, Ca, 92093	"{""id"": 0, ""street"": ""9500 GILMAN DRIVE"", ""city"": ""LA JOLLA"", ""state"": ""CA"", ""zip"": ""92093""}"	No_Match	778
019ab3fc-17a9-7832-a719-0dba5e93f0a4	8014 Marine Way, Irvine, Ca, 92618	"{""id"": 0, ""street"": ""8014 MARINE WAY"", ""city"": ""IRVINE"", ""state"": ""CA"", ""zip"": ""92618""}"	No_Match	772
019ab77a-ef06-7530-7df9-2074e83bab60	N/A, Na, La, 78000	"{""id"": 0, ""street"": ""N/A"", ""city"": ""NA"", ""state"": ""LA"", ""zip"": ""78000""}"	No_Match	770
019ab419-3209-71eb-0ee0-895b4a19d5a8	Rodney Street, Brooklyn, Ny, 11211	"{""id"": 0, ""street"": ""Rodney Street"", ""city"": ""Brooklyn"", ""state"": ""NY"", ""zip"": ""11211""}"	No_Match	764
019ab7c7-3b34-757e-14e7-6aad54035e04	201 Old Main, University Park, Pa, 16802	"{""id"": 0, ""street"": ""201 OLD MAIN"", ""city"": ""UNIVERSITY PARK"", ""state"": ""PA"", ""zip"": ""16802""}"	No_Match	750
019ab3e5-4ef0-74dc-7ff6-997dc67575d0	10 Brookline Place West 6Th Floor, Brookline, Ma, 02445	"{""id"": 0, ""street"": ""10 BROOKLINE PLACE WEST 6TH FLOOR"", ""city"": ""BROOKLINE"", ""state"": ""MA"", ""zip"": ""02445""}"	No_Match	728
019ab3df-a061-7f02-6a69-65d6701020c8	301 Massachusetts Avenue, Boston, Ma, 02115	"{""id"": 0, ""street"": ""301 MASSACHUSETTS AVENUE"", ""city"": ""BOSTON"", ""state"": ""MA"", ""zip"": ""02115""}"	No_Match	728
019ab7c2-7fc0-7345-7b4d-7c2c69a21f94	C/O Longwood Foundation 100 W 10Th, Wilmington, De, 19801	"{""id"": 0, ""street"": ""C/O LONGWOOD FOUNDATION 100 W 10TH"", ""city"": ""WILMINGTON"", ""state"": ""DE"", ""zip"": ""19801""}"	No_Match	712
019ab3df-f443-703c-1f74-4731b6a0bbb0	25701 Science Park Drive, Cleveland, Oh, 44122	"{""id"": 0, ""street"": ""25701 SCIENCE PARK DRIVE"", ""city"": ""CLEVELAND"", ""state"": ""OH"", ""zip"": ""44122""}"	No_Match	706
019ab3e8-fe87-7a99-05f6-c1e357d40b18	371 East Jericho Turnpike, Smithtown, Ny, 11787	"{""id"": 0, ""street"": ""371 EAST JERICHO TURNPIKE"", ""city"": ""SMITHTOWN"", ""state"": ""NY"", ""zip"": ""11787""}"	No_Match	694
019ab7d6-a97e-7fd6-8348-b0061b8c7ef4	C/O Foundation 3 Park Avenue 24Th, New York, Ny, 10016	"{""id"": 0, ""street"": ""C/O FOUNDATION 3 PARK AVENUE 24TH"", ""city"": ""NEW YORK"", ""state"": ""NY"", ""zip"": ""10016""}"	No_Match	682
019ab785-0364-775e-8306-9a84b6e04a84	Available At The Office, Beaumont, Tx, 77706	"{""id"": 0, ""street"": ""AVAILABLE AT THE OFFICE"", ""city"": ""BEAUMONT"", ""state"": ""TX"", ""zip"": ""77706""}"	No_Match	674
019ab3eb-1896-7b82-1606-22de2ffe0c44	301 Massachusetts Ave, Boston, Ma, 02115	"{""id"": 0, ""street"": ""301 MASSACHUSETTS AVE"", ""city"": ""BOSTON"", ""state"": ""MA"", ""zip"": ""02115""}"	No_Match	670
019ab3e5-4713-7025-f76a-ace62f5b4fc4	121 Habitat Street, Americus, Ga, 31709	"{""id"": 0, ""street"": ""121 HABITAT STREET"", ""city"": ""AMERICUS"", ""state"": ""GA"", ""zip"": ""31709""}"	No_Match	650
019ab3ff-5017-7504-3d33-d700a206cbe8	5500 Caruth Haven Lane, Dallas, Tx, 75225	"{""id"": 0, ""street"": ""5500 CARUTH HAVEN LANE"", ""city"": ""DALLAS"", ""state"": ""TX"", ""zip"": ""75225""}"	No_Match	646
019ab733-7ec5-7132-b12b-53ec0b44d90c	Main Street, Cleveland, Oh, 00000	"{""id"": 0, ""street"": ""MAIN STREET"", ""city"": ""CLEVELAND"", ""state"": ""OH"", ""zip"": ""00000""}"	No_Match	624
019ab3e7-82ea-743b-aabc-755a81cf5670	159 Sapsucker Woods Rd, Ithaca, Ny, 14850	"{""id"": 0, ""street"": ""159 SAPSUCKER WOODS RD"", ""city"": ""ITHACA"", ""state"": ""NY"", ""zip"": ""14850""}"	No_Match	612
019ab7c7-32dc-7a21-5713-ff72f1529e2c	1 Eunice Kennedy Shriver Way, Lawrenceville, Nj, 08648	"{""id"": 0, ""street"": ""1 EUNICE KENNEDY SHRIVER WAY"", ""city"": ""LAWRENCEVILLE"", ""state"": ""NJ"", ""zip"": ""08648""}"	No_Match	608
019ab3e8-e784-7a54-1a9e-ec2dbc52b5a4	1971 University Blvd, Lynchburg, Va, 24515	"{""id"": 0, ""street"": ""1971 UNIVERSITY BLVD"", ""city"": ""LYNCHBURG"", ""state"": ""VA"", ""zip"": ""24515""}"	No_Match	608
019ab3e9-7a9c-74c1-fcad-20e8e45fd3b4	415 South Street, Waltham, Ma, 02453	"{""id"": 0, ""street"": ""415 SOUTH STREET"", ""city"": ""WALTHAM"", ""state"": ""MA"", ""zip"": ""02453""}"	No_Match	596
019ab714-3a93-7a01-5030-aa7ae6c5b958	C/O Betty And Davis Fitzgerald, Atlanta, Ga, 30355	"{""id"": 0, ""street"": ""C/O BETTY AND DAVIS FITZGERALD"", ""city"": ""ATLANTA"", ""state"": ""GA"", ""zip"": ""30355""}"	No_Match	590
019ab401-953b-70f2-7f72-fa9508a34948	3700 Grand Avenue, Des Moines, Ia, 50312	"{""id"": 0, ""street"": ""3700 GRAND AVENUE"", ""city"": ""DES MOINES"", ""state"": ""IA"", ""zip"": ""50312""}"	No_Match	589
019ab77a-f87e-79a9-54f1-fe4ce1b1c3b0	C/O The Organization, Branchport, Ny, 14418	"{""id"": 0, ""street"": ""C/O THE ORGANIZATION"", ""city"": ""BRANCHPORT"", ""state"": ""NY"", ""zip"": ""14418""}"	No_Match	580
019ab3ef-7c3e-7fd3-ac79-237a10c1d730	100 Purpose Road, Pippa Passes, Ky, 41844	"{""id"": 0, ""street"": ""100 PURPOSE ROAD"", ""city"": ""PIPPA PASSES"", ""state"": ""KY"", ""zip"": ""41844""}"	No_Match	568
019ab3f2-f85e-7341-93b8-277aa00f263c	105 Sikes Hall, Clemson, Sc, 29634	"{""id"": 0, ""street"": ""105 SIKES HALL"", ""city"": ""CLEMSON"", ""state"": ""SC"", ""zip"": ""29634""}"	No_Match	566
019ab3e5-93fa-7701-71b0-d8b810e6fb20	10 Brookline Place West, Brookline, Ma, 02445	"{""id"": 0, ""street"": ""10 BROOKLINE PLACE WEST"", ""city"": ""BROOKLINE"", ""state"": ""MA"", ""zip"": ""02445""}"	No_Match	560
019ab72c-ec3e-74ec-8337-6b6c153f3434	C/O The Rs Family Foundation 1372, Brooklyn, Ny, 11230	"{""id"": 0, ""street"": ""C/O THE RS FAMILY FOUNDATION 1372"", ""city"": ""BROOKLYN"", ""state"": ""NY"", ""zip"": ""11230""}"	No_Match	550
019ab3ed-de85-73ba-9d47-279e12057c5c	800 E Lancaster Ave, Villanova, Pa, 19085	"{""id"": 0, ""street"": ""800 E LANCASTER AVE"", ""city"": ""VILLANOVA"", ""state"": ""PA"", ""zip"": ""19085""}"	No_Match	543
019ab3e2-2576-7569-3d70-a5593789f884	Street, Brooklyn, Ny, 11211	"{""id"": 0, ""street"": ""Street"", ""city"": ""Brooklyn"", ""state"": ""NY"", ""zip"": ""11211""}"	No_Match	542
019ab3fa-d7fb-7084-c050-ac7697aeb768	2501 Sw 32 Terrace, Pembroke Park, Fl, 33023	"{""id"": 0, ""street"": ""2501 SW 32 TERRACE"", ""city"": ""PEMBROKE PARK"", ""state"": ""FL"", ""zip"": ""33023""}"	No_Match	536
019ab3e1-d53a-758b-a8b1-84bf9e8dc598	800 Lancaster Avenue, Villanova, Pa, 19085	"{""id"": 0, ""street"": ""800 LANCASTER AVENUE"", ""city"": ""VILLANOVA"", ""state"": ""PA"", ""zip"": ""19085""}"	No_Match	533
019ab3e1-1023-72e4-29d8-ed98515d815c	Soldiers Field, Boston, Ma, 02163	"{""id"": 0, ""street"": ""SOLDIERS FIELD"", ""city"": ""BOSTON"", ""state"": ""MA"", ""zip"": ""02163""}"	No_Match	530
019ab3f8-9fce-7a41-06bb-727bdd9278cc	4100 College Station, Brunswick, Me, 04011	"{""id"": 0, ""street"": ""4100 COLLEGE STATION"", ""city"": ""BRUNSWICK"", ""state"": ""ME"", ""zip"": ""04011""}"	No_Match	526
019ab5e1-17d6-7c12-b0ca-1b9ae2810314	860 Dolwick Drive, Erlanger, Ky, 41018	"{""id"": 0, ""street"": ""860 Dolwick Drive"", ""city"": ""Erlanger"", ""state"": ""KY"", ""zip"": ""41018""}"	No_Match	519
019ab419-2fd4-7349-2a98-81084f306d34	12400 Wilshire Blvd Ste 1500, Los Angeles, Ca, 90025	"{""id"": 0, ""street"": ""12400 WILSHIRE BLVD STE 1500"", ""city"": ""LOS ANGELES"", ""state"": ""CA"", ""zip"": ""90025""}"	No_Match	518
019ab717-86a2-7952-5899-7246baabb720	C/O Org 370 Lexington Ave Suite, New York, Ny, 10017	"{""id"": 0, ""street"": ""C/O ORG 370 LEXINGTON AVE SUITE"", ""city"": ""NEW YORK"", ""state"": ""NY"", ""zip"": ""10017""}"	No_Match	518
019ab3e2-b96a-7268-2e4f-677a86976c54	3400 Vine Street, Cincinnati, Oh, 45220	"{""id"": 0, ""street"": ""3400 VINE STREET"", ""city"": ""CINCINNATI"", ""state"": ""OH"", ""zip"": ""45220""}"	No_Match	513
019ab401-5b33-7483-db1c-1e44a2b66660	100 Timberdell Road, Norman, Ok, 73019	"{""id"": 0, ""street"": ""100 TIMBERDELL ROAD"", ""city"": ""NORMAN"", ""state"": ""OK"", ""zip"": ""73019""}"	No_Match	503
019ab82b-ebb7-7c71-f2f9-41fca3408874	C/O Huntington National Bank, Columbus, Oh, 43216	"{""id"": 0, ""street"": ""C/O HUNTINGTON NATIONAL BANK"", ""city"": ""COLUMBUS"", ""state"": ""OH"", ""zip"": ""43216""}"	No_Match	498
019ab5e0-f195-7f9b-952a-42e7fadbeb60	450 Jane Stanford Way, Stanford, Ca, 94305	"{""id"": 0, ""street"": ""450 JANE STANFORD WAY"", ""city"": ""STANFORD"", ""state"": ""CA"", ""zip"": ""94305""}"	No_Match	497
019ab7c7-3659-7911-761b-6dffc7264500	2121 Santa Monica Blvd, Santa Monica, Ca, 90404	"{""id"": 0, ""street"": ""2121 SANTA MONICA BLVD"", ""city"": ""SANTA MONICA"", ""state"": ""CA"", ""zip"": ""90404""}"	No_Match	496
019ab3e4-206e-7adf-8d9b-d2f3662c4e50	1 Mead Way, Bronxville, Ny, 10708	"{""id"": 0, ""street"": ""1 MEAD WAY"", ""city"": ""BRONXVILLE"", ""state"": ""NY"", ""zip"": ""10708""}"	No_Match	493
019ab3ee-f75a-7df3-4198-5caa0db3483c	371 E Jericho Turnpike, Smithtown, Ny, 11787	"{""id"": 0, ""street"": ""371 E JERICHO TURNPIKE"", ""city"": ""SMITHTOWN"", ""state"": ""NY"", ""zip"": ""11787""}"	No_Match	486
019ab409-5d82-707a-ba44-81a35a445e68	200 1St St Sw, Rochester, Mn, 55905	"{""id"": 0, ""street"": ""200 1ST ST SW"", ""city"": ""ROCHESTER"", ""state"": ""MN"", ""zip"": ""55905""}"	No_Match	486
019ab401-7f00-7cba-f2a3-297b409e5590	1500 Rosecrans Avenue Suite 200, Manhattan Beach, Ca, 90266	"{""id"": 0, ""street"": ""1500 ROSECRANS AVENUE SUITE 200"", ""city"": ""MANHATTAN BEACH"", ""state"": ""CA"", ""zip"": ""90266""}"	No_Match	474
019ab3e7-3fea-7fc7-71e6-f291fa1a8c34	2505 University Blvd, Ames, Ia, 50010	"{""id"": 0, ""street"": ""2505 UNIVERSITY BLVD"", ""city"": ""AMES"", ""state"": ""IA"", ""zip"": ""50010""}"	No_Match	472
019ab3df-b2d3-7e4c-2101-7ec27fbe9aa4	26345 Network Place, Chicago, Il, 60673	"{""id"": 0, ""street"": ""26345 NETWORK PLACE"", ""city"": ""CHICAGO"", ""state"": ""IL"", ""zip"": ""60673""}"	No_Match	456
019ab3ec-57ba-7a06-553d-927a92a4961c	1725 Eye Street Nw Suite 900, Washington, Dc, 20006	"{""id"": 0, ""street"": ""1725 EYE STREET NW SUITE 900"", ""city"": ""WASHINGTON"", ""state"": ""DC"", ""zip"": ""20006""}"	No_Match	443
019ab406-43fe-75d0-2920-cb46b24d5d04	300 Arnold Palmer Blvd, Norton, Ma, 02766	"{""id"": 0, ""street"": ""300 ARNOLD PALMER BLVD"", ""city"": ""NORTON"", ""state"": ""MA"", ""zip"": ""02766""}"	No_Match	442
019ab3e3-68b3-7ce2-4045-535220bd76bc	6140 Station Street, Pittsburgh, Pa, 15206	"{""id"": 0, ""street"": ""6140 STATION STREET"", ""city"": ""Pittsburgh"", ""state"": ""PA"", ""zip"": ""15206""}"	No_Match	438
019ab3e3-2160-7622-f593-64bbb40e4014	Department 13, Tulsa, Ok, 74182	"{""id"": 0, ""street"": ""DEPARTMENT 13"", ""city"": ""TULSA"", ""state"": ""OK"", ""zip"": ""74182""}"	No_Match	432
019ab3e3-0178-779b-1e8e-d79ad0f98e7c	1200 E California Blvd, Pasadena, Ca, 91125	"{""id"": 0, ""street"": ""1200 E CALIFORNIA BLVD"", ""city"": ""PASADENA"", ""state"": ""CA"", ""zip"": ""91125""}"	No_Match	428
019ab3f0-fee1-7036-9bfa-6d6c497711f4	95 Prospect Park West, Brooklyn, Ny, 11215	"{""id"": 0, ""street"": ""95 PROSPECT PARK WEST"", ""city"": ""BROOKLYN"", ""state"": ""NY"", ""zip"": ""11215""}"	No_Match	427
019ab3f5-3681-75f8-e01e-1472b48a9e94	159 Sapsucker Woods Road, Ithaca, Ny, 14850	"{""id"": 0, ""street"": ""159 SAPSUCKER WOODS ROAD"", ""city"": ""ITHACA"", ""state"": ""NY"", ""zip"": ""14850""}"	No_Match	418
019ab3fa-5ff9-73e8-f41a-479ae63ee874	12400 Wilshire Blvd Suite 1500, Los Angeles, Ca, 90025	"{""id"": 0, ""street"": ""12400 WILSHIRE BLVD SUITE 1500"", ""city"": ""LOS ANGELES"", ""state"": ""CA"", ""zip"": ""90025""}"	No_Match	416
019ab701-d5c0-716b-796f-8b6648105e40	5155 Paysphere Circle, Chicago, Il, 60674	"{""id"": 0, ""street"": ""5155 PAYSPHERE CIRCLE"", ""city"": ""CHICAGO"", ""state"": ""IL"", ""zip"": ""60674""}"	No_Match	415
019ab3ec-40fa-71ef-e0df-616bb548e6bc	103 Vision Way, Bloomfield, Ct, 06002	"{""id"": 0, ""street"": ""103 VISION WAY"", ""city"": ""BLOOMFIELD"", ""state"": ""CT"", ""zip"": ""06002""}"	No_Match	414
019ab3e2-2971-7d8a-3d55-50545122c910	Street, Brooklyn, Ny, 11219	"{""id"": 0, ""street"": ""Street"", ""city"": ""Brooklyn"", ""state"": ""NY"", ""zip"": ""11219""}"	No_Match	414
019ab3e3-125f-7edc-9144-a47494b4c194	11207 Blue Heron Blvd N, St Petersburg, Fl, 33716	"{""id"": 0, ""street"": ""11207 BLUE HERON BLVD N"", ""city"": ""ST PETERSBURG"", ""state"": ""FL"", ""zip"": ""33716""}"	No_Match	410
019ab3ff-0fc5-78bc-8ba7-fddacf482984	134 Hicks Way, Amherst, Ma, 01003	"{""id"": 0, ""street"": ""134 HICKS WAY"", ""city"": ""AMHERST"", ""state"": ""MA"", ""zip"": ""01003""}"	No_Match	408
019ab7c7-32dd-708f-eb18-b9ea0b164740	1 Haven For Hope Way, San Antonio, Tx, 78207	"{""id"": 0, ""street"": ""1 HAVEN FOR HOPE WAY"", ""city"": ""SAN ANTONIO"", ""state"": ""TX"", ""zip"": ""78207""}"	No_Match	408
019ab5e0-e40c-7b07-9614-d01ce8e96844	C/O Pnc Bank Na, Pittsburgh, Pa, 15212	"{""id"": 0, ""street"": ""C/O PNC BANK NA"", ""city"": ""PITTSBURGH"", ""state"": ""PA"", ""zip"": ""15212""}"	No_Match	404
019ab3fa-4254-7733-0df7-337e6e7bc070	One University Parkway, High Point, Nc, 27268	"{""id"": 0, ""street"": ""ONE UNIVERSITY PARKWAY"", ""city"": ""HIGH POINT"", ""state"": ""NC"", ""zip"": ""27268""}"	No_Match	402
019ab3e4-36f1-7818-3a9e-537ce6aa8d9c	One Utsa Circle, San Antonio, Tx, 78249	"{""id"": 0, ""street"": ""ONE UTSA CIRCLE"", ""city"": ""SAN ANTONIO"", ""state"": ""TX"", ""zip"": ""78249""}"	No_Match	400
019ab3e5-5817-71e9-c419-3cce5a798080	2501 Sw 32Nd Terrace, Pembroke Park, Fl, 33023	"{""id"": 0, ""street"": ""2501 SW 32ND TERRACE"", ""city"": ""PEMBROKE PARK"", ""state"": ""FL"", ""zip"": ""33023""}"	No_Match	394
019ab403-6068-7556-584b-fc893b234ac8	305 W Gate City Blvd, Greensboro, Nc, 27406	"{""id"": 0, ""street"": ""305 W GATE CITY BLVD"", ""city"": ""GREENSBORO"", ""state"": ""NC"", ""zip"": ""27406""}"	No_Match	392
019ab3ef-6693-763c-be77-ff8987a24d48	400 Main Building, Notre Dame, In, 46556	"{""id"": 0, ""street"": ""400 MAIN BUILDING"", ""city"": ""NOTRE DAME"", ""state"": ""IN"", ""zip"": ""46556""}"	No_Match	388
019ab3f9-9fac-7b24-38c2-6785344f920c	100 Aquarium Wharf, Charleston, Sc, 29401	"{""id"": 0, ""street"": ""100 AQUARIUM WHARF"", ""city"": ""CHARLESTON"", ""state"": ""SC"", ""zip"": ""29401""}"	No_Match	386
019ab3e1-dede-7db1-7da1-4024d498b648	225 Music School Road, Aspen, Co, 81611	"{""id"": 0, ""street"": ""225 MUSIC SCHOOL ROAD"", ""city"": ""ASPEN"", ""state"": ""CO"", ""zip"": ""81611""}"	No_Match	386
019ab436-ecb3-7402-c0d1-97500875ef78	800 Lancaster Ave, Villanova, Pa, 19085	"{""id"": 0, ""street"": ""800 LANCASTER AVE"", ""city"": ""VILLANOVA"", ""state"": ""PA"", ""zip"": ""19085""}"	No_Match	386
019ab3e6-566b-7263-3eac-c10bfc4022b4	32 Campus Drive, Missoula, Mt, 59812	"{""id"": 0, ""street"": ""32 CAMPUS DRIVE"", ""city"": ""MISSOULA"", ""state"": ""MT"", ""zip"": ""59812""}"	No_Match	380
019ab3f6-1bbb-7796-72fb-e8be199d2350	1000 Ability Way, Park City, Ut, 84060	"{""id"": 0, ""street"": ""1000 ABILITY WAY"", ""city"": ""PARK CITY"", ""state"": ""UT"", ""zip"": ""84060""}"	No_Match	376
019ab3eb-5c7c-7b23-8db4-547f64c01220	735 University Ave, Sewanee, Tn, 37383	"{""id"": 0, ""street"": ""735 UNIVERSITY AVE"", ""city"": ""SEWANEE"", ""state"": ""TN"", ""zip"": ""37383""}"	No_Match	376
019ab3eb-89d4-78b0-00c2-60a8c8867a5c	19001 Huebner Road, San Antonio, Tx, 78258	"{""id"": 0, ""street"": ""19001 HUEBNER ROAD"", ""city"": ""SAN ANTONIO"", ""state"": ""TX"", ""zip"": ""78258""}"	No_Match	372
019ab436-fc9f-77aa-9296-8ea3d8578698	Street, Brooklyn, Ny, 11204	"{""id"": 0, ""street"": ""Street"", ""city"": ""Brooklyn"", ""state"": ""NY"", ""zip"": ""11204""}"	No_Match	370
019ab72c-fb58-7235-e3bd-0cf2e3954ce0	Financial Aid Scholarship Office, Cheney, Wa, 99004	"{""id"": 0, ""street"": ""FINANCIAL AID SCHOLARSHIP OFFICE"", ""city"": ""CHENEY"", ""state"": ""WA"", ""zip"": ""99004""}"	No_Match	368
019ab3e0-416a-74ee-8b2a-b2c29fd9c59c	347 Don Shula Drive, Miami Gardens, Fl, 33056	"{""id"": 0, ""street"": ""347 DON SHULA DRIVE"", ""city"": ""MIAMI GARDENS"", ""state"": ""FL"", ""zip"": ""33056""}"	No_Match	368
019ab3df-c1be-7b02-39c6-e37e2e5a5980	800 Waterfront Drive, Pittsburgh, Pa, 15222	"{""id"": 0, ""street"": ""800 WATERFRONT DRIVE"", ""city"": ""PITTSBURGH"", ""state"": ""PA"", ""zip"": ""15222""}"	No_Match	366
019ab436-f5cd-70c5-e2ae-8fed76a45ad4	1 Cunningham Sq, Providence, Ri, 02918	"{""id"": 0, ""street"": ""1 CUNNINGHAM SQ"", ""city"": ""PROVIDENCE"", ""state"": ""RI"", ""zip"": ""02918""}"	No_Match	366
019ab3e7-f743-7de1-a674-27207c29f468	735 University Avenue, Sewanee, Tn, 37383	"{""id"": 0, ""street"": ""735 UNIVERSITY AVENUE"", ""city"": ""SEWANEE"", ""state"": ""TN"", ""zip"": ""37383""}"	No_Match	365
019ab3ed-de06-726a-d668-869231310d40	100 Save The Bay Drive, Providence, Ri, 02905	"{""id"": 0, ""street"": ""100 SAVE THE BAY DRIVE"", ""city"": ""PROVIDENCE"", ""state"": ""RI"", ""zip"": ""02905""}"	No_Match	364
019ab3fb-ce72-7594-3490-6cb42f258dd4	100 Maher Avenue, Greenwich, Ct, 06830	"{""id"": 0, ""street"": ""100 MAHER AVENUE"", ""city"": ""GREENWICH"", ""state"": ""CT"", ""zip"": ""06830""}"	No_Match	362
019ab403-5009-7891-c005-cbb727cd6990	3300 Golf Road, Brookfield, Il, 60513	"{""id"": 0, ""street"": ""3300 GOLF ROAD"", ""city"": ""BROOKFIELD"", ""state"": ""IL"", ""zip"": ""60513""}"	No_Match	360
019ab7d6-9b4a-7555-bb2e-104f4b797c3c	C/O 110 N Market Street, Wilmington, De, 19890	"{""id"": 0, ""street"": ""C/O 110 N MARKET STREET"", ""city"": ""WILMINGTON"", ""state"": ""DE"", ""zip"": ""19890""}"	No_Match	356
019ab3f2-8510-7181-226b-1bf2dcf7ffa4	121 Habitat St, Americus, Ga, 31709	"{""id"": 0, ""street"": ""121 HABITAT ST"", ""city"": ""AMERICUS"", ""state"": ""GA"", ""zip"": ""31709""}"	No_Match	354
019ab3e1-fc2e-74cd-4a5b-55cd417c8e0c	5905 Wilshire Boulevard, Los Angeles, Ca, 90036	"{""id"": 0, ""street"": ""5905 WILSHIRE BOULEVARD"", ""city"": ""LOS ANGELES"", ""state"": ""CA"", ""zip"": ""90036""}"	No_Match	354
019ab3e7-302c-7ea5-b053-d224d6109e80	350 Engle Street, Englewood, Nj, 07631	"{""id"": 0, ""street"": ""350 ENGLE STREET"", ""city"": ""ENGLEWOOD"", ""state"": ""NJ"", ""zip"": ""07631""}"	No_Match	351
019ab3f2-7852-78c3-507b-26ccf64a0f94	1500 Rosecrans Ave Ste 200, Manhattan Bch, Ca, 90266	"{""id"": 0, ""street"": ""1500 ROSECRANS AVE STE 200"", ""city"": ""MANHATTAN BCH"", ""state"": ""CA"", ""zip"": ""90266""}"	No_Match	350
019ab3f7-8e5d-7a2d-c2fd-44787d0d635c	One Shields Avenue, Davis, Ca, 95616	"{""id"": 0, ""street"": ""ONE SHIELDS AVENUE"", ""city"": ""DAVIS"", ""state"": ""CA"", ""zip"": ""95616""}"	No_Match	349
019ab7c7-370f-728b-8b43-7360dce3ef00	1815 Se Bison Rd, Bartlesville, Ok, 74006	"{""id"": 0, ""street"": ""1815 SE BISON RD"", ""city"": ""BARTLESVILLE"", ""state"": ""OK"", ""zip"": ""74006""}"	No_Match	348
019ab877-6c78-7359-25e7-5704015aee48	C/O Bnsf Railway Fdn, Fort Worth, Tx, 76131	"{""id"": 0, ""street"": ""C/O BNSF RAILWAY FDN"", ""city"": ""FORT WORTH"", ""state"": ""TX"", ""zip"": ""76131""}"	No_Match	348
019ab5e0-f324-7d80-4ec9-901a543ecf1c	5200 Enrique M Barrera Pkwy, San Antonio, Tx, 78227	"{""id"": 0, ""street"": ""5200 ENRIQUE M BARRERA PKWY"", ""city"": ""SAN ANTONIO"", ""state"": ""TX"", ""zip"": ""78227""}"	No_Match	345
019ab3e7-fc05-7419-2dc8-6e9830bce19c	One Citizens Bank Way Jcb115, Johnston, Ri, 02919	"{""id"": 0, ""street"": ""ONE CITIZENS BANK WAY JCB115"", ""city"": ""JOHNSTON"", ""state"": ""RI"", ""zip"": ""02919""}"	No_Match	344
019ab3e1-9fe3-78f5-2f4d-50ef224775a8	1906 College Heights Blvd, Bowling Green, Ky, 42101	"{""id"": 0, ""street"": ""1906 COLLEGE HEIGHTS BLVD"", ""city"": ""BOWLING GREEN"", ""state"": ""KY"", ""zip"": ""42101""}"	No_Match	342
019ab3e1-2142-71c5-51bb-d0d289a43da0	5500 Campanile Drive, San Diego, Ca, 92182	"{""id"": 0, ""street"": ""5500 CAMPANILE DRIVE"", ""city"": ""SAN DIEGO"", ""state"": ""CA"", ""zip"": ""92182""}"	No_Match	340
019ab7ae-f96c-73ec-9131-8ab7353482e4	1 Street, Spring Valley, Ny, 10977	"{""id"": 0, ""street"": ""1 Street"", ""city"": ""Spring Valley"", ""state"": ""NY"", ""zip"": ""10977""}"	No_Match	340
019ab701-e128-76ec-f707-d7b84c87724c	C/O Cille Norman Newton West High, Newton, Ms, 39345	"{""id"": 0, ""street"": ""C/O Cille Norman Newton West High"", ""city"": ""Newton"", ""state"": ""MS"", ""zip"": ""39345""}"	No_Match	338
019ab3e7-2b31-72b2-4549-d9e0136b0908	2943 Smu Boulevard, Dallas, Tx, 75205	"{""id"": 0, ""street"": ""2943 SMU BOULEVARD"", ""city"": ""DALLAS"", ""state"": ""TX"", ""zip"": ""75205""}"	No_Match	337
019ab5e1-0793-7a8a-f2e0-fe9d56fc7280	C/O University Of Iowa, Iowa City, Ia, 52242	"{""id"": 0, ""street"": ""C/O UNIVERSITY OF IOWA"", ""city"": ""IOWA CITY"", ""state"": ""IA"", ""zip"": ""52242""}"	No_Match	336
019ab72c-f723-7e66-ed07-4a9188d85794	C/O Fr Grobman Fdn, Hempstead, Ny, 11550	"{""id"": 0, ""street"": ""C/O FR GROBMAN FDN"", ""city"": ""HEMPSTEAD"", ""state"": ""NY"", ""zip"": ""11550""}"	No_Match	334
019ab3e4-13e7-7541-62b0-d7278f56cb50	201 Mullica Hill Road, Glassboro, Nj, 08028	"{""id"": 0, ""street"": ""201 Mullica Hill Road"", ""city"": ""Glassboro"", ""state"": ""NJ"", ""zip"": ""08028""}"	No_Match	332
019ab407-5a59-79e6-965b-9f420624b140	200 Vesey St 28Th Floor, New York, Ny, 10281	"{""id"": 0, ""street"": ""200 VESEY ST 28TH FLOOR"", ""city"": ""NEW YORK"", ""state"": ""NY"", ""zip"": ""10281""}"	No_Match	332
019ab40d-d92f-7134-7062-25c26d7dc138	514 University Ave, Selinsgrove, Pa, 17870	"{""id"": 0, ""street"": ""514 UNIVERSITY AVE"", ""city"": ""SELINSGROVE"", ""state"": ""PA"", ""zip"": ""17870""}"	No_Match	330
019ab762-a0c0-7187-68ab-dac15903ac70	C/O Barbash Family Fund 265 W Main, Babylon, Ny, 11748	"{""id"": 0, ""street"": ""C/O BARBASH FAMILY FUND 265 W MAIN"", ""city"": ""BABYLON"", ""state"": ""NY"", ""zip"": ""11748""}"	No_Match	330
019ab3f0-c8f8-72b4-3fe5-9174df71d7e4	8000 York Road, Towson, Md, 21252	"{""id"": 0, ""street"": ""8000 YORK ROAD"", ""city"": ""TOWSON"", ""state"": ""MD"", ""zip"": ""21252""}"	No_Match	329
019ab3e0-f4e5-7abc-c7e5-710eb7efc9d4	655 Knight Way, Stanford, Ca, 94305	"{""id"": 0, ""street"": ""655 KNIGHT WAY"", ""city"": ""STANFORD"", ""state"": ""CA"", ""zip"": ""94305""}"	No_Match	324
019ab7c7-3727-7451-1e68-f14a91bbf29c	1000 E University Ave, Laramie, Wy, 82071	"{""id"": 0, ""street"": ""1000 E UNIVERSITY AVE"", ""city"": ""LARAMIE"", ""state"": ""WY"", ""zip"": ""82071""}"	No_Match	323
019ab3f6-fb59-760d-d4d8-391245cbdc44	2505 University Boulevard, Ames, Ia, 50010	"{""id"": 0, ""street"": ""2505 UNIVERSITY BOULEVARD"", ""city"": ""AMES"", ""state"": ""IA"", ""zip"": ""50010""}"	No_Match	320
019ab3e9-4200-769e-7e70-6e2f788e5e6c	One Park Avenue 5Th Floor, New York, Ny, 10016	"{""id"": 0, ""street"": ""ONE PARK AVENUE 5TH FLOOR"", ""city"": ""NEW YORK"", ""state"": ""NY"", ""zip"": ""10016""}"	No_Match	318
019ab3e2-407e-77da-72b3-ed15e171c354	2500 Broadway, Lubbock, Tx, 79409	"{""id"": 0, ""street"": ""2500 Broadway"", ""city"": ""Lubbock"", ""state"": ""TX"", ""zip"": ""79409""}"	No_Match	318
019ab3e7-7ab7-7d0d-da1d-ab86fe1db2f8	1 Shields Ave, Davis, Ca, 95616	"{""id"": 0, ""street"": ""1 SHIELDS AVE"", ""city"": ""DAVIS"", ""state"": ""CA"", ""zip"": ""95616""}"	No_Match	318
019ab7da-a636-767c-631d-e4d00546c384	C/O Cannon Foundation Inc 52 Spring, Concord, Nc, 28025	"{""id"": 0, ""street"": ""C/O CANNON FOUNDATION INC 52 SPRING"", ""city"": ""CONCORD"", ""state"": ""NC"", ""zip"": ""28025""}"	No_Match	316
019ab792-ffac-76fd-3e15-ffc27bacf578	C/O J Bulow Campbell Foundation, Atlanta, Ga, 30327	"{""id"": 0, ""street"": ""C/O J BULOW CAMPBELL FOUNDATION"", ""city"": ""ATLANTA"", ""state"": ""GA"", ""zip"": ""30327""}"	No_Match	314
019ab3eb-993b-740c-88ec-968e24c5d1a0	45 Museum Drive, Tupper Lake, Ny, 12986	"{""id"": 0, ""street"": ""45 MUSEUM DRIVE"", ""city"": ""TUPPER LAKE"", ""state"": ""NY"", ""zip"": ""12986""}"	No_Match	314
019ab3e0-e477-7ed8-9a69-d927254bb560	500 Huntsman Way, Salt Lake City, Ut, 84108	"{""id"": 0, ""street"": ""500 HUNTSMAN WAY"", ""city"": ""SALT LAKE CITY"", ""state"": ""UT"", ""zip"": ""84108""}"	No_Match	313
019ab3ee-cfea-7f3a-6d0c-7cc9ed4edabc	4847 David S Mack Drive, West Palm Beach, Fl, 33417	"{""id"": 0, ""street"": ""4847 DAVID S MACK DRIVE"", ""city"": ""WEST PALM BEACH"", ""state"": ""FL"", ""zip"": ""33417""}"	No_Match	310
019ab419-2fd2-7fc2-d970-3a842acd1b78	Street, Brooklyn, Ny, 11213	"{""id"": 0, ""street"": ""Street"", ""city"": ""Brooklyn"", ""state"": ""NY"", ""zip"": ""11213""}"	No_Match	308
019ab3f4-bb22-7d07-77c0-bcea8d766d54	255 Carter Hall Lane, Millwood, Va, 22646	"{""id"": 0, ""street"": ""255 CARTER HALL LANE"", ""city"": ""MILLWOOD"", ""state"": ""VA"", ""zip"": ""22646""}"	No_Match	308
019ab3f8-9e19-7f16-d965-f6b2e7412460	200 Centre Street, New York, Ny, 10013	"{""id"": 0, ""street"": ""200 Centre Street"", ""city"": ""New York"", ""state"": ""NY"", ""zip"": ""10013""}"	No_Match	305
019ab3e3-3e3f-7df8-ee35-53b1fef4bc38	1500 Rosecrans Ave Ste 200, Manhattan Beach, Ca, 90266	"{""id"": 0, ""street"": ""1500 ROSECRANS AVE STE 200"", ""city"": ""MANHATTAN BEACH"", ""state"": ""CA"", ""zip"": ""90266""}"	No_Match	304
019ab436-f43a-7d27-c9f1-6439be480400	Road, Monsey, Ny, 10952	"{""id"": 0, ""street"": ""Road"", ""city"": ""Monsey"", ""state"": ""NY"", ""zip"": ""10952""}"	No_Match	304
019ab3e9-aa09-7c4a-6bb0-7a9cec4db778	4343 Elgin, Houston, Tx, 77204	"{""id"": 0, ""street"": ""4343 Elgin"", ""city"": ""Houston"", ""state"": ""TX"", ""zip"": ""77204""}"	No_Match	302
019ab3e5-c2e8-79fd-e8b0-389ba0a76478	1201 15Th Street Nw 8Th Floor, Washington, Dc, 20005	"{""id"": 0, ""street"": ""1201 15TH STREET NW 8TH FLOOR"", ""city"": ""WASHINGTON"", ""state"": ""DC"", ""zip"": ""20005""}"	No_Match	298
019ab3e1-7caf-7407-ffb2-ba9597514dac	5800 N Patriot Drive, Owasso, Ok, 74055	"{""id"": 0, ""street"": ""5800 N Patriot Drive"", ""city"": ""Owasso"", ""state"": ""OK"", ""zip"": ""74055""}"	No_Match	296
019ab3e1-5011-79b1-1b28-53cce1f10074	1275 Mamaroneck Avenue, White Plains, Ny, 10605	"{""id"": 0, ""street"": ""1275 MAMARONECK AVENUE"", ""city"": ""WHITE PLAINS"", ""state"": ""NY"", ""zip"": ""10605""}"	No_Match	293
019ab419-2173-7a8a-f3da-9e43f2b0dbcc	C/O Longwood Foundation 100 West, Wilmington, De, 19801	"{""id"": 0, ""street"": ""C/O LONGWOOD FOUNDATION 100 WEST"", ""city"": ""WILMINGTON"", ""state"": ""DE"", ""zip"": ""19801""}"	No_Match	292
019ab800-b455-7e4d-8469-ca68059c7a14	Detailed Address Information, Brooklyn, Ny, 11223	"{""id"": 0, ""street"": ""DETAILED ADDRESS INFORMATION"", ""city"": ""BROOKLYN"", ""state"": ""NY"", ""zip"": ""11223""}"	No_Match	292
019ab419-25fb-7257-5151-5e001306dda4	9500 Gilman Dr, La Jolla, Ca, 92093	"{""id"": 0, ""street"": ""9500 GILMAN DR"", ""city"": ""LA JOLLA"", ""state"": ""CA"", ""zip"": ""92093""}"	No_Match	291
019ab7af-0552-7ac4-f4fc-273219db5fb8	5230 Pacific Concourse Drive Suite, Los Angeles, Ca, 90045	"{""id"": 0, ""street"": ""5230 PACIFIC CONCOURSE DRIVE SUITE"", ""city"": ""LOS ANGELES"", ""state"": ""CA"", ""zip"": ""90045""}"	No_Match	288
019ab714-301c-7438-0424-491d7e534768	501 Danny Thomas Place, Memphis, Tn, 38105	"{""id"": 0, ""street"": ""501 DANNY THOMAS PLACE"", ""city"": ""MEMPHIS"", ""state"": ""TN"", ""zip"": ""38105""}"	No_Match	288
019ab436-e6d2-7ff8-29ea-a7d826bcb79c	27310 Network Place, Chicago, Il, 60673	"{""id"": 0, ""street"": ""27310 NETWORK PLACE"", ""city"": ""CHICAGO"", ""state"": ""IL"", ""zip"": ""60673""}"	No_Match	288
019ab419-2980-7333-eed7-cf5e33c2c860	5555 Hermann Park Drive, Houston, Tx, 77030	"{""id"": 0, ""street"": ""5555 Hermann Park Drive"", ""city"": ""Houston"", ""state"": ""TX"", ""zip"": ""77030""}"	No_Match	288
019ab412-a04e-7d2f-2efa-f34595dd19ec	1222 Preservation Park Way, Oakland, Ca, 94612	"{""id"": 0, ""street"": ""1222 PRESERVATION PARK WAY"", ""city"": ""OAKLAND"", ""state"": ""CA"", ""zip"": ""94612""}"	No_Match	285
019ab436-f33c-720d-323a-b756f4608de0	9500 Gilman Drive 0940, La Jolla, Ca, 92093	"{""id"": 0, ""street"": ""9500 Gilman Drive 0940"", ""city"": ""La Jolla"", ""state"": ""CA"", ""zip"": ""92093""}"	No_Match	282
019ab3e0-0d96-7117-39bc-bc5a226ac4a4	1000 Holt Avenue, Winter Park, Fl, 32789	"{""id"": 0, ""street"": ""1000 HOLT AVENUE"", ""city"": ""WINTER PARK"", ""state"": ""FL"", ""zip"": ""32789""}"	No_Match	282
019ab3fd-5ad2-75bd-5dab-2cb4f2f08464	1946 County Road 53, Keenesburg, Co, 80643	"{""id"": 0, ""street"": ""1946 COUNTY ROAD 53"", ""city"": ""KEENESBURG"", ""state"": ""CO"", ""zip"": ""80643""}"	No_Match	280
019ab3ec-fcfd-794e-89a2-9bf9f8eacc68	8000 Utopia Parkway, Queens, Ny, 11439	"{""id"": 0, ""street"": ""8000 UTOPIA PARKWAY"", ""city"": ""QUEENS"", ""state"": ""NY"", ""zip"": ""11439""}"	No_Match	279
019ab5e0-fda7-7a2c-3ad5-39cf7445d68c	3125 S Gilbert Road, Chandler, Az, 85286	"{""id"": 0, ""street"": ""3125 S GILBERT ROAD"", ""city"": ""CHANDLER"", ""state"": ""AZ"", ""zip"": ""85286""}"	No_Match	278
019ab436-fe0c-7618-a64d-a35596a73284	114 Camp K9 Rd, Ponte Vedra, Fl, 32081	"{""id"": 0, ""street"": ""114 CAMP K9 RD"", ""city"": ""PONTE VEDRA"", ""state"": ""FL"", ""zip"": ""32081""}"	No_Match	278
019ab7c7-30eb-791b-c40d-2a9a3a131abc	475 Riverside Dr, New York, Ny, 10115	"{""id"": 0, ""street"": ""475 RIVERSIDE DR"", ""city"": ""NEW YORK"", ""state"": ""NY"", ""zip"": ""10115""}"	No_Match	277
019ab419-29bf-7a6c-e44c-8ded0c429a10	C/O Freelander Family Tr- 455, New York, Ny, 10025	"{""id"": 0, ""street"": ""C/O FREELANDER FAMILY TR- 455"", ""city"": ""NEW YORK"", ""state"": ""NY"", ""zip"": ""10025""}"	No_Match	276
019ab3f6-f166-7b9e-ef34-53973ffd1390	See Attached Schedule, See Attached Schedule, Il, 60680	"{""id"": 0, ""street"": ""SEE ATTACHED SCHEDULE"", ""city"": ""SEE ATTACHED SCHEDULE"", ""state"": ""IL"", ""zip"": ""60680""}"	No_Match	274
019ab401-3954-7a67-52e8-89d90c4f95d0	2605 Preamble Point, Colorado Springs, Co, 80915	"{""id"": 0, ""street"": ""2605 PREAMBLE POINT"", ""city"": ""COLORADO SPRINGS"", ""state"": ""CO"", ""zip"": ""80915""}"	No_Match	272
019ab409-db90-7b9f-ccf0-a8cd7039c0b0	10600 Preston Road, Dallas, Tx, 75230	"{""id"": 0, ""street"": ""10600 PRESTON ROAD"", ""city"": ""DALLAS"", ""state"": ""TX"", ""zip"": ""75230""}"	No_Match	272
019ab3e6-b9f0-7992-3fbd-94363c378fdc	1500 Rosecrans Ave Suite 200, Manhattan Beach, Ca, 90266	"{""id"": 0, ""street"": ""1500 ROSECRANS AVE SUITE 200"", ""city"": ""MANHATTAN BEACH"", ""state"": ""CA"", ""zip"": ""90266""}"	No_Match	272
019ab3f9-f686-72d3-ebe1-8851cb9e4b20	4156 Southbank Rd, Oxnard, Ca, 93036	"{""id"": 0, ""street"": ""4156 SOUTHBANK RD"", ""city"": ""OXNARD"", ""state"": ""CA"", ""zip"": ""93036""}"	No_Match	268
019ab400-f49f-72d7-ad30-f0db44a79c38	2001 Airport Rd S, Naples, Fl, 34112	"{""id"": 0, ""street"": ""2001 AIRPORT RD S"", ""city"": ""NAPLES"", ""state"": ""FL"", ""zip"": ""34112""}"	No_Match	266
019ab3ef-9451-74d4-dd0e-c3780591839c	101 Station Landing Suite 510, Medford, Ma, 02155	"{""id"": 0, ""street"": ""101 STATION LANDING SUITE 510"", ""city"": ""MEDFORD"", ""state"": ""MA"", ""zip"": ""02155""}"	No_Match	264
019ab3e0-e5a1-7272-833f-f7b2003314c0	1220 Fifth Avenue, New York, Ny, 10029	"{""id"": 0, ""street"": ""1220 FIFTH AVENUE"", ""city"": ""NEW YORK"", ""state"": ""NY"", ""zip"": ""10029""}"	No_Match	264
019ab3e2-87e6-7472-5baf-98729f48a73c	650 Clark Way, Palo Alto, Ca, 94304	"{""id"": 0, ""street"": ""650 Clark Way"", ""city"": ""Palo Alto"", ""state"": ""CA"", ""zip"": ""94304""}"	No_Match	264
019ab3ff-aa0a-7de9-d6a8-e89c0d31c578	Us Bank Lockbox 78807, Milwaukee, Wi, 53278	"{""id"": 0, ""street"": ""US BANK LOCKBOX 78807"", ""city"": ""MILWAUKEE"", ""state"": ""WI"", ""zip"": ""53278""}"	No_Match	264
019ab5e1-0be9-7b4d-1910-97b28927cf5c	485 Broadway Mail Code 8838, Redwood City, Ca, 94063	"{""id"": 0, ""street"": ""485 BROADWAY MAIL CODE 8838"", ""city"": ""REDWOOD CITY"", ""state"": ""CA"", ""zip"": ""94063""}"	No_Match	263
019ab436-eada-7a89-e20d-53c3c350bb7c	900 South Crouse Ave, Syracuse, Ny, 13244	"{""id"": 0, ""street"": ""900 SOUTH CROUSE AVE"", ""city"": ""SYRACUSE"", ""state"": ""NY"", ""zip"": ""13244""}"	No_Match	262
019ab3ec-c276-746a-7983-74f8f259145c	415 South St, Waltham, Ma, 02453	"{""id"": 0, ""street"": ""415 SOUTH ST"", ""city"": ""WALTHAM"", ""state"": ""MA"", ""zip"": ""02453""}"	No_Match	262
019ab3ea-5b21-7712-2c72-7e2365d15538	100 Purpose Rd, Pippa Passes, Ky, 41844	"{""id"": 0, ""street"": ""100 PURPOSE RD"", ""city"": ""Pippa Passes"", ""state"": ""KY"", ""zip"": ""41844""}"	No_Match	262
019ab70d-44a8-7d41-868d-4f18cba3f798	231 Main Street, Toms River, Nj, 08754	"{""id"": 0, ""street"": ""231 MAIN STREET"", ""city"": ""TOMS RIVER"", ""state"": ""NJ"", ""zip"": ""08754""}"	No_Match	262
019ab3f7-2e9f-7bb7-c87f-72c5c097e4f8	One Symphony Place, Nashville, Tn, 37201	"{""id"": 0, ""street"": ""ONE SYMPHONY PLACE"", ""city"": ""NASHVILLE"", ""state"": ""TN"", ""zip"": ""37201""}"	No_Match	260
019ab400-3cff-7108-f27e-2cdc236d5564	1940 Cannery Way, Orlando, Fl, 32804	"{""id"": 0, ""street"": ""1940 CANNERY WAY"", ""city"": ""ORLANDO"", ""state"": ""FL"", ""zip"": ""32804""}"	No_Match	258
019ab419-26f1-7082-9902-0a55518f055c	100 Morrissey Blvd, Boston, Ma, 02125	"{""id"": 0, ""street"": ""100 MORRISSEY BLVD"", ""city"": ""BOSTON"", ""state"": ""MA"", ""zip"": ""02125""}"	No_Match	258
019ab7ae-f841-7476-d2df-fe27d166e27c	C/O Reidsville Area Foundation 124, Reidsville, Nc, 27320	"{""id"": 0, ""street"": ""C/O REIDSVILLE AREA FOUNDATION 124"", ""city"": ""REIDSVILLE"", ""state"": ""NC"", ""zip"": ""27320""}"	No_Match	258
019ab701-d71f-77a5-2224-fb5804ae3ce0	Available On Request, Salem, Ma, 01970	"{""id"": 0, ""street"": ""AVAILABLE ON REQUEST"", ""city"": ""SALEM"", ""state"": ""MA"", ""zip"": ""01970""}"	No_Match	256
019ab3e4-4e2e-75a1-e3b8-91a609f9571c	1 Campus Drive, Allendale, Mi, 49401	"{""id"": 0, ""street"": ""1 Campus Drive"", ""city"": ""Allendale"", ""state"": ""MI"", ""zip"": ""49401""}"	No_Match	256
019ab849-19fa-7f08-b376-6643f43e5134	Office Of Student Financial, Pullman, Wa, 99164	"{""id"": 0, ""street"": ""OFFICE OF STUDENT FINANCIAL"", ""city"": ""PULLMAN"", ""state"": ""WA"", ""zip"": ""99164""}"	No_Match	256
019ab3eb-1f88-76ea-5854-30641e4cd3ec	Po Drawer 2440, Tupelo, Ms, 38803	"{""id"": 0, ""street"": ""PO DRAWER 2440"", ""city"": ""TUPELO"", ""state"": ""MS"", ""zip"": ""38803""}"	No_Match	254
019ab7be-9027-767d-cf86-f5dc9045961c	C/O Foundation 132 West 31Th Street, New York, Ny, 10001	"{""id"": 0, ""street"": ""C/O FOUNDATION 132 WEST 31TH STREET"", ""city"": ""NEW YORK"", ""state"": ""NY"", ""zip"": ""10001""}"	No_Match	254
019ab40b-668c-7ff2-49e0-f00d50b15ea8	1086 Teaneck Road Suite 2G, Teaneck, Nj, 07666	"{""id"": 0, ""street"": ""1086 TEANECK ROAD SUITE 2G"", ""city"": ""TEANECK"", ""state"": ""NJ"", ""zip"": ""07666""}"	No_Match	253
019ab3f0-4575-7159-c0b0-68e874da0aec	230 Jesse Hall, Columbia, Mo, 65211	"{""id"": 0, ""street"": ""230 JESSE HALL"", ""city"": ""COLUMBIA"", ""state"": ""MO"", ""zip"": ""65211""}"	No_Match	250
019ab3eb-71fc-77f7-49e5-2e368079c3f0	3400 Vine St, Cincinnati, Oh, 45220	"{""id"": 0, ""street"": ""3400 VINE ST"", ""city"": ""CINCINNATI"", ""state"": ""OH"", ""zip"": ""45220""}"	No_Match	250
019ab3f8-16bf-7fd2-a8f6-5f153a5cc12c	1201 N Galvin Parkway, Phoenix, Az, 85008	"{""id"": 0, ""street"": ""1201 N GALVIN PARKWAY"", ""city"": ""PHOENIX"", ""state"": ""AZ"", ""zip"": ""85008""}"	No_Match	250
019ab849-215f-7887-b86a-7bf93dec22f4	Contact Org, Contact Org, Pa, 12345	"{""id"": 0, ""street"": ""Contact Org"", ""city"": ""Contact Org"", ""state"": ""PA"", ""zip"": ""12345""}"	No_Match	250
019ab413-e8d8-7374-75b9-f999c3f167b4	200 1St Street Sw, Rochester, Mn, 55905	"{""id"": 0, ""street"": ""200 1ST STREET SW"", ""city"": ""ROCHESTER"", ""state"": ""MN"", ""zip"": ""55905""}"	No_Match	249
019ab3e3-de87-7f62-d87b-97376d47afe8	475 Riverside Drive Suite 960, New York, Ny, 10115	"{""id"": 0, ""street"": ""475 RIVERSIDE DRIVE SUITE 960"", ""city"": ""NEW YORK"", ""state"": ""NY"", ""zip"": ""10115""}"	No_Match	248
019ab3f2-ca9d-7454-a545-bcf845df5408	5500 Caruth Haven Ln, Dallas, Tx, 75225	"{""id"": 0, ""street"": ""5500 CARUTH HAVEN LN"", ""city"": ""DALLAS"", ""state"": ""TX"", ""zip"": ""75225""}"	No_Match	248
019ab3f1-1615-770d-8f6a-8b81eba054d4	170 Longview Road, Far Hills, Nj, 07931	"{""id"": 0, ""street"": ""170 LONGVIEW ROAD"", ""city"": ""FAR HILLS"", ""state"": ""NJ"", ""zip"": ""07931""}"	No_Match	248
019ab3e6-365a-7e6d-7541-d7564702f610	University Park, Los Angeles, Ca, 90089	"{""id"": 0, ""street"": ""UNIVERSITY PARK"", ""city"": ""LOS ANGELES"", ""state"": ""CA"", ""zip"": ""90089""}"	No_Match	246
019ab3ff-c48d-73e5-0144-b9d0f965877c	400 Cedar Avenue, West Long Branch, Nj, 07764	"{""id"": 0, ""street"": ""400 CEDAR AVENUE"", ""city"": ""WEST LONG BRANCH"", ""state"": ""NJ"", ""zip"": ""07764""}"	No_Match	246
019ab3ea-ee06-73d5-585c-9a58c2c010cc	3301 College Avenue, Fort Lauderdale, Fl, 33314	"{""id"": 0, ""street"": ""3301 COLLEGE AVENUE"", ""city"": ""FORT LAUDERDALE"", ""state"": ""FL"", ""zip"": ""33314""}"	No_Match	246
019ab3e1-52ea-7eca-eafe-1ae8a5c1e674	1483 Alaskan Way Pier 59, Seattle, Wa, 98101	"{""id"": 0, ""street"": ""1483 ALASKAN WAY PIER 59"", ""city"": ""SEATTLE"", ""state"": ""WA"", ""zip"": ""98101""}"	No_Match	246
019ab3f6-22c6-79b2-d73b-b998ba9b3128	4100 Illinois Route 53, Lisle, Il, 60532	"{""id"": 0, ""street"": ""4100 ILLINOIS ROUTE 53"", ""city"": ""LISLE"", ""state"": ""IL"", ""zip"": ""60532""}"	No_Match	246
019ab7c2-835a-7676-75b3-46c758c98524	40 Ragsdaleste 200, Monterey, Ca, 93940	"{""id"": 0, ""street"": ""40 RAGSDALESTE 200"", ""city"": ""MONTEREY"", ""state"": ""CA"", ""zip"": ""93940""}"	No_Match	246
019ab405-dd56-7475-c738-9ee6c29f30f0	500 Salisbury Street, Worcester, Ma, 01609	"{""id"": 0, ""street"": ""500 SALISBURY STREET"", ""city"": ""WORCESTER"", ""state"": ""MA"", ""zip"": ""01609""}"	No_Match	245
019ab400-b9ff-786a-ffe9-7a3da7f53e3c	1116 Edgewood Ave N Units D/E, Jacksonville, Fl, 32254	"{""id"": 0, ""street"": ""1116 EDGEWOOD AVE N UNITS D/E"", ""city"": ""JACKSONVILLE"", ""state"": ""FL"", ""zip"": ""32254""}"	No_Match	242
019ab406-9059-7f33-9622-f6ffdc04f154	2600 Benjamin Franklin Pkwy, Philadelphia, Pa, 19130	"{""id"": 0, ""street"": ""2600 BENJAMIN FRANKLIN PKWY"", ""city"": ""PHILADELPHIA"", ""state"": ""PA"", ""zip"": ""19130""}"	No_Match	242
019ab3ee-ae01-7a16-6dc3-4f41e7a6ba58	5800 N Patriot Dr, Owasso, Ok, 74055	"{""id"": 0, ""street"": ""5800 N PATRIOT DR"", ""city"": ""OWASSO"", ""state"": ""OK"", ""zip"": ""74055""}"	No_Match	242
019ab3e0-adbd-73f4-2f8b-2429fe2656ec	700 Exposition Park Drive, Los Angeles, Ca, 90037	"{""id"": 0, ""street"": ""700 EXPOSITION PARK DRIVE"", ""city"": ""LOS ANGELES"", ""state"": ""CA"", ""zip"": ""90037""}"	No_Match	242
019ab3f6-7578-7eb5-128d-d190b6c20210	101 Merritt 7 Corporate Park, Norwalk, Ct, 06851	"{""id"": 0, ""street"": ""101 MERRITT 7 CORPORATE PARK"", ""city"": ""NORWALK"", ""state"": ""CT"", ""zip"": ""06851""}"	No_Match	242
019ab3f4-bcf8-7a14-1d15-0937fc6e50d4	One Dent Drive, Lewisburg, Pa, 17837	"{""id"": 0, ""street"": ""ONE DENT DRIVE"", ""city"": ""LEWISBURG"", ""state"": ""PA"", ""zip"": ""17837""}"	No_Match	241
019ab3ee-c26d-7023-c3f6-1ba7d30e8cb4	Central Wharf, Boston, Ma, 02110	"{""id"": 0, ""street"": ""CENTRAL WHARF"", ""city"": ""BOSTON"", ""state"": ""MA"", ""zip"": ""02110""}"	No_Match	240
019ab3e8-28c9-7675-9695-3caadd6097a8	2300 Steele Street, Denver, Co, 80205	"{""id"": 0, ""street"": ""2300 STEELE STREET"", ""city"": ""DENVER"", ""state"": ""CO"", ""zip"": ""80205""}"	No_Match	240
019ab3e7-985e-7d74-6348-4fe9aadfb458	483 Great House Road, Stratford, Va, 22558	"{""id"": 0, ""street"": ""483 GREAT HOUSE ROAD"", ""city"": ""STRATFORD"", ""state"": ""VA"", ""zip"": ""22558""}"	No_Match	240
019ab75d-1914-7362-ac7c-80b9e57325ac	King Street Station, Alexandria, Va, 22314	"{""id"": 0, ""street"": ""KING STREET STATION"", ""city"": ""ALEXANDRIA"", ""state"": ""VA"", ""zip"": ""22314""}"	No_Match	238
019ab76f-f2fd-7ba8-4f20-60ad195d0598	C/O Windels Et Al, New York, Ny, 10019	"{""id"": 0, ""street"": ""C/O WINDELS ET AL"", ""city"": ""NEW YORK"", ""state"": ""NY"", ""zip"": ""10019""}"	No_Match	238
019ab3f2-f8e7-7850-0400-1ce7731dd838	287 Rivers St, Boone, Nc, 28608	"{""id"": 0, ""street"": ""287 RIVERS ST"", ""city"": ""BOONE"", ""state"": ""NC"", ""zip"": ""28608""}"	No_Match	236
019ab3ee-bd95-7089-39be-03b47f215568	Elm Carlton Streets, Buffalo, Ny, 14263	"{""id"": 0, ""street"": ""ELM CARLTON STREETS"", ""city"": ""BUFFALO"", ""state"": ""NY"", ""zip"": ""14263""}"	No_Match	236
019ab40c-4ea1-7738-f317-37728c02655c	1419 Salt Springs Rd, Syracuse, Ny, 13214	"{""id"": 0, ""street"": ""1419 SALT SPRINGS RD"", ""city"": ""SYRACUSE"", ""state"": ""NY"", ""zip"": ""13214""}"	No_Match	236
019ab419-30bd-74bc-a440-e65558866208	800 S Tucker Dr, Tulsa, Ok, 74104	"{""id"": 0, ""street"": ""800 S TUCKER DR"", ""city"": ""TULSA"", ""state"": ""OK"", ""zip"": ""74104""}"	No_Match	236
019ab3e1-4f0b-70a3-9f72-e8f082cd67a0	147 Prince Street, Brooklyn, Ny, 11201	"{""id"": 0, ""street"": ""147 Prince Street"", ""city"": ""Brooklyn"", ""state"": ""NY"", ""zip"": ""11201""}"	No_Match	235
019ab403-f94c-7ff0-e178-c3cec163de24	Columbia Point, Boston, Ma, 02125	"{""id"": 0, ""street"": ""COLUMBIA POINT"", ""city"": ""BOSTON"", ""state"": ""MA"", ""zip"": ""02125""}"	No_Match	234
019ab3ee-f5b2-7fe0-9f54-f0e50bd24f28	5200 Enrique M Barrera Parkway, San Antonio, Tx, 78227	"{""id"": 0, ""street"": ""5200 Enrique M Barrera Parkway"", ""city"": ""San Antonio"", ""state"": ""TX"", ""zip"": ""78227""}"	No_Match	234
019ab400-51f3-7221-32a5-265467a9188c	2500 Jupiter Park Drive, Jupiter, Fl, 33458	"{""id"": 0, ""street"": ""2500 JUPITER PARK DRIVE"", ""city"": ""JUPITER"", ""state"": ""FL"", ""zip"": ""33458""}"	No_Match	234
019ab5e0-e539-783d-c234-122064ded97c	901 8Th St S, Moorhead, Mn, 56562	"{""id"": 0, ""street"": ""901 8th St S"", ""city"": ""Moorhead"", ""state"": ""MN"", ""zip"": ""56562""}"	No_Match	234
019ab40e-ff1c-79b4-d5eb-7007f9051298	10711 Kipp Way, Houston, Tx, 77099	"{""id"": 0, ""street"": ""10711 KIPP WAY"", ""city"": ""HOUSTON"", ""state"": ""TX"", ""zip"": ""77099""}"	No_Match	233
019ab3f0-1aec-78ef-3082-94472e7f610c	See Attached, See Attached, Ri, 02903	"{""id"": 0, ""street"": ""SEE ATTACHED"", ""city"": ""SEE ATTACHED"", ""state"": ""RI"", ""zip"": ""02903""}"	No_Match	232
019ab437-123e-7baa-b56d-df2dd6d7d468	266 Woods Hole Road, Woods Hole, Ma, 02543	"{""id"": 0, ""street"": ""266 WOODS HOLE ROAD"", ""city"": ""WOODS HOLE"", ""state"": ""MA"", ""zip"": ""02543""}"	No_Match	232
019ab701-d06e-7519-f2e1-076c0a99a464	1 Seeing Eye Way, Morristown, Nj, 07960	"{""id"": 0, ""street"": ""1 SEEING EYE WAY"", ""city"": ""MORRISTOWN"", ""state"": ""NJ"", ""zip"": ""07960""}"	No_Match	232
019ab7a5-b7d7-7c53-2b41-e33a5e09784c	C/O Harland Foundation 2 Piedmont, Atlanta, Ga, 30305	"{""id"": 0, ""street"": ""C/O HARLAND FOUNDATION 2 PIEDMONT"", ""city"": ""ATLANTA"", ""state"": ""GA"", ""zip"": ""30305""}"	No_Match	232
019ab3ed-beda-7089-1996-1e9e703f99d8	1600 21St Street Nw, Washington, Dc, 20009	"{""id"": 0, ""street"": ""1600 21ST STREET NW"", ""city"": ""WASHINGTON"", ""state"": ""DC"", ""zip"": ""20009""}"	No_Match	232
019ab419-20ad-792b-1dc8-30fb9ad36fe4	57 Us Highway 1, New Brunswick, Nj, 08901	"{""id"": 0, ""street"": ""57 US HIGHWAY 1"", ""city"": ""NEW BRUNSWICK"", ""state"": ""NJ"", ""zip"": ""08901""}"	No_Match	232
019ab40b-fa59-7493-aeff-1743b91964e0	301 Freedom Place South, New York, Ny, 10069	"{""id"": 0, ""street"": ""301 FREEDOM PLACE SOUTH"", ""city"": ""NEW YORK"", ""state"": ""NY"", ""zip"": ""10069""}"	No_Match	231
019ab436-f0fb-719f-bbd0-2338f49ac068	6191 College Station Drive, Williamsburg, Ky, 40769	"{""id"": 0, ""street"": ""6191 College Station Drive"", ""city"": ""Williamsburg"", ""state"": ""KY"", ""zip"": ""40769""}"	No_Match	230
019ab3f0-a568-7c16-2e8a-3f8d1629aaa0	201 Van Ness Avenue, San Francisco, Ca, 94102	"{""id"": 0, ""street"": ""201 VAN NESS AVENUE"", ""city"": ""SAN FRANCISCO"", ""state"": ""CA"", ""zip"": ""94102""}"	No_Match	230
019ab409-dfdd-71db-6058-7a54bb21af14	6220 Thermal Road, Charlotte, Nc, 28211	"{""id"": 0, ""street"": ""6220 THERMAL ROAD"", ""city"": ""CHARLOTTE"", ""state"": ""NC"", ""zip"": ""28211""}"	No_Match	230
019ab3eb-5b09-7ac3-5316-5d7751bffcec	5501 Old York Road, Philadelphia, Pa, 19141	"{""id"": 0, ""street"": ""5501 OLD YORK ROAD"", ""city"": ""PHILADELPHIA"", ""state"": ""PA"", ""zip"": ""19141""}"	No_Match	228
019ab3f2-16f4-756c-8433-aa17a0480c8c	4156 Southbank Road, Oxnard, Ca, 93036	"{""id"": 0, ""street"": ""4156 SOUTHBANK ROAD"", ""city"": ""OXNARD"", ""state"": ""CA"", ""zip"": ""93036""}"	No_Match	228
019ab437-05af-747e-13b5-92db4a9055a8	1776 Avenue Of The States, Lexington, Ky, 40511	"{""id"": 0, ""street"": ""1776 Avenue of the States"", ""city"": ""Lexington"", ""state"": ""KY"", ""zip"": ""40511""}"	No_Match	228
019ab419-2c5f-7d39-0d01-ddf30caa0f70	95 Bradhurst Avenue, Valhalla, Ny, 10595	"{""id"": 0, ""street"": ""95 BRADHURST AVENUE"", ""city"": ""VALHALLA"", ""state"": ""NY"", ""zip"": ""10595""}"	No_Match	228
019ab3ec-bd91-7602-5485-8c8c9985ec70	12 Capen Hall, Buffalo, Ny, 14260	"{""id"": 0, ""street"": ""12 CAPEN HALL"", ""city"": ""BUFFALO"", ""state"": ""NY"", ""zip"": ""14260""}"	No_Match	228
019ab3e4-90a9-7cde-2d4f-44ea8c7afa30	1 Campus Dr, Allendale, Mi, 49401	"{""id"": 0, ""street"": ""1 CAMPUS DR"", ""city"": ""ALLENDALE"", ""state"": ""MI"", ""zip"": ""49401""}"	No_Match	227
019ab3e3-db74-7138-b523-f83ad4b3faf4	475 Riverside Drive Suite 900, New York, Ny, 10115	"{""id"": 0, ""street"": ""475 RIVERSIDE DRIVE SUITE 900"", ""city"": ""NEW YORK"", ""state"": ""NY"", ""zip"": ""10115""}"	No_Match	227
019ab3e8-5db2-7e19-dfde-034a58b8989c	515 Loudon Road, Loudonville, Ny, 12211	"{""id"": 0, ""street"": ""515 Loudon Road"", ""city"": ""Loudonville"", ""state"": ""NY"", ""zip"": ""12211""}"	No_Match	226
019ab76f-eda7-7218-0352-3f7d72cda528	860 Dolwick Dr, Erlanger, Ky, 41018	"{""id"": 0, ""street"": ""860 DOLWICK DR"", ""city"": ""ERLANGER"", ""state"": ""KY"", ""zip"": ""41018""}"	No_Match	226
019ab7ca-a68c-7eac-7ac4-24cacccb4c4c	C/O Crestlea Foundation 100 W 10Th, Wilmington, De, 19801	"{""id"": 0, ""street"": ""C/O CRESTLEA FOUNDATION 100 W 10TH"", ""city"": ""WILMINGTON"", ""state"": ""DE"", ""zip"": ""19801""}"	No_Match	226
019ab5e0-ed69-74d2-67f2-cba42e4dcb00	2195 Nolensville Pike, Nashville, Tn, 37211	"{""id"": 0, ""street"": ""2195 NOLENSVILLE PIKE"", ""city"": ""NASHVILLE"", ""state"": ""TN"", ""zip"": ""37211""}"	No_Match	224
019ab76d-0024-761d-885d-184638176584	C/O The Sapelo Foundation 2 Bryan, Savannah, Ga, 31401	"{""id"": 0, ""street"": ""C/O THE SAPELO FOUNDATION 2 BRYAN"", ""city"": ""SAVANNAH"", ""state"": ""GA"", ""zip"": ""31401""}"	No_Match	224
019ab76a-af65-7aab-66d3-a2d42652c160	200 Bellevue Parkway Suite 525, Wilmington, De, 19808	"{""id"": 0, ""street"": ""200 BELLEVUE PARKWAY SUITE 525"", ""city"": ""WILMINGTON"", ""state"": ""DE"", ""zip"": ""19808""}"	No_Match	224
019ab40a-edae-7374-90f4-b67d14196efc	One Positive Place, Nashua, Nh, 03060	"{""id"": 0, ""street"": ""ONE POSITIVE PLACE"", ""city"": ""NASHUA"", ""state"": ""NH"", ""zip"": ""03060""}"	No_Match	224
019ab401-eef0-7d4d-828c-2794b062ce34	6016 Mcnutt Hall, Hanover, Nh, 03755	"{""id"": 0, ""street"": ""6016 MCNUTT HALL"", ""city"": ""HANOVER"", ""state"": ""NH"", ""zip"": ""03755""}"	No_Match	224
019ab3e1-a2bf-71be-419d-ecc8ee5b609c	0210 Beardshear Hall, Ames, Ia, 50011	"{""id"": 0, ""street"": ""0210 BEARDSHEAR HALL"", ""city"": ""AMES"", ""state"": ""IA"", ""zip"": ""50011""}"	No_Match	222
019ab3ef-9530-798d-7150-2028b6bac140	2943 Smu Blvd, Dallas, Tx, 75205	"{""id"": 0, ""street"": ""2943 SMU BLVD"", ""city"": ""DALLAS"", ""state"": ""TX"", ""zip"": ""75205""}"	No_Match	221
019ab3ed-d137-7228-0e8c-912a86cffe30	1946 Campus Drive, Hyde Park, Ny, 12538	"{""id"": 0, ""street"": ""1946 CAMPUS DRIVE"", ""city"": ""HYDE PARK"", ""state"": ""NY"", ""zip"": ""12538""}"	No_Match	221
019ab3ec-42f8-71f6-8def-5f283fa75834	1201 15Th St Nw, Washington, Dc, 20005	"{""id"": 0, ""street"": ""1201 15TH ST NW"", ""city"": ""WASHINGTON"", ""state"": ""DC"", ""zip"": ""20005""}"	No_Match	220
019ab5e0-f398-71b9-59c2-d3c61d0c3f9c	Street Address Not Provided, Canton, Il, 61520	"{""id"": 0, ""street"": ""STREET ADDRESS NOT PROVIDED"", ""city"": ""Canton"", ""state"": ""IL"", ""zip"": ""61520""}"	No_Match	220
019ab40e-0b36-7831-cdb2-ab114e696278	100 Save The Bay Dr, Providence, Ri, 02905	"{""id"": 0, ""street"": ""100 SAVE THE BAY DR"", ""city"": ""PROVIDENCE"", ""state"": ""RI"", ""zip"": ""02905""}"	No_Match	220
019ab402-8353-7f18-8432-043470f27eac	1 Press Place Suite 101, Athens, Ga, 30602	"{""id"": 0, ""street"": ""1 PRESS PLACE SUITE 101"", ""city"": ""ATHENS"", ""state"": ""GA"", ""zip"": ""30602""}"	No_Match	220
019ab733-7ad7-7880-ddf4-d6b4fa389d00	Na, Na, Ny, 10022	"{""id"": 0, ""street"": ""NA"", ""city"": ""NA"", ""state"": ""NY"", ""zip"": ""10022""}"	No_Match	220
019ab40b-43a7-7cfd-f4cc-0eee6740a620	1384 Perrineville Road, Monroe Township, Nj, 08831	"{""id"": 0, ""street"": ""1384 PERRINEVILLE ROAD"", ""city"": ""MONROE TOWNSHIP"", ""state"": ""NJ"", ""zip"": ""08831""}"	No_Match	220
019ab436-f8f8-7543-7134-4e12b930e4bc	200 N Maple Ave, Greenwich, Ct, 06830	"{""id"": 0, ""street"": ""200 N MAPLE AVE"", ""city"": ""GREENWICH"", ""state"": ""CT"", ""zip"": ""06830""}"	No_Match	220
019ab3ec-cd2f-7781-5f15-bcf69709159c	2401 Virginia Ave Nw, Washington, Dc, 20037	"{""id"": 0, ""street"": ""2401 VIRGINIA AVE NW"", ""city"": ""WASHINGTON"", ""state"": ""DC"", ""zip"": ""20037""}"	No_Match	220
019ab3e6-cfe7-71b1-f234-1eef1d073100	201 Van Ness Ave, San Francisco, Ca, 94102	"{""id"": 0, ""street"": ""201 VAN NESS AVE"", ""city"": ""SAN FRANCISCO"", ""state"": ""CA"", ""zip"": ""94102""}"	No_Match	218
019ab419-2801-77a1-c325-8714ba67802c	1200 East California Boulevard, Pasadena, Ca, 91125	"{""id"": 0, ""street"": ""1200 East California Boulevard"", ""city"": ""Pasadena"", ""state"": ""CA"", ""zip"": ""91125""}"	No_Match	218
019ab419-201d-76be-7aae-3a149b70ca68	300 Arnold Palmer Boulevard, Norton, Ma, 02766	"{""id"": 0, ""street"": ""300 ARNOLD PALMER BOULEVARD"", ""city"": ""NORTON"", ""state"": ""MA"", ""zip"": ""02766""}"	No_Match	218
019ab3eb-f832-7849-6689-666c3f9becac	2500 Main Street, Lawrenceville, Nj, 08648	"{""id"": 0, ""street"": ""2500 MAIN STREET"", ""city"": ""LAWRENCEVILLE"", ""state"": ""NJ"", ""zip"": ""08648""}"	No_Match	216
019ab419-25db-7084-0661-958b1d0aa3b8	1 University Of Arkansas, Fayetteville, Ar, 72701	"{""id"": 0, ""street"": ""1 UNIVERSITY OF ARKANSAS"", ""city"": ""FAYETTEVILLE"", ""state"": ""AR"", ""zip"": ""72701""}"	No_Match	216
019ab3ec-8ee5-790f-60f6-09359f7da540	951 Isha Ln, Mcminnville, Tn, 37110	"{""id"": 0, ""street"": ""951 ISHA LN"", ""city"": ""MCMINNVILLE"", ""state"": ""TN"", ""zip"": ""37110""}"	No_Match	216
019ab419-2985-7654-32f0-f90d3fbaee8c	2401 Virginia Avenue Nw, Washington, Dc, 20037	"{""id"": 0, ""street"": ""2401 VIRGINIA AVENUE NW"", ""city"": ""WASHINGTON"", ""state"": ""DC"", ""zip"": ""20037""}"	No_Match	216
019ab707-0177-7883-c647-4fed9a35762c	900 Hope Way, Altamonte Springs, Fl, 32714	"{""id"": 0, ""street"": ""900 Hope Way"", ""city"": ""Altamonte Springs"", ""state"": ""FL"", ""zip"": ""32714""}"	No_Match	216
019ab3e2-19a3-7c37-73dd-8a54694d03c4	4500 S Cockrell Hill Road, Dallas, Tx, 75236	"{""id"": 0, ""street"": ""4500 S COCKRELL HILL ROAD"", ""city"": ""DALLAS"", ""state"": ""TX"", ""zip"": ""75236""}"	No_Match	216
019ab3f5-1064-73be-faa2-487bddbad8d4	2001 Airport Road South, Naples, Fl, 34112	"{""id"": 0, ""street"": ""2001 AIRPORT ROAD SOUTH"", ""city"": ""NAPLES"", ""state"": ""FL"", ""zip"": ""34112""}"	No_Match	215
019ab849-2434-7b06-007d-9c27cb09e624	Detailed Address Information, New York, Ny, 10022	"{""id"": 0, ""street"": ""DETAILED ADDRESS INFORMATION"", ""city"": ""NEW YORK"", ""state"": ""NY"", ""zip"": ""10022""}"	No_Match	214
019ab3e9-e042-7c68-03e7-163c67b18834	2600 Benjamin Franklin Parkway, Philadelphia, Pa, 19130	"{""id"": 0, ""street"": ""2600 Benjamin Franklin Parkway"", ""city"": ""Philadelphia"", ""state"": ""PA"", ""zip"": ""19130""}"	No_Match	214
019ab412-1fab-7170-050d-1af94512b660	1801 W Olympic Blvd, Pasadena, Ca, 91199	"{""id"": 0, ""street"": ""1801 W OLYMPIC BLVD"", ""city"": ""PASADENA"", ""state"": ""CA"", ""zip"": ""91199""}"	No_Match	213
019ab419-2898-7f44-6846-ae143f7321a0	255 Grapevine Road, Wenham, Ma, 01984	"{""id"": 0, ""street"": ""255 GRAPEVINE ROAD"", ""city"": ""WENHAM"", ""state"": ""MA"", ""zip"": ""01984""}"	No_Match	213
019ab40b-a774-7e08-18af-476fd993df28	550 Italy Drive, Sparks, Nv, 89437	"{""id"": 0, ""street"": ""550 ITALY DRIVE"", ""city"": ""SPARKS"", ""state"": ""NV"", ""zip"": ""89437""}"	No_Match	212
019ab3f2-2ab0-7b8e-2e35-8efbfcebe828	32 Campus Dr, Missoula, Mt, 59812	"{""id"": 0, ""street"": ""32 CAMPUS DR"", ""city"": ""MISSOULA"", ""state"": ""MT"", ""zip"": ""59812""}"	No_Match	212
019ab5e1-1511-7810-854c-e45b7200d8b4	4790 N State Road 7, Lauderdale Lakes, Fl, 33319	"{""id"": 0, ""street"": ""4790 N STATE ROAD 7"", ""city"": ""LAUDERDALE LAKES"", ""state"": ""FL"", ""zip"": ""33319""}"	No_Match	211
019ab436-f124-7804-3502-c6d3801ee4c4	6301 Kirkwood Blvd Sw, Cedar Rapids, Ia, 52404	"{""id"": 0, ""street"": ""6301 KIRKWOOD BLVD SW"", ""city"": ""CEDAR RAPIDS"", ""state"": ""IA"", ""zip"": ""52404""}"	No_Match	210
019ab3ee-31b1-7251-119b-36ea38c77a9c	Princeton University, Princeton, Nj, 08544	"{""id"": 0, ""street"": ""PRINCETON UNIVERSITY"", ""city"": ""PRINCETON"", ""state"": ""NJ"", ""zip"": ""08544""}"	No_Match	210
019ab419-21d8-712d-7a14-b94034ecda34	100 Maher Ave, Greenwich, Ct, 06830	"{""id"": 0, ""street"": ""100 MAHER AVE"", ""city"": ""GREENWICH"", ""state"": ""CT"", ""zip"": ""06830""}"	No_Match	210
019ab3f6-6dda-7205-3806-3daae4dd47dc	95 Bradhurst Ave, Valhalla, Ny, 10595	"{""id"": 0, ""street"": ""95 BRADHURST AVE"", ""city"": ""VALHALLA"", ""state"": ""NY"", ""zip"": ""10595""}"	No_Match	210
019ab3ff-9ba8-736a-3048-d03fc8e62638	2103 Coral Way 2Nd Floor, Miami, Fl, 33145	"{""id"": 0, ""street"": ""2103 CORAL WAY 2ND FLOOR"", ""city"": ""MIAMI"", ""state"": ""FL"", ""zip"": ""33145""}"	No_Match	210
019ab3e6-2af1-7961-5cc7-1563c210248c	One College Drive, Bennington, Vt, 05201	"{""id"": 0, ""street"": ""ONE COLLEGE DRIVE"", ""city"": ""BENNINGTON"", ""state"": ""VT"", ""zip"": ""05201""}"	No_Match	210
019ab707-0660-7a23-7323-883b3aa95450	9040 Sunset Drive, Miami, Fl, 33173	"{""id"": 0, ""street"": ""9040 SUNSET DRIVE"", ""city"": ""MIAMI"", ""state"": ""FL"", ""zip"": ""33173""}"	No_Match	210
019ab72c-fb59-76d5-eb7c-d493658b421c	Office Of Scholarship Services Po, Pullman, Wa, 99164	"{""id"": 0, ""street"": ""OFFICE OF SCHOLARSHIP SERVICES PO"", ""city"": ""PULLMAN"", ""state"": ""WA"", ""zip"": ""99164""}"	No_Match	208
019ab419-2985-7261-ce8d-36bae3e571d8	8600 Mcdonogh Road, Owings Mills, Md, 21117	"{""id"": 0, ""street"": ""8600 MCDONOGH ROAD"", ""city"": ""OWINGS MILLS"", ""state"": ""MD"", ""zip"": ""21117""}"	No_Match	208
019ab419-2cbc-76f0-9700-eaf627548648	Walla Walla Wa, Walla Walla, Wa, 99362	"{""id"": 0, ""street"": ""WALLA WALLA WA"", ""city"": ""WALLA WALLA"", ""state"": ""WA"", ""zip"": ""99362""}"	No_Match	208
019ab410-50b3-7b41-6eb7-bd74d39fa0bc	407 Gerberding Hall, Seattle, Wa, 98195	"{""id"": 0, ""street"": ""407 GERBERDING HALL"", ""city"": ""SEATTLE"", ""state"": ""WA"", ""zip"": ""98195""}"	No_Match	207
019ab81e-5654-7d04-f358-b47dee660ed0	2 Park Ave - 17Th Floor, New York, Ny, 10016	"{""id"": 0, ""street"": ""2 PARK AVE - 17TH FLOOR"", ""city"": ""NEW YORK"", ""state"": ""NY"", ""zip"": ""10016""}"	No_Match	206
019ab40e-e7e6-7bf1-3601-e01d3911d7ec	1700 Hermann Drive, Houston, Tx, 77004	"{""id"": 0, ""street"": ""1700 HERMANN DRIVE"", ""city"": ""HOUSTON"", ""state"": ""TX"", ""zip"": ""77004""}"	No_Match	206
019ab437-09fd-7b68-9c09-eb8408640c58	230 Administration, Stony Brook, Ny, 11794	"{""id"": 0, ""street"": ""230 ADMINISTRATION"", ""city"": ""STONY BROOK"", ""state"": ""NY"", ""zip"": ""11794""}"	No_Match	206
019ab419-2aed-7e42-6448-a3a4ad7b08d0	5500 Campanile Dr, San Diego, Ca, 92182	"{""id"": 0, ""street"": ""5500 CAMPANILE DR"", ""city"": ""SAN DIEGO"", ""state"": ""CA"", ""zip"": ""92182""}"	No_Match	205
019ab3e8-fd2f-7cae-8fd8-61bc0937fc28	5555 Hermann Park Dr, Houston, Tx, 77030	"{""id"": 0, ""street"": ""5555 HERMANN PARK DR"", ""city"": ""HOUSTON"", ""state"": ""TX"", ""zip"": ""77030""}"	No_Match	204
019ab3ef-912a-7058-337e-0316d8963770	101 Broad Street, Plattsburgh, Ny, 12901	"{""id"": 0, ""street"": ""101 BROAD STREET"", ""city"": ""PLATTSBURGH"", ""state"": ""NY"", ""zip"": ""12901""}"	No_Match	204
019ab3fd-dc15-787d-b504-51aa73bc6a90	12301 Main Street, Houston, Tx, 77035	"{""id"": 0, ""street"": ""12301 Main Street"", ""city"": ""Houston"", ""state"": ""TX"", ""zip"": ""77035""}"	No_Match	204
019ab3ff-2091-7f63-8007-82f9cc2b39d4	5105 Kennett Pike, Winterthur, De, 19735	"{""id"": 0, ""street"": ""5105 KENNETT PIKE"", ""city"": ""WINTERTHUR"", ""state"": ""DE"", ""zip"": ""19735""}"	No_Match	204
019ab3ea-36d4-723f-29d0-039a3acaefa4	C/O Jad Consulting Llc, New York, Ny, 10006	"{""id"": 0, ""street"": ""C/O JAD CONSULTING LLC"", ""city"": ""NEW YORK"", ""state"": ""NY"", ""zip"": ""10006""}"	No_Match	204
019ab3f0-d97c-794a-bc4c-41cb603eec5c	715 Broadway Street, Quantico, Va, 22134	"{""id"": 0, ""street"": ""715 BROADWAY STREET"", ""city"": ""QUANTICO"", ""state"": ""VA"", ""zip"": ""22134""}"	No_Match	203
019ab3e1-24a6-7fae-013d-1a93028d81a8	475 Riverside Drive Suite 455, New York, Ny, 10115	"{""id"": 0, ""street"": ""475 RIVERSIDE DRIVE SUITE 455"", ""city"": ""NEW YORK"", ""state"": ""NY"", ""zip"": ""10115""}"	No_Match	202
019ab40c-aaa2-77b0-cdb9-c7849f3845e4	515 Loudon Rd, Loudonville, Ny, 12211	"{""id"": 0, ""street"": ""515 LOUDON RD"", ""city"": ""LOUDONVILLE"", ""state"": ""NY"", ""zip"": ""12211""}"	No_Match	202
019ab5e0-e01f-7299-4dd5-619835bb308c	200 N Arthur Ashe Blvd, Richmond, Va, 23220	"{""id"": 0, ""street"": ""200 N ARTHUR ASHE BLVD"", ""city"": ""RICHMOND"", ""state"": ""VA"", ""zip"": ""23220""}"	No_Match	202
019ab437-1308-74ff-73f9-b19c7d7269c8	1513 Cambridge Street, Houston, Tx, 77030	"{""id"": 0, ""street"": ""1513 CAMBRIDGE STREET"", ""city"": ""HOUSTON"", ""state"": ""TX"", ""zip"": ""77030""}"	No_Match	201
019ab5e0-fbca-798f-2498-6b155a2015b0	177 Holston Drive, Lancaster, Ca, 93535	"{""id"": 0, ""street"": ""177 HOLSTON DRIVE"", ""city"": ""LANCASTER"", ""state"": ""CA"", ""zip"": ""93535""}"	No_Match	200
019ab3f1-f25f-70ac-7bb6-13cd9492c6c0	898 Woodberry Forest Road, Woodberry Forest, Va, 22989	"{""id"": 0, ""street"": ""898 Woodberry Forest Road"", ""city"": ""Woodberry Forest"", ""state"": ""VA"", ""zip"": ""22989""}"	No_Match	200
019ab3df-d288-7cca-ba68-2ea6c3a7d640	2300 Steele St, Denver, Co, 80205	"{""id"": 0, ""street"": ""2300 STEELE ST"", ""city"": ""DENVER"", ""state"": ""CO"", ""zip"": ""80205""}"	No_Match	200
019ab745-47eb-75c3-ce0f-cfede9281f90	1 Glen Bell Way, Irvine, Ca, 92618	"{""id"": 0, ""street"": ""1 GLEN BELL WAY"", ""city"": ""IRVINE"", ""state"": ""CA"", ""zip"": ""92618""}"	No_Match	200
019ab3fe-f257-7aa3-28a5-08b5dd234bfc	260 Wall St, Eatontown, Nj, 07724	"{""id"": 0, ""street"": ""260 WALL ST"", ""city"": ""EATONTOWN"", ""state"": ""NJ"", ""zip"": ""07724""}"	No_Match	200
019ab419-30bb-7335-139e-f806a0305d08	University Park Campus, Los Angeles, Ca, 90089	"{""id"": 0, ""street"": ""UNIVERSITY PARK CAMPUS"", ""city"": ""LOS ANGELES"", ""state"": ""CA"", ""zip"": ""90089""}"	No_Match	198
019ab3f0-8a08-7099-f0d6-ca94f9c97e24	112 Shields Bldg, University Park, Pa, 16802	"{""id"": 0, ""street"": ""112 SHIELDS BLDG"", ""city"": ""UNIVERSITY PARK"", ""state"": ""PA"", ""zip"": ""16802""}"	No_Match	198
019ab3e1-60ab-7513-e1b3-c26058c7916c	1725 Eye Street Nw Suite 510, Washington, Dc, 20006	"{""id"": 0, ""street"": ""1725 EYE STREET NW SUITE 510"", ""city"": ""WASHINGTON"", ""state"": ""DC"", ""zip"": ""20006""}"	No_Match	198
019ab3e4-6710-75e3-5689-847103079e68	6425 Boaz Lane, Dallas, Tx, 75205	"{""id"": 0, ""street"": ""6425 BOAZ LANE"", ""city"": ""DALLAS"", ""state"": ""TX"", ""zip"": ""75205""}"	No_Match	198
019ab3e3-b241-7b2d-20a1-915fbe0fab6c	100 Wvia Way, Pittston, Pa, 18640	"{""id"": 0, ""street"": ""100 WVIA WAY"", ""city"": ""PITTSTON"", ""state"": ""PA"", ""zip"": ""18640""}"	No_Match	198
019ab419-26f0-7e3b-d882-f3d070b7ffa0	700 Arch Street, Pittsburgh, Pa, 15212	"{""id"": 0, ""street"": ""700 ARCH STREET"", ""city"": ""PITTSBURGH"", ""state"": ""PA"", ""zip"": ""15212""}"	No_Match	198
019ab403-c5a6-7bbc-4d66-aa7d0bc525a4	535 Chestnut Rd Rm 300, East Lansing, Mi, 48824	"{""id"": 0, ""street"": ""535 CHESTNUT RD RM 300"", ""city"": ""EAST LANSING"", ""state"": ""MI"", ""zip"": ""48824""}"	No_Match	198
019ab402-b61a-7e72-8cea-bdc4a015cf64	3700 Grand Ave, Des Moines, Ia, 50312	"{""id"": 0, ""street"": ""3700 GRAND AVE"", ""city"": ""DES MOINES"", ""state"": ""IA"", ""zip"": ""50312""}"	No_Match	197
019ab437-14e4-77b7-1ed0-b52d339884ac	347 Don Shula Dr, Miami Gardens, Fl, 33056	"{""id"": 0, ""street"": ""347 DON SHULA DR"", ""city"": ""MIAMI GARDENS"", ""state"": ""FL"", ""zip"": ""33056""}"	No_Match	196
019ab3e5-3f26-7afb-2d39-618503f62410	1 Ford Place 5A, Detroit, Mi, 48202	"{""id"": 0, ""street"": ""1 FORD PLACE 5A"", ""city"": ""DETROIT"", ""state"": ""MI"", ""zip"": ""48202""}"	No_Match	194
019ab436-f5cf-785d-6f54-952400a52954	42 W Warren Ave, Detroit, Mi, 48202	"{""id"": 0, ""street"": ""42 W WARREN AVE"", ""city"": ""DETROIT"", ""state"": ""MI"", ""zip"": ""48202""}"	No_Match	194
019ab406-0cb0-7a46-1352-3ac362f92830	10 Brookline Pl West 6Th Fl, Brookline, Ma, 02445	"{""id"": 0, ""street"": ""10 BROOKLINE PL WEST 6TH FL"", ""city"": ""BROOKLINE"", ""state"": ""MA"", ""zip"": ""02445""}"	No_Match	194
019ab3f8-847d-7a80-18e8-f9f4adc7d57c	1 Utsa Circle, San Antonio, Tx, 78249	"{""id"": 0, ""street"": ""1 UTSA CIRCLE"", ""city"": ""SAN ANTONIO"", ""state"": ""TX"", ""zip"": ""78249""}"	No_Match	192
019ab7c7-34ec-77ea-edd0-9d052ca39f68	116Th St Broadway, New York, Ny, 10027	"{""id"": 0, ""street"": ""116th St Broadway"", ""city"": ""New York"", ""state"": ""NY"", ""zip"": ""10027""}"	No_Match	192
019ab3e8-aeeb-741d-f9a6-68b8d9d65944	1001 East Indiantown Road, Jupiter, Fl, 33477	"{""id"": 0, ""street"": ""1001 EAST INDIANTOWN ROAD"", ""city"": ""JUPITER"", ""state"": ""FL"", ""zip"": ""33477""}"	No_Match	192
019ab436-fc9b-7bc4-cbf2-3d79c973fa7c	100 Capital Street, Jupiter, Fl, 33458	"{""id"": 0, ""street"": ""100 CAPITAL STREET"", ""city"": ""JUPITER"", ""state"": ""FL"", ""zip"": ""33458""}"	No_Match	192
019ab3e1-b6d3-745d-b7eb-11136833fc98	1980 Sports Club Drive, Braselton, Ga, 30517	"{""id"": 0, ""street"": ""1980 SPORTS CLUB DRIVE"", ""city"": ""BRASELTON"", ""state"": ""GA"", ""zip"": ""30517""}"	No_Match	190
019ab3f3-c8ba-758f-6523-49ef30c81884	402 Woodberry Station, Woodberry Forest, Va, 22989	"{""id"": 0, ""street"": ""402 WOODBERRY STATION"", ""city"": ""WOODBERRY FOREST"", ""state"": ""VA"", ""zip"": ""22989""}"	No_Match	190
019ab3fd-5b72-7df9-8847-f4c5c4dd9e38	1946 Wcr 53, Keenesburg, Co, 80643	"{""id"": 0, ""street"": ""1946 WCR 53"", ""city"": ""KEENESBURG"", ""state"": ""CO"", ""zip"": ""80643""}"	No_Match	190
019ab79d-f2be-7cd3-6edd-401d815355e4	New Lexington, New Lexington, Oh, 43764	"{""id"": 0, ""street"": ""NEW LEXINGTON"", ""city"": ""NEW LEXINGTON"", ""state"": ""OH"", ""zip"": ""43764""}"	No_Match	190
019ab79d-efef-736f-fa0e-b9587698139c	Unavailable, Bradford, Pa, 16701	"{""id"": 0, ""street"": ""UNAVAILABLE"", ""city"": ""BRADFORD"", ""state"": ""PA"", ""zip"": ""16701""}"	No_Match	190
019ab3ff-f4f4-7739-8dad-a78383596a00	1 Aerospace Blvd, Daytona Beach, Fl, 32114	"{""id"": 0, ""street"": ""1 AEROSPACE BLVD"", ""city"": ""DAYTONA BEACH"", ""state"": ""FL"", ""zip"": ""32114""}"	No_Match	190
019ab40e-ee14-7497-70a4-24fae47d9dc0	3 Nrg Park, Houston, Tx, 77054	"{""id"": 0, ""street"": ""3 NRG PARK"", ""city"": ""HOUSTON"", ""state"": ""TX"", ""zip"": ""77054""}"	No_Match	189
019ab5e0-f802-75ca-540e-16c9acd9b59c	1110 St Lukes Way, Allentown, Pa, 18109	"{""id"": 0, ""street"": ""1110 ST LUKES WAY"", ""city"": ""ALLENTOWN"", ""state"": ""PA"", ""zip"": ""18109""}"	No_Match	189
019ab707-061a-7675-cecf-6324f84c42ec	22157 Network Place, Chicago, Il, 60673	"{""id"": 0, ""street"": ""22157 NETWORK PLACE"", ""city"": ""CHICAGO"", ""state"": ""IL"", ""zip"": ""60673""}"	No_Match	188
019ab3f5-3c70-7a23-df63-c8e19483fe24	2500 Main St, Lawrenceville, Nj, 08648	"{""id"": 0, ""street"": ""2500 MAIN ST"", ""city"": ""LAWRENCEVILLE"", ""state"": ""NJ"", ""zip"": ""08648""}"	No_Match	188
019ab3e5-7518-7e92-bc70-0aa9f06258c8	500 Victory Road, Quincy, Ma, 02171	"{""id"": 0, ""street"": ""500 VICTORY ROAD"", ""city"": ""QUINCY"", ""state"": ""MA"", ""zip"": ""02171""}"	No_Match	187
019ab3ec-308d-753e-f5a5-53b7fe0e1a58	1 Novacare Way, Philadelphia, Pa, 19145	"{""id"": 0, ""street"": ""1 NOVACARE WAY"", ""city"": ""PHILADELPHIA"", ""state"": ""PA"", ""zip"": ""19145""}"	No_Match	187
019ab436-f319-79ad-56a1-41d4e8ad901c	Auburn University, Auburn, Al, 36849	"{""id"": 0, ""street"": ""AUBURN UNIVERSITY"", ""city"": ""Auburn"", ""state"": ""AL"", ""zip"": ""36849""}"	No_Match	187
019ab3ec-4820-78d1-5b44-0cd7b66c0ad8	901 Nj-10, Whippany, Nj, 07981	"{""id"": 0, ""street"": ""901 NJ-10"", ""city"": ""WHIPPANY"", ""state"": ""NJ"", ""zip"": ""07981""}"	No_Match	186
019ab3ee-8894-795f-c5ea-6553b7acdb2c	2303 College Ave, Huntington, In, 46750	"{""id"": 0, ""street"": ""2303 COLLEGE AVE"", ""city"": ""HUNTINGTON"", ""state"": ""IN"", ""zip"": ""46750""}"	No_Match	186
019ab419-2c51-7316-1253-956f29be25e0	1201 15Th Street Nw, Washington, Dc, 20005	"{""id"": 0, ""street"": ""1201 15TH STREET NW"", ""city"": ""WASHINGTON"", ""state"": ""DC"", ""zip"": ""20005""}"	No_Match	186
019ab413-015c-741b-7d37-a223665638b4	1201 15Th St Nw 8Th Floor, Washington, Dc, 20005	"{""id"": 0, ""street"": ""1201 15TH ST NW 8TH FLOOR"", ""city"": ""WASHINGTON"", ""state"": ""DC"", ""zip"": ""20005""}"	No_Match	186
019ab40f-870e-7961-9138-e9a54941430c	1590 Old Main Hill, Logan, Ut, 84322	"{""id"": 0, ""street"": ""1590 OLD MAIN HILL"", ""city"": ""LOGAN"", ""state"": ""UT"", ""zip"": ""84322""}"	No_Match	186
019ab419-27df-7047-090a-bb185fc2ee30	201 Fort Mason, San Francisco, Ca, 94123	"{""id"": 0, ""street"": ""201 FORT MASON"", ""city"": ""SAN FRANCISCO"", ""state"": ""CA"", ""zip"": ""94123""}"	No_Match	186
019ab717-8fdf-7bef-c22d-62bcf1b25180	Office For Sponsored Programs 1033, Cambridge, Ma, 02138	"{""id"": 0, ""street"": ""OFFICE FOR SPONSORED PROGRAMS 1033"", ""city"": ""CAMBRIDGE"", ""state"": ""MA"", ""zip"": ""02138""}"	No_Match	186
019ab436-ef6c-7e8b-f2e7-6bc7cb6aaf60	C/O The Organization, Rochester, Ny, 14625	"{""id"": 0, ""street"": ""C/O the Organization"", ""city"": ""Rochester"", ""state"": ""NY"", ""zip"": ""14625""}"	No_Match	185
019ab5e0-e62e-7114-ccc9-040a860a747c	400 Winding Creek Blvd, Mechanicsburg, Pa, 17050	"{""id"": 0, ""street"": ""400 WINDING CREEK BLVD"", ""city"": ""MECHANICSBURG"", ""state"": ""PA"", ""zip"": ""17050""}"	No_Match	184
019ab3e4-f8c5-7cf8-c7a6-f9f3c3d24900	4500 S Cockrell Hill Rd, Dallas, Tx, 75236	"{""id"": 0, ""street"": ""4500 S COCKRELL HILL RD"", ""city"": ""DALLAS"", ""state"": ""TX"", ""zip"": ""75236""}"	No_Match	184
019ab70d-4332-79cf-23c7-63a5bb506e74	Available At The Office, Houston, Tx, 77079	"{""id"": 0, ""street"": ""AVAILABLE AT THE OFFICE"", ""city"": ""HOUSTON"", ""state"": ""TX"", ""zip"": ""77079""}"	No_Match	184
019ab436-f764-7d01-622b-51ebd499b9a4	One Shields Ave, Davis, Ca, 95616	"{""id"": 0, ""street"": ""ONE SHIELDS AVE"", ""city"": ""DAVIS"", ""state"": ""CA"", ""zip"": ""95616""}"	No_Match	184
019ab3f4-eff2-77ba-846a-e6416b3cd9bc	307 Markle Hall, Easton, Pa, 18042	"{""id"": 0, ""street"": ""307 MARKLE HALL"", ""city"": ""EASTON"", ""state"": ""PA"", ""zip"": ""18042""}"	No_Match	184
019ab5e1-04fb-7f0f-e8cd-c0ace42868b4	Dept Of Music Harvard University, Cambridge, Ma, 02138	"{""id"": 0, ""street"": ""DEPT OF MUSIC HARVARD UNIVERSITY"", ""city"": ""CAMBRIDGE"", ""state"": ""MA"", ""zip"": ""02138""}"	No_Match	184
019ab3e5-160e-70b7-29b5-e8d2f54472bc	Texas Am University, College Station, Tx, 77843	"{""id"": 0, ""street"": ""TEXAS AM UNIVERSITY"", ""city"": ""COLLEGE STATION"", ""state"": ""TX"", ""zip"": ""77843""}"	No_Match	182
019ab707-0749-7d30-b12e-5711dc5f9648	East High School, Rochester, Ny, 14609	"{""id"": 0, ""street"": ""EAST HIGH SCHOOL"", ""city"": ""ROCHESTER"", ""state"": ""NY"", ""zip"": ""14609""}"	No_Match	182
019ab40c-933f-738c-fdbf-427105a62d40	101 Broad St, Plattsburgh, Ny, 12901	"{""id"": 0, ""street"": ""101 BROAD ST"", ""city"": ""PLATTSBURGH"", ""state"": ""NY"", ""zip"": ""12901""}"	No_Match	182
019ab436-f318-7b47-9c4b-5fc022da43e4	1900 Benjamin Franklin Parkway, Philadelphia, Pa, 19103	"{""id"": 0, ""street"": ""1900 BENJAMIN FRANKLIN PARKWAY"", ""city"": ""PHILADELPHIA"", ""state"": ""PA"", ""zip"": ""19103""}"	No_Match	182
019ab3ea-dcb0-7526-70c9-0e5bad60993c	1500 University Drive, Billings, Mt, 59101	"{""id"": 0, ""street"": ""1500 UNIVERSITY DRIVE"", ""city"": ""BILLINGS"", ""state"": ""MT"", ""zip"": ""59101""}"	No_Match	182
019ab701-d052-7951-2da9-4001236002b4	C/O Crestlea Foundation 100 West, Wilmington, De, 19801	"{""id"": 0, ""street"": ""C/O CRESTLEA FOUNDATION 100 WEST"", ""city"": ""WILMINGTON"", ""state"": ""DE"", ""zip"": ""19801""}"	No_Match	182
019ab409-c30b-7158-b1b6-465322bef0e0	3901 Martha Truman Road, Kansas City, Mo, 64137	"{""id"": 0, ""street"": ""3901 MARTHA TRUMAN ROAD"", ""city"": ""KANSAS CITY"", ""state"": ""MO"", ""zip"": ""64137""}"	No_Match	181
019ab3f7-cde2-794a-bf77-706de2acfb38	9601 Baptist Health Drive, Little Rock, Ar, 72205	"{""id"": 0, ""street"": ""9601 BAPTIST HEALTH DRIVE"", ""city"": ""LITTLE ROCK"", ""state"": ""AR"", ""zip"": ""72205""}"	No_Match	181
019ab437-03c0-7249-a26f-776f98241ab4	3300 Golf Rd, Brookfield, Il, 60513	"{""id"": 0, ""street"": ""3300 GOLF RD"", ""city"": ""BROOKFIELD"", ""state"": ""IL"", ""zip"": ""60513""}"	No_Match	180
019ab3e9-4c75-7d0e-61f1-13976c9cc00c	60 Surrey Way, Devon, Pa, 19333	"{""id"": 0, ""street"": ""60 SURREY WAY"", ""city"": ""DEVON"", ""state"": ""PA"", ""zip"": ""19333""}"	No_Match	180
019ab3f9-6971-7212-5383-644efacc6d14	1000 Holt Ave, Winter Park, Fl, 32789	"{""id"": 0, ""street"": ""1000 HOLT AVE"", ""city"": ""WINTER PARK"", ""state"": ""FL"", ""zip"": ""32789""}"	No_Match	180
019ab3e7-7bae-7c76-87c8-895c4523d0f4	400 Ves Road, Lynchburg, Va, 24503	"{""id"": 0, ""street"": ""400 VES ROAD"", ""city"": ""LYNCHBURG"", ""state"": ""VA"", ""zip"": ""24503""}"	No_Match	180
019ab701-cf8f-7baa-1e7c-b1b32c736684	24700 Mcbean Parkway, Valencia, Ca, 91355	"{""id"": 0, ""street"": ""24700 MCBEAN PARKWAY"", ""city"": ""VALENCIA"", ""state"": ""CA"", ""zip"": ""91355""}"	No_Match	180
019ab40c-e7c0-72f5-953d-cc918ac18308	2 Rescue Road, High Falls, Ny, 12440	"{""id"": 0, ""street"": ""2 RESCUE ROAD"", ""city"": ""HIGH FALLS"", ""state"": ""NY"", ""zip"": ""12440""}"	No_Match	180
019ab5e1-1101-7ae7-3b93-6c2770c7aed8	1350 Ave Of The Americasfl2Ste266, New York, Ny, 10019	"{""id"": 0, ""street"": ""1350 AVE OF THE AMERICASFL2STE266"", ""city"": ""NEW YORK"", ""state"": ""NY"", ""zip"": ""10019""}"	No_Match	179
019ab436-f1e3-7298-05c8-fbde8e2f4d04	100 Legends Way, Boston, Ma, 02114	"{""id"": 0, ""street"": ""100 LEGENDS WAY"", ""city"": ""BOSTON"", ""state"": ""MA"", ""zip"": ""02114""}"	No_Match	178
019ab3e4-f408-7f90-e836-9785a8b12a74	3901 Martha Truman Rd, Kansas City, Mo, 64137	"{""id"": 0, ""street"": ""3901 MARTHA TRUMAN RD"", ""city"": ""KANSAS CITY"", ""state"": ""MO"", ""zip"": ""64137""}"	No_Match	178
019ab3eb-0a07-7db8-57e5-60b3683387d8	1 Alpha Dr, Elizabethtown, Pa, 17022	"{""id"": 0, ""street"": ""1 ALPHA DR"", ""city"": ""ELIZABETHTOWN"", ""state"": ""PA"", ""zip"": ""17022""}"	No_Match	178
019ab436-ecb7-76bf-b5c6-55104cc418e8	5 Ppg Place Suite 250, Pittsburgh, Pa, 15222	"{""id"": 0, ""street"": ""5 PPG PLACE SUITE 250"", ""city"": ""PITTSBURGH"", ""state"": ""PA"", ""zip"": ""15222""}"	No_Match	178
019ab3ea-c382-783f-a576-ed0398b828d8	15200 Kutztown Rd, Kutztown, Pa, 19530	"{""id"": 0, ""street"": ""15200 KUTZTOWN RD"", ""city"": ""KUTZTOWN"", ""state"": ""PA"", ""zip"": ""19530""}"	No_Match	178
019ab409-5c31-7c29-ab24-aeea7cbf8550	1600 Grand Ave, St Paul, Mn, 55105	"{""id"": 0, ""street"": ""1600 GRAND AVE"", ""city"": ""ST PAUL"", ""state"": ""MN"", ""zip"": ""55105""}"	No_Match	178
019ab40f-7012-7fdf-1c00-41d47cdec6f8	1155 Union Circle 311250, Denton, Tx, 76203	"{""id"": 0, ""street"": ""1155 UNION CIRCLE 311250"", ""city"": ""DENTON"", ""state"": ""TX"", ""zip"": ""76203""}"	No_Match	177
019ab3fd-85df-76c3-c5b9-c9e597240edc	1 Theatre Drive, St Louis, Mo, 63112	"{""id"": 0, ""street"": ""1 THEATRE DRIVE"", ""city"": ""ST LOUIS"", ""state"": ""MO"", ""zip"": ""63112""}"	No_Match	177
019ab3f0-fa3f-7126-8b40-7cca2c4f5508	8000 Utopia Parkway, Jamaica, Ny, 11439	"{""id"": 0, ""street"": ""8000 UTOPIA PARKWAY"", ""city"": ""JAMAICA"", ""state"": ""NY"", ""zip"": ""11439""}"	No_Match	176
019ab3e2-dc3b-7267-1dab-77e3db1cb57c	1275 Mamaroneck Ave, White Plains, Ny, 10605	"{""id"": 0, ""street"": ""1275 MAMARONECK AVE"", ""city"": ""WHITE PLAINS"", ""state"": ""NY"", ""zip"": ""10605""}"	No_Match	176
019ab404-2a9d-7473-abd9-f8935b071fc0	Farmers Merchants Trust Co Po B, Chambersburg, Pa, 17201	"{""id"": 0, ""street"": ""FARMERS MERCHANTS TRUST CO PO B"", ""city"": ""CHAMBERSBURG"", ""state"": ""PA"", ""zip"": ""17201""}"	No_Match	176
019ab40c-af39-77e8-c883-cfd4378a7b0c	590 North State Road, Briarcliff Manor, Ny, 10510	"{""id"": 0, ""street"": ""590 NORTH STATE ROAD"", ""city"": ""BRIARCLIFF MANOR"", ""state"": ""NY"", ""zip"": ""10510""}"	No_Match	176
019ab3f5-356d-7ae4-cbff-7ca4b183b44c	20 Gilsland Farm Road, Falmouth, Me, 04105	"{""id"": 0, ""street"": ""20 GILSLAND FARM ROAD"", ""city"": ""FALMOUTH"", ""state"": ""ME"", ""zip"": ""04105""}"	No_Match	176
019ab3e8-5f30-763b-cbd2-66705014e070	800 E Lancaster Avenue, Villanova, Pa, 19085	"{""id"": 0, ""street"": ""800 E Lancaster Avenue"", ""city"": ""Villanova"", ""state"": ""PA"", ""zip"": ""19085""}"	No_Match	175
019ab3f9-2972-742f-ec5f-a8ba3b7ba1e8	127 University Avenue, Berkeley, Ca, 94710	"{""id"": 0, ""street"": ""127 UNIVERSITY AVENUE"", ""city"": ""BERKELEY"", ""state"": ""CA"", ""zip"": ""94710""}"	No_Match	175
019ab3ea-4597-72c9-8d0e-945a6017248c	7575 North Picnic Lane, Houston, Tx, 77007	"{""id"": 0, ""street"": ""7575 NORTH PICNIC LANE"", ""city"": ""HOUSTON"", ""state"": ""TX"", ""zip"": ""77007""}"	No_Match	175
019ab400-22bf-743b-b0f1-4123029e7448	University Of California, Santa Barbara, Ca, 93106	"{""id"": 0, ""street"": ""UNIVERSITY OF CALIFORNIA"", ""city"": ""SANTA BARBARA"", ""state"": ""CA"", ""zip"": ""93106""}"	No_Match	174
019ab407-2dd8-7ebb-b3c0-71fe5a3802fc	134 Hicks Way Memorial Hall, Amherst, Ma, 01003	"{""id"": 0, ""street"": ""134 HICKS WAY MEMORIAL HALL"", ""city"": ""AMHERST"", ""state"": ""MA"", ""zip"": ""01003""}"	No_Match	174
019ab3ea-4426-7a0d-616e-afc447809538	10600 Preston Rd, Dallas, Tx, 75230	"{""id"": 0, ""street"": ""10600 PRESTON RD"", ""city"": ""DALLAS"", ""state"": ""TX"", ""zip"": ""75230""}"	No_Match	174
019ab3e0-21de-7517-1d05-35d411b34260	1 Nassau Hall, Princeton, Nj, 08544	"{""id"": 0, ""street"": ""1 NASSAU HALL"", ""city"": ""PRINCETON"", ""state"": ""NJ"", ""zip"": ""08544""}"	No_Match	174
019ab7ca-97f0-769d-286e-8304279e75cc	1100 Rockhurst Road, Kansas City, Mo, 64110	"{""id"": 0, ""street"": ""1100 ROCKHURST ROAD"", ""city"": ""KANSAS CITY"", ""state"": ""MO"", ""zip"": ""64110""}"	No_Match	174
019ab5e0-eb6b-77a4-0c11-f457e70e7fec	158-11 Harry Van Arsdale Jr Avenue, Flushing, Ny, 11365	"{""id"": 0, ""street"": ""158-11 HARRY VAN ARSDALE JR AVENUE"", ""city"": ""FLUSHING"", ""state"": ""NY"", ""zip"": ""11365""}"	No_Match	174
019ab3eb-1c85-72be-8557-82bbe09c3ef8	19001 Huebner Rd, San Antonio, Tx, 78258	"{""id"": 0, ""street"": ""19001 HUEBNER RD"", ""city"": ""SAN ANTONIO"", ""state"": ""TX"", ""zip"": ""78258""}"	No_Match	174
019ab436-f3a5-7a4c-7f64-cb5cca4454e4	5200 Bayou Blvd, Pensacola, Fl, 32503	"{""id"": 0, ""street"": ""5200 BAYOU BLVD"", ""city"": ""PENSACOLA"", ""state"": ""FL"", ""zip"": ""32503""}"	No_Match	174
019ab3e9-1763-74da-f2d6-2e9c395c4780	251 Little Falls Drive, Wilmington, De, 19808	"{""id"": 0, ""street"": ""251 LITTLE FALLS DRIVE"", ""city"": ""WILMINGTON"", ""state"": ""DE"", ""zip"": ""19808""}"	No_Match	173
019ab3f7-3fd7-7377-0b1f-4b0a3cb53ea0	26901 Beaumont Blvd, Southfield, Mi, 48033	"{""id"": 0, ""street"": ""26901 BEAUMONT BLVD"", ""city"": ""SOUTHFIELD"", ""state"": ""MI"", ""zip"": ""48033""}"	No_Match	173
019ab419-2174-7afa-06af-9973b4b2aff0	11 Jesse Hall, Columbia, Mo, 65211	"{""id"": 0, ""street"": ""11 JESSE HALL"", ""city"": ""COLUMBIA"", ""state"": ""MO"", ""zip"": ""65211""}"	No_Match	172
019ab437-0045-7c7b-e786-385443593774	75 Grasslands Road, Valhalla, Ny, 10595	"{""id"": 0, ""street"": ""75 GRASSLANDS ROAD"", ""city"": ""VALHALLA"", ""state"": ""NY"", ""zip"": ""10595""}"	No_Match	172
019ab404-57e0-757e-ee8e-f08030ac78d4	260 Wall Street, Eatontown, Nj, 07724	"{""id"": 0, ""street"": ""260 WALL STREET"", ""city"": ""EATONTOWN"", ""state"": ""NJ"", ""zip"": ""07724""}"	No_Match	172
019ab701-d2c7-76b5-200a-538ffcff0aa8	1225 Eye Street Nw Suite 1000, Washington, Dc, 20005	"{""id"": 0, ""street"": ""1225 EYE STREET NW SUITE 1000"", ""city"": ""WASHINGTON"", ""state"": ""DC"", ""zip"": ""20005""}"	No_Match	172
019ab3ff-e525-7401-f22e-8a5f8ad32a68	8 Clarkson Ave, Potsdam, Ny, 13699	"{""id"": 0, ""street"": ""8 CLARKSON AVE"", ""city"": ""POTSDAM"", ""state"": ""NY"", ""zip"": ""13699""}"	No_Match	172
019ab419-22a2-7741-8ec4-07237c781e20	8000 Utopia Pkwy, Jamaica, Ny, 11439	"{""id"": 0, ""street"": ""8000 UTOPIA PKWY"", ""city"": ""JAMAICA"", ""state"": ""NY"", ""zip"": ""11439""}"	No_Match	172
019ab3fb-9496-750b-de66-776792046cac	Cpo 2216, Berea, Ky, 40404	"{""id"": 0, ""street"": ""CPO 2216"", ""city"": ""BEREA"", ""state"": ""KY"", ""zip"": ""40404""}"	No_Match	172
019ab3f5-b985-7bf5-9006-9f72159794d8	2232 Lincoln Blvd, Venice, Ca, 90291	"{""id"": 0, ""street"": ""2232 LINCOLN BLVD"", ""city"": ""VENICE"", ""state"": ""CA"", ""zip"": ""90291""}"	No_Match	171
019ab7a3-b0a9-73f1-a840-feb61c4bedc0	C/O George Coleman Foundation 1747, Washington, Dc, 20006	"{""id"": 0, ""street"": ""C/O GEORGE COLEMAN FOUNDATION 1747"", ""city"": ""WASHINGTON"", ""state"": ""DC"", ""zip"": ""20006""}"	No_Match	170
019ab419-26d3-7813-7b2d-37d7b5f30da0	101 Merritt 7 Corporate Park 1St, Norwalk, Ct, 06851	"{""id"": 0, ""street"": ""101 MERRITT 7 CORPORATE PARK 1ST"", ""city"": ""NORWALK"", ""state"": ""CT"", ""zip"": ""06851""}"	No_Match	170
019ab7ea-2209-74b0-c42f-8f36af746818	C/O Helene Kornstein 5 Lupine Court, New City, Ny, 10956	"{""id"": 0, ""street"": ""C/O HELENE KORNSTEIN 5 LUPINE COURT"", ""city"": ""NEW CITY"", ""state"": ""NY"", ""zip"": ""10956""}"	No_Match	170
019ab7a5-b94e-7898-ceb7-d8a303f9e8c0	C/O Robins Foundation 10 South 3Rd, Richmond, Va, 23219	"{""id"": 0, ""street"": ""C/O ROBINS FOUNDATION 10 SOUTH 3RD"", ""city"": ""RICHMOND"", ""state"": ""VA"", ""zip"": ""23219""}"	No_Match	170
019ab3e1-4813-7850-1257-000e27647708	202 Cousteau Pl Ste 185, Davis, Ca, 95618	"{""id"": 0, ""street"": ""202 COUSTEAU PL STE 185"", ""city"": ""DAVIS"", ""state"": ""CA"", ""zip"": ""95618""}"	No_Match	170
019ab7ca-9a3c-70bf-c500-bf08ae1c0608	1720 2Nd Ave South, Birmingham, Al, 35294	"{""id"": 0, ""street"": ""1720 2ND AVE SOUTH"", ""city"": ""BIRMINGHAM"", ""state"": ""AL"", ""zip"": ""35294""}"	No_Match	170
019ab419-2973-7db1-195f-3286295bbd7c	C/O First National Bank, Newtown, Pa, 18940	"{""id"": 0, ""street"": ""C/O FIRST NATIONAL BANK"", ""city"": ""NEWTOWN"", ""state"": ""PA"", ""zip"": ""18940""}"	No_Match	168
019ab3ea-9417-7981-da50-4cb35c49b6e4	1001 E Indiantown Rd, Jupiter, Fl, 33477	"{""id"": 0, ""street"": ""1001 E INDIANTOWN RD"", ""city"": ""JUPITER"", ""state"": ""FL"", ""zip"": ""33477""}"	No_Match	168
019ab3eb-1333-764b-9d1d-9a6540ffa9b0	300 Washington Ave, Chestertown, Md, 21620	"{""id"": 0, ""street"": ""300 WASHINGTON AVE"", ""city"": ""CHESTERTOWN"", ""state"": ""MD"", ""zip"": ""21620""}"	No_Match	168
019ab3ee-0bb1-774e-c725-32f65fec104c	20 N Upper Wacker Dr, Chicago, Il, 60606	"{""id"": 0, ""street"": ""20 N UPPER WACKER DR"", ""city"": ""CHICAGO"", ""state"": ""IL"", ""zip"": ""60606""}"	No_Match	168
019ab419-30c1-7084-492f-a767a3cdf454	233 Bay State Road, Boston, Ma, 02215	"{""id"": 0, ""street"": ""233 BAY STATE ROAD"", ""city"": ""BOSTON"", ""state"": ""MA"", ""zip"": ""02215""}"	No_Match	168
019ab40c-efd9-76fe-2e11-732be44df8d8	1 Perkins Sq, Akron, Oh, 44308	"{""id"": 0, ""street"": ""1 PERKINS SQ"", ""city"": ""AKRON"", ""state"": ""OH"", ""zip"": ""44308""}"	No_Match	166
019ab3f9-101e-78c5-cb12-84611eb75590	One Alpha Drive, Elizabethtown, Pa, 17022	"{""id"": 0, ""street"": ""ONE ALPHA DRIVE"", ""city"": ""ELIZABETHTOWN"", ""state"": ""PA"", ""zip"": ""17022""}"	No_Match	166
019ab72c-f839-725d-3f9e-417fc6a53d60	4130 Mayflower Hl, Waterville, Me, 04901	"{""id"": 0, ""street"": ""4130 MAYFLOWER HL"", ""city"": ""WATERVILLE"", ""state"": ""ME"", ""zip"": ""04901""}"	No_Match	166
019ab436-f4bf-7db1-f9d0-73f3614f4c84	209 Farmington Ave, Farmington, Ct, 06032	"{""id"": 0, ""street"": ""209 FARMINGTON AVE"", ""city"": ""FARMINGTON"", ""state"": ""CT"", ""zip"": ""06032""}"	No_Match	166
019ab437-04f1-775b-c767-3f35d33339d0	110 Anderson Hall 919 Mid-Campus, Manhattan, Ks, 66506	"{""id"": 0, ""street"": ""110 ANDERSON HALL 919 MID-CAMPUS"", ""city"": ""MANHATTAN"", ""state"": ""KS"", ""zip"": ""66506""}"	No_Match	166
019ab7c7-39b1-76e0-6a53-d25a80d8d0a0	980 Macarthur Causeway, Miami, Fl, 33132	"{""id"": 0, ""street"": ""980 MACARTHUR CAUSEWAY"", ""city"": ""MIAMI"", ""state"": ""FL"", ""zip"": ""33132""}"	No_Match	166
019ab707-066a-7809-e415-50195d3b65b4	4880 Paysphere Circle, Chicago, Il, 60674	"{""id"": 0, ""street"": ""4880 Paysphere Circle"", ""city"": ""Chicago"", ""state"": ""IL"", ""zip"": ""60674""}"	No_Match	166
019ab437-1284-73f9-c94d-9c9ac16175cc	37925 Highway 82, Aspen, Co, 81611	"{""id"": 0, ""street"": ""37925 HIGHWAY 82"", ""city"": ""ASPEN"", ""state"": ""CO"", ""zip"": ""81611""}"	No_Match	166
019ab3ec-c3b9-72df-9133-f98b81a669e4	3640 Colonel Glenn Hwy, Dayton, Oh, 45435	"{""id"": 0, ""street"": ""3640 COLONEL GLENN HWY"", ""city"": ""DAYTON"", ""state"": ""OH"", ""zip"": ""45435""}"	No_Match	166
019ab3e3-df82-74fe-2fc5-809a319efb8c	Uc Santa Barbara, Santa Barbara, Ca, 93106	"{""id"": 0, ""street"": ""UC SANTA BARBARA"", ""city"": ""SANTA BARBARA"", ""state"": ""CA"", ""zip"": ""93106""}"	No_Match	166
019ab40e-6f3d-767b-3cbc-547dc77a03d0	951 Isha Lane, Mcminnville, Tn, 37110	"{""id"": 0, ""street"": ""951 ISHA LANE"", ""city"": ""MCMINNVILLE"", ""state"": ""TN"", ""zip"": ""37110""}"	No_Match	166
019ab437-0e18-7111-0e31-51627931583c	Alumni Development Records, Durham, Nc, 27708	"{""id"": 0, ""street"": ""ALUMNI DEVELOPMENT RECORDS"", ""city"": ""DURHAM"", ""state"": ""NC"", ""zip"": ""27708""}"	No_Match	166
019ab3fe-33f1-7487-9599-fcadd3e45d18	19 Eye Street Nw, Washington, Dc, 20001	"{""id"": 0, ""street"": ""19 EYE STREET NW"", ""city"": ""WASHINGTON"", ""state"": ""DC"", ""zip"": ""20001""}"	No_Match	166
019ab5e0-e006-72a5-beb1-4132d408a718	1419 Salt Springs Road, Syracuse, Ny, 13214	"{""id"": 0, ""street"": ""1419 SALT SPRINGS ROAD"", ""city"": ""SYRACUSE"", ""state"": ""NY"", ""zip"": ""13214""}"	No_Match	165
019ab437-0096-715b-acd4-f5a87374dd90	500 N Broadway, Jericho, Ny, 11753	"{""id"": 0, ""street"": ""500 N BROADWAY"", ""city"": ""JERICHO"", ""state"": ""NY"", ""zip"": ""11753""}"	No_Match	164
019ab419-2020-7a67-3496-f582c8685290	1900 W Olney Ave, Philadelphia, Pa, 19141	"{""id"": 0, ""street"": ""1900 W OLNEY AVE"", ""city"": ""PHILADELPHIA"", ""state"": ""PA"", ""zip"": ""19141""}"	No_Match	164
019ab3e2-9ea6-7908-4db4-b02e9db2ba5c	500 Holden Way, Carbondale, Co, 81623	"{""id"": 0, ""street"": ""500 HOLDEN WAY"", ""city"": ""CARBONDALE"", ""state"": ""CO"", ""zip"": ""81623""}"	No_Match	164
019ab419-219a-7f0c-02ba-bc2ee4017b00	77 Liberty Corner Road, Liberty Corner, Nj, 07938	"{""id"": 0, ""street"": ""77 LIBERTY CORNER ROAD"", ""city"": ""LIBERTY CORNER"", ""state"": ""NJ"", ""zip"": ""07938""}"	No_Match	164
019ab3e3-083e-7a55-b15d-44a7bc4b5e18	1600 21St St Nw, Washington, Dc, 20009	"{""id"": 0, ""street"": ""1600 21ST ST NW"", ""city"": ""WASHINGTON"", ""state"": ""DC"", ""zip"": ""20009""}"	No_Match	164
019ab3ee-3c61-7540-5bd0-1c3b41152c0c	One University Place, Chester, Pa, 19013	"{""id"": 0, ""street"": ""ONE UNIVERSITY PLACE"", ""city"": ""CHESTER"", ""state"": ""PA"", ""zip"": ""19013""}"	No_Match	163
019ab3e5-f589-762c-b682-8a57e37240f8	2100 Memorial Blvd, Kerrville, Tx, 78028	"{""id"": 0, ""street"": ""2100 MEMORIAL BLVD"", ""city"": ""KERRVILLE"", ""state"": ""TX"", ""zip"": ""78028""}"	No_Match	163
019ab79d-efa4-7328-0e01-e187bfb26b50	Attn Andersen Tax 1177 Sixth Ave, New York, Ny, 10036	"{""id"": 0, ""street"": ""ATTN ANDERSEN TAX 1177 SIXTH AVE"", ""city"": ""NEW YORK"", ""state"": ""NY"", ""zip"": ""10036""}"	No_Match	162
019ab796-f2f2-7fca-8f72-260f0532dd98	New York, New York, Ny, 10019	"{""id"": 0, ""street"": ""NEW YORK"", ""city"": ""NEW YORK"", ""state"": ""NY"", ""zip"": ""10019""}"	No_Match	162
019ab3f3-dbd7-7b80-fe22-32cc047216b4	12809 West Dodge Road, Omaha, Ne, 68154	"{""id"": 0, ""street"": ""12809 WEST DODGE ROAD"", ""city"": ""OMAHA"", ""state"": ""NE"", ""zip"": ""68154""}"	No_Match	162
019ab406-06fe-7c53-7951-13ad386f7150	102 Hargreaves Hall, Cheney, Wa, 99004	"{""id"": 0, ""street"": ""102 HARGREAVES HALL"", ""city"": ""Cheney"", ""state"": ""WA"", ""zip"": ""99004""}"	No_Match	162
019ab401-2ef4-7228-b4b1-92278cb1343c	3651 Quantum Blvd, Boynton Beach, Fl, 33426	"{""id"": 0, ""street"": ""3651 QUANTUM BLVD"", ""city"": ""BOYNTON BEACH"", ""state"": ""FL"", ""zip"": ""33426""}"	No_Match	162
019ab3fe-2699-7411-c221-8727fea47820	1725 Eye St Nw Ste 510, Washington, Dc, 20006	"{""id"": 0, ""street"": ""1725 EYE ST NW STE 510"", ""city"": ""WASHINGTON"", ""state"": ""DC"", ""zip"": ""20006""}"	No_Match	162
019ab717-8b79-7885-be15-e3f1fbdd996c	1 Press Place Suite 101, Athens, Ga, 30601	"{""id"": 0, ""street"": ""1 PRESS PLACE SUITE 101"", ""city"": ""ATHENS"", ""state"": ""GA"", ""zip"": ""30601""}"	No_Match	162
019ab785-004f-7bba-5682-332fa80617d4	C/O The Ray C Anderson Foundation, Atlanta, Ga, 30309	"{""id"": 0, ""street"": ""C/O THE RAY C ANDERSON FOUNDATION"", ""city"": ""ATLANTA"", ""state"": ""GA"", ""zip"": ""30309""}"	No_Match	162
019ab3fc-5006-7901-e045-e254e16715d4	Pier 17 Suite 100, San Francisco, Ca, 94111	"{""id"": 0, ""street"": ""PIER 17 SUITE 100"", ""city"": ""SAN FRANCISCO"", ""state"": ""CA"", ""zip"": ""94111""}"	No_Match	162
019ab3ee-d9b4-76af-b280-7a4d11822ce4	1720 2Nd Avenue South, Birmingham, Al, 35294	"{""id"": 0, ""street"": ""1720 2ND AVENUE SOUTH"", ""city"": ""BIRMINGHAM"", ""state"": ""AL"", ""zip"": ""35294""}"	No_Match	160
019ab5e0-f5ed-789b-ba9e-c2cff1671e64	202 Cousteau Place Suite 185, Davis, Ca, 95618	"{""id"": 0, ""street"": ""202 COUSTEAU PLACE SUITE 185"", ""city"": ""DAVIS"", ""state"": ""CA"", ""zip"": ""95618""}"	No_Match	160
019ab3f3-1ea6-74a6-9504-207649cc0a18	One Schenley Park, Pittsburgh, Pa, 15213	"{""id"": 0, ""street"": ""ONE SCHENLEY PARK"", ""city"": ""PITTSBURGH"", ""state"": ""PA"", ""zip"": ""15213""}"	No_Match	160
019ab3ff-4623-70dd-8f49-c17ef49172c4	83 E Main Street 3Rd Floor, Newark, De, 19716	"{""id"": 0, ""street"": ""83 E MAIN STREET 3RD FLOOR"", ""city"": ""NEWARK"", ""state"": ""DE"", ""zip"": ""19716""}"	No_Match	160
019ab3e4-4ced-79cb-8256-d77d916a9464	6800 Zoo Drive, Kansas City, Mo, 64132	"{""id"": 0, ""street"": ""6800 Zoo Drive"", ""city"": ""Kansas City"", ""state"": ""MO"", ""zip"": ""64132""}"	No_Match	160
019ab3fe-2e17-774a-d3df-cb376682a304	Dept 0734, Washington, Dc, 20073	"{""id"": 0, ""street"": ""DEPT 0734"", ""city"": ""WASHINGTON"", ""state"": ""DC"", ""zip"": ""20073""}"	No_Match	160
019ab437-0aaf-7961-e75f-a85fb39ea094	28 Crescent Street, Middletown, Ct, 06457	"{""id"": 0, ""street"": ""28 CRESCENT STREET"", ""city"": ""MIDDLETOWN"", ""state"": ""CT"", ""zip"": ""06457""}"	No_Match	159
019ab436-ff2b-7e39-a2ed-f5d50a1a3c2c	Yale University, New Haven, Ct, 06520	"{""id"": 0, ""street"": ""YALE UNIVERSITY"", ""city"": ""NEW HAVEN"", ""state"": ""CT"", ""zip"": ""06520""}"	No_Match	158
019ab406-e8e3-7903-fac1-1d4a2b7edb14	1100 Rockhurst Rd, Kansas City, Mo, 64110	"{""id"": 0, ""street"": ""1100 ROCKHURST RD"", ""city"": ""KANSAS CITY"", ""state"": ""MO"", ""zip"": ""64110""}"	No_Match	158
019ab5e0-e4ee-7a6b-8ae4-40e291e2acc8	24630 Network Place, Chicago, Il, 60673	"{""id"": 0, ""street"": ""24630 NETWORK PLACE"", ""city"": ""CHICAGO"", ""state"": ""IL"", ""zip"": ""60673""}"	No_Match	158
019ab3e4-6a43-7b60-e46b-486e745d201c	9500 Gilman Dr Mc 0940, La Jolla, Ca, 92093	"{""id"": 0, ""street"": ""9500 GILMAN DR MC 0940"", ""city"": ""LA JOLLA"", ""state"": ""CA"", ""zip"": ""92093""}"	No_Match	158
019ab3fa-d9cf-7463-57b7-a4039f51e7a0	2840 Sixth Avenue South, Lake Worth, Fl, 33461	"{""id"": 0, ""street"": ""2840 SIXTH AVENUE SOUTH"", ""city"": ""LAKE WORTH"", ""state"": ""FL"", ""zip"": ""33461""}"	No_Match	158
019ab419-2034-7d3d-4e58-b46c315bafe4	701 Carnegie Ctr, Princeton, Nj, 08540	"{""id"": 0, ""street"": ""701 CARNEGIE CTR"", ""city"": ""PRINCETON"", ""state"": ""NJ"", ""zip"": ""08540""}"	No_Match	158
019ab733-732b-7098-8e55-02682714aeac	C/O Sara Giles Moore Foundation, Atlanta, Ga, 30306	"{""id"": 0, ""street"": ""C/O SARA GILES MOORE FOUNDATION"", ""city"": ""ATLANTA"", ""state"": ""GA"", ""zip"": ""30306""}"	No_Match	158
019ab419-2815-7b91-342a-927455e6be4c	351 W University Blvd, Cedar City, Ut, 84720	"{""id"": 0, ""street"": ""351 W UNIVERSITY BLVD"", ""city"": ""CEDAR CITY"", ""state"": ""UT"", ""zip"": ""84720""}"	No_Match	158
019ab3eb-35b4-7ee9-7c83-a1054ba169a0	Culbertson Hall 100, Bozeman, Mt, 59717	"{""id"": 0, ""street"": ""CULBERTSON HALL 100"", ""city"": ""BOZEMAN"", ""state"": ""MT"", ""zip"": ""59717""}"	No_Match	157
019ab3f3-b90c-7007-5268-d9492ae3ee90	100 Passavant Way, Pittsburgh, Pa, 15238	"{""id"": 0, ""street"": ""100 PASSAVANT WAY"", ""city"": ""PITTSBURGH"", ""state"": ""PA"", ""zip"": ""15238""}"	No_Match	156
019ab40f-0627-7df8-4e3d-6a5f7381e07c	4001 Greenbriar Dr, Stafford, Tx, 77477	"{""id"": 0, ""street"": ""4001 GREENBRIAR DR"", ""city"": ""STAFFORD"", ""state"": ""TX"", ""zip"": ""77477""}"	No_Match	156
019ab405-37eb-7793-3eaf-587d9eefb1bc	110 Le Mans Hall, Notre Dame, In, 46556	"{""id"": 0, ""street"": ""110 LE MANS HALL"", ""city"": ""NOTRE DAME"", ""state"": ""IN"", ""zip"": ""46556""}"	No_Match	156
019ab3ef-b4cb-7b3f-5efb-c8fa4dfe55b0	201 Mullica Hill Rd, Glassboro, Nj, 08028	"{""id"": 0, ""street"": ""201 MULLICA HILL RD"", ""city"": ""GLASSBORO"", ""state"": ""NJ"", ""zip"": ""08028""}"	No_Match	156
019ab3f5-8adc-7af0-697a-516dd53fc3d8	17 Gauss Way, Berkeley, Ca, 94720	"{""id"": 0, ""street"": ""17 GAUSS WAY"", ""city"": ""BERKELEY"", ""state"": ""CA"", ""zip"": ""94720""}"	No_Match	156
019ab733-80e8-7442-7837-8749b25de0dc	153 Chapel Drive, Durham, Nc, 27708	"{""id"": 0, ""street"": ""153 CHAPEL DRIVE"", ""city"": ""DURHAM"", ""state"": ""NC"", ""zip"": ""27708""}"	No_Match	156
019ab406-8af3-7e84-d216-df425d1499ac	Grand Central Station, New York, Ny, 10163	"{""id"": 0, ""street"": ""GRAND CENTRAL STATION"", ""city"": ""NEW YORK"", ""state"": ""NY"", ""zip"": ""10163""}"	No_Match	156
019ab3ec-ca79-7b42-c004-eb383ba73090	30300 Telegraph Rd Ste 220, Bingham Farms, Mi, 48025	"{""id"": 0, ""street"": ""30300 TELEGRAPH RD STE 220"", ""city"": ""BINGHAM FARMS"", ""state"": ""MI"", ""zip"": ""48025""}"	No_Match	156
019ab419-2f9b-7282-c992-9534c71ce534	5420 Loop 1781, Rockport, Tx, 78382	"{""id"": 0, ""street"": ""5420 LOOP 1781"", ""city"": ""ROCKPORT"", ""state"": ""TX"", ""zip"": ""78382""}"	No_Match	154
019ab419-30bc-7014-bb66-a6f4f251a9ec	2001 Airport Road S, Naples, Fl, 34112	"{""id"": 0, ""street"": ""2001 AIRPORT ROAD S"", ""city"": ""NAPLES"", ""state"": ""FL"", ""zip"": ""34112""}"	No_Match	154
019ab77a-f58c-7817-ab85-eca373833414	Pomeroy Wa, Pomeroy, Wa, 99347	"{""id"": 0, ""street"": ""POMEROY WA"", ""city"": ""POMEROY"", ""state"": ""WA"", ""zip"": ""99347""}"	No_Match	154
019ab7a3-bdbf-7ef8-9615-4b2fe01afc60	407 Gerberding Hallbox 351210, Seattle, Wa, 98195	"{""id"": 0, ""street"": ""407 GERBERDING HALLBOX 351210"", ""city"": ""SEATTLE"", ""state"": ""WA"", ""zip"": ""98195""}"	No_Match	154
019ab40e-8afa-7632-e6ef-e5f6337fab74	1000 Church Street, Nashville, Tn, 37203	"{""id"": 0, ""street"": ""1000 CHURCH STREET"", ""city"": ""NASHVILLE"", ""state"": ""TN"", ""zip"": ""37203""}"	No_Match	154
019ab701-d41c-7a9f-22bb-5728dcf9d770	255 Maine Street, Brunswick, Me, 04011	"{""id"": 0, ""street"": ""255 MAINE STREET"", ""city"": ""BRUNSWICK"", ""state"": ""ME"", ""zip"": ""04011""}"	No_Match	154
019ab3e3-fe0b-7cea-624d-c549692a3230	1699 W Mound St, Columbus, Oh, 43223	"{""id"": 0, ""street"": ""1699 W MOUND ST"", ""city"": ""COLUMBUS"", ""state"": ""OH"", ""zip"": ""43223""}"	No_Match	154
019ab3ea-6f46-7ca7-3812-05aa6493114c	10 Brookline Place, Brookline, Ma, 02445	"{""id"": 0, ""street"": ""10 BROOKLINE PLACE"", ""city"": ""BROOKLINE"", ""state"": ""MA"", ""zip"": ""02445""}"	No_Match	154
019ab3f2-9483-77e3-f579-cf680a05b9d4	180 Woz Way, San Jose, Ca, 95110	"{""id"": 0, ""street"": ""180 WOZ WAY"", ""city"": ""SAN JOSE"", ""state"": ""CA"", ""zip"": ""95110""}"	No_Match	154
019ab437-09f9-74f6-3bd4-cade056b0b8c	105 Adams Street, Quincy, Ma, 02169	"{""id"": 0, ""street"": ""105 ADAMS STREET"", ""city"": ""QUINCY"", ""state"": ""MA"", ""zip"": ""02169""}"	No_Match	154
019ab707-0c48-7fcc-2bf6-acf3693696f4	4001 Greenbriar Drive, Stafford, Tx, 77477	"{""id"": 0, ""street"": ""4001 Greenbriar Drive"", ""city"": ""Stafford"", ""state"": ""TX"", ""zip"": ""77477""}"	No_Match	154
019ab437-1121-7ed0-f888-992ca1e534bc	400 E 2Nd St, Bloomsburg, Pa, 17815	"{""id"": 0, ""street"": ""400 E 2ND ST"", ""city"": ""BLOOMSBURG"", ""state"": ""PA"", ""zip"": ""17815""}"	No_Match	154
019ab706-fddb-76c8-d8c6-bd0a3be377f0	12 Tenney Way, Brunswick, Me, 04011	"{""id"": 0, ""street"": ""12 TENNEY WAY"", ""city"": ""BRUNSWICK"", ""state"": ""ME"", ""zip"": ""04011""}"	No_Match	154
019ab3f0-0a92-7bf8-4e07-1c64722af744	100 Lancaster Avenue, Wynnewood, Pa, 19096	"{""id"": 0, ""street"": ""100 LANCASTER AVENUE"", ""city"": ""WYNNEWOOD"", ""state"": ""PA"", ""zip"": ""19096""}"	No_Match	154
019ab437-11e4-725d-4eb5-24e115f6d908	1000 El Camino Real, Atherton, Ca, 94027	"{""id"": 0, ""street"": ""1000 EL CAMINO REAL"", ""city"": ""ATHERTON"", ""state"": ""CA"", ""zip"": ""94027""}"	No_Match	154
019ab815-c216-710c-9e41-538e4b635020	N/A, Na, Ny, 11229	"{""id"": 0, ""street"": ""N/A"", ""city"": ""NA"", ""state"": ""NY"", ""zip"": ""11229""}"	No_Match	154
019ab3e8-f10c-7e66-2dce-e3926c489f38	209 Farmington Avenue, Farmington, Ct, 06032	"{""id"": 0, ""street"": ""209 FARMINGTON AVENUE"", ""city"": ""FARMINGTON"", ""state"": ""CT"", ""zip"": ""06032""}"	No_Match	154
019ab3e6-746c-7d64-9b27-6fce342bac6c	Mount St Alban, Washington, Dc, 20016	"{""id"": 0, ""street"": ""Mount St Alban"", ""city"": ""Washington"", ""state"": ""DC"", ""zip"": ""20016""}"	No_Match	154
019ab406-169e-7f0c-453f-21afc42ffb2c	200 North Maple Avenue, Greenwich, Ct, 06830	"{""id"": 0, ""street"": ""200 NORTH MAPLE AVENUE"", ""city"": ""GREENWICH"", ""state"": ""CT"", ""zip"": ""06830""}"	No_Match	154
019ab412-bdf1-7b8a-51f2-78bfb38e2304	100 Arbor Avenue, Nebraska City, Ne, 68410	"{""id"": 0, ""street"": ""100 ARBOR AVENUE"", ""city"": ""NEBRASKA CITY"", ""state"": ""NE"", ""zip"": ""68410""}"	No_Match	154
019ab714-2816-78dc-fcd5-9dd85af39c58	1815 Se Bison Road, Bartlesville, Ok, 74006	"{""id"": 0, ""street"": ""1815 SE BISON ROAD"", ""city"": ""BARTLESVILLE"", ""state"": ""OK"", ""zip"": ""74006""}"	No_Match	152
019ab411-fecb-7462-70c8-1c07abd75a20	University Heights, Newark, Nj, 07102	"{""id"": 0, ""street"": ""UNIVERSITY HEIGHTS"", ""city"": ""NEWARK"", ""state"": ""NJ"", ""zip"": ""07102""}"	No_Match	152
019ab5e0-fda7-709d-3002-8feccd5c2510	3125 S Gilbert Rd, Chandler, Az, 85286	"{""id"": 0, ""street"": ""3125 S GILBERT RD"", ""city"": ""CHANDLER"", ""state"": ""AZ"", ""zip"": ""85286""}"	No_Match	152
019ab437-0f87-797d-4b6c-906532b5ed74	4400 Vestal Pkwy E, Binghamton, Ny, 13902	"{""id"": 0, ""street"": ""4400 VESTAL PKWY E"", ""city"": ""Binghamton"", ""state"": ""NY"", ""zip"": ""13902""}"	No_Match	152
019ab3f2-37e8-7cd1-c56d-5cac92ef26cc	8000 York Rd, Towson, Md, 21252	"{""id"": 0, ""street"": ""8000 YORK RD"", ""city"": ""TOWSON"", ""state"": ""MD"", ""zip"": ""21252""}"	No_Match	152
019ab3f4-fe32-74dc-4cc1-fa288898b598	333 Winter Street, Weston, Ma, 02493	"{""id"": 0, ""street"": ""333 WINTER STREET"", ""city"": ""WESTON"", ""state"": ""MA"", ""zip"": ""02493""}"	No_Match	152
019ab400-5173-7440-299c-d754dbd917cc	14200 Us Highway One, Juno Beach, Fl, 33408	"{""id"": 0, ""street"": ""14200 US HIGHWAY ONE"", ""city"": ""JUNO BEACH"", ""state"": ""FL"", ""zip"": ""33408""}"	No_Match	152
019ab419-24c1-719f-73ba-39b7f4e26964	3637 Broadway, Kansas City, Mo, 64111	"{""id"": 0, ""street"": ""3637 BROADWAY"", ""city"": ""KANSAS CITY"", ""state"": ""MO"", ""zip"": ""64111""}"	No_Match	152
019ab419-2021-7504-88a0-fe5707f0a770	1 Freedom Valley Drive, Oaks, Pa, 19456	"{""id"": 0, ""street"": ""1 FREEDOM VALLEY DRIVE"", ""city"": ""OAKS"", ""state"": ""PA"", ""zip"": ""19456""}"	No_Match	151
019ab436-f2c1-7164-e02e-3254b27ee7a0	2301 Kentmere Parkway, Wilmington, De, 19806	"{""id"": 0, ""street"": ""2301 KENTMERE PARKWAY"", ""city"": ""WILMINGTON"", ""state"": ""DE"", ""zip"": ""19806""}"	No_Match	151
019ab419-30f7-75f8-1f40-b02a6e53dc88	Dartmouth College, Hanover, Nh, 03755	"{""id"": 0, ""street"": ""DARTMOUTH COLLEGE"", ""city"": ""HANOVER"", ""state"": ""NH"", ""zip"": ""03755""}"	No_Match	150
019ab714-2ccc-7d6d-9c04-92cf80489714	640 Skytop Road, Syracuse, Ny, 13244	"{""id"": 0, ""street"": ""640 SKYTOP ROAD"", ""city"": ""SYRACUSE"", ""state"": ""NY"", ""zip"": ""13244""}"	No_Match	150
019ab714-2cd5-7899-ba3a-bf28b9cef140	3000 S Ih 35 Ste 300, Austin, Tx, 78704	"{""id"": 0, ""street"": ""3000 S IH 35 STE 300"", ""city"": ""AUSTIN"", ""state"": ""TX"", ""zip"": ""78704""}"	No_Match	150
019ab412-5114-7818-1502-e8a325478de4	C/O Foundation 295 Fifth Avenue 312, New York, Ny, 10116	"{""id"": 0, ""street"": ""C/O FOUNDATION 295 FIFTH AVENUE 312"", ""city"": ""NEW YORK"", ""state"": ""NY"", ""zip"": ""10116""}"	No_Match	150
019ab3f3-0230-7757-6285-f1e6acc5fbc4	1500 N Patterson St, Valdosta, Ga, 31698	"{""id"": 0, ""street"": ""1500 N PATTERSON ST"", ""city"": ""Valdosta"", ""state"": ""GA"", ""zip"": ""31698""}"	No_Match	150
019ab5e0-ee59-7332-dc0a-bd12adfeb254	451 Blue Hill Avenue, Boston, Ma, 02121	"{""id"": 0, ""street"": ""451 BLUE HILL AVENUE"", ""city"": ""BOSTON"", ""state"": ""MA"", ""zip"": ""02121""}"	No_Match	150
019ab3fd-cc20-765e-a2b1-091a04fc939c	291 Main Street, Middletown, Ct, 06457	"{""id"": 0, ""street"": ""291 MAIN STREET"", ""city"": ""MIDDLETOWN"", ""state"": ""CT"", ""zip"": ""06457""}"	No_Match	150
019ab404-c3cc-7c7f-d8ac-4c334719c52c	1255 Sw Prairie Trail Parkway, Ankeny, Ia, 50023	"{""id"": 0, ""street"": ""1255 SW PRAIRIE TRAIL PARKWAY"", ""city"": ""ANKENY"", ""state"": ""IA"", ""zip"": ""50023""}"	No_Match	150
019ab401-9eb1-7fa6-245f-6f743438a600	100 Morrissey Boulevard, Boston, Ma, 02125	"{""id"": 0, ""street"": ""100 MORRISSEY BOULEVARD"", ""city"": ""BOSTON"", ""state"": ""MA"", ""zip"": ""02125""}"	No_Match	149
019ab3e8-9b56-77a1-741f-34f3c1612b70	860 Winter Street, Waltham, Ma, 02451	"{""id"": 0, ""street"": ""860 WINTER STREET"", ""city"": ""WALTHAM"", ""state"": ""MA"", ""zip"": ""02451""}"	No_Match	149
019ab3ef-6dd5-7ce9-a028-8eac66331cbc	101 College Parkway, Arnold, Md, 21012	"{""id"": 0, ""street"": ""101 COLLEGE PARKWAY"", ""city"": ""ARNOLD"", ""state"": ""MD"", ""zip"": ""21012""}"	No_Match	148
019ab787-8e48-7534-7078-d456905cde64	C/O Aicef 521 5Th Ave Ste 1700, New York, Ny, 10175	"{""id"": 0, ""street"": ""C/O AICEF 521 5TH AVE STE 1700"", ""city"": ""NEW YORK"", ""state"": ""NY"", ""zip"": ""10175""}"	No_Match	148
019ab5e0-f3d2-7f76-6217-1bd8b6d849b0	75 Remittance Drive, Chicago, Il, 60675	"{""id"": 0, ""street"": ""75 Remittance Drive"", ""city"": ""Chicago"", ""state"": ""IL"", ""zip"": ""60675""}"	No_Match	148
019ab401-b33e-79c6-5573-206a73c359e4	3200 Mount Vernon Memorial Highway, Mount Vernon, Va, 22121	"{""id"": 0, ""street"": ""3200 MOUNT VERNON MEMORIAL HIGHWAY"", ""city"": ""MOUNT VERNON"", ""state"": ""VA"", ""zip"": ""22121""}"	No_Match	148
019ab3f2-af1b-76ba-3229-496953d20bfc	301 Camp Meeting Road, Sewickley, Pa, 15143	"{""id"": 0, ""street"": ""301 CAMP MEETING ROAD"", ""city"": ""SEWICKLEY"", ""state"": ""PA"", ""zip"": ""15143""}"	No_Match	148
019ab3f0-4d82-73b2-8daa-cd4cfce6b234	898 Woodberry Forest Rd, Woodberry Forest, Va, 22989	"{""id"": 0, ""street"": ""898 WOODBERRY FOREST RD"", ""city"": ""WOODBERRY FOREST"", ""state"": ""VA"", ""zip"": ""22989""}"	No_Match	148
019ab3e4-44a6-7331-fe02-044d74c54238	475 Riverside Drive Suite 1450, New York, Ny, 10115	"{""id"": 0, ""street"": ""475 RIVERSIDE DRIVE SUITE 1450"", ""city"": ""NEW YORK"", ""state"": ""NY"", ""zip"": ""10115""}"	No_Match	148
019ab701-cef5-7c8b-bb32-543e92389378	Dept La 24875, Pasadena, Ca, 91185	"{""id"": 0, ""street"": ""DEPT LA 24875"", ""city"": ""PASADENA"", ""state"": ""CA"", ""zip"": ""91185""}"	No_Match	148
019ab3f1-f61c-7df1-86d1-30baad07273c	777 Main Street, Hartford, Ct, 06115	"{""id"": 0, ""street"": ""777 MAIN STREET"", ""city"": ""HARTFORD"", ""state"": ""CT"", ""zip"": ""06115""}"	No_Match	147
019ab3f2-4271-7e55-d9bd-9d35c6d7bdd0	E 5Th St, Greenville, Nc, 27858	"{""id"": 0, ""street"": ""E 5TH ST"", ""city"": ""GREENVILLE"", ""state"": ""NC"", ""zip"": ""27858""}"	No_Match	146
019ab714-2970-79a5-a4c0-573f03d270f0	2455 N Citrus Rd Bldg 64, Goodyear, Az, 85395	"{""id"": 0, ""street"": ""2455 N Citrus Rd Bldg 64"", ""city"": ""Goodyear"", ""state"": ""AZ"", ""zip"": ""85395""}"	No_Match	146
019ab5e1-15f6-7fc5-46e3-5ec1f2851900	9801 Washington Blvd, Gaithersburg, Md, 20878	"{""id"": 0, ""street"": ""9801 WASHINGTON BLVD"", ""city"": ""GAITHERSBURG"", ""state"": ""MD"", ""zip"": ""20878""}"	No_Match	146
019ab3f2-e94a-7bb9-d556-a7d8809b75f0	17000 Arnold Drive, Sonoma, Ca, 95476	"{""id"": 0, ""street"": ""17000 ARNOLD DRIVE"", ""city"": ""SONOMA"", ""state"": ""CA"", ""zip"": ""95476""}"	No_Match	146
019ab3f0-0d4b-7b1d-63cc-653aa374bf34	Woodland Road, Pittsburgh, Pa, 15232	"{""id"": 0, ""street"": ""WOODLAND ROAD"", ""city"": ""PITTSBURGH"", ""state"": ""PA"", ""zip"": ""15232""}"	No_Match	146
019ab419-2e25-7aad-8deb-622e2877b044	1500 Rosecrans Avenue, Manhattan Beach, Ca, 90266	"{""id"": 0, ""street"": ""1500 Rosecrans Avenue"", ""city"": ""Manhattan Beach"", ""state"": ""CA"", ""zip"": ""90266""}"	No_Match	146
019ab436-eb7f-7c5a-1961-276b9af4e620	1619 D St, Virginia Beach, Va, 23459	"{""id"": 0, ""street"": ""1619 D ST"", ""city"": ""VIRGINIA BEACH"", ""state"": ""VA"", ""zip"": ""23459""}"	No_Match	146
019ab3f2-09f7-7384-943c-f30f3d5ecde0	800 S Tucker Drive, Tulsa, Ok, 74104	"{""id"": 0, ""street"": ""800 S TUCKER DRIVE"", ""city"": ""TULSA"", ""state"": ""OK"", ""zip"": ""74104""}"	No_Match	146
019ab419-2908-786a-b53f-ca4a1f00b664	935 Olson Memorial Highway, Minneapolis, Mn, 55405	"{""id"": 0, ""street"": ""935 OLSON MEMORIAL HIGHWAY"", ""city"": ""MINNEAPOLIS"", ""state"": ""MN"", ""zip"": ""55405""}"	No_Match	146
019ab437-03fe-7ebf-be5c-1f6256a27188	University Of Georgia, Athens, Ga, 30602	"{""id"": 0, ""street"": ""UNIVERSITY OF GEORGIA"", ""city"": ""ATHENS"", ""state"": ""GA"", ""zip"": ""30602""}"	No_Match	146
019ab436-fc9e-7a23-6ade-ffaa676a0854	1720 2Nd Ave S, Birmingham, Al, 35294	"{""id"": 0, ""street"": ""1720 2ND AVE S"", ""city"": ""BIRMINGHAM"", ""state"": ""AL"", ""zip"": ""35294""}"	No_Match	146
019ab403-7e8a-723e-a4c2-946e50181964	107 Roudebush Hall, Oxford, Oh, 45056	"{""id"": 0, ""street"": ""107 ROUDEBUSH HALL"", ""city"": ""OXFORD"", ""state"": ""OH"", ""zip"": ""45056""}"	No_Match	144
019ab419-29c3-7e48-2b64-7a08bdcdb078	200 Hill Drive, St Meinrad, In, 47577	"{""id"": 0, ""street"": ""200 HILL DRIVE"", ""city"": ""ST MEINRAD"", ""state"": ""IN"", ""zip"": ""47577""}"	No_Match	144
019ab701-cf91-723e-26b6-9af471f2f1f8	25701 Science Park Drive, Beachwood, Oh, 44122	"{""id"": 0, ""street"": ""25701 SCIENCE PARK DRIVE"", ""city"": ""BEACHWOOD"", ""state"": ""OH"", ""zip"": ""44122""}"	No_Match	144
019ab3f4-1b0e-7f89-aafd-79f1e7c9a5e0	Cedar Street, Rye, Ny, 10580	"{""id"": 0, ""street"": ""CEDAR STREET"", ""city"": ""RYE"", ""state"": ""NY"", ""zip"": ""10580""}"	No_Match	144
019ab40d-221c-77d3-a763-29a7e4a9a844	401 E Mcmillan Street, Cincinnati, Oh, 45206	"{""id"": 0, ""street"": ""401 E MCMILLAN STREET"", ""city"": ""CINCINNATI"", ""state"": ""OH"", ""zip"": ""45206""}"	No_Match	144
019ab3e0-01be-754b-62c9-6db06f42af48	6001 University Blvd, Moon Township, Pa, 15108	"{""id"": 0, ""street"": ""6001 UNIVERSITY BLVD"", ""city"": ""MOON TOWNSHIP"", ""state"": ""PA"", ""zip"": ""15108""}"	No_Match	144
019ab3f5-7ed4-78bc-7315-7943996543d0	30301 Northwestern Highway Suite, Farmington Hills, Mi, 48334	"{""id"": 0, ""street"": ""30301 NORTHWESTERN HIGHWAY SUITE"", ""city"": ""FARMINGTON HILLS"", ""state"": ""MI"", ""zip"": ""48334""}"	No_Match	144
019ab7c7-3c72-7ca3-a1ea-0c4a7e9d0d1c	371 E Jericho Tpke, Smithtown, Ny, 11787	"{""id"": 0, ""street"": ""371 E JERICHO TPKE"", ""city"": ""SMITHTOWN"", ""state"": ""NY"", ""zip"": ""11787""}"	No_Match	144
019ab3ed-7739-7f27-25ff-497fe548f728	400 Cedar Ave, West Long Branch, Nj, 07764	"{""id"": 0, ""street"": ""400 CEDAR AVE"", ""city"": ""WEST LONG BRANCH"", ""state"": ""NJ"", ""zip"": ""07764""}"	No_Match	144
019ab401-c204-7543-1421-f8897bcad714	2366 Oak Valley Drive, Ann Arbor, Mi, 48103	"{""id"": 0, ""street"": ""2366 OAK VALLEY DRIVE"", ""city"": ""ANN ARBOR"", ""state"": ""MI"", ""zip"": ""48103""}"	No_Match	144
019ab437-0f72-7225-7fca-aee33381e324	Attn Legal Department, West Nyack, Ny, 10994	"{""id"": 0, ""street"": ""ATTN LEGAL DEPARTMENT"", ""city"": ""WEST NYACK"", ""state"": ""NY"", ""zip"": ""10994""}"	No_Match	144
019ab411-a41d-77b9-ad16-afd55b8980c0	9390 N Santa Monica Blvd, Beverly Hills, Ca, 90210	"{""id"": 0, ""street"": ""9390 N SANTA MONICA BLVD"", ""city"": ""BEVERLY HILLS"", ""state"": ""CA"", ""zip"": ""90210""}"	No_Match	144
019ab701-d19f-72e4-e741-303e4ac9bba0	799 Washington Street, Harpers Ferry, Wv, 25425	"{""id"": 0, ""street"": ""799 WASHINGTON STREET"", ""city"": ""HARPERS FERRY"", ""state"": ""WV"", ""zip"": ""25425""}"	No_Match	144
019ab821-6191-7c76-d062-7124aa190e60	C/O Sara Giles Moore Foundation, Atlanta, Ga, 30309	"{""id"": 0, ""street"": ""C/O SARA GILES MOORE FOUNDATION"", ""city"": ""ATLANTA"", ""state"": ""GA"", ""zip"": ""30309""}"	No_Match	144
019ab419-219b-749a-c72c-ed795861be00	One Wild Place, Pittsburgh, Pa, 15206	"{""id"": 0, ""street"": ""ONE WILD PLACE"", ""city"": ""PITTSBURGH"", ""state"": ""PA"", ""zip"": ""15206""}"	No_Match	142
019ab3f0-2082-7f25-e6a7-b81ce331ede8	150 Morrissey Blvd, Boston, Ma, 02125	"{""id"": 0, ""street"": ""150 MORRISSEY BLVD"", ""city"": ""BOSTON"", ""state"": ""MA"", ""zip"": ""02125""}"	No_Match	142
019ab3eb-9b90-7b4d-9154-77fdef6b33cc	1800 Circle 75 Pkwy Se, Atlanta, Ga, 30339	"{""id"": 0, ""street"": ""1800 CIRCLE 75 PKWY SE"", ""city"": ""ATLANTA"", ""state"": ""GA"", ""zip"": ""30339""}"	No_Match	142
019ab5e1-1369-792a-8582-118937c309e4	1120 Route 73 Suite 200, Mount Laurel, Nj, 08054	"{""id"": 0, ""street"": ""1120 ROUTE 73 SUITE 200"", ""city"": ""MOUNT LAUREL"", ""state"": ""NJ"", ""zip"": ""08054""}"	No_Match	142
019ab3f6-69e0-70ed-53e0-28d6e97dee00	800 South Tucker Drive, Tulsa, Ok, 74104	"{""id"": 0, ""street"": ""800 SOUTH TUCKER DRIVE"", ""city"": ""TULSA"", ""state"": ""OK"", ""zip"": ""74104""}"	No_Match	142
019ab701-e06d-7de4-1c71-981e86b09ffc	F-S High School, Franklin, Ky, 42134	"{""id"": 0, ""street"": ""F-S HIGH SCHOOL"", ""city"": ""FRANKLIN"", ""state"": ""KY"", ""zip"": ""42134""}"	No_Match	142
019ab3e0-e519-7f81-8e7f-684a1c5f4250	360 Pear Blossom Drive, Edison, Nj, 08837	"{""id"": 0, ""street"": ""360 PEAR BLOSSOM DRIVE"", ""city"": ""EDISON"", ""state"": ""NJ"", ""zip"": ""08837""}"	No_Match	142
019ab437-11e7-794f-531f-6bd7ffb61928	Mayflower Hill Drive, Waterville, Me, 04901	"{""id"": 0, ""street"": ""MAYFLOWER HILL DRIVE"", ""city"": ""WATERVILLE"", ""state"": ""ME"", ""zip"": ""04901""}"	No_Match	142
019ab5e1-0670-7bcb-3a8f-17d5f047378c	2601 Airport Road South, Naples, Fl, 34112	"{""id"": 0, ""street"": ""2601 Airport Road South"", ""city"": ""Naples"", ""state"": ""FL"", ""zip"": ""34112""}"	No_Match	142
019ab436-f27e-737c-641c-6ea18f0d554c	1 John Carroll Blvd, University Heights, Oh, 44118	"{""id"": 0, ""street"": ""1 JOHN CARROLL BLVD"", ""city"": ""UNIVERSITY HEIGHTS"", ""state"": ""OH"", ""zip"": ""44118""}"	No_Match	142
019ab722-5acd-715a-10da-c08c18e2219c	Unknown, Merced, Ca, 95340	"{""id"": 0, ""street"": ""UNKNOWN"", ""city"": ""MERCED"", ""state"": ""CA"", ""zip"": ""95340""}"	No_Match	142
019ab3ec-140e-7f0a-ba3d-3dec940a5db8	185 Salisbury Street, Worcester, Ma, 01609	"{""id"": 0, ""street"": ""185 SALISBURY STREET"", ""city"": ""WORCESTER"", ""state"": ""MA"", ""zip"": ""01609""}"	No_Match	142
019ab3f9-dcf9-79c4-1785-16a29b1316ac	500 Salisbury St, Worcester, Ma, 01609	"{""id"": 0, ""street"": ""500 SALISBURY ST"", ""city"": ""WORCESTER"", ""state"": ""MA"", ""zip"": ""01609""}"	No_Match	142
019ab7ae-f178-7a22-0e6c-6c4fc99bdbb8	C/O David Hildegarde Mahoney, Palm Beach, Fl, 33480	"{""id"": 0, ""street"": ""C/O DAVID HILDEGARDE MAHONEY"", ""city"": ""PALM BEACH"", ""state"": ""FL"", ""zip"": ""33480""}"	No_Match	142
019ab3ee-57c6-77c0-7935-05d8e025a864	C/O Silvercrest 230 Court Square, Charlottesville, Va, 22902	"{""id"": 0, ""street"": ""C/O SILVERCREST 230 COURT SQUARE"", ""city"": ""CHARLOTTESVILLE"", ""state"": ""VA"", ""zip"": ""22902""}"	No_Match	141
019ab3e1-8c0e-742c-6c1a-5a1da65f5824	2600 Nw College Way, Bend, Or, 97703	"{""id"": 0, ""street"": ""2600 NW COLLEGE WAY"", ""city"": ""BEND"", ""state"": ""OR"", ""zip"": ""97703""}"	No_Match	141
019ab437-0955-7d7d-ceb1-de96fb6cffd4	6501 Magic Way Bldg 400C, Orlando, Fl, 32809	"{""id"": 0, ""street"": ""6501 MAGIC WAY BLDG 400C"", ""city"": ""ORLANDO"", ""state"": ""FL"", ""zip"": ""32809""}"	No_Match	140
019ab796-f86c-729a-606b-11d7de99840c	210 Old Emporia Rd, Gaston, Nc, 27832	"{""id"": 0, ""street"": ""210 OLD EMPORIA RD"", ""city"": ""GASTON"", ""state"": ""NC"", ""zip"": ""27832""}"	No_Match	140
019ab3e3-3633-7547-f8bf-5f61b67cbca8	550 Romano Vineyard Way, North Kingstown, Ri, 02852	"{""id"": 0, ""street"": ""550 ROMANO VINEYARD WAY"", ""city"": ""NORTH KINGSTOWN"", ""state"": ""RI"", ""zip"": ""02852""}"	No_Match	140
019ab436-ff2c-7af1-e4d0-eac167450ce8	4901 Eastern Avenue, Hyattsville, Md, 20782	"{""id"": 0, ""street"": ""4901 Eastern Avenue"", ""city"": ""Hyattsville"", ""state"": ""MD"", ""zip"": ""20782""}"	No_Match	140
019ab409-0281-7855-b277-03e5078eb358	29836 Telegraph Road, Southfield, Mi, 48034	"{""id"": 0, ""street"": ""29836 TELEGRAPH ROAD"", ""city"": ""SOUTHFIELD"", ""state"": ""MI"", ""zip"": ""48034""}"	No_Match	140
019ab3ed-74f4-70a4-eb7d-a899aabb1414	103 Shields Building, University Park, Pa, 16802	"{""id"": 0, ""street"": ""103 SHIELDS BUILDING"", ""city"": ""UNIVERSITY PARK"", ""state"": ""PA"", ""zip"": ""16802""}"	No_Match	140
019ab3e0-034a-7f4b-1d1a-e6dd33845d48	900 South Crouse Avenue, Syracuse, Ny, 13244	"{""id"": 0, ""street"": ""900 SOUTH CROUSE AVENUE"", ""city"": ""SYRACUSE"", ""state"": ""NY"", ""zip"": ""13244""}"	No_Match	140
019ab3f0-5ff4-7457-09b6-ecf179ba66b4	535 Chestnut Road Room 300, East Lansing, Mi, 48824	"{""id"": 0, ""street"": ""535 CHESTNUT ROAD ROOM 300"", ""city"": ""EAST LANSING"", ""state"": ""MI"", ""zip"": ""48824""}"	No_Match	140
019ab5e0-e534-764d-7f2c-11ad3b9aead0	200 Bellevue Parkway Suite 250, Wilmington, De, 19809	"{""id"": 0, ""street"": ""200 BELLEVUE PARKWAY SUITE 250"", ""city"": ""WILMINGTON"", ""state"": ""DE"", ""zip"": ""19809""}"	No_Match	139
019ab706-ff9b-7780-e668-ba6c65731bc0	1559 Johnson Rd Nw, Atlanta, Ga, 30318	"{""id"": 0, ""street"": ""1559 JOHNSON RD NW"", ""city"": ""ATLANTA"", ""state"": ""GA"", ""zip"": ""30318""}"	No_Match	138
019ab436-f5cf-76c3-5aff-17bafb4c18e8	83775 Citrus Ave, Indio, Ca, 92201	"{""id"": 0, ""street"": ""83775 CITRUS AVE"", ""city"": ""INDIO"", ""state"": ""CA"", ""zip"": ""92201""}"	No_Match	138
019ab3e0-9b2b-7c8e-1f00-efc7cdac50e8	6220 Thermal Rd, Charlotte, Nc, 28211	"{""id"": 0, ""street"": ""6220 THERMAL RD"", ""city"": ""CHARLOTTE"", ""state"": ""NC"", ""zip"": ""28211""}"	No_Match	138
019ab413-5233-7bd1-4a90-0f7b41b6b098	2200 Gateway Centre Blvd Ste 201, Morrisville, Nc, 27560	"{""id"": 0, ""street"": ""2200 GATEWAY CENTRE BLVD STE 201"", ""city"": ""MORRISVILLE"", ""state"": ""NC"", ""zip"": ""27560""}"	No_Match	138
019ab40d-e44e-7e1f-c98b-337c661458c0	1709 Benjamin Franklin Parkway, Philadelphia, Pa, 19103	"{""id"": 0, ""street"": ""1709 BENJAMIN FRANKLIN PARKWAY"", ""city"": ""PHILADELPHIA"", ""state"": ""PA"", ""zip"": ""19103""}"	No_Match	138
019ab406-a092-73bb-f0ce-a4765e0bce98	935 Olson Memorial Hwy, Minneapolis, Mn, 55405	"{""id"": 0, ""street"": ""935 OLSON MEMORIAL HWY"", ""city"": ""MINNEAPOLIS"", ""state"": ""MN"", ""zip"": ""55405""}"	No_Match	138
019ab40e-a915-7c5f-137a-6638a7c61064	2225 North Loop West, Houston, Tx, 77008	"{""id"": 0, ""street"": ""2225 NORTH LOOP WEST"", ""city"": ""HOUSTON"", ""state"": ""TX"", ""zip"": ""77008""}"	No_Match	138
019ab437-0b9a-7bb3-c184-9be33a4005f8	University Gardens Ugb203, Los Angeles, Ca, 90089	"{""id"": 0, ""street"": ""UNIVERSITY GARDENS UGB203"", ""city"": ""LOS ANGELES"", ""state"": ""CA"", ""zip"": ""90089""}"	No_Match	138
019ab436-fc00-77de-9d97-c20ac92713e8	1800 Grand Avenue, Waukegan, Il, 60085	"{""id"": 0, ""street"": ""1800 GRAND AVENUE"", ""city"": ""WAUKEGAN"", ""state"": ""IL"", ""zip"": ""60085""}"	No_Match	138
019ab3e2-dd9a-712e-12e5-786ef6c7962c	1876 Mansion House Drive, Baltimore, Md, 21217	"{""id"": 0, ""street"": ""1876 MANSION HOUSE DRIVE"", ""city"": ""BALTIMORE"", ""state"": ""MD"", ""zip"": ""21217""}"	No_Match	138
019ab7a3-bb20-7b5d-8679-5e329154bd00	Johns Hopkins University Research, Baltimore, Md, 21218	"{""id"": 0, ""street"": ""JOHNS HOPKINS UNIVERSITY RESEARCH"", ""city"": ""BALTIMORE"", ""state"": ""MD"", ""zip"": ""21218""}"	No_Match	138
019ab3f7-3311-70aa-9c54-012085a93d70	520 Dr Martin Luther King Jr Blvd, Newark, Nj, 07102	"{""id"": 0, ""street"": ""520 DR MARTIN LUTHER KING JR BLVD"", ""city"": ""NEWARK"", ""state"": ""NJ"", ""zip"": ""07102""}"	No_Match	138
019ab3ee-0470-7608-919c-0bb7c7ac2d4c	301 Freedom Pl S, New York, Ny, 10069	"{""id"": 0, ""street"": ""301 FREEDOM PL S"", ""city"": ""NEW YORK"", ""state"": ""NY"", ""zip"": ""10069""}"	No_Match	138
019ab3f3-da08-7e00-6b69-8960d36ca7a8	400 The Fenway, Boston, Ma, 02115	"{""id"": 0, ""street"": ""400 THE FENWAY"", ""city"": ""BOSTON"", ""state"": ""MA"", ""zip"": ""02115""}"	No_Match	138
019ab436-fa9a-7529-0e83-5bf8ba7e6688	7809 Regents Drive, College Park, Md, 20742	"{""id"": 0, ""street"": ""7809 REGENTS DRIVE"", ""city"": ""COLLEGE PARK"", ""state"": ""MD"", ""zip"": ""20742""}"	No_Match	138
019ab722-513c-7fbb-d55f-06cdefbffe40	1 Lancer Way, Winona Lake, In, 46590	"{""id"": 0, ""street"": ""1 LANCER WAY"", ""city"": ""WINONA LAKE"", ""state"": ""IN"", ""zip"": ""46590""}"	No_Match	137
019ab400-b6da-745a-e1cb-c90587025574	2345 Highway A1A, Vero Beach, Fl, 32963	"{""id"": 0, ""street"": ""2345 HIGHWAY A1A"", ""city"": ""VERO BEACH"", ""state"": ""FL"", ""zip"": ""32963""}"	No_Match	137
019ab419-3204-78d2-8073-3af33edaa5bc	4010 E Amendola Dr, Fresno, Ca, 93725	"{""id"": 0, ""street"": ""4010 E AMENDOLA DR"", ""city"": ""FRESNO"", ""state"": ""CA"", ""zip"": ""93725""}"	No_Match	136
019ab419-280a-7048-9513-01e9fa0a2a88	480 Old Westbury Road, Roslyn Heights, Ny, 11577	"{""id"": 0, ""street"": ""480 OLD WESTBURY ROAD"", ""city"": ""ROSLYN HEIGHTS"", ""state"": ""NY"", ""zip"": ""11577""}"	No_Match	136
019ab419-30c0-72b7-41d1-0c12dfb43aa8	800 W University Pkwy, Orem, Ut, 84058	"{""id"": 0, ""street"": ""800 W UNIVERSITY PKWY"", ""city"": ""OREM"", ""state"": ""UT"", ""zip"": ""84058""}"	No_Match	136
019ab3f2-a10c-73a4-ec53-ff35946d9228	1600 Spring Valley Road, Ossining, Ny, 10562	"{""id"": 0, ""street"": ""1600 Spring Valley Road"", ""city"": ""Ossining"", ""state"": ""NY"", ""zip"": ""10562""}"	No_Match	136
019ab3e8-e807-763f-3979-45ae958efad0	117 Evergreen Drive, Loretto, Pa, 15940	"{""id"": 0, ""street"": ""117 EVERGREEN DRIVE"", ""city"": ""LORETTO"", ""state"": ""PA"", ""zip"": ""15940""}"	No_Match	136
019ab3ec-e374-7326-564a-6613aa61737c	1500 Rosecrans Ave, Manhattan Beach, Ca, 90266	"{""id"": 0, ""street"": ""1500 ROSECRANS AVE"", ""city"": ""MANHATTAN BEACH"", ""state"": ""CA"", ""zip"": ""90266""}"	No_Match	136
019ab3ff-ecac-7b12-5ac5-96bda02cc824	2010 Crosby Way, Winter Park, Fl, 32792	"{""id"": 0, ""street"": ""2010 CROSBY WAY"", ""city"": ""WINTER PARK"", ""state"": ""FL"", ""zip"": ""32792""}"	No_Match	136
019ab3ea-a8e8-7c7f-c054-e8be9a4c841c	109 Shields Building, University Park, Pa, 16802	"{""id"": 0, ""street"": ""109 SHIELDS BUILDING"", ""city"": ""UNIVERSITY PARK"", ""state"": ""PA"", ""zip"": ""16802""}"	No_Match	136
019ab7c2-8f8e-70c4-541e-df3b70695478	1 Convoy Drive, Springfield, Mo, 65802	"{""id"": 0, ""street"": ""1 CONVOY DRIVE"", ""city"": ""SPRINGFIELD"", ""state"": ""MO"", ""zip"": ""65802""}"	No_Match	136
019ab419-2973-7983-ae1e-f51ea1d34c64	287 Rivers Street, Boone, Nc, 28608	"{""id"": 0, ""street"": ""287 Rivers Street"", ""city"": ""Boone"", ""state"": ""NC"", ""zip"": ""28608""}"	No_Match	136
019ab3e2-bd95-76d1-0be8-10c429c85708	4610 Eisenhower Blvd, Tampa, Fl, 33634	"{""id"": 0, ""street"": ""4610 EISENHOWER BLVD"", ""city"": ""TAMPA"", ""state"": ""FL"", ""zip"": ""33634""}"	No_Match	136
019ab3df-db8b-7b56-08e6-7a1ceaf67c4c	125 Providence Street, Worcester, Ma, 01604	"{""id"": 0, ""street"": ""125 PROVIDENCE STREET"", ""city"": ""WORCESTER"", ""state"": ""MA"", ""zip"": ""01604""}"	No_Match	136
019ab81e-604d-7442-00bf-174992d9c9f0	Chesterfield Highway, Cheraw, Sc, 29520	"{""id"": 0, ""street"": ""Chesterfield Highway"", ""city"": ""Cheraw"", ""state"": ""SC"", ""zip"": ""29520""}"	No_Match	136
019ab436-f076-7121-1c34-2fd57f06b654	401 E Mcmillan St, Cincinnati, Oh, 45206	"{""id"": 0, ""street"": ""401 E MCMILLAN ST"", ""city"": ""CINCINNATI"", ""state"": ""OH"", ""zip"": ""45206""}"	No_Match	136
019ab7b2-601f-7801-c94d-37a435febef8	C/O Century 21 21 Dey St, New York, Ny, 10007	"{""id"": 0, ""street"": ""C/O CENTURY 21 21 DEY ST"", ""city"": ""NEW YORK"", ""state"": ""NY"", ""zip"": ""10007""}"	No_Match	136
019ab800-bd5f-7610-1ab3-9f0dd896276c	3401 Rosenthal Way, Cincinnati, Oh, 45204	"{""id"": 0, ""street"": ""3401 ROSENTHAL WAY"", ""city"": ""CINCINNATI"", ""state"": ""OH"", ""zip"": ""45204""}"	No_Match	136
019ab5e1-0f5f-7663-eebf-06ce2741ec3c	6648 Ed Bluestein Blvd, Austin, Tx, 78723	"{""id"": 0, ""street"": ""6648 ED BLUESTEIN BLVD"", ""city"": ""AUSTIN"", ""state"": ""TX"", ""zip"": ""78723""}"	No_Match	136
019ab436-eb7d-75c9-62dd-1a811592b6c0	Attn Legal Department, Hoffman Estates, Il, 60192	"{""id"": 0, ""street"": ""ATTN LEGAL DEPARTMENT"", ""city"": ""HOFFMAN ESTATES"", ""state"": ""IL"", ""zip"": ""60192""}"	No_Match	136
019ab3e4-59cb-7e8b-44e0-8e3d40acc6e4	4650 Sunset Blvd Mailstop 29, Los Angeles, Ca, 90027	"{""id"": 0, ""street"": ""4650 SUNSET BLVD MAILSTOP 29"", ""city"": ""LOS ANGELES"", ""state"": ""CA"", ""zip"": ""90027""}"	No_Match	136
019ab701-dac7-7f63-44da-549ba09c90c8	100 Academy Drive, Mercersburg, Pa, 17236	"{""id"": 0, ""street"": ""100 ACADEMY DRIVE"", ""city"": ""MERCERSBURG"", ""state"": ""PA"", ""zip"": ""17236""}"	No_Match	136
019ab437-0baf-7fd7-37a9-ed4a38386dd4	1200 East California Blvd, Pasadena, Ca, 91125	"{""id"": 0, ""street"": ""1200 EAST CALIFORNIA BLVD"", ""city"": ""PASADENA"", ""state"": ""CA"", ""zip"": ""91125""}"	No_Match	135
019ab3ed-b3f3-724b-d66f-7c8c92b46f2c	1 Drexel Drive, New Orleans, La, 70125	"{""id"": 0, ""street"": ""1 DREXEL DRIVE"", ""city"": ""NEW ORLEANS"", ""state"": ""LA"", ""zip"": ""70125""}"	No_Match	135
019ab436-f0fd-75e4-a1d0-1a0972bb43c0	4901 Fuller Drive, Fort Wayne, In, 46835	"{""id"": 0, ""street"": ""4901 FULLER DRIVE"", ""city"": ""FORT WAYNE"", ""state"": ""IN"", ""zip"": ""46835""}"	No_Match	134
019ab3ea-9c32-71d3-293a-cd59d80325b0	220 Trowbridge Rd, East Lansing, Mi, 48824	"{""id"": 0, ""street"": ""220 TROWBRIDGE RD"", ""city"": ""EAST LANSING"", ""state"": ""MI"", ""zip"": ""48824""}"	No_Match	134
019ab413-e6e1-786b-ca21-ecf8f56af074	4700 Grand Avenue, Des Moines, Ia, 50312	"{""id"": 0, ""street"": ""4700 GRAND AVENUE"", ""city"": ""DES MOINES"", ""state"": ""IA"", ""zip"": ""50312""}"	No_Match	134
019ab3e0-aa16-7730-5c81-7ab431909330	100 Campus Drive, Elon, Nc, 27244	"{""id"": 0, ""street"": ""100 CAMPUS DRIVE"", ""city"": ""ELON"", ""state"": ""NC"", ""zip"": ""27244""}"	No_Match	134
019ab3e0-fb33-7937-bdf2-2c7f2b767090	5001 Newport Coast Dr, Irvine, Ca, 92603	"{""id"": 0, ""street"": ""5001 NEWPORT COAST DR"", ""city"": ""IRVINE"", ""state"": ""CA"", ""zip"": ""92603""}"	No_Match	134
019ab3fd-e5aa-73f1-2467-a55d4261991c	One Bear Place 97050, Waco, Tx, 76798	"{""id"": 0, ""street"": ""ONE BEAR PLACE 97050"", ""city"": ""WACO"", ""state"": ""TX"", ""zip"": ""76798""}"	No_Match	134
019ab3fb-9f28-7bd5-7d2c-b89b8a2042c4	University Of Notre Dame, Notre Dame, In, 46556	"{""id"": 0, ""street"": ""UNIVERSITY OF NOTRE DAME"", ""city"": ""NOTRE DAME"", ""state"": ""IN"", ""zip"": ""46556""}"	No_Match	134
019ab436-fac4-7dee-8850-62089bd67118	600 S Michigan Ave, Chicago, Il, 60605	"{""id"": 0, ""street"": ""600 S MICHIGAN AVE"", ""city"": ""CHICAGO"", ""state"": ""IL"", ""zip"": ""60605""}"	No_Match	134
019ab3ec-3267-7791-d344-caa670b15308	1120 15Th Street, Augusta, Ga, 30912	"{""id"": 0, ""street"": ""1120 15TH STREET"", ""city"": ""AUGUSTA"", ""state"": ""GA"", ""zip"": ""30912""}"	No_Match	134
019ab3f4-dff7-797d-944a-bc5aab3bb32c	University Of Pennsylvania, Philadelphia, Pa, 19104	"{""id"": 0, ""street"": ""UNIVERSITY OF PENNSYLVANIA"", ""city"": ""PHILADELPHIA"", ""state"": ""PA"", ""zip"": ""19104""}"	No_Match	134
019ab419-2fa3-70cc-63ff-031cdc19f898	555 Broadway, Dobbs Ferry, Ny, 10522	"{""id"": 0, ""street"": ""555 BROADWAY"", ""city"": ""DOBBS FERRY"", ""state"": ""NY"", ""zip"": ""10522""}"	No_Match	134
019ab3ea-7f45-7bab-9b0a-9ea6e44b9080	4601 Concord Pike, Wilmington, De, 19803	"{""id"": 0, ""street"": ""4601 CONCORD PIKE"", ""city"": ""WILMINGTON"", ""state"": ""DE"", ""zip"": ""19803""}"	No_Match	134
019ab3ec-e311-7deb-a358-a9d597504f44	116 Old Main, University Park, Pa, 16802	"{""id"": 0, ""street"": ""116 OLD MAIN"", ""city"": ""UNIVERSITY PARK"", ""state"": ""PA"", ""zip"": ""16802""}"	No_Match	134
019ab3df-ffdf-784c-55cc-15d3a320338c	One Park Avenue, New York, Ny, 10016	"{""id"": 0, ""street"": ""One Park Avenue"", ""city"": ""New York"", ""state"": ""NY"", ""zip"": ""10016""}"	No_Match	134
019ab3ed-4798-7f5b-a0c4-a3b681dafb64	302 Tillman Hall, Rock Hill, Sc, 29733	"{""id"": 0, ""street"": ""302 TILLMAN HALL"", ""city"": ""ROCK HILL"", ""state"": ""SC"", ""zip"": ""29733""}"	No_Match	132
019ab419-26f6-79ba-3f44-9e1364904a98	32 62Nd Street, Pittsburgh, Pa, 15201	"{""id"": 0, ""street"": ""32 62ND STREET"", ""city"": ""PITTSBURGH"", ""state"": ""PA"", ""zip"": ""15201""}"	No_Match	132
019ab437-05b0-7086-0221-ba320d8da210	100 Madison Ave, Toledo, Oh, 43604	"{""id"": 0, ""street"": ""100 MADISON AVE"", ""city"": ""TOLEDO"", ""state"": ""OH"", ""zip"": ""43604""}"	No_Match	132
019ab3ed-28ec-7be5-61d7-cbea2d27328c	Suite 300 - Gaar, Philadelphia, Pa, 19104	"{""id"": 0, ""street"": ""SUITE 300 - GAAR"", ""city"": ""PHILADELPHIA"", ""state"": ""PA"", ""zip"": ""19104""}"	No_Match	132
019ab5e0-e8be-7ee7-d154-51fc0a45ea90	3501 Ridge Park Dr, Fairlawn, Oh, 44333	"{""id"": 0, ""street"": ""3501 RIDGE PARK DR"", ""city"": ""FAIRLAWN"", ""state"": ""OH"", ""zip"": ""44333""}"	No_Match	132
019ab407-78e0-708a-5fd2-9968c12fbc74	940 Avenue 64, Pasadena, Ca, 91105	"{""id"": 0, ""street"": ""940 AVENUE 64"", ""city"": ""PASADENA"", ""state"": ""CA"", ""zip"": ""91105""}"	No_Match	132
019ab3ea-b40a-72f6-1327-c8b05f153888	101 Branigin Blvd, Franklin, In, 46131	"{""id"": 0, ""street"": ""101 BRANIGIN BLVD"", ""city"": ""FRANKLIN"", ""state"": ""IN"", ""zip"": ""46131""}"	No_Match	132
019ab411-d5c1-71be-6c25-434f806a91a0	255 Maine St, Brunswick, Me, 04011	"{""id"": 0, ""street"": ""255 MAINE ST"", ""city"": ""BRUNSWICK"", ""state"": ""ME"", ""zip"": ""04011""}"	No_Match	132
019ab436-f5cf-73d9-476b-8ce09964c420	65-30 Kissena Blvd, Flushing, Ny, 11367	"{""id"": 0, ""street"": ""65-30 KISSENA BLVD"", ""city"": ""FLUSHING"", ""state"": ""NY"", ""zip"": ""11367""}"	No_Match	131
019ab436-f5ce-7155-9c6e-a8291605f9f0	One Broadway 14Th Floor, Cambridge, Ma, 02142	"{""id"": 0, ""street"": ""ONE BROADWAY 14TH FLOOR"", ""city"": ""CAMBRIDGE"", ""state"": ""MA"", ""zip"": ""02142""}"	No_Match	131
019ab437-0b9a-75a5-5901-6c43548b8998	1725 Eye St Nw Suite 900, Washington, Dc, 20006	"{""id"": 0, ""street"": ""1725 EYE ST NW SUITE 900"", ""city"": ""WASHINGTON"", ""state"": ""DC"", ""zip"": ""20006""}"	No_Match	131
019ab3e9-0ff3-7026-f6bc-e44378ef2f90	3601 Mapleshade Lane, Plano, Tx, 75075	"{""id"": 0, ""street"": ""3601 MAPLESHADE LANE"", ""city"": ""PLANO"", ""state"": ""TX"", ""zip"": ""75075""}"	No_Match	130
019ab419-2d59-7df9-d526-3f37f9603184	1600 Grand Avenue, St Paul, Mn, 55105	"{""id"": 0, ""street"": ""1600 GRAND AVENUE"", ""city"": ""ST PAUL"", ""state"": ""MN"", ""zip"": ""55105""}"	No_Match	130
019ab40c-4742-77d8-41bd-d7ef97c8cb24	200 Vessey St 28 Fl, New York, Ny, 10281	"{""id"": 0, ""street"": ""200 VESSEY ST 28 FL"", ""city"": ""NEW YORK"", ""state"": ""NY"", ""zip"": ""10281""}"	No_Match	130
019ab3f3-9c5b-7c70-3fc1-f3ad868d3430	See Attached, See Attached, Ri, 02908	"{""id"": 0, ""street"": ""SEE ATTACHED"", ""city"": ""SEE ATTACHED"", ""state"": ""RI"", ""zip"": ""02908""}"	No_Match	130
019ab3e2-40b8-7cad-a52a-c5ff7685b1d8	1155 Union Circle, Denton, Tx, 76203	"{""id"": 0, ""street"": ""1155 Union Circle"", ""city"": ""Denton"", ""state"": ""TX"", ""zip"": ""76203""}"	No_Match	130
019ab3f6-96ca-7980-50e1-37d277cdf6c0	4335 Mayflower Hill, Waterville, Me, 04901	"{""id"": 0, ""street"": ""4335 MAYFLOWER HILL"", ""city"": ""WATERVILLE"", ""state"": ""ME"", ""zip"": ""04901""}"	No_Match	130
019ab7c7-3ed2-76cb-a2b6-187d81ed4184	6178 College Station Drive, Williamsburg, Ky, 40769	"{""id"": 0, ""street"": ""6178 COLLEGE STATION DRIVE"", ""city"": ""WILLIAMSBURG"", ""state"": ""KY"", ""zip"": ""40769""}"	No_Match	130
019ab3ee-892b-7774-8f7e-10e758e65d04	7500 Davis Blvd, Naples, Fl, 34104	"{""id"": 0, ""street"": ""7500 DAVIS BLVD"", ""city"": ""NAPLES"", ""state"": ""FL"", ""zip"": ""34104""}"	No_Match	130
019ab7be-8ca0-78b8-0b64-910b0ed8ac50	Memorial Sloan Kettering Cancer, New York, Ny, 10087	"{""id"": 0, ""street"": ""MEMORIAL SLOAN KETTERING CANCER"", ""city"": ""NEW YORK"", ""state"": ""NY"", ""zip"": ""10087""}"	No_Match	130
019ab3f1-c5a2-78d9-f27d-2f4745c95f8c	1020 Jericho Drive, Kingsport, Tn, 37663	"{""id"": 0, ""street"": ""1020 JERICHO DRIVE"", ""city"": ""KINGSPORT"", ""state"": ""TN"", ""zip"": ""37663""}"	No_Match	130
019ab5e1-10fc-786c-8886-30eac7733388	Available, On Request, Il, 61107	"{""id"": 0, ""street"": ""AVAILABLE"", ""city"": ""ON REQUEST"", ""state"": ""IL"", ""zip"": ""61107""}"	No_Match	130
019ab3f9-d3ee-7755-6cb5-b3f7b3e046f8	2 Brattle Sq Ste 6, Cambridge, Ma, 02138	"{""id"": 0, ""street"": ""2 BRATTLE SQ STE 6"", ""city"": ""CAMBRIDGE"", ""state"": ""MA"", ""zip"": ""02138""}"	No_Match	130
019ab436-f568-7051-77f7-8baa64fdb828	10 Brookline Place West 6Th Fl, Brookline, Ma, 02445	"{""id"": 0, ""street"": ""10 BROOKLINE PLACE WEST 6TH FL"", ""city"": ""BROOKLINE"", ""state"": ""MA"", ""zip"": ""02445""}"	No_Match	130
019ab436-fa99-7981-5dec-d5b3fb4edd94	114 Camp K9 Road, Ponte Vedra Beach, Fl, 32081	"{""id"": 0, ""street"": ""114 CAMP K9 ROAD"", ""city"": ""PONTE VEDRA BEACH"", ""state"": ""FL"", ""zip"": ""32081""}"	No_Match	130
019ab400-11c6-7bf5-47d5-97c8a10014d4	1300 N Boulevard, Tampa, Fl, 33607	"{""id"": 0, ""street"": ""1300 N BOULEVARD"", ""city"": ""TAMPA"", ""state"": ""FL"", ""zip"": ""33607""}"	No_Match	130
019ab70d-4495-7406-b31d-5ad774dc9e94	1 Hacker Way, Menlo Park, Ca, 94025	"{""id"": 0, ""street"": ""1 HACKER WAY"", ""city"": ""MENLO PARK"", ""state"": ""CA"", ""zip"": ""94025""}"	No_Match	129
019ab701-d469-743a-740e-18bcde74513c	Ballou Hall, Medford, Ma, 02155	"{""id"": 0, ""street"": ""BALLOU HALL"", ""city"": ""MEDFORD"", ""state"": ""MA"", ""zip"": ""02155""}"	No_Match	129
019ab3f9-acc1-7f15-27df-8cb4fc1bf950	8940 Jones Mill Road, Chevy Chase, Md, 20815	"{""id"": 0, ""street"": ""8940 JONES MILL ROAD"", ""city"": ""CHEVY CHASE"", ""state"": ""MD"", ""zip"": ""20815""}"	No_Match	129
019ab80f-a91b-7fa9-4982-54767ab2f464	Detail Address Information, Brooklyn, Ny, 11207	"{""id"": 0, ""street"": ""DETAIL ADDRESS INFORMATION"", ""city"": ""BROOKLYN"", ""state"": ""NY"", ""zip"": ""11207""}"	No_Match	128
019ab419-2392-78f1-b084-0fe106e260f4	1200 Kenwood Ave, Duluth, Mn, 55811	"{""id"": 0, ""street"": ""1200 KENWOOD AVE"", ""city"": ""DULUTH"", ""state"": ""MN"", ""zip"": ""55811""}"	No_Match	128
019ab404-c914-7003-547f-920a6debad50	1000 W Fulton Market 4Th Floor, Chicago, Il, 60607	"{""id"": 0, ""street"": ""1000 W FULTON MARKET 4TH FLOOR"", ""city"": ""CHICAGO"", ""state"": ""IL"", ""zip"": ""60607""}"	No_Match	128
019ab3e1-55f2-792d-605a-08be117e62bc	University Of California Santa, Santa Barbara, Ca, 93106	"{""id"": 0, ""street"": ""UNIVERSITY OF CALIFORNIA SANTA"", ""city"": ""SANTA BARBARA"", ""state"": ""CA"", ""zip"": ""93106""}"	No_Match	128
019ab3f7-be0d-7cf9-6061-2194df6fa7f0	4000 Dauphin Street, Mobile, Al, 36608	"{""id"": 0, ""street"": ""4000 DAUPHIN STREET"", ""city"": ""MOBILE"", ""state"": ""AL"", ""zip"": ""36608""}"	No_Match	128
019ab3ee-9292-7643-7a8e-afcdaa7cbf60	500 Main Street, Hartford, Ct, 06103	"{""id"": 0, ""street"": ""500 MAIN STREET"", ""city"": ""HARTFORD"", ""state"": ""CT"", ""zip"": ""06103""}"	No_Match	128
019ab40d-ff46-75b8-0a02-c3ea278a3b30	1000 Eddy Street, Providence, Ri, 02905	"{""id"": 0, ""street"": ""1000 EDDY STREET"", ""city"": ""PROVIDENCE"", ""state"": ""RI"", ""zip"": ""02905""}"	No_Match	128
019ab3e4-0b9b-7f00-ecb4-92d958a39f8c	North Ave Nw, Atlanta, Ga, 30332	"{""id"": 0, ""street"": ""North Ave NW"", ""city"": ""Atlanta"", ""state"": ""GA"", ""zip"": ""30332""}"	No_Match	128
019ab3ff-a780-7ef0-762c-228bb4dc5b38	95 Prospect Park W, Brooklyn, Ny, 11215	"{""id"": 0, ""street"": ""95 PROSPECT PARK W"", ""city"": ""BROOKLYN"", ""state"": ""NY"", ""zip"": ""11215""}"	No_Match	127
019ab3ef-54f6-7f1d-5cf6-5ab1ce25ed64	1000 E University Avenue, Laramie, Wy, 82071	"{""id"": 0, ""street"": ""1000 E University Avenue"", ""city"": ""Laramie"", ""state"": ""WY"", ""zip"": ""82071""}"	No_Match	127
019ab717-8cee-7f18-4bf3-8cc906deda10	2000 Westchester Avenue, Purchase, Ny, 10577	"{""id"": 0, ""street"": ""2000 WESTCHESTER AVENUE"", ""city"": ""PURCHASE"", ""state"": ""NY"", ""zip"": ""10577""}"	No_Match	127
019ab419-2fd1-77be-5363-eacb7c79e350	4100 Sw Leighton Farm Ave, Palm City, Fl, 34990	"{""id"": 0, ""street"": ""4100 SW LEIGHTON FARM AVE"", ""city"": ""PALM CITY"", ""state"": ""FL"", ""zip"": ""34990""}"	No_Match	126
019ab40d-cd2a-7d98-a83a-fde73d7b9148	Five Ppg Place Suite 250, Pittsburgh, Pa, 15222	"{""id"": 0, ""street"": ""FIVE PPG PLACE SUITE 250"", ""city"": ""PITTSBURGH"", ""state"": ""PA"", ""zip"": ""15222""}"	No_Match	126
019ab406-d238-7fa8-3dc6-516ab55c5a04	101 Saint Theresa Ave, West Roxbury, Ma, 02132	"{""id"": 0, ""street"": ""101 SAINT THERESA AVE"", ""city"": ""WEST ROXBURY"", ""state"": ""MA"", ""zip"": ""02132""}"	No_Match	126
019ab800-b12c-74c7-db1d-98268c9a7c60	C/O Healthcare Georgia Foundation, Atlanta, Ga, 30309	"{""id"": 0, ""street"": ""C/O HEALTHCARE GEORGIA FOUNDATION"", ""city"": ""ATLANTA"", ""state"": ""GA"", ""zip"": ""30309""}"	No_Match	126
019ab403-7015-7a47-1d2f-a0e35615ca80	7605 Old York Road, Melrose Park, Pa, 19027	"{""id"": 0, ""street"": ""7605 OLD YORK ROAD"", ""city"": ""MELROSE PARK"", ""state"": ""PA"", ""zip"": ""19027""}"	No_Match	126
019ab419-2026-72c4-2e5d-7c4fc8d389a8	8101 Interstate 30 Suite A, Little Rock, Ar, 72209	"{""id"": 0, ""street"": ""8101 INTERSTATE 30 SUITE A"", ""city"": ""LITTLE ROCK"", ""state"": ""AR"", ""zip"": ""72209""}"	No_Match	126
019ab3f0-6895-7f75-00fc-3a956dc5b3b4	9190 Rockville Pike, Bethesda, Md, 20814	"{""id"": 0, ""street"": ""9190 ROCKVILLE PIKE"", ""city"": ""BETHESDA"", ""state"": ""MD"", ""zip"": ""20814""}"	No_Match	126
019ab701-d77b-7e80-6cf9-a66aef9b0924	Two International Place, Boston, Ma, 02110	"{""id"": 0, ""street"": ""TWO INTERNATIONAL PLACE"", ""city"": ""BOSTON"", ""state"": ""MA"", ""zip"": ""02110""}"	No_Match	126
019ab419-2026-71bf-d768-d6115ee6877c	1050 Pennsylvania Avenue, York, Pa, 17404	"{""id"": 0, ""street"": ""1050 PENNSYLVANIA AVENUE"", ""city"": ""YORK"", ""state"": ""PA"", ""zip"": ""17404""}"	No_Match	126
019ab5e0-ecae-7857-8848-408eafcf26f4	Attn Andrew Fussner, St Petersburg, Fl, 33716	"{""id"": 0, ""street"": ""ATTN ANDREW FUSSNER"", ""city"": ""ST PETERSBURG"", ""state"": ""FL"", ""zip"": ""33716""}"	No_Match	126
019ab3f2-b855-7022-b800-98e27fc7d760	33775 Hiram Trail, Chagrin Falls, Oh, 44022	"{""id"": 0, ""street"": ""33775 HIRAM TRAIL"", ""city"": ""CHAGRIN FALLS"", ""state"": ""OH"", ""zip"": ""44022""}"	No_Match	126
019ab3f1-cd89-74d6-277f-416d6e6f0354	1501 Narcissa Road, Blue Bell, Pa, 19422	"{""id"": 0, ""street"": ""1501 NARCISSA ROAD"", ""city"": ""BLUE BELL"", ""state"": ""PA"", ""zip"": ""19422""}"	No_Match	126
019ab40d-5062-7653-c254-193cc9675ebc	100 Timberdell Rd, Norman, Ok, 73019	"{""id"": 0, ""street"": ""100 TIMBERDELL RD"", ""city"": ""NORMAN"", ""state"": ""OK"", ""zip"": ""73019""}"	No_Match	126
019ab437-0e0e-79e3-77aa-2f51de2c226c	1086 Teaneck Road, Teaneck, Nj, 07666	"{""id"": 0, ""street"": ""1086 TEANECK ROAD"", ""city"": ""TEANECK"", ""state"": ""NJ"", ""zip"": ""07666""}"	No_Match	125
019ab3fd-4c42-7ed8-5966-811cc477df7c	1 Symphony Place, Nashville, Tn, 37201	"{""id"": 0, ""street"": ""1 Symphony Place"", ""city"": ""Nashville"", ""state"": ""TN"", ""zip"": ""37201""}"	No_Match	125
019ab3e0-e989-724f-080b-ed94059f5304	Brigham Young University, Provo, Ut, 84602	"{""id"": 0, ""street"": ""BRIGHAM YOUNG UNIVERSITY"", ""city"": ""PROVO"", ""state"": ""UT"", ""zip"": ""84602""}"	No_Match	124
019ab70d-5391-7683-3236-70a9d5a1efb0	Office Of Sponsored Research 104, Chapel Hill, Nc, 27599	"{""id"": 0, ""street"": ""OFFICE OF SPONSORED RESEARCH 104"", ""city"": ""CHAPEL HILL"", ""state"": ""NC"", ""zip"": ""27599""}"	No_Match	124
019ab436-eb02-78e1-d119-4f33b6ad8af8	25 Braintree Hill Office Park Suite, Braintree, Ma, 02184	"{""id"": 0, ""street"": ""25 BRAINTREE HILL OFFICE PARK SUITE"", ""city"": ""BRAINTREE"", ""state"": ""MA"", ""zip"": ""02184""}"	No_Match	124
019ab419-2cbc-7811-30d4-652715ab9d28	8 Abbott Park Place, Providence, Ri, 02903	"{""id"": 0, ""street"": ""8 ABBOTT PARK PLACE"", ""city"": ""PROVIDENCE"", ""state"": ""RI"", ""zip"": ""02903""}"	No_Match	124
019ab436-ff2f-7ed9-f7af-3b3100883a70	111 Pettigrew Hall, Chapel Hill, Nc, 27599	"{""id"": 0, ""street"": ""111 PETTIGREW HALL"", ""city"": ""CHAPEL HILL"", ""state"": ""NC"", ""zip"": ""27599""}"	No_Match	124
019ab701-dc6f-75a0-ab98-7d04e98ee53c	12625 Southwest Freeway, Stafford, Tx, 77477	"{""id"": 0, ""street"": ""12625 SOUTHWEST FREEWAY"", ""city"": ""STAFFORD"", ""state"": ""TX"", ""zip"": ""77477""}"	No_Match	124
019ab3e2-a5df-76c0-fb6a-7238f29ca888	2425 Old Court Road, Baltimore, Md, 21208	"{""id"": 0, ""street"": ""2425 OLD COURT ROAD"", ""city"": ""BALTIMORE"", ""state"": ""MD"", ""zip"": ""21208""}"	No_Match	124
019ab5e0-e99c-7545-f98c-736825bd7428	200 North Main Street Suite 2, East Longmeadow, Ma, 01028	"{""id"": 0, ""street"": ""200 NORTH MAIN STREET SUITE 2"", ""city"": ""EAST LONGMEADOW"", ""state"": ""MA"", ""zip"": ""01028""}"	No_Match	124
019ab3e8-a19c-7ebe-a656-6e290fdd12cc	6525 N Meridian Ave No 110, Oklahoma City, Ok, 73172	"{""id"": 0, ""street"": ""6525 N MERIDIAN AVE NO 110"", ""city"": ""OKLAHOMA CITY"", ""state"": ""OK"", ""zip"": ""73172""}"	No_Match	124
019ab3f6-1bfc-7f40-de6a-27e3ec29d40c	27100 Cedar Road, Beachwood, Oh, 44122	"{""id"": 0, ""street"": ""27100 CEDAR ROAD"", ""city"": ""BEACHWOOD"", ""state"": ""OH"", ""zip"": ""44122""}"	No_Match	124
019ab7b2-4cbb-7a7d-10e2-61a068dee274	301 Peterson Service Building 0005, Lexington, Ky, 40506	"{""id"": 0, ""street"": ""301 PETERSON SERVICE BUILDING 0005"", ""city"": ""LEXINGTON"", ""state"": ""KY"", ""zip"": ""40506""}"	No_Match	124
019ab701-d4df-7799-1a73-349aabcb54ac	One Microsoft Way, Redmond, Wa, 98052	"{""id"": 0, ""street"": ""One Microsoft Way"", ""city"": ""Redmond"", ""state"": ""WA"", ""zip"": ""98052""}"	No_Match	123
019ab3ed-f1b1-7beb-fc46-7a3149374320	302 Silver Avenue, San Francisco, Ca, 94112	"{""id"": 0, ""street"": ""302 SILVER AVENUE"", ""city"": ""SAN FRANCISCO"", ""state"": ""CA"", ""zip"": ""94112""}"	No_Match	123
019ab7c7-33ef-7f03-70f5-2bb112ffb27c	727 E Dean Keeton St, Austin, Tx, 78705	"{""id"": 0, ""street"": ""727 E DEAN KEETON ST"", ""city"": ""AUSTIN"", ""state"": ""TX"", ""zip"": ""78705""}"	No_Match	122
019ab3e1-a2e9-7ecb-f287-1a869de9b888	105 Gilchrist Hall, Cedar Falls, Ia, 50614	"{""id"": 0, ""street"": ""105 GILCHRIST HALL"", ""city"": ""CEDAR FALLS"", ""state"": ""IA"", ""zip"": ""50614""}"	No_Match	122
019ab867-05aa-789b-2bb0-11fa090a2f40	C/O Georgia Health Initiative 1075, Atlanta, Ga, 30309	"{""id"": 0, ""street"": ""C/O GEORGIA HEALTH INITIATIVE 1075"", ""city"": ""ATLANTA"", ""state"": ""GA"", ""zip"": ""30309""}"	No_Match	122
019ab437-0aaf-7eef-3607-07fb186905f0	2601 N Fort Valley Road, Flagstaff, Az, 86001	"{""id"": 0, ""street"": ""2601 N FORT VALLEY ROAD"", ""city"": ""FLAGSTAFF"", ""state"": ""AZ"", ""zip"": ""86001""}"	No_Match	122
019ab419-2fb4-7bce-a49b-38821f18c1f8	600 Ramapo Valley Rd, Mahwah, Nj, 07430	"{""id"": 0, ""street"": ""600 RAMAPO VALLEY RD"", ""city"": ""MAHWAH"", ""state"": ""NJ"", ""zip"": ""07430""}"	No_Match	122
019ab3fd-79ec-7f85-5314-7de8be7e2988	4231 Avenue Of The Republic, Philadelphia, Pa, 19131	"{""id"": 0, ""street"": ""4231 AVENUE OF THE REPUBLIC"", ""city"": ""PHILADELPHIA"", ""state"": ""PA"", ""zip"": ""19131""}"	No_Match	122
019ab7d0-17e7-748c-bbdc-2a62bace5cb4	C/O The Melly Foundation 4523, Sarasota, Fl, 34235	"{""id"": 0, ""street"": ""C/O THE MELLY FOUNDATION 4523"", ""city"": ""SARASOTA"", ""state"": ""FL"", ""zip"": ""34235""}"	No_Match	122
019ab419-25d4-7cba-1446-61d2e6ef4028	504 Valor Way, Antioch, Tn, 37013	"{""id"": 0, ""street"": ""504 VALOR WAY"", ""city"": ""ANTIOCH"", ""state"": ""TN"", ""zip"": ""37013""}"	No_Match	122
019ab7c7-396b-72d2-e418-72f024f7ce38	C/O Ira Ganger34 Herrick Drive, Lawrence, Ny, 11559	"{""id"": 0, ""street"": ""C/O IRA GANGER34 HERRICK DRIVE"", ""city"": ""LAWRENCE"", ""state"": ""NY"", ""zip"": ""11559""}"	No_Match	122
019ab3f8-c25a-7324-e13f-b62bd12415dc	612 E Lamar Blvd Ste 300, Arlington, Tx, 76011	"{""id"": 0, ""street"": ""612 E LAMAR BLVD STE 300"", ""city"": ""ARLINGTON"", ""state"": ""TX"", ""zip"": ""76011""}"	No_Match	122
019ab419-25d5-727b-4f54-b5bd868b4384	1200 River Road, Conshohocken, Pa, 19428	"{""id"": 0, ""street"": ""1200 RIVER ROAD"", ""city"": ""CONSHOHOCKEN"", ""state"": ""PA"", ""zip"": ""19428""}"	No_Match	122
019ab7d6-99b4-7bad-dc88-e165a8238a7c	Office Of Sponsored Research 485, Redwood City, Ca, 94063	"{""id"": 0, ""street"": ""OFFICE OF SPONSORED RESEARCH 485"", ""city"": ""REDWOOD CITY"", ""state"": ""CA"", ""zip"": ""94063""}"	No_Match	122
019ab3f2-de5a-7e0a-1825-ea3adcc3035c	514 University Avenue, Selinsgrove, Pa, 17870	"{""id"": 0, ""street"": ""514 UNIVERSITY AVENUE"", ""city"": ""SELINSGROVE"", ""state"": ""PA"", ""zip"": ""17870""}"	No_Match	122
019ab5e0-ee5f-742b-7552-2846c00bf494	312 Expressway Drive S, Medford, Ny, 11763	"{""id"": 0, ""street"": ""312 EXPRESSWAY DRIVE S"", ""city"": ""MEDFORD"", ""state"": ""NY"", ""zip"": ""11763""}"	No_Match	122
019ab402-7212-7d4c-ac63-2b7e6bf704ac	One Copenhill 453 John Lewis, Atlanta, Ga, 30307	"{""id"": 0, ""street"": ""ONE COPENHILL 453 JOHN LEWIS"", ""city"": ""ATLANTA"", ""state"": ""GA"", ""zip"": ""30307""}"	No_Match	122
019ab3e3-8191-7122-9cc3-5df615625598	2121 Santa Monica Boulevard, Santa Monica, Ca, 90404	"{""id"": 0, ""street"": ""2121 Santa Monica Boulevard"", ""city"": ""Santa Monica"", ""state"": ""CA"", ""zip"": ""90404""}"	No_Match	122
019ab3f2-1a5d-7c79-d3ed-2eb2c0d6db78	25701 Science Park Dr, Cleveland, Oh, 44122	"{""id"": 0, ""street"": ""25701 SCIENCE PARK DR"", ""city"": ""CLEVELAND"", ""state"": ""OH"", ""zip"": ""44122""}"	No_Match	122
019ab706-fd3b-7ee1-f10e-7ec7bcd7630c	1901 S 9Th Street, Philadelphia, Pa, 19148	"{""id"": 0, ""street"": ""1901 S 9TH STREET"", ""city"": ""PHILADELPHIA"", ""state"": ""PA"", ""zip"": ""19148""}"	No_Match	122
019ab3fc-5be8-7a20-bc9a-1c78b35450c4	13280 Chapman Ave, Garden Grove, Ca, 92840	"{""id"": 0, ""street"": ""13280 CHAPMAN AVE"", ""city"": ""GARDEN GROVE"", ""state"": ""CA"", ""zip"": ""92840""}"	No_Match	121
019ab3f9-1748-7c01-2559-75a0e705fe8c	3900 Lomaland Drive, San Diego, Ca, 92106	"{""id"": 0, ""street"": ""3900 LOMALAND DRIVE"", ""city"": ""SAN DIEGO"", ""state"": ""CA"", ""zip"": ""92106""}"	No_Match	121
019ab419-24c0-724a-50f2-d2b4e591d83c	Sdsu, Brookings, Sd, 57007	"{""id"": 0, ""street"": ""SDSU"", ""city"": ""BROOKINGS"", ""state"": ""SD"", ""zip"": ""57007""}"	No_Match	121
019ab70d-4dc7-7712-89f3-cab7b84ece30	1 University Of New Mexico, Albuquerque, Nm, 87131	"{""id"": 0, ""street"": ""1 University of New Mexico"", ""city"": ""Albuquerque"", ""state"": ""NM"", ""zip"": ""87131""}"	No_Match	121
019ab3ea-fb63-7ea6-c871-29cb7c377ba4	One Old Main, University Park, Pa, 16802	"{""id"": 0, ""street"": ""ONE OLD MAIN"", ""city"": ""UNIVERSITY PARK"", ""state"": ""PA"", ""zip"": ""16802""}"	No_Match	120
019ab706-fea7-7d35-b4c9-bc096339a1f4	One Bear Place 97026, Waco, Tx, 76798	"{""id"": 0, ""street"": ""ONE BEAR PLACE 97026"", ""city"": ""WACO"", ""state"": ""TX"", ""zip"": ""76798""}"	No_Match	120
019ab3e5-5b2b-7b1e-e72a-912dbad6c718	117 Morgan Drive, Reading, Pa, 19608	"{""id"": 0, ""street"": ""117 MORGAN DRIVE"", ""city"": ""READING"", ""state"": ""PA"", ""zip"": ""19608""}"	No_Match	120
019ab3fc-e1b6-768d-50c8-da4d0162f324	50 Campus Drive, Elon, Nc, 27244	"{""id"": 0, ""street"": ""50 CAMPUS DRIVE"", ""city"": ""ELON"", ""state"": ""NC"", ""zip"": ""27244""}"	No_Match	120
019ab3f7-1317-72bb-0c6e-a03726f24f0c	5151 State University Drive, Los Angeles, Ca, 90032	"{""id"": 0, ""street"": ""5151 STATE UNIVERSITY DRIVE"", ""city"": ""LOS ANGELES"", ""state"": ""CA"", ""zip"": ""90032""}"	No_Match	120
019ab3f9-1e69-7630-ce78-a4195ad6dc1c	115 Main Building, Notre Dame, In, 46556	"{""id"": 0, ""street"": ""115 Main Building"", ""city"": ""Notre Dame"", ""state"": ""IN"", ""zip"": ""46556""}"	No_Match	120
019ab436-eada-7b29-7ebf-bf34c0656844	100 Seymour Rd, Utica, Ny, 13502	"{""id"": 0, ""street"": ""100 SEYMOUR RD"", ""city"": ""Utica"", ""state"": ""NY"", ""zip"": ""13502""}"	No_Match	120
019ab419-2202-7e02-0a76-32a213730740	400 Fenway, Boston, Ma, 02115	"{""id"": 0, ""street"": ""400 FENWAY"", ""city"": ""BOSTON"", ""state"": ""MA"", ""zip"": ""02115""}"	No_Match	120
019ab437-0c98-7734-1ec4-6e0c9abbb9b4	One College Ave, Mechanicsburg, Pa, 17055	"{""id"": 0, ""street"": ""ONE COLLEGE AVE"", ""city"": ""MECHANICSBURG"", ""state"": ""PA"", ""zip"": ""17055""}"	No_Match	120
019ab3f0-2ec2-7060-349f-d5c2b38c17b0	Old Main, State College, Pa, 16801	"{""id"": 0, ""street"": ""OLD MAIN"", ""city"": ""STATE COLLEGE"", ""state"": ""PA"", ""zip"": ""16801""}"	No_Match	120
019ab40f-1bc3-7eef-f504-c151d6bb902c	8733 La Prada Drive, Dallas, Tx, 75228	"{""id"": 0, ""street"": ""8733 LA PRADA DRIVE"", ""city"": ""DALLAS"", ""state"": ""TX"", ""zip"": ""75228""}"	No_Match	120
019ab437-0232-700a-d391-db0d0077fb48	651 Taylor Drive, Xenia, Oh, 45385	"{""id"": 0, ""street"": ""651 TAYLOR DRIVE"", ""city"": ""XENIA"", ""state"": ""OH"", ""zip"": ""45385""}"	No_Match	119
019ab402-acac-7b17-a6db-48eb018ce7ec	4700 Grand Ave, Des Moines, Ia, 50312	"{""id"": 0, ""street"": ""4700 GRAND AVE"", ""city"": ""DES MOINES"", ""state"": ""IA"", ""zip"": ""50312""}"	No_Match	119
019ab412-a2f0-709b-4014-c597c3521e84	3354 Charger Drive, Chattanooga, Tn, 37409	"{""id"": 0, ""street"": ""3354 CHARGER DRIVE"", ""city"": ""CHATTANOOGA"", ""state"": ""TN"", ""zip"": ""37409""}"	No_Match	119
019ab3f4-b98a-7c33-8667-b1649b02789c	300 Pompton Road, Wayne, Nj, 07470	"{""id"": 0, ""street"": ""300 POMPTON ROAD"", ""city"": ""WAYNE"", ""state"": ""NJ"", ""zip"": ""07470""}"	No_Match	118
019ab436-ed41-74c9-63aa-e260dddfc7d4	400 Main Street, Ridgefield, Ct, 06877	"{""id"": 0, ""street"": ""400 MAIN STREET"", ""city"": ""RIDGEFIELD"", ""state"": ""CT"", ""zip"": ""06877""}"	No_Match	118
019ab701-cf73-7dad-b479-f68068eb4b90	1600 Grand Avenue, Saint Paul, Mn, 55105	"{""id"": 0, ""street"": ""1600 GRAND AVENUE"", ""city"": ""SAINT PAUL"", ""state"": ""MN"", ""zip"": ""55105""}"	No_Match	118
019ab402-3afe-732e-753c-b952fe8a78e8	100 University Parkway, Macon, Ga, 31206	"{""id"": 0, ""street"": ""100 UNIVERSITY PARKWAY"", ""city"": ""MACON"", ""state"": ""GA"", ""zip"": ""31206""}"	No_Match	118
019ab3ff-4717-7710-55fc-e487924973ac	83 E Main St Floor 3, Newark, De, 19716	"{""id"": 0, ""street"": ""83 E MAIN ST FLOOR 3"", ""city"": ""NEWARK"", ""state"": ""DE"", ""zip"": ""19716""}"	No_Match	118
019ab412-3244-7175-9ec2-1c0479105790	500 Tausick Way, Walla Walla, Wa, 99362	"{""id"": 0, ""street"": ""500 TAUSICK WAY"", ""city"": ""Walla Walla"", ""state"": ""WA"", ""zip"": ""99362""}"	No_Match	118
019ab436-efe2-731b-e5cb-80bec935a468	1600 Grand Ave, Saint Paul, Mn, 55105	"{""id"": 0, ""street"": ""1600 GRAND AVE"", ""city"": ""SAINT PAUL"", ""state"": ""MN"", ""zip"": ""55105""}"	No_Match	118
019ab419-29bf-7d30-ed53-2d4b3bd80d0c	1221 Wayzata Blvd E, Wayzata, Mn, 55391	"{""id"": 0, ""street"": ""1221 WAYZATA BLVD E"", ""city"": ""WAYZATA"", ""state"": ""MN"", ""zip"": ""55391""}"	No_Match	118
019ab3e4-077e-70e6-62ee-49c97910da68	1 Dent Drive, Lewisburg, Pa, 17837	"{""id"": 0, ""street"": ""1 Dent Drive"", ""city"": ""Lewisburg"", ""state"": ""PA"", ""zip"": ""17837""}"	No_Match	118
019ab714-39f8-70ff-f909-7057b73e4df8	1 Inventa Place 6Th Floor, Silver Spring, Md, 20910	"{""id"": 0, ""street"": ""1 INVENTA PLACE 6TH FLOOR"", ""city"": ""SILVER SPRING"", ""state"": ""MD"", ""zip"": ""20910""}"	No_Match	118
019ab3e8-6a71-7b5a-f731-ebf83d89d628	11501 Masonic Home Drive, Bloomington, Mn, 55437	"{""id"": 0, ""street"": ""11501 MASONIC HOME DRIVE"", ""city"": ""BLOOMINGTON"", ""state"": ""MN"", ""zip"": ""55437""}"	No_Match	117
019ab3ee-3bf7-72f1-eb6a-ff87c7bdd5a4	1 Alpha Drive, Elizabethtown, Pa, 17022	"{""id"": 0, ""street"": ""1 ALPHA DRIVE"", ""city"": ""ELIZABETHTOWN"", ""state"": ""PA"", ""zip"": ""17022""}"	No_Match	117
019ab701-dfb8-7998-9160-d59aafeb7d54	8 Clarkson Avenue, Potsdam, Ny, 13699	"{""id"": 0, ""street"": ""8 CLARKSON AVENUE"", ""city"": ""POTSDAM"", ""state"": ""NY"", ""zip"": ""13699""}"	No_Match	117
019ab701-cee5-791f-38f0-c24c0d3d79c8	1653 W Congress Parkway, Chicago, Il, 60612	"{""id"": 0, ""street"": ""1653 W CONGRESS PARKWAY"", ""city"": ""Chicago"", ""state"": ""IL"", ""zip"": ""60612""}"	No_Match	116
019ab5e0-e8bc-7b08-717e-e5ccca634734	720 Westview Dr Sw, Atlanta, Ga, 30310	"{""id"": 0, ""street"": ""720 WESTVIEW DR SW"", ""city"": ""Atlanta"", ""state"": ""GA"", ""zip"": ""30310""}"	No_Match	116
019ab3f4-5280-7d97-3bed-ecd8c3c76ae8	39 Broadway, New York, Ny, 10038	"{""id"": 0, ""street"": ""39 BROADWAY"", ""city"": ""NEW YORK"", ""state"": ""NY"", ""zip"": ""10038""}"	No_Match	116
019ab419-2ac5-7543-1d45-96e89dea0628	300 Day Hall, Ithaca, Ny, 14853	"{""id"": 0, ""street"": ""300 DAY HALL"", ""city"": ""ITHACA"", ""state"": ""NY"", ""zip"": ""14853""}"	No_Match	116
019ab79d-efab-7372-e34c-f5d01e9b0774	Attn Financial Aid Office 1615, New Britain, Ct, 06050	"{""id"": 0, ""street"": ""ATTN FINANCIAL AID OFFICE 1615"", ""city"": ""NEW BRITAIN"", ""state"": ""CT"", ""zip"": ""06050""}"	No_Match	116
019ab706-fd39-7501-0003-0334a055626c	230 Administration Stony Brook, Stony Brook, Ny, 11794	"{""id"": 0, ""street"": ""230 ADMINISTRATION STONY BROOK"", ""city"": ""STONY BROOK"", ""state"": ""NY"", ""zip"": ""11794""}"	No_Match	116
019ab3ef-1ee3-7915-7b01-781ff7154188	1 Food For Life Way, Conroe, Tx, 77385	"{""id"": 0, ""street"": ""1 FOOD FOR LIFE WAY"", ""city"": ""CONROE"", ""state"": ""TX"", ""zip"": ""77385""}"	No_Match	116
019ab3f9-2ee3-735e-ba89-475dc6ea5804	1 University Dr, Camarillo, Ca, 93012	"{""id"": 0, ""street"": ""1 UNIVERSITY DR"", ""city"": ""CAMARILLO"", ""state"": ""CA"", ""zip"": ""93012""}"	No_Match	116
019ab437-0e48-7d2b-d843-10eb917290b8	280 Miracle Mile, Coral Gables, Fl, 33134	"{""id"": 0, ""street"": ""280 MIRACLE MILE"", ""city"": ""CORAL GABLES"", ""state"": ""FL"", ""zip"": ""33134""}"	No_Match	116
019ab419-2fd1-76ff-a30d-49dff0aa2248	2351 Se Monterey Road, Stuart, Fl, 34996	"{""id"": 0, ""street"": ""2351 SE MONTEREY ROAD"", ""city"": ""STUART"", ""state"": ""FL"", ""zip"": ""34996""}"	No_Match	116
019ab400-d526-7f9f-5823-72a5810e09ac	9099 130Th Ave, Largo, Fl, 33773	"{""id"": 0, ""street"": ""9099 130TH AVE"", ""city"": ""LARGO"", ""state"": ""FL"", ""zip"": ""33773""}"	No_Match	116
019ab3fc-8f67-7e26-6351-dbf9d21a9484	Lockbox 45339, San Francisco, Ca, 94145	"{""id"": 0, ""street"": ""LOCKBOX 45339"", ""city"": ""SAN FRANCISCO"", ""state"": ""CA"", ""zip"": ""94145""}"	No_Match	116
019ab3ed-59a4-7097-8892-0326f858cc98	600 Andy Holt Tower, Knoxville, Tn, 37996	"{""id"": 0, ""street"": ""600 ANDY HOLT TOWER"", ""city"": ""KNOXVILLE"", ""state"": ""TN"", ""zip"": ""37996""}"	No_Match	116
019ab436-edce-7cda-0636-ed588298099c	200 Vesey St 28Th Fl, New York, Ny, 10281	"{""id"": 0, ""street"": ""200 VESEY ST 28TH FL"", ""city"": ""NEW YORK"", ""state"": ""NY"", ""zip"": ""10281""}"	No_Match	116
019ab40f-f93f-762a-01fc-cbe6832a9fb8	200 N Arthur Ashe Boulevard, Richmond, Va, 23220	"{""id"": 0, ""street"": ""200 N ARTHUR ASHE BOULEVARD"", ""city"": ""RICHMOND"", ""state"": ""VA"", ""zip"": ""23220""}"	No_Match	116
019ab76a-b468-7bcc-90a8-5ad6589422d8	2601 Airport Rd S, Naples, Fl, 34112	"{""id"": 0, ""street"": ""2601 AIRPORT RD S"", ""city"": ""NAPLES"", ""state"": ""FL"", ""zip"": ""34112""}"	No_Match	116
019ab437-0c79-748d-1e00-6b25f1bf7db0	2 Brattle Sq Suite 6, Cambridge, Ma, 02138	"{""id"": 0, ""street"": ""2 BRATTLE SQ SUITE 6"", ""city"": ""CAMBRIDGE"", ""state"": ""MA"", ""zip"": ""02138""}"	No_Match	116
019ab5e1-16d4-72ee-7aaa-4bd4d319a79c	5201 Capital Gateway Drive, Camp Springs, Md, 20746	"{""id"": 0, ""street"": ""5201 CAPITAL GATEWAY DRIVE"", ""city"": ""CAMP SPRINGS"", ""state"": ""MD"", ""zip"": ""20746""}"	No_Match	115
019ab3e1-d579-7694-58eb-093a2139de4c	220 Main Building, Notre Dame, In, 46556	"{""id"": 0, ""street"": ""220 MAIN BUILDING"", ""city"": ""NOTRE DAME"", ""state"": ""IN"", ""zip"": ""46556""}"	No_Match	115
019ab5e0-e4eb-7d5b-e45f-11afe1f27d54	100 Mcgregor Street, Manchester, Nh, 03102	"{""id"": 0, ""street"": ""100 MCGREGOR STREET"", ""city"": ""MANCHESTER"", ""state"": ""NH"", ""zip"": ""03102""}"	No_Match	115
019ab796-f58d-71bf-8996-6ff4c5bae224	Berkeley View Dr, Duluth, Ga, 30096	"{""id"": 0, ""street"": ""BERKELEY VIEW DR"", ""city"": ""DULUTH"", ""state"": ""GA"", ""zip"": ""30096""}"	No_Match	114
019ab413-a061-7487-f7c2-94d02e252d68	114 Camp K9 Rd, Ponte Vedra Beach, Fl, 32081	"{""id"": 0, ""street"": ""114 CAMP K9 RD"", ""city"": ""PONTE VEDRA BEACH"", ""state"": ""FL"", ""zip"": ""32081""}"	No_Match	114
019ab3e2-9e1c-77bc-c72d-c0c41dbb3410	106 Island Farm Lane, Boyce, Va, 22620	"{""id"": 0, ""street"": ""106 ISLAND FARM LANE"", ""city"": ""BOYCE"", ""state"": ""VA"", ""zip"": ""22620""}"	No_Match	114
019ab7a3-bf05-7a1b-2a60-28f540998a38	9500 Gilman Drive Dept 0934, La Jolla, Ca, 92093	"{""id"": 0, ""street"": ""9500 GILMAN DRIVE DEPT 0934"", ""city"": ""LA JOLLA"", ""state"": ""CA"", ""zip"": ""92093""}"	No_Match	114
019ab406-d430-74d5-3682-ce7bbf8dd7ac	14200 Us Highway 1, Juno Beach, Fl, 33408	"{""id"": 0, ""street"": ""14200 US HIGHWAY 1"", ""city"": ""JUNO BEACH"", ""state"": ""FL"", ""zip"": ""33408""}"	No_Match	114
019ab436-fca2-7f08-5f21-75fa10cb21e0	600 Ramapo Valley Road, Mahwah, Nj, 07430	"{""id"": 0, ""street"": ""600 RAMAPO VALLEY ROAD"", ""city"": ""MAHWAH"", ""state"": ""NJ"", ""zip"": ""07430""}"	No_Match	114
019ab5e1-1493-7e1e-0351-51cd411a15e8	5400 College Sta, Brunswick, Me, 04011	"{""id"": 0, ""street"": ""5400 COLLEGE STA"", ""city"": ""BRUNSWICK"", ""state"": ""ME"", ""zip"": ""04011""}"	No_Match	114
019ab402-029d-73e9-7582-e51a75e1663c	5235 Union Hill Road, Cumming, Ga, 30040	"{""id"": 0, ""street"": ""5235 UNION HILL ROAD"", ""city"": ""CUMMING"", ""state"": ""GA"", ""zip"": ""30040""}"	No_Match	114
019ab7ae-f85d-7ee2-3442-6933a267353c	West Virginia University - Undergr, Morgantown, Wv, 26506	"{""id"": 0, ""street"": ""WEST VIRGINIA UNIVERSITY - UNDERGR"", ""city"": ""MORGANTOWN"", ""state"": ""WV"", ""zip"": ""26506""}"	No_Match	114
019ab707-07d6-7b26-b487-ec96e85efef4	Old Main Hill, Logan, Ut, 84322	"{""id"": 0, ""street"": ""OLD MAIN HILL"", ""city"": ""LOGAN"", ""state"": ""UT"", ""zip"": ""84322""}"	No_Match	114
019ab437-0b91-7757-c73f-bccb2ffee9ac	1601 Willow Road, Menlo Park, Ca, 94025	"{""id"": 0, ""street"": ""1601 WILLOW ROAD"", ""city"": ""MENLO PARK"", ""state"": ""CA"", ""zip"": ""94025""}"	No_Match	114
019ab3e1-4fb9-7b7b-163f-e86b1890c7dc	191 Waukegan Road Suite 105, Northfield, Il, 60093	"{""id"": 0, ""street"": ""191 WAUKEGAN ROAD SUITE 105"", ""city"": ""NORTHFIELD"", ""state"": ""IL"", ""zip"": ""60093""}"	No_Match	114
019ab717-9610-76aa-7f9c-9617ba50f9c8	5230 Pacific Concourse Drive, Los Angeles, Ca, 90045	"{""id"": 0, ""street"": ""5230 Pacific Concourse Drive"", ""city"": ""Los Angeles"", ""state"": ""CA"", ""zip"": ""90045""}"	No_Match	113
019ab436-f761-77ff-9c48-11c6af9d51e8	8339 Old York Road, Elkins Park, Pa, 19027	"{""id"": 0, ""street"": ""8339 OLD YORK ROAD"", ""city"": ""ELKINS PARK"", ""state"": ""PA"", ""zip"": ""19027""}"	No_Match	113
019ab419-2ae1-7db6-bc9c-6e0ab924aa34	One Winooski Park, Colchester, Vt, 05439	"{""id"": 0, ""street"": ""ONE WINOOSKI PARK"", ""city"": ""COLCHESTER"", ""state"": ""VT"", ""zip"": ""05439""}"	No_Match	113
019ab419-2cb8-708f-e997-c01ef4285b60	2000 Westchester Ave, Purchase, Ny, 10577	"{""id"": 0, ""street"": ""2000 WESTCHESTER AVE"", ""city"": ""PURCHASE"", ""state"": ""NY"", ""zip"": ""10577""}"	No_Match	113
019ab436-f0fe-75ce-0cac-75ad11098934	4901 Fuller Dr, Fort Wayne, In, 46835	"{""id"": 0, ""street"": ""4901 FULLER DR"", ""city"": ""FORT WAYNE"", ""state"": ""IN"", ""zip"": ""46835""}"	No_Match	112
019ab3e7-4bf7-7a59-f645-e5295c1fefe8	Brown University, Providence, Ri, 02912	"{""id"": 0, ""street"": ""BROWN UNIVERSITY"", ""city"": ""PROVIDENCE"", ""state"": ""RI"", ""zip"": ""02912""}"	No_Match	112
019ab5e0-e274-7085-6967-64b71a82f6e4	428 N Arthur Ashe Blvd, Richmond, Va, 23220	"{""id"": 0, ""street"": ""428 N ARTHUR ASHE BLVD"", ""city"": ""RICHMOND"", ""state"": ""VA"", ""zip"": ""23220""}"	No_Match	112
019ab3f4-342f-7521-7635-e39e33523388	6200 Hermann Park Dr, Houston, Tx, 77030	"{""id"": 0, ""street"": ""6200 HERMANN PARK DR"", ""city"": ""HOUSTON"", ""state"": ""TX"", ""zip"": ""77030""}"	No_Match	112
019ab3ea-c64d-7637-1bed-1aa19c1b4a94	40 Dilworth Rd, Millersville, Pa, 17551	"{""id"": 0, ""street"": ""40 DILWORTH RD"", ""city"": ""MILLERSVILLE"", ""state"": ""PA"", ""zip"": ""17551""}"	No_Match	112
019ab714-2971-7b1f-ed50-fda0912ffbf0	270 North Kent Street, St Paul, Mn, 55102	"{""id"": 0, ""street"": ""270 NORTH KENT STREET"", ""city"": ""ST PAUL"", ""state"": ""MN"", ""zip"": ""55102""}"	No_Match	112
019ab419-2910-7a74-bd05-7267730a77cc	Bedford Avenue, Brooklyn, Ny, 11211	"{""id"": 0, ""street"": ""Bedford Avenue"", ""city"": ""Brooklyn"", ""state"": ""NY"", ""zip"": ""11211""}"	No_Match	112
019ab3f2-b39d-72ce-d561-979faf0891dc	1200 Kenwood Avenue, Duluth, Mn, 55811	"{""id"": 0, ""street"": ""1200 Kenwood Avenue"", ""city"": ""Duluth"", ""state"": ""MN"", ""zip"": ""55811""}"	No_Match	112
019ab407-89a1-7336-339b-524e2ba22234	10900 Rockville Pike, North Bethesda, Md, 20852	"{""id"": 0, ""street"": ""10900 ROCKVILLE PIKE"", ""city"": ""NORTH BETHESDA"", ""state"": ""MD"", ""zip"": ""20852""}"	No_Match	112
019ab3f1-f67b-7b08-7c5f-aacb4c3fbb48	3900 Jog Road, Boca Raton, Fl, 33434	"{""id"": 0, ""street"": ""3900 JOG ROAD"", ""city"": ""BOCA RATON"", ""state"": ""FL"", ""zip"": ""33434""}"	No_Match	112
019ab411-ef12-724a-db7e-25cf59a18b18	200 Heritage Hall, Murray, Ky, 42071	"{""id"": 0, ""street"": ""200 HERITAGE HALL"", ""city"": ""MURRAY"", ""state"": ""KY"", ""zip"": ""42071""}"	No_Match	112
019ab40d-b408-7a09-8e1c-d25922aa4fb0	1888 Brett Lane, Saltsburg, Pa, 15681	"{""id"": 0, ""street"": ""1888 BRETT LANE"", ""city"": ""SALTSBURG"", ""state"": ""PA"", ""zip"": ""15681""}"	No_Match	112
019ab5e0-f19d-7878-fdd3-7f0c1ba2fc58	1 Museum Of Science Driveway, Boston, Ma, 02114	"{""id"": 0, ""street"": ""1 MUSEUM OF SCIENCE DRIVEWAY"", ""city"": ""BOSTON"", ""state"": ""MA"", ""zip"": ""02114""}"	No_Match	112
019ab3f0-2f1a-7911-2743-c4fa411076d8	319 South Market Street, New Wilmington, Pa, 16172	"{""id"": 0, ""street"": ""319 SOUTH MARKET STREET"", ""city"": ""NEW WILMINGTON"", ""state"": ""PA"", ""zip"": ""16172""}"	No_Match	112
019ab40c-6944-7c37-773c-6ef9611234e8	1220 5Th Ave, New York, Ny, 10029	"{""id"": 0, ""street"": ""1220 5TH AVE"", ""city"": ""NEW YORK"", ""state"": ""NY"", ""zip"": ""10029""}"	No_Match	112
019ab403-9f7a-7c75-0b85-7c3de57b06f0	100 Wall Street 10Th Floor, New York, Ny, 10005	"{""id"": 0, ""street"": ""100 Wall Street 10th Floor"", ""city"": ""New York"", ""state"": ""NY"", ""zip"": ""10005""}"	No_Match	111
019ab706-ffd4-7815-c4bf-c19eddaeebf4	410 South Main Street, Providence, Ri, 02903	"{""id"": 0, ""street"": ""410 SOUTH MAIN STREET"", ""city"": ""PROVIDENCE"", ""state"": ""RI"", ""zip"": ""02903""}"	No_Match	111
019ab419-27dd-78f3-a04e-3db6b3d03d58	One University Way, San Antonio, Tx, 78224	"{""id"": 0, ""street"": ""ONE UNIVERSITY WAY"", ""city"": ""SAN ANTONIO"", ""state"": ""TX"", ""zip"": ""78224""}"	No_Match	111
019ab3f9-9660-75b0-ccfb-2f71c9f98c74	12400 Wilshire Boulevard Suite 1500, Los Angeles, Ca, 90025	"{""id"": 0, ""street"": ""12400 WILSHIRE BOULEVARD SUITE 1500"", ""city"": ""LOS ANGELES"", ""state"": ""CA"", ""zip"": ""90025""}"	No_Match	111
019ab419-2c65-7560-3ba5-47f034b7fc68	1870 Quaker Way, Wilmington, Oh, 45177	"{""id"": 0, ""street"": ""1870 QUAKER WAY"", ""city"": ""WILMINGTON"", ""state"": ""OH"", ""zip"": ""45177""}"	No_Match	111
019ab3f0-2d70-7cf4-6cfe-9568463673cc	1200 E California Boulevard, Pasadena, Ca, 91125	"{""id"": 0, ""street"": ""1200 E CALIFORNIA BOULEVARD"", ""city"": ""PASADENA"", ""state"": ""CA"", ""zip"": ""91125""}"	No_Match	111
019ab40f-6b02-7d8c-0ed0-5988d1a4a9d0	2207 Line Ave, Amarillo, Tx, 79106	"{""id"": 0, ""street"": ""2207 LINE AVE"", ""city"": ""AMARILLO"", ""state"": ""TX"", ""zip"": ""79106""}"	No_Match	111
019ab436-f567-74f4-cd51-a48483d207c8	100 Broadway 10Th Floor, New York, Ny, 10005	"{""id"": 0, ""street"": ""100 BROADWAY 10TH FLOOR"", ""city"": ""NEW YORK"", ""state"": ""NY"", ""zip"": ""10005""}"	No_Match	110
019ab3f3-e2d7-7537-5c77-98e1310e53e0	One Dent Dr, Lewisburg, Pa, 17837	"{""id"": 0, ""street"": ""ONE DENT DR"", ""city"": ""LEWISBURG"", ""state"": ""PA"", ""zip"": ""17837""}"	No_Match	110
019ab3e0-b982-7da8-0b91-ce46312b0240	1946 Campus Dr, Hyde Park, Ny, 12538	"{""id"": 0, ""street"": ""1946 CAMPUS DR"", ""city"": ""HYDE PARK"", ""state"": ""NY"", ""zip"": ""12538""}"	No_Match	110
019ab412-c52c-7c26-0120-fedd9c63edc0	6191 College Station Dr, Williamsburg, Ky, 40769	"{""id"": 0, ""street"": ""6191 COLLEGE STATION DR"", ""city"": ""WILLIAMSBURG"", ""state"": ""KY"", ""zip"": ""40769""}"	No_Match	110
019ab5e0-f562-7fc7-789a-72170f9ce97c	112 St Labre Campus Drive, Ashland, Mt, 59003	"{""id"": 0, ""street"": ""112 ST LABRE CAMPUS DRIVE"", ""city"": ""ASHLAND"", ""state"": ""MT"", ""zip"": ""59003""}"	No_Match	110
019ab3ec-24fb-7128-2f84-2eef605be1d0	1201 N Galvin Pkwy, Phoenix, Az, 85008	"{""id"": 0, ""street"": ""1201 N GALVIN PKWY"", ""city"": ""PHOENIX"", ""state"": ""AZ"", ""zip"": ""85008""}"	No_Match	110
019ab3e0-09a1-7b41-19ba-2fe515add320	1100 Rock And Roll Blvd, Cleveland, Oh, 44114	"{""id"": 0, ""street"": ""1100 ROCK AND ROLL BLVD"", ""city"": ""CLEVELAND"", ""state"": ""OH"", ""zip"": ""44114""}"	No_Match	110
019ab436-fac2-78bb-46c7-f0b14ca2aeec	Altgeld Hall 134, Dekalb, Il, 60115	"{""id"": 0, ""street"": ""ALTGELD HALL 134"", ""city"": ""DEKALB"", ""state"": ""IL"", ""zip"": ""60115""}"	No_Match	110
019ab436-efe1-7385-b96e-30dfb6043bf0	200 Flanagan Blvd, Boys Town, Ne, 68010	"{""id"": 0, ""street"": ""200 FLANAGAN BLVD"", ""city"": ""BOYS TOWN"", ""state"": ""NE"", ""zip"": ""68010""}"	No_Match	110
019ab437-012a-71a6-b8c0-284da28d129c	27416 Ranch Road, Ashland, Ne, 68003	"{""id"": 0, ""street"": ""27416 RANCH ROAD"", ""city"": ""ASHLAND"", ""state"": ""NE"", ""zip"": ""68003""}"	No_Match	110
019ab3e7-7812-7f19-ef19-521fb9cea56c	3200 Pickett Road, Durham, Nc, 27705	"{""id"": 0, ""street"": ""3200 PICKETT ROAD"", ""city"": ""DURHAM"", ""state"": ""NC"", ""zip"": ""27705""}"	No_Match	110
019ab436-fd88-78ec-d17d-56aa116e4f60	140 Trees Hall, Pittsburgh, Pa, 15261	"{""id"": 0, ""street"": ""140 TREES HALL"", ""city"": ""PITTSBURGH"", ""state"": ""PA"", ""zip"": ""15261""}"	No_Match	110
019ab714-301d-7d68-83c1-7c435bb7ef6c	C/O Vasser Woolley Foundation Attn, Atlanta, Ga, 30309	"{""id"": 0, ""street"": ""C/O VASSER WOOLLEY FOUNDATION ATTN"", ""city"": ""ATLANTA"", ""state"": ""GA"", ""zip"": ""30309""}"	No_Match	110
019ab419-219a-7db2-ee15-802b170c5680	9500 Gilman Drive Mc 0940, La Jolla, Ca, 92093	"{""id"": 0, ""street"": ""9500 GILMAN DRIVE MC 0940"", ""city"": ""LA JOLLA"", ""state"": ""CA"", ""zip"": ""92093""}"	No_Match	110
019ab407-5a26-7a0c-5c3f-8d32e7525c84	4302 Baltimore Avenue, Bladensburg, Md, 20710	"{""id"": 0, ""street"": ""4302 BALTIMORE AVENUE"", ""city"": ""BLADENSBURG"", ""state"": ""MD"", ""zip"": ""20710""}"	No_Match	110
019ab436-fa9a-7816-e35b-27f9afc227c4	10 Upper College Drive, Alfred, Ny, 14802	"{""id"": 0, ""street"": ""10 UPPER COLLEGE DRIVE"", ""city"": ""ALFRED"", ""state"": ""NY"", ""zip"": ""14802""}"	No_Match	110
019ab784-f42f-7b54-8987-fc7fcc074914	200 Bellevue Parkway, Wilmington, De, 19809	"{""id"": 0, ""street"": ""200 BELLEVUE PARKWAY"", ""city"": ""WILMINGTON"", ""state"": ""DE"", ""zip"": ""19809""}"	No_Match	110
019ab77a-f58c-7974-7407-a4e8d0889904	General Address, Detroit, Mi, 48302	"{""id"": 0, ""street"": ""GENERAL ADDRESS"", ""city"": ""DETROIT"", ""state"": ""MI"", ""zip"": ""48302""}"	No_Match	110
019ab3f8-628a-7b65-eb7d-b5fe2f2f36d8	1653 W Congress Pkwy, Chicago, Il, 60612	"{""id"": 0, ""street"": ""1653 W CONGRESS PKWY"", ""city"": ""CHICAGO"", ""state"": ""IL"", ""zip"": ""60612""}"	No_Match	110
019ab3e4-41bd-7414-7258-8f9f26c94664	12400 Wilshire Blvd, Los Angeles, Ca, 90025	"{""id"": 0, ""street"": ""12400 WILSHIRE BLVD"", ""city"": ""LOS ANGELES"", ""state"": ""CA"", ""zip"": ""90025""}"	No_Match	110
019ab40f-4f88-71cf-66ab-ff899fa45f70	8526 Pitner Road, Houston, Tx, 77080	"{""id"": 0, ""street"": ""8526 PITNER ROAD"", ""city"": ""HOUSTON"", ""state"": ""TX"", ""zip"": ""77080""}"	No_Match	109
019ab419-25db-7bd8-6eae-a988c64dc1ec	Duke University, Durham, Nc, 27708	"{""id"": 0, ""street"": ""DUKE UNIVERSITY"", ""city"": ""DURHAM"", ""state"": ""NC"", ""zip"": ""27708""}"	No_Match	109
019ab3e4-5dee-7bc9-07b0-5bff6ce0eee8	3200 Broadway, Kansas City, Mo, 64111	"{""id"": 0, ""street"": ""3200 Broadway"", ""city"": ""Kansas City"", ""state"": ""MO"", ""zip"": ""64111""}"	No_Match	108
019ab3e7-17ef-7783-7a60-aed98a16b8dc	28 Crescent St, Middletown, Ct, 06457	"{""id"": 0, ""street"": ""28 CRESCENT ST"", ""city"": ""MIDDLETOWN"", ""state"": ""CT"", ""zip"": ""06457""}"	No_Match	108
019ab3fc-d12e-7ddb-db3d-b804dcc8cc8c	118 52Nd Street, Pittsburgh, Pa, 15201	"{""id"": 0, ""street"": ""118 52ND STREET"", ""city"": ""PITTSBURGH"", ""state"": ""PA"", ""zip"": ""15201""}"	No_Match	108
019ab419-217a-735a-aaa0-ea0a8e6308d0	University Of Florida, Gainesville, Fl, 32611	"{""id"": 0, ""street"": ""UNIVERSITY OF FLORIDA"", ""city"": ""GAINESVILLE"", ""state"": ""FL"", ""zip"": ""32611""}"	No_Match	108
019ab436-f127-7f31-e105-2e943b578da4	5800 Patriot Drive, Owasso, Ok, 74055	"{""id"": 0, ""street"": ""5800 PATRIOT DRIVE"", ""city"": ""OWASSO"", ""state"": ""OK"", ""zip"": ""74055""}"	No_Match	108
019ab701-d1a9-7f36-9089-d1d755c69304	1 Symphony Pl, Nashville, Tn, 37201	"{""id"": 0, ""street"": ""1 SYMPHONY PL"", ""city"": ""NASHVILLE"", ""state"": ""TN"", ""zip"": ""37201""}"	No_Match	108
019ab406-d737-725c-adae-dc71c7f59018	1001 E Indiantown Road, Jupiter, Fl, 33477	"{""id"": 0, ""street"": ""1001 E INDIANTOWN ROAD"", ""city"": ""JUPITER"", ""state"": ""FL"", ""zip"": ""33477""}"	No_Match	108
019ab410-6e46-7b0c-7ebe-730d5fca3dcc	799 Washington St, Harpers Ferry, Wv, 25425	"{""id"": 0, ""street"": ""799 WASHINGTON ST"", ""city"": ""HARPERS FERRY"", ""state"": ""WV"", ""zip"": ""25425""}"	No_Match	108
019ab3e5-f204-7a82-9e8b-be6f10c94028	900 East Avenue, Rochester, Ny, 14607	"{""id"": 0, ""street"": ""900 EAST AVENUE"", ""city"": ""ROCHESTER"", ""state"": ""NY"", ""zip"": ""14607""}"	No_Match	108
019ab3ef-b78b-74b4-6a4d-c1f77b1ca4ac	North Avenue, Atlanta, Ga, 30332	"{""id"": 0, ""street"": ""NORTH AVENUE"", ""city"": ""ATLANTA"", ""state"": ""GA"", ""zip"": ""30332""}"	No_Match	108
019ab3fc-48ea-7d8e-7fb0-6200fe3d6b6c	2781 W Macarthur Blvd Ste B 605, Santa Ana, Ca, 92704	"{""id"": 0, ""street"": ""2781 W MACARTHUR BLVD STE B 605"", ""city"": ""SANTA ANA"", ""state"": ""CA"", ""zip"": ""92704""}"	No_Match	108
019ab3f9-e0e0-79e0-17b6-52eba71a06b8	4010 E Amendola Drive, Fresno, Ca, 93725	"{""id"": 0, ""street"": ""4010 E AMENDOLA DRIVE"", ""city"": ""FRESNO"", ""state"": ""CA"", ""zip"": ""93725""}"	No_Match	108
019ab436-f070-7b86-473d-fa8dabe69cb4	3152 Forest Lake Road, Pebble Beach, Ca, 93953	"{""id"": 0, ""street"": ""3152 FOREST LAKE ROAD"", ""city"": ""PEBBLE BEACH"", ""state"": ""CA"", ""zip"": ""93953""}"	No_Match	108
019ab419-31d3-72ba-0037-127cb22d6728	200 Centre St, New York, Ny, 10013	"{""id"": 0, ""street"": ""200 CENTRE ST"", ""city"": ""NEW YORK"", ""state"": ""NY"", ""zip"": ""10013""}"	No_Match	108
019ab3eb-dab8-75c4-ab57-11d47b855868	30300 Telegraph Road Suite 220, Bingham Farms, Mi, 48025	"{""id"": 0, ""street"": ""30300 TELEGRAPH ROAD SUITE 220"", ""city"": ""BINGHAM FARMS"", ""state"": ""MI"", ""zip"": ""48025""}"	No_Match	108
019ab77a-f5c5-7c85-b2ca-5d9063f1d8c4	One Triton Circle, Fort Dodge, Ia, 50501	"{""id"": 0, ""street"": ""ONE TRITON CIRCLE"", ""city"": ""FORT DODGE"", ""state"": ""IA"", ""zip"": ""50501""}"	No_Match	108
019ab7be-9425-7d07-0072-f9e2e901c300	4001 Dr Martin Luther King Jr Blvd, Kansas City, Mo, 64130	"{""id"": 0, ""street"": ""4001 DR MARTIN LUTHER KING JR BLVD"", ""city"": ""KANSAS CITY"", ""state"": ""MO"", ""zip"": ""64130""}"	No_Match	108
019ab3f1-13a1-7403-c777-e9e42e694ac0	19 Boonton Avenue, Boonton, Nj, 07005	"{""id"": 0, ""street"": ""19 BOONTON AVENUE"", ""city"": ""BOONTON"", ""state"": ""NJ"", ""zip"": ""07005""}"	No_Match	108
019ab79d-e7c9-78ee-26e3-3de2e84cdbe8	C/O Ha Trippeer Charitable, Portland, Or, 97224	"{""id"": 0, ""street"": ""C/O HA TRIPPEER CHARITABLE"", ""city"": ""PORTLAND"", ""state"": ""OR"", ""zip"": ""97224""}"	No_Match	108
019ab5e1-041f-7da8-773b-84c99577466c	291 Main St, Middletown, Ct, 06457	"{""id"": 0, ""street"": ""291 MAIN ST"", ""city"": ""MIDDLETOWN"", ""state"": ""CT"", ""zip"": ""06457""}"	No_Match	108
019ab3ff-05b7-72c3-e5cd-49609641999c	170 Longview Rd, Far Hills, Nj, 07931	"{""id"": 0, ""street"": ""170 LONGVIEW RD"", ""city"": ""FAR HILLS"", ""state"": ""NJ"", ""zip"": ""07931""}"	No_Match	108
019ab3fd-289c-774d-3253-e884d07237b8	163 N Cr 29, Loveland, Co, 80537	"{""id"": 0, ""street"": ""163 N CR 29"", ""city"": ""LOVELAND"", ""state"": ""CO"", ""zip"": ""80537""}"	No_Match	108
019ab419-22a3-7ab9-3447-f0dca560c424	1725 Eye Street Nw, Washington, Dc, 20006	"{""id"": 0, ""street"": ""1725 Eye Street NW"", ""city"": ""Washington"", ""state"": ""DC"", ""zip"": ""20006""}"	No_Match	107
019ab800-afd8-7a6d-660d-151d14b1909c	C/O Corp Finance 2 Crescent Place, Oceanport, Nj, 07757	"{""id"": 0, ""street"": ""C/O CORP FINANCE 2 CRESCENT PLACE"", ""city"": ""OCEANPORT"", ""state"": ""NJ"", ""zip"": ""07757""}"	No_Match	107
019ab437-0c9b-7c41-e5d0-46f5b66d3280	8101 Park Heights Avenue, Baltimore, Md, 21208	"{""id"": 0, ""street"": ""8101 PARK HEIGHTS AVENUE"", ""city"": ""BALTIMORE"", ""state"": ""MD"", ""zip"": ""21208""}"	No_Match	107
019ab419-21d9-731e-4e7a-4bffba6ebf5c	212 The 103 Building, University Park, Pa, 16802	"{""id"": 0, ""street"": ""212 THE 103 BUILDING"", ""city"": ""UNIVERSITY PARK"", ""state"": ""PA"", ""zip"": ""16802""}"	No_Match	106
019ab793-0453-7629-c44c-18baf5ac8950	C/O Healthcare Georgia Foundation, Atlanta, Ga, 30303	"{""id"": 0, ""street"": ""C/O HEALTHCARE GEORGIA FOUNDATION"", ""city"": ""ATLANTA"", ""state"": ""GA"", ""zip"": ""30303""}"	No_Match	106
019ab7a3-be40-7012-ad28-15f48bada238	1200 E California Blvd M/C 273-6, Pasadena, Ca, 91125	"{""id"": 0, ""street"": ""1200 E CALIFORNIA BLVD M/C 273-6"", ""city"": ""PASADENA"", ""state"": ""CA"", ""zip"": ""91125""}"	No_Match	106
019ab3e7-0a3b-7c34-a484-6111ce9f16f4	A-41 Asb, Provo, Ut, 84602	"{""id"": 0, ""street"": ""A-41 ASB"", ""city"": ""PROVO"", ""state"": ""UT"", ""zip"": ""84602""}"	No_Match	106
019ab436-eead-7316-5c91-6a25b1addb94	1 College Dr, Bennington, Vt, 05201	"{""id"": 0, ""street"": ""1 COLLEGE DR"", ""city"": ""BENNINGTON"", ""state"": ""VT"", ""zip"": ""05201""}"	No_Match	106
019ab5e1-0844-7ae3-8d75-e647a5eeab00	8425 W Mcnichols Rd, Detroit, Mi, 48221	"{""id"": 0, ""street"": ""8425 W MCNICHOLS RD"", ""city"": ""DETROIT"", ""state"": ""MI"", ""zip"": ""48221""}"	No_Match	106
019ab3ff-c4cd-780b-3738-7108eb90ed30	70 Whippany Road, Morristown, Nj, 07960	"{""id"": 0, ""street"": ""70 WHIPPANY ROAD"", ""city"": ""MORRISTOWN"", ""state"": ""NJ"", ""zip"": ""07960""}"	No_Match	106
019ab3e8-9345-7ab0-83a1-46f2b53c3ce8	Office Of The General Counsel, Washington Dc, Dc, 20006	"{""id"": 0, ""street"": ""OFFICE OF THE GENERAL COUNSEL"", ""city"": ""WASHINGTON DC"", ""state"": ""DC"", ""zip"": ""20006""}"	No_Match	106
019ab701-de6f-7dc8-0ce5-a3e70cc3d374	371 Ny-25, Smithtown, Ny, 11787	"{""id"": 0, ""street"": ""371 NY-25"", ""city"": ""SMITHTOWN"", ""state"": ""NY"", ""zip"": ""11787""}"	No_Match	106
019ab5e0-f194-7614-4ced-a06d0889c010	1 College Hall Room 211, Philadelphia, Pa, 19104	"{""id"": 0, ""street"": ""1 College Hall Room 211"", ""city"": ""Philadelphia"", ""state"": ""PA"", ""zip"": ""19104""}"	No_Match	106
019ab3f5-8ec8-7d0c-2031-2e41b2fca50c	8526 Pitner Rd, Houston, Tx, 77080	"{""id"": 0, ""street"": ""8526 PITNER RD"", ""city"": ""HOUSTON"", ""state"": ""TX"", ""zip"": ""77080""}"	No_Match	106
019ab3eb-6e21-73b0-423a-34e5a7e75d78	4100 Il-53, Lisle, Il, 60532	"{""id"": 0, ""street"": ""4100 IL-53"", ""city"": ""LISLE"", ""state"": ""IL"", ""zip"": ""60532""}"	No_Match	106
019ab40c-bad1-78ad-6569-372266b470c8	640 Skytop Road 2Nd Floor, Syracuse, Ny, 13244	"{""id"": 0, ""street"": ""640 SKYTOP ROAD 2ND FLOOR"", ""city"": ""SYRACUSE"", ""state"": ""NY"", ""zip"": ""13244""}"	No_Match	106
019ab3f3-01c0-772d-309c-ceae54a931a4	3 Shipman Place, Montpelier, Vt, 05602	"{""id"": 0, ""street"": ""3 Shipman Place"", ""city"": ""Montpelier"", ""state"": ""VT"", ""zip"": ""05602""}"	No_Match	106
019ab70d-430d-73b3-b1b7-8653010c20b8	45 Museum Dr, Tupper Lake, Ny, 12986	"{""id"": 0, ""street"": ""45 MUSEUM DR"", ""city"": ""TUPPER LAKE"", ""state"": ""NY"", ""zip"": ""12986""}"	No_Match	106
019ab3fb-265c-7a8f-9a89-987221f33230	4901 W Rosecrans Ave, Hawthorne, Ca, 90250	"{""id"": 0, ""street"": ""4901 W ROSECRANS AVE"", ""city"": ""HAWTHORNE"", ""state"": ""CA"", ""zip"": ""90250""}"	No_Match	106
019ab3ff-592a-72e0-84e0-bc74b6eaaa00	11207 Blue Heron Blvd North, Saint Petersburg, Fl, 33716	"{""id"": 0, ""street"": ""11207 BLUE HERON BLVD NORTH"", ""city"": ""SAINT PETERSBURG"", ""state"": ""FL"", ""zip"": ""33716""}"	No_Match	106
019ab436-fc6a-7848-f8c7-57862c96af78	3785 Veterans Drive, Traverse City, Mi, 49684	"{""id"": 0, ""street"": ""3785 VETERANS DRIVE"", ""city"": ""TRAVERSE CITY"", ""state"": ""MI"", ""zip"": ""49684""}"	No_Match	106
019ab5e0-e004-75e6-795c-41eb88e8dda0	1 Press Pl Ste 101, Athens, Ga, 30601	"{""id"": 0, ""street"": ""1 PRESS PL STE 101"", ""city"": ""ATHENS"", ""state"": ""GA"", ""zip"": ""30601""}"	No_Match	106
019ab419-2b05-7e2b-12b2-6b53ab6378bc	160 Conover Road, Wickatunk, Nj, 07765	"{""id"": 0, ""street"": ""160 CONOVER ROAD"", ""city"": ""WICKATUNK"", ""state"": ""NJ"", ""zip"": ""07765""}"	No_Match	105
019ab419-30c2-7724-e6e8-302c75f53c80	1300 Gendy St, Fort Worth, Tx, 76107	"{""id"": 0, ""street"": ""1300 GENDY ST"", ""city"": ""FORT WORTH"", ""state"": ""TX"", ""zip"": ""76107""}"	No_Match	105
019ab714-2c32-76dd-2848-e3b15fcf2b1c	A-153 Asb, Provo, Ut, 84602	"{""id"": 0, ""street"": ""A-153 ASB"", ""city"": ""PROVO"", ""state"": ""UT"", ""zip"": ""84602""}"	No_Match	105
019ab436-f6b9-7413-5af0-a17871645664	1300 Academy Road, Culver, In, 46511	"{""id"": 0, ""street"": ""1300 ACADEMY ROAD"", ""city"": ""CULVER"", ""state"": ""IN"", ""zip"": ""46511""}"	No_Match	105
019ab714-3a74-7080-5b02-8a9e08fb98d4	5618 H Mark Crosswell Jr Street, Houston, Tx, 77021	"{""id"": 0, ""street"": ""5618 H Mark Crosswell Jr Street"", ""city"": ""Houston"", ""state"": ""TX"", ""zip"": ""77021""}"	No_Match	105
019ab706-fd40-75f1-1b80-d2613fae453c	4949 Marie P Debartolo Way, Santa Clara, Ca, 95054	"{""id"": 0, ""street"": ""4949 MARIE P DEBARTOLO WAY"", ""city"": ""SANTA CLARA"", ""state"": ""CA"", ""zip"": ""95054""}"	No_Match	104
019ab419-2fa9-74ca-450a-ac70a867a9f8	398 Pomfret Street, Pomfret, Ct, 06258	"{""id"": 0, ""street"": ""398 POMFRET STREET"", ""city"": ""POMFRET"", ""state"": ""CT"", ""zip"": ""06258""}"	No_Match	104
019ab5e0-e01c-7ddd-8bef-cb944ca9e78c	451 Blue Hill Ave, Boston, Ma, 02121	"{""id"": 0, ""street"": ""451 BLUE HILL AVE"", ""city"": ""BOSTON"", ""state"": ""MA"", ""zip"": ""02121""}"	No_Match	104
019ab3f6-19c9-779d-a695-a56e721f10ac	8420 Wake Forest Hwy, Raleigh, Nc, 27613	"{""id"": 0, ""street"": ""8420 WAKE FOREST HWY"", ""city"": ""RALEIGH"", ""state"": ""NC"", ""zip"": ""27613""}"	No_Match	104
019ab5e0-facb-7563-a695-27cce51d5f7c	6704 Reliable Pkwy, Chicago, Il, 60686	"{""id"": 0, ""street"": ""6704 RELIABLE PKWY"", ""city"": ""CHICAGO"", ""state"": ""IL"", ""zip"": ""60686""}"	No_Match	104
019ab437-0200-7c80-0f02-452acbb7afec	4200 Keller Haslet Rd, Keller, Tx, 76244	"{""id"": 0, ""street"": ""4200 KELLER HASLET RD"", ""city"": ""KELLER"", ""state"": ""TX"", ""zip"": ""76244""}"	No_Match	104
019ab714-3a93-7215-51b2-18c3215c9a44	3540 Crain Highway Suite 675, Bowie, Md, 20716	"{""id"": 0, ""street"": ""3540 Crain Highway Suite 675"", ""city"": ""BOWIE"", ""state"": ""MD"", ""zip"": ""20716""}"	No_Match	104
019ab436-f952-75b7-00f9-843bdca83f10	155 South International Drive, Mooseheart, Il, 60539	"{""id"": 0, ""street"": ""155 SOUTH INTERNATIONAL DRIVE"", ""city"": ""MOOSEHEART"", ""state"": ""IL"", ""zip"": ""60539""}"	No_Match	104
019ab701-cf8f-7610-26ec-46bb29148ef8	1276 Gilbreath Dr, Johnson City, Tn, 37614	"{""id"": 0, ""street"": ""1276 GILBREATH DR"", ""city"": ""JOHNSON CITY"", ""state"": ""TN"", ""zip"": ""37614""}"	No_Match	104
019ab707-049e-71fa-7b55-567b08c45ac8	90 Main Street, New Britain, Ct, 06051	"{""id"": 0, ""street"": ""90 MAIN STREET"", ""city"": ""NEW BRITAIN"", ""state"": ""CT"", ""zip"": ""06051""}"	No_Match	104
019ab76f-f058-7837-a198-c8d3054f3618	No Address Available At Filing, Los Angeles, Ca, 90049	"{""id"": 0, ""street"": ""NO ADDRESS AVAILABLE AT FILING"", ""city"": ""LOS ANGELES"", ""state"": ""CA"", ""zip"": ""90049""}"	No_Match	104
019ab40d-ffca-76ea-e066-f599069d43a4	686 Cushing Road, Newport, Ri, 02841	"{""id"": 0, ""street"": ""686 CUSHING ROAD"", ""city"": ""NEWPORT"", ""state"": ""RI"", ""zip"": ""02841""}"	No_Match	104
019ab401-91ed-77d5-2640-fe2be3db41f8	84 Camphill Road, Copake, Ny, 12516	"{""id"": 0, ""street"": ""84 CAMPHILL ROAD"", ""city"": ""COPAKE"", ""state"": ""NY"", ""zip"": ""12516""}"	No_Match	104
019ab3f7-e3f8-7d32-6c5c-fa7f41994aa4	1000 Church St, Nashville, Tn, 37203	"{""id"": 0, ""street"": ""1000 CHURCH ST"", ""city"": ""NASHVILLE"", ""state"": ""TN"", ""zip"": ""37203""}"	No_Match	104
019ab3fd-8e9b-75fb-1cba-63c701f998f0	221 Main Street, Hartford, Ct, 06106	"{""id"": 0, ""street"": ""221 MAIN STREET"", ""city"": ""HARTFORD"", ""state"": ""CT"", ""zip"": ""06106""}"	No_Match	104
019ab3e4-af27-777f-eaa2-07982840eec8	15325 Pinehurst, Detroit, Mi, 48238	"{""id"": 0, ""street"": ""15325 PINEHURST"", ""city"": ""DETROIT"", ""state"": ""MI"", ""zip"": ""48238""}"	No_Match	104
019ab3f0-bb2c-7634-aad2-e42cf2ea8de0	1 John Carroll Boulevard, University Heights, Oh, 44118	"{""id"": 0, ""street"": ""1 John Carroll Boulevard"", ""city"": ""University Heights"", ""state"": ""OH"", ""zip"": ""44118""}"	No_Match	104
019ab437-13f5-79ba-610f-9781f3224844	20 Ucb, Boulder, Co, 80309	"{""id"": 0, ""street"": ""20 UCB"", ""city"": ""BOULDER"", ""state"": ""CO"", ""zip"": ""80309""}"	No_Match	104
019ab437-0c75-7ae2-bbfd-091d89010714	University Of Alabama, Tuscaloosa, Al, 35487	"{""id"": 0, ""street"": ""UNIVERSITY OF ALABAMA"", ""city"": ""TUSCALOOSA"", ""state"": ""AL"", ""zip"": ""35487""}"	No_Match	104
019ab3f8-88e1-7f0a-d08e-fbc229240454	1001 University Ave, Georgetown, Tx, 78626	"{""id"": 0, ""street"": ""1001 UNIVERSITY AVE"", ""city"": ""GEORGETOWN"", ""state"": ""TX"", ""zip"": ""78626""}"	No_Match	104
019ab3fd-bcac-7109-df73-2dc724525234	2717 W Cypress Creek Rd, Ft Lauderdale, Fl, 33309	"{""id"": 0, ""street"": ""2717 W CYPRESS CREEK RD"", ""city"": ""FT LAUDERDALE"", ""state"": ""FL"", ""zip"": ""33309""}"	No_Match	104
019ab7ae-f96d-7fdf-e4f4-ca30f8d7b4cc	1 Street, Brooklyn, Ny, 11211	"{""id"": 0, ""street"": ""1 Street"", ""city"": ""Brooklyn"", ""state"": ""NY"", ""zip"": ""11211""}"	No_Match	104
019ab5e1-0fe5-742c-bef5-21b29dfc8978	708 Blair Mill Road, Willow Grove, Pa, 19090	"{""id"": 0, ""street"": ""708 BLAIR MILL ROAD"", ""city"": ""WILLOW GROVE"", ""state"": ""PA"", ""zip"": ""19090""}"	No_Match	104
019ab714-3907-7b12-7b9d-fc7b5fbc241c	101 Station Landing, Medford, Ma, 02155	"{""id"": 0, ""street"": ""101 STATION LANDING"", ""city"": ""MEDFORD"", ""state"": ""MA"", ""zip"": ""02155""}"	No_Match	104
019ab5e0-f395-77f7-16f8-e8ae062f5e98	1 Cameron Hill Circle, Chattanooga, Tn, 37402	"{""id"": 0, ""street"": ""1 CAMERON HILL CIRCLE"", ""city"": ""CHATTANOOGA"", ""state"": ""TN"", ""zip"": ""37402""}"	No_Match	103
019ab3ec-2d6d-7ef3-5ead-781c6b854f94	12701 N Scottsdale Rd, Scottsdale, Az, 85254	"{""id"": 0, ""street"": ""12701 N SCOTTSDALE RD"", ""city"": ""SCOTTSDALE"", ""state"": ""AZ"", ""zip"": ""85254""}"	No_Match	103
019ab717-8b69-733d-23e6-b9f2cfadb2d8	1 Adventist Health Way, Roseville, Ca, 95661	"{""id"": 0, ""street"": ""1 Adventist Health Way"", ""city"": ""Roseville"", ""state"": ""CA"", ""zip"": ""95661""}"	No_Match	103
019ab7d6-aa1a-72fc-ada7-b0298c882de0	Gift Processing Dept 0734, Washington, Dc, 20057	"{""id"": 0, ""street"": ""GIFT PROCESSING DEPT 0734"", ""city"": ""WASHINGTON"", ""state"": ""DC"", ""zip"": ""20057""}"	No_Match	102
019ab76f-ece5-7588-4dc6-8b5518fddb04	Office Of Sponsored Programs 110, University Park, Pa, 16802	"{""id"": 0, ""street"": ""OFFICE OF SPONSORED PROGRAMS 110"", ""city"": ""UNIVERSITY PARK"", ""state"": ""PA"", ""zip"": ""16802""}"	No_Match	102
019ab419-201b-7fe2-4d59-590a2a13e420	350 Engle St, Englewood, Nj, 07631	"{""id"": 0, ""street"": ""350 ENGLE ST"", ""city"": ""ENGLEWOOD"", ""state"": ""NJ"", ""zip"": ""07631""}"	No_Match	102
019ab7a5-b6e1-7d10-4e9a-0efb9e15a068	C/O Good Samaritan 600 Center Mill, Wilmington, De, 19807	"{""id"": 0, ""street"": ""C/O GOOD SAMARITAN 600 CENTER MILL"", ""city"": ""WILMINGTON"", ""state"": ""DE"", ""zip"": ""19807""}"	No_Match	102
019ab437-0bd4-7a5f-6429-6b491008ae64	3395 Plymouth Road, Minnetonka, Mn, 55305	"{""id"": 0, ""street"": ""3395 PLYMOUTH ROAD"", ""city"": ""MINNETONKA"", ""state"": ""MN"", ""zip"": ""55305""}"	No_Match	102
019ab3ee-7e3e-7733-4262-729a98e909ac	75-105 Merle Drive Suite 300, Palm Desert, Ca, 92211	"{""id"": 0, ""street"": ""75-105 MERLE DRIVE SUITE 300"", ""city"": ""PALM DESERT"", ""state"": ""CA"", ""zip"": ""92211""}"	No_Match	102
019ab413-42ba-7334-43e3-c2ed8cd154f0	C/O L Wollin 124 Prospect St, Ridgewood, Nj, 07450	"{""id"": 0, ""street"": ""c/o L WOLLIN 124 PROSPECT ST"", ""city"": ""RIDGEWOOD"", ""state"": ""NJ"", ""zip"": ""07450""}"	No_Match	102
019ab3f8-8ea8-78b9-2a1d-6b68e1694f1c	3500 Camp Bowie Blvd, Fort Worth, Tx, 76107	"{""id"": 0, ""street"": ""3500 CAMP BOWIE BLVD"", ""city"": ""FORT WORTH"", ""state"": ""TX"", ""zip"": ""76107""}"	No_Match	102
019ab436-f05f-749a-9ccf-d7acbea47974	Davies Symphony Hall, San Francisco, Ca, 94102	"{""id"": 0, ""street"": ""DAVIES SYMPHONY HALL"", ""city"": ""SAN FRANCISCO"", ""state"": ""CA"", ""zip"": ""94102""}"	No_Match	102
019ab419-3205-76d0-af97-0c5a951c1230	11002 Lake Hart Dr Ste 100, Orlando, Fl, 32832	"{""id"": 0, ""street"": ""11002 Lake Hart Dr Ste 100"", ""city"": ""Orlando"", ""state"": ""FL"", ""zip"": ""32832""}"	No_Match	102
019ab405-afb8-7264-175b-17795f984d3c	3200 Woodland Ridge Blvd, Baton Rouge, La, 70816	"{""id"": 0, ""street"": ""3200 WOODLAND RIDGE BLVD"", ""city"": ""BATON ROUGE"", ""state"": ""LA"", ""zip"": ""70816""}"	No_Match	102
019ab3ef-006f-7e23-97e0-a3ed7525bce0	One Park Place, Elmira, Ny, 14901	"{""id"": 0, ""street"": ""ONE PARK PLACE"", ""city"": ""Elmira"", ""state"": ""NY"", ""zip"": ""14901""}"	No_Match	102
019ab701-dac5-76da-92f9-cf11de6b4228	108 Calvin Hall, Iowa City, Ia, 52242	"{""id"": 0, ""street"": ""108 CALVIN HALL"", ""city"": ""IOWA CITY"", ""state"": ""IA"", ""zip"": ""52242""}"	No_Match	102
019ab40c-a65e-722e-9ccf-d6946b08ba40	2222 St Paul Street, Rochester, Ny, 14621	"{""id"": 0, ""street"": ""2222 ST PAUL STREET"", ""city"": ""ROCHESTER"", ""state"": ""NY"", ""zip"": ""14621""}"	No_Match	102
019ab3ec-8b7c-7aaf-0f6d-26160f8871f8	500 Humane Way, Pomona, Ca, 91766	"{""id"": 0, ""street"": ""500 HUMANE WAY"", ""city"": ""POMONA"", ""state"": ""CA"", ""zip"": ""91766""}"	No_Match	102
019ab722-5134-763f-ee2e-5acb362ff4bc	5399 Overpass Road, Santa Barbara, Ca, 93111	"{""id"": 0, ""street"": ""5399 OVERPASS ROAD"", ""city"": ""SANTA BARBARA"", ""state"": ""CA"", ""zip"": ""93111""}"	No_Match	102
019ab3f6-1cd0-7aba-fd65-ac5ac24a9c2c	1 Victory Lane, Park City, Ut, 84060	"{""id"": 0, ""street"": ""1 VICTORY LANE"", ""city"": ""PARK CITY"", ""state"": ""UT"", ""zip"": ""84060""}"	No_Match	102
019ab409-f0a6-7773-6596-74722ce89af0	1453 Main Street, Hartford, Ct, 06120	"{""id"": 0, ""street"": ""1453 MAIN STREET"", ""city"": ""HARTFORD"", ""state"": ""CT"", ""zip"": ""06120""}"	No_Match	102
019ab419-238d-7cbc-d1ce-eceb07169a7c	2840 6Th Ave S, Lake Worth, Fl, 33461	"{""id"": 0, ""street"": ""2840 6TH AVE S"", ""city"": ""LAKE WORTH"", ""state"": ""FL"", ""zip"": ""33461""}"	No_Match	102
019ab75d-1642-7776-9fc0-234b81c25794	Office Of Contract And Grant, Los Angeles, Ca, 90095	"{""id"": 0, ""street"": ""OFFICE OF CONTRACT AND GRANT"", ""city"": ""LOS ANGELES"", ""state"": ""CA"", ""zip"": ""90095""}"	No_Match	102
019ab701-daca-7450-e4db-17cea21618e4	1 University Blvd, La Grande, Or, 97850	"{""id"": 0, ""street"": ""1 UNIVERSITY BLVD"", ""city"": ""LA GRANDE"", ""state"": ""OR"", ""zip"": ""97850""}"	No_Match	102
019ab3e0-ab10-7f13-8a4e-821c51e4a394	2 Copley Place Suite 3700B, Boston, Ma, 02116	"{""id"": 0, ""street"": ""2 COPLEY PLACE SUITE 3700B"", ""city"": ""BOSTON"", ""state"": ""MA"", ""zip"": ""02116""}"	No_Match	101
019ab707-074d-7e7b-a0be-f5408ee130b8	10200 Sunset Drive, Miami, Fl, 33173	"{""id"": 0, ""street"": ""10200 SUNSET DRIVE"", ""city"": ""MIAMI"", ""state"": ""FL"", ""zip"": ""33173""}"	No_Match	101
019ab436-eead-7e2b-46a3-347f3cb924b4	1 Dent Drive Finance Office, Lewisburg, Pa, 17837	"{""id"": 0, ""street"": ""1 DENT DRIVE FINANCE OFFICE"", ""city"": ""LEWISBURG"", ""state"": ""PA"", ""zip"": ""17837""}"	No_Match	101
019ab3f5-9f20-7c64-4a53-ed04916f4824	200 William R Harvey Way, Hampton, Va, 23668	"{""id"": 0, ""street"": ""200 WILLIAM R HARVEY WAY"", ""city"": ""HAMPTON"", ""state"": ""VA"", ""zip"": ""23668""}"	No_Match	101
019ab785-071f-7b02-411a-7f18beac0fe8	General, Sheridan, Wy, 82801	"{""id"": 0, ""street"": ""GENERAL"", ""city"": ""SHERIDAN"", ""state"": ""WY"", ""zip"": ""82801""}"	No_Match	101
019ab436-fa99-7d6d-2bb5-0ea41e6fd16c	1 College Drive, Bennington, Vt, 05201	"{""id"": 0, ""street"": ""1 COLLEGE DRIVE"", ""city"": ""BENNINGTON"", ""state"": ""VT"", ""zip"": ""05201""}"	No_Match	100
019ab436-f4b9-7e93-3aee-1b5ba5fb206c	1000 Regent University Dr, Virginia Beach, Va, 23464	"{""id"": 0, ""street"": ""1000 REGENT UNIVERSITY DR"", ""city"": ""VIRGINIA BEACH"", ""state"": ""VA"", ""zip"": ""23464""}"	No_Match	100
019ab408-ca0e-703f-27da-38412eb9a8a0	3325 Marvin Sands Drive, Canandaigua, Ny, 14424	"{""id"": 0, ""street"": ""3325 MARVIN SANDS DRIVE"", ""city"": ""CANANDAIGUA"", ""state"": ""NY"", ""zip"": ""14424""}"	No_Match	100
019ab3df-cfa6-79d8-21d5-38b8c53288f0	6000 Shelburne Road, Shelburne, Vt, 05482	"{""id"": 0, ""street"": ""6000 SHELBURNE ROAD"", ""city"": ""SHELBURNE"", ""state"": ""VT"", ""zip"": ""05482""}"	No_Match	100
019ab404-7126-7d37-02af-08cf45121ea8	701 Northview Road, Waukesha, Wi, 53188	"{""id"": 0, ""street"": ""701 Northview Road"", ""city"": ""Waukesha"", ""state"": ""WI"", ""zip"": ""53188""}"	No_Match	100
019ab3e6-9441-79b3-fb5d-267af20bf420	475 Riverside Drive Suite 1901, New York, Ny, 10115	"{""id"": 0, ""street"": ""475 RIVERSIDE DRIVE SUITE 1901"", ""city"": ""NEW YORK"", ""state"": ""NY"", ""zip"": ""10115""}"	No_Match	100
019ab419-25fc-75fd-a8e9-28d94328c1f0	102 Aldrich Hall, Irvine, Ca, 92697	"{""id"": 0, ""street"": ""102 ALDRICH HALL"", ""city"": ""IRVINE"", ""state"": ""CA"", ""zip"": ""92697""}"	No_Match	100
019ab405-ed1b-7247-c9cc-665d85514404	65 Boys Girls Club Way, Worcester, Ma, 01610	"{""id"": 0, ""street"": ""65 BOYS GIRLS CLUB WAY"", ""city"": ""WORCESTER"", ""state"": ""MA"", ""zip"": ""01610""}"	No_Match	100
019ab796-fce2-7be3-b6f5-11411ccf467c	C/O Essex Savings Bank, Essex, Ct, 06426	"{""id"": 0, ""street"": ""C/O ESSEX SAVINGS BANK"", ""city"": ""ESSEX"", ""state"": ""CT"", ""zip"": ""06426""}"	No_Match	100
019ab3eb-6b1a-77f5-d204-f69346126ddc	3501 New York Ave Ne, Washington, Dc, 20002	"{""id"": 0, ""street"": ""3501 NEW YORK AVE NE"", ""city"": ""WASHINGTON"", ""state"": ""DC"", ""zip"": ""20002""}"	No_Match	100
019ab3f2-e6fa-73f9-1dab-b4e248d3423c	454 Delhi Drive, Delhi, Ny, 13753	"{""id"": 0, ""street"": ""454 DELHI DRIVE"", ""city"": ""DELHI"", ""state"": ""NY"", ""zip"": ""13753""}"	No_Match	100
019ab409-4746-7871-97eb-6de5f0fa4efc	2601 N Fort Valley Rd, Flagstaff, Az, 86001	"{""id"": 0, ""street"": ""2601 N FORT VALLEY RD"", ""city"": ""FLAGSTAFF"", ""state"": ""AZ"", ""zip"": ""86001""}"	No_Match	100
019ab419-21a0-7635-c383-471def6618c4	701 S Nedderman Drive, Arlington, Tx, 76019	"{""id"": 0, ""street"": ""701 S Nedderman Drive"", ""city"": ""Arlington"", ""state"": ""TX"", ""zip"": ""76019""}"	No_Match	100
019ab3fb-6d02-7c0d-e366-c00c3a18d358	1000 17Th Ave N, Nashville, Tn, 37208	"{""id"": 0, ""street"": ""1000 17TH AVE N"", ""city"": ""NASHVILLE"", ""state"": ""TN"", ""zip"": ""37208""}"	No_Match	100
019ab40d-e8fa-709d-c10a-040aa2c986fc	800 Waterfront Drive Floor 2, Pittsburgh, Pa, 15222	"{""id"": 0, ""street"": ""800 WATERFRONT DRIVE FLOOR 2"", ""city"": ""PITTSBURGH"", ""state"": ""PA"", ""zip"": ""15222""}"	No_Match	100
019ab40d-4905-7f8c-a1ee-d6c8ed286a48	575 N 39Th W Ave, Tulsa, Ok, 74127	"{""id"": 0, ""street"": ""575 N 39TH W AVE"", ""city"": ""TULSA"", ""state"": ""OK"", ""zip"": ""74127""}"	No_Match	100
019ab419-2af7-7dad-66fd-3d65fe279570	321 Norristown Rd Ste 260, Ambler, Pa, 19002	"{""id"": 0, ""street"": ""321 NORRISTOWN RD STE 260"", ""city"": ""AMBLER"", ""state"": ""PA"", ""zip"": ""19002""}"	No_Match	100
019ab75d-2315-71b3-425d-cdde0a763128	4060 E Stevens Way Ne, Seattle, Wa, 98195	"{""id"": 0, ""street"": ""4060 E STEVENS WAY NE"", ""city"": ""SEATTLE"", ""state"": ""WA"", ""zip"": ""98195""}"	No_Match	100
019ab409-c732-7c6d-5b18-ececfb9bcdac	133 N River St, Wilkesbarre, Pa, 18711	"{""id"": 0, ""street"": ""133 N RIVER ST"", ""city"": ""WILKESBARRE"", ""state"": ""PA"", ""zip"": ""18711""}"	No_Match	100
019ab419-27fc-7ebc-585a-f9657693ead0	3301 College Ave, Fort Lauderdale, Fl, 33314	"{""id"": 0, ""street"": ""3301 COLLEGE AVE"", ""city"": ""FORT LAUDERDALE"", ""state"": ""FL"", ""zip"": ""33314""}"	No_Match	100
019ab407-7239-7af7-5de1-0de518eca734	8422 Bellona Ln Ste 102, Towson, Md, 21204	"{""id"": 0, ""street"": ""8422 BELLONA LN STE 102"", ""city"": ""TOWSON"", ""state"": ""MD"", ""zip"": ""21204""}"	No_Match	100
019ab70d-44a3-7b3d-6449-e09ddbde47ec	C/O Elsie Sang Charitable Trust C/O, Atlanta, Ga, 30309	"{""id"": 0, ""street"": ""C/O ELSIE SANG CHARITABLE TRUST C/O"", ""city"": ""ATLANTA"", ""state"": ""GA"", ""zip"": ""30309""}"	No_Match	100
019ab419-27a8-7556-4421-9dc4523c1a0c	Stanford University, Stanford, Ca, 94305	"{""id"": 0, ""street"": ""STANFORD UNIVERSITY"", ""city"": ""STANFORD"", ""state"": ""CA"", ""zip"": ""94305""}"	No_Match	100
019ab3fa-aa09-7bcf-3a39-f729c0449d5c	1550 Clarke Dr, Dubuque, Ia, 52001	"{""id"": 0, ""street"": ""1550 CLARKE DR"", ""city"": ""DUBUQUE"", ""state"": ""IA"", ""zip"": ""52001""}"	No_Match	100
019ab3f6-0df1-728d-ef3a-a8c66053a3c4	118 University Hall, Columbia, Mo, 65211	"{""id"": 0, ""street"": ""118 UNIVERSITY HALL"", ""city"": ""COLUMBIA"", ""state"": ""MO"", ""zip"": ""65211""}"	No_Match	100
019ab3ff-4338-7fd3-c176-0e4d228a3ce8	Legal Department, West Nyack, Ny, 10994	"{""id"": 0, ""street"": ""LEGAL DEPARTMENT"", ""city"": ""WEST NYACK"", ""state"": ""NY"", ""zip"": ""10994""}"	No_Match	100
019ab701-d5bf-786d-87f9-97f0fddc17b8	5900 Metro Drive, Baltimore, Md, 21215	"{""id"": 0, ""street"": ""5900 Metro Drive"", ""city"": ""Baltimore"", ""state"": ""MD"", ""zip"": ""21215""}"	No_Match	100
019ab3e8-4225-7224-fc71-5c0817c28928	Building 201 Fort Mason, San Francisco, Ca, 94123	"{""id"": 0, ""street"": ""BUILDING 201 FORT MASON"", ""city"": ""SAN FRANCISCO"", ""state"": ""CA"", ""zip"": ""94123""}"	No_Match	100
019ab3e5-8516-7e0b-1bc9-c9d5bd3f35f8	113 Lakeview Drive, Charleston, Wv, 25313	"{""id"": 0, ""street"": ""113 LAKEVIEW DRIVE"", ""city"": ""CHARLESTON"", ""state"": ""WV"", ""zip"": ""25313""}"	No_Match	100
019ab437-1326-75a3-b22b-cf1d7843661c	1500 Rosecrans Ave 200, Manhattan Beach, Ca, 90266	"{""id"": 0, ""street"": ""1500 ROSECRANS AVE 200"", ""city"": ""MANHATTAN BEACH"", ""state"": ""CA"", ""zip"": ""90266""}"	No_Match	100
019ab3e3-8812-77f0-d931-98b7523fae08	1750 Woodman Drive, Dayton, Oh, 45420	"{""id"": 0, ""street"": ""1750 WOODMAN DRIVE"", ""city"": ""DAYTON"", ""state"": ""OH"", ""zip"": ""45420""}"	No_Match	100
019ab437-0f08-750c-7256-65c6976fe454	Road, Spring Valley, Ny, 10977	"{""id"": 0, ""street"": ""Road"", ""city"": ""Spring Valley"", ""state"": ""NY"", ""zip"": ""10977""}"	No_Match	100
019ab5e0-e8e0-7e09-08c8-420a9707af98	300 Madison Avenue Suite 1300, Toledo, Oh, 43604	"{""id"": 0, ""street"": ""300 MADISON AVENUE SUITE 1300"", ""city"": ""TOLEDO"", ""state"": ""OH"", ""zip"": ""43604""}"	No_Match	99
019ab436-f985-763d-79be-011b988f0ca0	Central Michigan University, Mount Pleasant, Mi, 48859	"{""id"": 0, ""street"": ""CENTRAL MICHIGAN UNIVERSITY"", ""city"": ""MOUNT PLEASANT"", ""state"": ""MI"", ""zip"": ""48859""}"	No_Match	99
019ab419-2ae2-7c2f-bcb4-3dfd964f45ec	1776 Eye Street Nw Suite 600, Washington, Dc, 20006	"{""id"": 0, ""street"": ""1776 EYE STREET NW SUITE 600"", ""city"": ""WASHINGTON"", ""state"": ""DC"", ""zip"": ""20006""}"	No_Match	99
019ab3f6-4b00-705a-61a1-452863a5e858	8101 Park Heights Ave, Baltimore, Md, 21208	"{""id"": 0, ""street"": ""8101 PARK HEIGHTS AVE"", ""city"": ""BALTIMORE"", ""state"": ""MD"", ""zip"": ""21208""}"	No_Match	99
019ab72c-ee5f-767c-b1b7-f9f12ec92370	1480 Nashville Pike, Gallatin, Tn, 37066	"{""id"": 0, ""street"": ""1480 Nashville Pike"", ""city"": ""Gallatin"", ""state"": ""TN"", ""zip"": ""37066""}"	No_Match	98
019ab70d-4afa-78d2-276d-e665917459c8	One Food For Life Way, Conroe, Tx, 77385	"{""id"": 0, ""street"": ""ONE FOOD FOR LIFE WAY"", ""city"": ""CONROE"", ""state"": ""TX"", ""zip"": ""77385""}"	No_Match	98
019ab3fd-6964-74b6-0b77-e1c212f77fa0	Glenmede Trust Co Na 1650 Mark, Philadelphia, Pa, 19103	"{""id"": 0, ""street"": ""GLENMEDE TRUST CO NA 1650 MARK"", ""city"": ""PHILADELPHIA"", ""state"": ""PA"", ""zip"": ""19103""}"	No_Match	98
019ab419-2ae4-7bec-c939-734af7632b78	One Morgan Place, Yellow Springs, Oh, 45387	"{""id"": 0, ""street"": ""ONE MORGAN PLACE"", ""city"": ""YELLOW SPRINGS"", ""state"": ""OH"", ""zip"": ""45387""}"	No_Match	98
019ab706-fee4-7e1c-2f86-51fcdca96520	3501 E 71St St, Loveland, Co, 80538	"{""id"": 0, ""street"": ""3501 E 71ST ST"", ""city"": ""LOVELAND"", ""state"": ""CO"", ""zip"": ""80538""}"	No_Match	98
019ab701-e06f-7d65-ea0b-154c4f773c38	85 Country Day Way, Aspen, Co, 81611	"{""id"": 0, ""street"": ""85 COUNTRY DAY WAY"", ""city"": ""ASPEN"", ""state"": ""CO"", ""zip"": ""81611""}"	No_Match	98
019ab722-54dc-7818-30fb-3e2dd96342f8	7077 Elmwood Ave, Kansas City, Mo, 64132	"{""id"": 0, ""street"": ""7077 ELMWOOD AVE"", ""city"": ""KANSAS CITY"", ""state"": ""MO"", ""zip"": ""64132""}"	No_Match	98
019ab720-3dd2-7ad9-e1cb-ebffdeb5ce50	1122 Kenilworth Dr Ste 201, Towson, Md, 21204	"{""id"": 0, ""street"": ""1122 KENILWORTH DR STE 201"", ""city"": ""TOWSON"", ""state"": ""MD"", ""zip"": ""21204""}"	No_Match	98
019ab3fe-d5d7-721f-e5d5-3c5d394f5738	1863 Bethany Road, Womelsdorf, Pa, 19567	"{""id"": 0, ""street"": ""1863 BETHANY ROAD"", ""city"": ""WOMELSDORF"", ""state"": ""PA"", ""zip"": ""19567""}"	No_Match	98
019ab436-eb20-7949-39e5-cd3cb8eb0e40	300 Madison Ave Ste 1300, Toledo, Oh, 43604	"{""id"": 0, ""street"": ""300 MADISON AVE STE 1300"", ""city"": ""TOLEDO"", ""state"": ""OH"", ""zip"": ""43604""}"	No_Match	98
019ab419-2413-79f9-a73e-c7dec8ad500c	3640 Colonel Glenn Highway, Dayton, Oh, 45435	"{""id"": 0, ""street"": ""3640 COLONEL GLENN HIGHWAY"", ""city"": ""DAYTON"", ""state"": ""OH"", ""zip"": ""45435""}"	No_Match	98
019ab404-f3de-7b58-751c-c98066e5f52c	1300 Academy Rd 153, Culver, In, 46511	"{""id"": 0, ""street"": ""1300 ACADEMY RD 153"", ""city"": ""CULVER"", ""state"": ""IN"", ""zip"": ""46511""}"	No_Match	98
019ab3ee-307e-7aca-5e88-78939b5c023c	940 S St Francis, Wichita, Ks, 67211	"{""id"": 0, ""street"": ""940 S ST FRANCIS"", ""city"": ""WICHITA"", ""state"": ""KS"", ""zip"": ""67211""}"	No_Match	98
019ab436-fc9f-76a7-a41b-95dccbb7e184	77 Ucb, Boulder, Co, 80309	"{""id"": 0, ""street"": ""77 UCB"", ""city"": ""BOULDER"", ""state"": ""CO"", ""zip"": ""80309""}"	No_Match	98
019ab419-30bb-75fb-e442-7b54e5d4f5e8	C/O Eastern Bank Wealth Management, Boston, Ma, 02110	"{""id"": 0, ""street"": ""c/o EASTERN BANK WEALTH MANAGEMENT"", ""city"": ""BOSTON"", ""state"": ""MA"", ""zip"": ""02110""}"	No_Match	98
019ab3ff-d72b-7a5e-b09d-e760986ff1d0	701 Locust Road, Wilmette, Il, 60091	"{""id"": 0, ""street"": ""701 LOCUST ROAD"", ""city"": ""WILMETTE"", ""state"": ""IL"", ""zip"": ""60091""}"	No_Match	98
019ab3e1-f216-7a02-7035-d562c4aee110	208 Calvin Hall, Iowa City, Ia, 52242	"{""id"": 0, ""street"": ""208 CALVIN HALL"", ""city"": ""IOWA CITY"", ""state"": ""IA"", ""zip"": ""52242""}"	No_Match	98
019ab419-20ae-7274-8f80-6f047a4cffac	2366 Oak Valley Dr, Ann Arbor, Mi, 48103	"{""id"": 0, ""street"": ""2366 OAK VALLEY DR"", ""city"": ""ANN ARBOR"", ""state"": ""MI"", ""zip"": ""48103""}"	No_Match	98
019ab3f0-1a96-738a-cb15-1fcca2e8feac	163 Stormont St, New Concord, Oh, 43762	"{""id"": 0, ""street"": ""163 STORMONT ST"", ""city"": ""NEW CONCORD"", ""state"": ""OH"", ""zip"": ""43762""}"	No_Match	98
019ab437-07a6-7b5b-d03f-8566ad23af84	Dept Ch 14400, Palatine, Il, 60055	"{""id"": 0, ""street"": ""DEPT CH 14400"", ""city"": ""PALATINE"", ""state"": ""IL"", ""zip"": ""60055""}"	No_Match	98
019ab5e0-e8d0-759c-899d-f01882e40ea8	2813 W 17Th Street, Wilmington, De, 19806	"{""id"": 0, ""street"": ""2813 W 17TH STREET"", ""city"": ""WILMINGTON"", ""state"": ""DE"", ""zip"": ""19806""}"	No_Match	98
019ab7c7-3251-70dc-adc0-28ea6f8036e0	104 Caldwell Hall, Athens, Ga, 30602	"{""id"": 0, ""street"": ""104 CALDWELL HALL"", ""city"": ""ATHENS"", ""state"": ""GA"", ""zip"": ""30602""}"	No_Match	98
019ab403-81a9-7c4a-1f85-ebee3ab4ad98	2103 Coral Way, Miami, Fl, 33145	"{""id"": 0, ""street"": ""2103 CORAL WAY"", ""city"": ""MIAMI"", ""state"": ""FL"", ""zip"": ""33145""}"	No_Match	97
019ab419-242f-7948-44f9-198a245211b4	1000 Eddy St, Providence, Ri, 02905	"{""id"": 0, ""street"": ""1000 EDDY ST"", ""city"": ""PROVIDENCE"", ""state"": ""RI"", ""zip"": ""02905""}"	No_Match	97
019ab3e1-9f6a-790a-da2c-6e4c9ebc1954	1 University Drive, Campbellsville, Ky, 42718	"{""id"": 0, ""street"": ""1 UNIVERSITY DRIVE"", ""city"": ""CAMPBELLSVILLE"", ""state"": ""KY"", ""zip"": ""42718""}"	No_Match	97
019ab419-249e-7d44-3823-6cf126a68888	1906 College Heights Blvd 41016, Bowling Green, Ky, 42101	"{""id"": 0, ""street"": ""1906 COLLEGE HEIGHTS BLVD 41016"", ""city"": ""BOWLING GREEN"", ""state"": ""KY"", ""zip"": ""42101""}"	No_Match	97
019ab436-fa84-7c07-dee1-80cda68944d8	2065 Half Day Road, Deerfield, Il, 60015	"{""id"": 0, ""street"": ""2065 HALF DAY ROAD"", ""city"": ""DEERFIELD"", ""state"": ""IL"", ""zip"": ""60015""}"	No_Match	97
019ab706-ffd3-7119-b9da-079a987a7d0c	1100 S Division Ave, Grand Rapids, Mi, 49507	"{""id"": 0, ""street"": ""1100 S DIVISION AVE"", ""city"": ""GRAND RAPIDS"", ""state"": ""MI"", ""zip"": ""49507""}"	No_Match	97
019ab3fd-7b0c-7460-a95a-b88395a6e2c8	277 Main Street, Hartford, Ct, 06106	"{""id"": 0, ""street"": ""277 MAIN STREET"", ""city"": ""HARTFORD"", ""state"": ""CT"", ""zip"": ""06106""}"	No_Match	96
019ab5e0-fc90-747e-165a-d72f3b621c50	901 Washington St, Buffalo, Ny, 14203	"{""id"": 0, ""street"": ""901 WASHINGTON ST"", ""city"": ""BUFFALO"", ""state"": ""NY"", ""zip"": ""14203""}"	No_Match	96
019ab402-8f7c-73b3-92c9-69e35cdcb5b4	140 N Columbus Blvd, Philadelphia, Pa, 19106	"{""id"": 0, ""street"": ""140 N COLUMBUS BLVD"", ""city"": ""PHILADELPHIA"", ""state"": ""PA"", ""zip"": ""19106""}"	No_Match	96
019ab437-009f-7513-c593-ff3b8c56d61c	1090 South Drive, Indiana, Pa, 15705	"{""id"": 0, ""street"": ""1090 SOUTH DRIVE"", ""city"": ""INDIANA"", ""state"": ""PA"", ""zip"": ""15705""}"	No_Match	96
019ab437-03b2-7abe-5c53-9ed15ae2b8e8	10 Oak Park Drive, Bedford, Ma, 01730	"{""id"": 0, ""street"": ""10 Oak Park Drive"", ""city"": ""Bedford"", ""state"": ""MA"", ""zip"": ""01730""}"	No_Match	96
019ab707-00aa-73e5-42ca-aadf208ee730	23918 Network Place, Chicago, Il, 60673	"{""id"": 0, ""street"": ""23918 NETWORK PLACE"", ""city"": ""CHICAGO"", ""state"": ""IL"", ""zip"": ""60673""}"	No_Match	96
019ab3e1-5ffd-75f6-7d6c-9d574a144ff0	One Blackfield Drive Suite 331, Tiburon, Ca, 94920	"{""id"": 0, ""street"": ""ONE BLACKFIELD DRIVE SUITE 331"", ""city"": ""TIBURON"", ""state"": ""CA"", ""zip"": ""94920""}"	No_Match	96
019ab3eb-1144-7801-ca82-c86ae43dfb14	301 Olsen Blvd, College Station, Tx, 77845	"{""id"": 0, ""street"": ""301 OLSEN BLVD"", ""city"": ""COLLEGE STATION"", ""state"": ""TX"", ""zip"": ""77845""}"	No_Match	96
019ab3e3-4462-70d0-23f6-2401dd532808	One Copenhill, Atlanta, Ga, 30307	"{""id"": 0, ""street"": ""one copenhill"", ""city"": ""atlanta"", ""state"": ""GA"", ""zip"": ""30307""}"	No_Match	96
019ab419-27ac-79a4-f8bc-20d69df5e234	Eden Hill, Stockbridge, Ma, 01263	"{""id"": 0, ""street"": ""EDEN HILL"", ""city"": ""STOCKBRIDGE"", ""state"": ""MA"", ""zip"": ""01263""}"	No_Match	96
019ab436-fa9a-7039-ce02-7bf5275dd928	5757 Wayzata Blvd, Minneapolis, Mn, 55416	"{""id"": 0, ""street"": ""5757 WAYZATA BLVD"", ""city"": ""MINNEAPOLIS"", ""state"": ""MN"", ""zip"": ""55416""}"	No_Match	96
019ab405-151c-787f-184c-a62d268324d4	1946 County Rd 53, Keenesburg, Co, 80643	"{""id"": 0, ""street"": ""1946 County Rd 53"", ""city"": ""Keenesburg"", ""state"": ""CO"", ""zip"": ""80643""}"	No_Match	96
019ab3ea-b175-7f2e-cd2a-6be48c54df8c	450 Ridge Road Cb 1400, Chapel Hill, Nc, 27599	"{""id"": 0, ""street"": ""450 RIDGE ROAD CB 1400"", ""city"": ""CHAPEL HILL"", ""state"": ""NC"", ""zip"": ""27599""}"	No_Match	96
019ab720-390c-7dc8-eb55-0a9a43254138	170 Governors Avenue, Medford, Ma, 02155	"{""id"": 0, ""street"": ""170 GOVERNORS AVENUE"", ""city"": ""MEDFORD"", ""state"": ""MA"", ""zip"": ""02155""}"	No_Match	96
019ab7c7-3d6f-7881-f534-81ec6bbadba8	108 Mary Martin Hall, Auburn, Al, 36849	"{""id"": 0, ""street"": ""108 MARY MARTIN HALL"", ""city"": ""AUBURN"", ""state"": ""AL"", ""zip"": ""36849""}"	No_Match	96
019ab436-fc6a-7e6a-14f1-607685b5ae30	1086 Teaneck Rd Ste 2G, Teaneck, Nj, 07666	"{""id"": 0, ""street"": ""1086 TEANECK RD STE 2G"", ""city"": ""TEANECK"", ""state"": ""NJ"", ""zip"": ""07666""}"	No_Match	96
019ab3f8-dfdd-7f23-a43f-06e39fa76610	125 Thomas Boyd Hall, Baton Rouge, La, 70803	"{""id"": 0, ""street"": ""125 THOMAS BOYD HALL"", ""city"": ""BATON ROUGE"", ""state"": ""LA"", ""zip"": ""70803""}"	No_Match	96
019ab400-b3da-7441-fae6-70c8233e0c04	5275 Sunset Drive, Miami, Fl, 33143	"{""id"": 0, ""street"": ""5275 SUNSET DRIVE"", ""city"": ""MIAMI"", ""state"": ""FL"", ""zip"": ""33143""}"	No_Match	96
019ab436-f7d2-787c-3a45-5571e9b23ed4	415 South Street, Waltham, Ma, 02454	"{""id"": 0, ""street"": ""415 SOUTH STREET"", ""city"": ""WALTHAM"", ""state"": ""MA"", ""zip"": ""02454""}"	No_Match	96
019ab3e6-1e26-7f18-b276-39227f7575d0	9101 Rockville Pike, Bethesda, Md, 20814	"{""id"": 0, ""street"": ""9101 ROCKVILLE PIKE"", ""city"": ""BETHESDA"", ""state"": ""MD"", ""zip"": ""20814""}"	No_Match	96
019ab5e0-f29b-791e-b4eb-619008955ea4	1000 West Fulton Market 4Th Floor, Chicago, Il, 60607	"{""id"": 0, ""street"": ""1000 WEST FULTON MARKET 4TH FLOOR"", ""city"": ""CHICAGO"", ""state"": ""IL"", ""zip"": ""60607""}"	No_Match	96
019ab701-e074-7528-e03d-c682ae4cec0c	7201 Girl Scout Lane, Indianapolis, In, 46214	"{""id"": 0, ""street"": ""7201 Girl Scout Lane"", ""city"": ""Indianapolis"", ""state"": ""IN"", ""zip"": ""46214""}"	No_Match	96
019ab7ae-f83f-7376-edfa-480ec8e28620	C/O Reidsville Area Foundation 124, Reidsville, Nc, 27327	"{""id"": 0, ""street"": ""C/O REIDSVILLE AREA FOUNDATION 124"", ""city"": ""REIDSVILLE"", ""state"": ""NC"", ""zip"": ""27327""}"	No_Match	96
019ab436-ff2a-7415-10dd-e235d14d2810	701 Carnegie Ctr Ste 445, Princeton, Nj, 08540	"{""id"": 0, ""street"": ""701 CARNEGIE CTR STE 445"", ""city"": ""PRINCETON"", ""state"": ""NJ"", ""zip"": ""08540""}"	No_Match	96
019ab3e2-9f09-7828-64d3-6c864e459d88	7020 Moon Rd, Columbus, Ga, 31909	"{""id"": 0, ""street"": ""7020 MOON RD"", ""city"": ""COLUMBUS"", ""state"": ""GA"", ""zip"": ""31909""}"	No_Match	96
019ab720-3f84-7b2c-662c-907d9518c7e8	Shepherd University, Shepherdstown, Wv, 25443	"{""id"": 0, ""street"": ""SHEPHERD UNIVERSITY"", ""city"": ""SHEPHERDSTOWN"", ""state"": ""WV"", ""zip"": ""25443""}"	No_Match	96
019ab76f-e97c-74b8-e380-01b434baca4c	317 East Carson Street West Tower, Pittsburgh, Pa, 15219	"{""id"": 0, ""street"": ""317 EAST CARSON STREET WEST TOWER"", ""city"": ""PITTSBURGH"", ""state"": ""PA"", ""zip"": ""15219""}"	No_Match	96
019ab3f0-6ca4-7e2d-acfb-21060cac4434	Harvard University, Cambridge, Ma, 02138	"{""id"": 0, ""street"": ""HARVARD UNIVERSITY"", ""city"": ""CAMBRIDGE"", ""state"": ""MA"", ""zip"": ""02138""}"	No_Match	96
019ab437-0f70-7c05-c7e0-95ecf7c99fec	839 Sesame Street, Bethlehem, Pa, 18015	"{""id"": 0, ""street"": ""839 SESAME STREET"", ""city"": ""BETHLEHEM"", ""state"": ""PA"", ""zip"": ""18015""}"	No_Match	96
019ab3e9-fc17-7981-9fa1-eba7a6a35224	140 City Park Road, Boerne, Tx, 78006	"{""id"": 0, ""street"": ""140 CITY PARK ROAD"", ""city"": ""BOERNE"", ""state"": ""TX"", ""zip"": ""78006""}"	No_Match	96
019ab841-de4b-79b8-ce27-507d1e156b70	9800 Schwab Way, Lone Tree, Co, 80124	"{""id"": 0, ""street"": ""9800 SCHWAB WAY"", ""city"": ""LONE TREE"", ""state"": ""CO"", ""zip"": ""80124""}"	No_Match	95
019ab701-d46a-742b-d392-2fdda61d12d0	1353 Lake Shore Drive, Branson, Mo, 65616	"{""id"": 0, ""street"": ""1353 LAKE SHORE DRIVE"", ""city"": ""BRANSON"", ""state"": ""MO"", ""zip"": ""65616""}"	No_Match	95
019ab3fe-eb81-7353-90da-73fd5d4a3754	2301 Kentmere Pkwy, Wilmington, De, 19806	"{""id"": 0, ""street"": ""2301 KENTMERE PKWY"", ""city"": ""WILMINGTON"", ""state"": ""DE"", ""zip"": ""19806""}"	No_Match	95
019ab436-eada-7528-b4f9-7cc8acf99b40	280 Central Ave, Fredonia, Ny, 14063	"{""id"": 0, ""street"": ""280 CENTRAL AVE"", ""city"": ""Fredonia"", ""state"": ""NY"", ""zip"": ""14063""}"	No_Match	95
019ab406-5667-7ad7-a3d1-341cec062d08	105 Adams St, Quincy, Ma, 02169	"{""id"": 0, ""street"": ""105 ADAMS ST"", ""city"": ""QUINCY"", ""state"": ""MA"", ""zip"": ""02169""}"	No_Match	95
019ab40e-45e5-7094-3ebc-967be9f36db4	300 Albemarle Rd, Charleston, Sc, 29407	"{""id"": 0, ""street"": ""300 ALBEMARLE RD"", ""city"": ""CHARLESTON"", ""state"": ""SC"", ""zip"": ""29407""}"	No_Match	95
019ab70d-49df-7774-b007-b437e07520c8	1776 Eye St Nw Suite 200, Washington, Dc, 20006	"{""id"": 0, ""street"": ""1776 Eye St NW Suite 200"", ""city"": ""Washington"", ""state"": ""DC"", ""zip"": ""20006""}"	No_Match	95
019ab3ef-b89b-7e4e-b82d-75395849a35c	2301 Westside Drive, Rochester, Ny, 14624	"{""id"": 0, ""street"": ""2301 WESTSIDE DRIVE"", ""city"": ""ROCHESTER"", ""state"": ""NY"", ""zip"": ""14624""}"	No_Match	95
019ab436-f056-7c12-ed46-1a5c5c44ad70	27 Mica Lane, Wellesley, Ma, 02481	"{""id"": 0, ""street"": ""27 MICA LANE"", ""city"": ""WELLESLEY"", ""state"": ""MA"", ""zip"": ""02481""}"	No_Match	95
019ab419-2b05-72a0-aaa2-20357cff33cc	101 Jessup Hall, Iowa City, Ia, 52242	"{""id"": 0, ""street"": ""101 JESSUP HALL"", ""city"": ""IOWA CITY"", ""state"": ""IA"", ""zip"": ""52242""}"	No_Match	95
019ab400-549f-76b4-19ca-f1ee5ec9ba34	80 Royal Palm Pointe Suite 301, Vero Beach, Fl, 32960	"{""id"": 0, ""street"": ""80 ROYAL PALM POINTE SUITE 301"", ""city"": ""VERO BEACH"", ""state"": ""FL"", ""zip"": ""32960""}"	No_Match	94
019ab3fa-870e-711c-2368-021549e88c50	1500 University Dr, Billings, Mt, 59101	"{""id"": 0, ""street"": ""1500 UNIVERSITY DR"", ""city"": ""BILLINGS"", ""state"": ""MT"", ""zip"": ""59101""}"	No_Match	94
019ab419-2f73-7c46-3a7a-837999bead44	1 Frederick Abbott Way, Framingham, Ma, 01701	"{""id"": 0, ""street"": ""1 FREDERICK ABBOTT WAY"", ""city"": ""FRAMINGHAM"", ""state"": ""MA"", ""zip"": ""01701""}"	No_Match	94
019ab437-03bf-72b3-058d-7391471f3848	1700 Hermann Dr, Houston, Tx, 77004	"{""id"": 0, ""street"": ""1700 HERMANN DR"", ""city"": ""HOUSTON"", ""state"": ""TX"", ""zip"": ""77004""}"	No_Match	94
019ab3fb-6989-7066-4c18-ab65b37f923c	The University Of Alabama, Tuscaloosa, Al, 35487	"{""id"": 0, ""street"": ""THE UNIVERSITY OF ALABAMA"", ""city"": ""TUSCALOOSA"", ""state"": ""AL"", ""zip"": ""35487""}"	No_Match	94
019ab7b2-4e1d-7562-e8a3-4a121b584288	3540 Crain Highway Ste 675, Bowie, Md, 20716	"{""id"": 0, ""street"": ""3540 CRAIN HIGHWAY STE 675"", ""city"": ""BOWIE"", ""state"": ""MD"", ""zip"": ""20716""}"	No_Match	94
019ab841-dd4e-7fff-3dc4-fd3b93cdaa04	Ripon, Ripon, Wi, 54971	"{""id"": 0, ""street"": ""RIPON"", ""city"": ""RIPON"", ""state"": ""WI"", ""zip"": ""54971""}"	No_Match	94
019ab3e0-c768-798c-43c9-f9afe75dc3e8	2500 Jupiter Park Dr, Jupiter, Fl, 33458	"{""id"": 0, ""street"": ""2500 JUPITER PARK DR"", ""city"": ""JUPITER"", ""state"": ""FL"", ""zip"": ""33458""}"	No_Match	94
019ab3e7-a6f9-7eef-0683-ed7c1f12f10c	150 Hanscom Drive, Bedford, Ma, 01730	"{""id"": 0, ""street"": ""150 HANSCOM DRIVE"", ""city"": ""BEDFORD"", ""state"": ""MA"", ""zip"": ""01730""}"	No_Match	94
019ab3fd-a923-73ef-96ab-ade177fa15dc	101 Merritt 7 Corporate Park 1St Fl, Norwalk, Ct, 06851	"{""id"": 0, ""street"": ""101 MERRITT 7 CORPORATE PARK 1ST FL"", ""city"": ""NORWALK"", ""state"": ""CT"", ""zip"": ""06851""}"	No_Match	94
019ab419-2ae5-7716-0c19-e5998a5d82ec	11149 Turtle Beach Road, North Palm Beach, Fl, 33408	"{""id"": 0, ""street"": ""11149 TURTLE BEACH ROAD"", ""city"": ""NORTH PALM BEACH"", ""state"": ""FL"", ""zip"": ""33408""}"	No_Match	94
019ab707-1004-703a-93c3-2994964ef9f4	1 William L Jones Drive, Cookeville, Tn, 38505	"{""id"": 0, ""street"": ""1 WILLIAM L JONES DRIVE"", ""city"": ""COOKEVILLE"", ""state"": ""TN"", ""zip"": ""38505""}"	No_Match	94
019ab5e0-f29e-7050-2c46-915df834f8a0	30 North Lasalle Street Suite 4300, Chicago, Il, 60602	"{""id"": 0, ""street"": ""30 NORTH LASALLE STREET SUITE 4300"", ""city"": ""CHICAGO"", ""state"": ""IL"", ""zip"": ""60602""}"	No_Match	94
019ab436-febb-7745-fb3d-e4a46ac9d2a8	6415 Detroit Ave, Cleveland, Oh, 44102	"{""id"": 0, ""street"": ""6415 DETROIT AVE"", ""city"": ""CLEVELAND"", ""state"": ""OH"", ""zip"": ""44102""}"	No_Match	94
019ab3ff-818e-7161-e201-dfb580d38dec	One College Avenue, Mechanicsburg, Pa, 17055	"{""id"": 0, ""street"": ""ONE COLLEGE AVENUE"", ""city"": ""MECHANICSBURG"", ""state"": ""PA"", ""zip"": ""17055""}"	No_Match	94
019ab436-eb1b-7c38-2686-ec5c9ba14b84	71-100 Highway 111, Rancho Mirage, Ca, 92270	"{""id"": 0, ""street"": ""71-100 Highway 111"", ""city"": ""Rancho Mirage"", ""state"": ""CA"", ""zip"": ""92270""}"	No_Match	94
019ab436-f31a-7003-30b5-46702c46f0b4	400 E 2Nd Street, Bloomsburg, Pa, 17815	"{""id"": 0, ""street"": ""400 E 2ND STREET"", ""city"": ""BLOOMSBURG"", ""state"": ""PA"", ""zip"": ""17815""}"	No_Match	94
019ab404-362f-724e-adc3-d4e7946e3c24	700 University Blvd, Kingsville, Tx, 78363	"{""id"": 0, ""street"": ""700 UNIVERSITY BLVD"", ""city"": ""KINGSVILLE"", ""state"": ""TX"", ""zip"": ""78363""}"	No_Match	94
019ab3e1-330d-7381-8984-ba35caa3d47c	11152 Falls Road, Brooklandville, Md, 21022	"{""id"": 0, ""street"": ""11152 FALLS ROAD"", ""city"": ""BROOKLANDVILLE"", ""state"": ""MD"", ""zip"": ""21022""}"	No_Match	94
019ab3f8-adee-70ea-c89b-b7435b48a524	Pier 15, San Francisco, Ca, 94111	"{""id"": 0, ""street"": ""PIER 15"", ""city"": ""SAN FRANCISCO"", ""state"": ""CA"", ""zip"": ""94111""}"	No_Match	94
019ab437-1309-7b6f-804d-f83ea78ff648	4343 Elgin Street, Houston, Tx, 77204	"{""id"": 0, ""street"": ""4343 Elgin Street"", ""city"": ""HOUSTON"", ""state"": ""TX"", ""zip"": ""77204""}"	No_Match	94
019ab437-0bd5-74b1-8bd5-f3a36b9b4dbc	2821 Klempner Way, Louisville, Ky, 40205	"{""id"": 0, ""street"": ""2821 KLEMPNER WAY"", ""city"": ""LOUISVILLE"", ""state"": ""KY"", ""zip"": ""40205""}"	No_Match	94
019ab701-d2cd-7f7b-eb3a-e131570ea240	121 Sixth Avenue 6Th Floor, New York, Ny, 10013	"{""id"": 0, ""street"": ""121 SIXTH AVENUE 6TH FLOOR"", ""city"": ""NEW YORK"", ""state"": ""NY"", ""zip"": ""10013""}"	No_Match	94
019ab3ec-7585-7bcb-ed59-b9f0de8c38dc	3000 Easton Blvd, Des Moines, Ia, 50317	"{""id"": 0, ""street"": ""3000 EASTON BLVD"", ""city"": ""DES MOINES"", ""state"": ""IA"", ""zip"": ""50317""}"	No_Match	93
019ab5e0-f182-7270-dcb8-11960f8b7f5c	501 Leon Sullivan Way, Charleston, Wv, 25301	"{""id"": 0, ""street"": ""501 LEON SULLIVAN WAY"", ""city"": ""CHARLESTON"", ""state"": ""WV"", ""zip"": ""25301""}"	No_Match	93
019ab706-fddc-7513-3866-1a6e5533648c	45580 Woodward Ave, Pontiac, Mi, 48341	"{""id"": 0, ""street"": ""45580 WOODWARD AVE"", ""city"": ""PONTIAC"", ""state"": ""MI"", ""zip"": ""48341""}"	No_Match	93
019ab714-376b-753b-8cfa-25c025de1d9c	720 Westview Drive Sw, Atlanta, Ga, 30310	"{""id"": 0, ""street"": ""720 WESTVIEW DRIVE SW"", ""city"": ""ATLANTA"", ""state"": ""GA"", ""zip"": ""30310""}"	No_Match	93
019ab419-29c2-7f0a-1c02-6d2dc3beff5c	600 Mary Street, Evansville, In, 47747	"{""id"": 0, ""street"": ""600 MARY STREET"", ""city"": ""EVANSVILLE"", ""state"": ""IN"", ""zip"": ""47747""}"	No_Match	93
019ab3e7-f575-72f0-a0b6-1d71c0502b44	969 Lakeland Drive, Jackson, Ms, 39216	"{""id"": 0, ""street"": ""969 LAKELAND DRIVE"", ""city"": ""JACKSON"", ""state"": ""MS"", ""zip"": ""39216""}"	No_Match	93
019ab40c-113f-7934-56df-9affff9f54e4	291 Central Park West, New York, Ny, 10024	"{""id"": 0, ""street"": ""291 CENTRAL PARK WEST"", ""city"": ""NEW YORK"", ""state"": ""NY"", ""zip"": ""10024""}"	No_Match	93
019ab436-f618-7578-8c15-5a4f73e393e4	516 Liberty Parkway, Birmingham, Al, 35242	"{""id"": 0, ""street"": ""516 LIBERTY PARKWAY"", ""city"": ""BIRMINGHAM"", ""state"": ""AL"", ""zip"": ""35242""}"	No_Match	92
019ab436-e6c5-7310-876a-1391bea1c9b0	9400 Boerner Drive, Hales Corners, Wi, 53130	"{""id"": 0, ""street"": ""9400 BOERNER DRIVE"", ""city"": ""HALES CORNERS"", ""state"": ""WI"", ""zip"": ""53130""}"	No_Match	92
019ab419-2f6f-7c09-af5a-45a0ce683448	1000 Raptor Way, Sitka, Ak, 99835	"{""id"": 0, ""street"": ""1000 RAPTOR WAY"", ""city"": ""SITKA"", ""state"": ""AK"", ""zip"": ""99835""}"	No_Match	92
019ab5e1-08be-77f6-2d86-b17e906ea1c0	323 Dr Martin Luther King Jr Blvd, Newark, Nj, 07102	"{""id"": 0, ""street"": ""323 DR MARTIN LUTHER KING JR BLVD"", ""city"": ""NEWARK"", ""state"": ""NJ"", ""zip"": ""07102""}"	No_Match	92
019ab3fc-bbef-7dfb-f991-5121aa6c2590	10104 Vista Drive, Cupertino, Ca, 95014	"{""id"": 0, ""street"": ""10104 VISTA DRIVE"", ""city"": ""CUPERTINO"", ""state"": ""CA"", ""zip"": ""95014""}"	No_Match	92
019ab408-66b7-7e64-6148-2e4e986f6478	1 Theatre Dr, St Louis, Mo, 63112	"{""id"": 0, ""street"": ""1 THEATRE DR"", ""city"": ""ST LOUIS"", ""state"": ""MO"", ""zip"": ""63112""}"	No_Match	92
019ab419-20b2-79f9-aa4b-b720459ec064	3900 Lomaland Dr, San Diego, Ca, 92106	"{""id"": 0, ""street"": ""3900 LOMALAND DR"", ""city"": ""SAN DIEGO"", ""state"": ""CA"", ""zip"": ""92106""}"	No_Match	92
019ab5e0-e595-736c-b9a2-ecc986f05440	200 Varick Street 9Th Floor, New York, Ny, 10014	"{""id"": 0, ""street"": ""200 Varick Street 9th Floor"", ""city"": ""New York"", ""state"": ""NY"", ""zip"": ""10014""}"	No_Match	92
019ab409-0d43-7796-b138-ee8d9905b06c	5800 North Patriot Drive, Owasso, Ok, 74055	"{""id"": 0, ""street"": ""5800 NORTH PATRIOT DRIVE"", ""city"": ""OWASSO"", ""state"": ""OK"", ""zip"": ""74055""}"	No_Match	92
019ab437-1302-7896-a12a-994ed47a9540	475 Riverside Drive Suite 1800, New York, Ny, 10115	"{""id"": 0, ""street"": ""475 Riverside Drive Suite 1800"", ""city"": ""New York"", ""state"": ""NY"", ""zip"": ""10115""}"	No_Match	92
019ab419-2019-70aa-e8fc-ca91b39d2f74	2300 Willowick, Houston, Tx, 77027	"{""id"": 0, ""street"": ""2300 WILLOWICK"", ""city"": ""HOUSTON"", ""state"": ""TX"", ""zip"": ""77027""}"	No_Match	92
019ab419-26c4-7153-5216-2b56916c8278	1900 Benjamin Franklin Pkwy, Philadelphia, Pa, 19103	"{""id"": 0, ""street"": ""1900 BENJAMIN FRANKLIN PKWY"", ""city"": ""PHILADELPHIA"", ""state"": ""PA"", ""zip"": ""19103""}"	No_Match	92
019ab400-9f56-7306-ee2f-d6532a597b94	2727 Conroy Rd, Orlando, Fl, 32839	"{""id"": 0, ""street"": ""2727 CONROY RD"", ""city"": ""ORLANDO"", ""state"": ""FL"", ""zip"": ""32839""}"	No_Match	92
019ab3f7-a2e8-761e-0e57-ed77b963b400	2000 Rev Abraham Woods Jr Blvd, Birmingham, Al, 35203	"{""id"": 0, ""street"": ""2000 REV ABRAHAM WOODS JR BLVD"", ""city"": ""BIRMINGHAM"", ""state"": ""AL"", ""zip"": ""35203""}"	No_Match	92
019ab437-01b0-7e56-8af3-949f4843f9d0	Science Park, Boston, Ma, 02114	"{""id"": 0, ""street"": ""SCIENCE PARK"", ""city"": ""BOSTON"", ""state"": ""MA"", ""zip"": ""02114""}"	No_Match	92
019ab5e1-0950-7a7e-9a4f-25a2440c35d4	6415 Detroit Avenue, Cleveland, Oh, 44102	"{""id"": 0, ""street"": ""6415 DETROIT AVENUE"", ""city"": ""CLEVELAND"", ""state"": ""OH"", ""zip"": ""44102""}"	No_Match	92
019ab437-0958-7337-432b-58101685380c	783 Route 28, Harwich Port, Ma, 02646	"{""id"": 0, ""street"": ""783 ROUTE 28"", ""city"": ""HARWICH PORT"", ""state"": ""MA"", ""zip"": ""02646""}"	No_Match	92
019ab72c-eee2-7f05-621b-5a8621b0a310	Brodhead, Brodhead, Wi, 53520	"{""id"": 0, ""street"": ""BRODHEAD"", ""city"": ""BRODHEAD"", ""state"": ""WI"", ""zip"": ""53520""}"	No_Match	92
019ab5e1-08b7-7d71-cc82-6ea9f1a2c59c	1S450 Wyatt Drive, Geneva, Il, 60134	"{""id"": 0, ""street"": ""1S450 WYATT DRIVE"", ""city"": ""GENEVA"", ""state"": ""IL"", ""zip"": ""60134""}"	No_Match	92
019ab5e0-eab2-74f5-3948-171cb8c85a64	200 Sparks Hall, Murray, Ky, 42071	"{""id"": 0, ""street"": ""200 SPARKS HALL"", ""city"": ""MURRAY"", ""state"": ""KY"", ""zip"": ""42071""}"	No_Match	92
019ab5e0-f9e7-7f6e-5bd3-99773cf7d78c	5151 State University Dr, Los Angeles, Ca, 90032	"{""id"": 0, ""street"": ""5151 STATE UNIVERSITY DR"", ""city"": ""LOS ANGELES"", ""state"": ""CA"", ""zip"": ""90032""}"	No_Match	92
019ab406-5392-76c0-593d-a3e1ba8b5a44	222 Jersey City Blvd, Jersey City, Nj, 07305	"{""id"": 0, ""street"": ""222 JERSEY CITY BLVD"", ""city"": ""JERSEY CITY"", ""state"": ""NJ"", ""zip"": ""07305""}"	No_Match	92
019ab404-a405-725f-3b71-7f474262800c	Po Drawer 498, Emmitsburg, Md, 21727	"{""id"": 0, ""street"": ""PO Drawer 498"", ""city"": ""Emmitsburg"", ""state"": ""MD"", ""zip"": ""21727""}"	No_Match	92
019ab437-0c9d-7458-b6fa-9c5550c0e3a8	100 Mercy Way, Joplin, Mo, 64804	"{""id"": 0, ""street"": ""100 MERCY WAY"", ""city"": ""JOPLIN"", ""state"": ""MO"", ""zip"": ""64804""}"	No_Match	92
019ab701-d4a5-73ee-fcb5-6a19c90daa30	100 Meeting Street, Charleston, Sc, 29401	"{""id"": 0, ""street"": ""100 MEETING STREET"", ""city"": ""CHARLESTON"", ""state"": ""SC"", ""zip"": ""29401""}"	No_Match	92
019ab436-f0fe-79b2-7338-60178c76ecc8	12400 Sw 152Nd St, Miami, Fl, 33177	"{""id"": 0, ""street"": ""12400 SW 152ND ST"", ""city"": ""MIAMI"", ""state"": ""FL"", ""zip"": ""33177""}"	No_Match	92
019ab3f9-3c1e-7ba6-f184-a229fccd4d48	501 College Street, Cuthbert, Ga, 39840	"{""id"": 0, ""street"": ""501 COLLEGE STREET"", ""city"": ""CUTHBERT"", ""state"": ""GA"", ""zip"": ""39840""}"	No_Match	92
019ab410-5297-7438-0e05-3510ac121fec	719 S King St, Seattle, Wa, 98104	"{""id"": 0, ""street"": ""719 S KING ST"", ""city"": ""SEATTLE"", ""state"": ""WA"", ""zip"": ""98104""}"	No_Match	92
019ab7ae-f683-7b6b-6c4c-b523d07ad828	C/O Simmons Bank 4625 S National A, Springfield, Mo, 65810	"{""id"": 0, ""street"": ""C/O SIMMONS BANK 4625 S NATIONAL A"", ""city"": ""SPRINGFIELD"", ""state"": ""MO"", ""zip"": ""65810""}"	No_Match	92
019ab800-aceb-7834-03bd-33ba145a3208	C/O The Skadden Foundation 360 Hami, White Plains, Ny, 10601	"{""id"": 0, ""street"": ""C/O The Skadden Foundation 360 Hami"", ""city"": ""White Plains"", ""state"": ""NY"", ""zip"": ""10601""}"	No_Match	92
019ab419-2982-76cb-bec6-54a8c50caed4	1559 Johnson Road Nw, Atlanta, Ga, 30318	"{""id"": 0, ""street"": ""1559 JOHNSON ROAD NW"", ""city"": ""ATLANTA"", ""state"": ""GA"", ""zip"": ""30318""}"	No_Match	92
019ab7f9-67d1-78ea-ff22-59fb61d2b6b8	C/O 200 Bellevue Parkway, Wilmington, De, 19809	"{""id"": 0, ""street"": ""C/O 200 BELLEVUE PARKWAY"", ""city"": ""WILMINGTON"", ""state"": ""DE"", ""zip"": ""19809""}"	No_Match	92
019ab404-8aaf-74e7-087d-58f52f8259d0	See List Attached, See List Attached, Ny, 00000	"{""id"": 0, ""street"": ""SEE LIST ATTACHED"", ""city"": ""SEE LIST ATTACHED"", ""state"": ""NY"", ""zip"": ""00000""}"	No_Match	92
019ab3f0-108c-7c99-cb0a-9f4770b93c10	102 Sutton Hall, Cheney, Wa, 99004	"{""id"": 0, ""street"": ""102 SUTTON HALL"", ""city"": ""CHENEY"", ""state"": ""WA"", ""zip"": ""99004""}"	No_Match	92
019ab419-26f4-7fea-bcab-389e7fbaccf8	6800 Zoo Dr, Kansas City, Mo, 64132	"{""id"": 0, ""street"": ""6800 ZOO DR"", ""city"": ""KANSAS CITY"", ""state"": ""MO"", ""zip"": ""64132""}"	No_Match	92
019ab40b-a0ff-7ca1-292d-b05200877eac	9950 Covington Cross Drive, Las Vegas, Nv, 89144	"{""id"": 0, ""street"": ""9950 COVINGTON CROSS DRIVE"", ""city"": ""LAS VEGAS"", ""state"": ""NV"", ""zip"": ""89144""}"	No_Match	92
019ab701-d416-74b8-f164-10de4a7e6300	1550 Clarke Drive, Dubuque, Ia, 52001	"{""id"": 0, ""street"": ""1550 CLARKE DRIVE"", ""city"": ""DUBUQUE"", ""state"": ""IA"", ""zip"": ""52001""}"	No_Match	92
019ab3f7-647a-7fe5-0809-913be73e1240	3557 Lancer Way, Carlsbad, Ca, 92008	"{""id"": 0, ""street"": ""3557 LANCER WAY"", ""city"": ""CARLSBAD"", ""state"": ""CA"", ""zip"": ""92008""}"	No_Match	90
019ab5e0-e4a1-7ba0-0c62-ed4595201004	1800 Circle 75 Pkwy, Atlanta, Ga, 30339	"{""id"": 0, ""street"": ""1800 CIRCLE 75 PKWY"", ""city"": ""ATLANTA"", ""state"": ""GA"", ""zip"": ""30339""}"	No_Match	90
019ab7b6-1784-731b-93e7-a8465e638fb8	Milaca Mn, Milaca, Mn, 56353	"{""id"": 0, ""street"": ""MILACA MN"", ""city"": ""MILACA"", ""state"": ""MN"", ""zip"": ""56353""}"	No_Match	90
019ab3e7-7640-7f26-5295-ac956e74768c	18 Lehmann Way, Dublin, Nh, 03444	"{""id"": 0, ""street"": ""18 LEHMANN WAY"", ""city"": ""DUBLIN"", ""state"": ""NH"", ""zip"": ""03444""}"	No_Match	90
019ab5e0-f5ed-76ee-0595-518ad9e8d308	2277 Martha Berry Hwy Nw, Mount Berry, Ga, 30149	"{""id"": 0, ""street"": ""2277 Martha Berry Hwy NW"", ""city"": ""Mount Berry"", ""state"": ""GA"", ""zip"": ""30149""}"	No_Match	90
019ab437-0f0a-7a80-7a8e-474e43a7e430	211 Student Services Bldg, Knoxville, Tn, 37996	"{""id"": 0, ""street"": ""211 STUDENT SERVICES BLDG"", ""city"": ""KNOXVILLE"", ""state"": ""TN"", ""zip"": ""37996""}"	No_Match	90
019ab701-d068-79a8-c574-57db0f752344	University Of Southern California, Los Angeles, Ca, 90089	"{""id"": 0, ""street"": ""UNIVERSITY OF SOUTHERN CALIFORNIA"", ""city"": ""LOS ANGELES"", ""state"": ""CA"", ""zip"": ""90089""}"	No_Match	90
019ab5e0-fd13-71d6-61f0-6e2ccbc11918	1385 N Hamilton Parkway, Novato, Ca, 94949	"{""id"": 0, ""street"": ""1385 N HAMILTON PARKWAY"", ""city"": ""NOVATO"", ""state"": ""CA"", ""zip"": ""94949""}"	No_Match	90
019ab412-5328-76f8-b7aa-dc21916a7a40	130 Division Street, Derby, Ct, 06418	"{""id"": 0, ""street"": ""130 DIVISION STREET"", ""city"": ""DERBY"", ""state"": ""CT"", ""zip"": ""06418""}"	No_Match	90
019ab406-799e-7203-6a39-353c4a8a061c	400 Broadway, Methuen, Ma, 01844	"{""id"": 0, ""street"": ""400 BROADWAY"", ""city"": ""METHUEN"", ""state"": ""MA"", ""zip"": ""01844""}"	No_Match	90
019ab77f-ec47-7880-1476-103ecf51f450	230 Ihm Drive, Malvern, Pa, 19355	"{""id"": 0, ""street"": ""230 IHM DRIVE"", ""city"": ""MALVERN"", ""state"": ""PA"", ""zip"": ""19355""}"	No_Match	90
019ab3f5-ef91-7dfb-c48b-c4b3007becc4	301 High Hopes Court, Franklin, Tn, 37064	"{""id"": 0, ""street"": ""301 HIGH HOPES COURT"", ""city"": ""FRANKLIN"", ""state"": ""TN"", ""zip"": ""37064""}"	No_Match	90
019ab70d-430d-74eb-3112-cb84ea4b19ac	1013 Harbor Blvd 53, Oxnard, Ca, 93035	"{""id"": 0, ""street"": ""1013 HARBOR BLVD 53"", ""city"": ""OXNARD"", ""state"": ""CA"", ""zip"": ""93035""}"	No_Match	90
019ab401-f153-7172-7175-4140db6301e8	505 Ramapo Valley Rd, Mahwah, Nj, 07430	"{""id"": 0, ""street"": ""505 RAMAPO VALLEY RD"", ""city"": ""MAHWAH"", ""state"": ""NJ"", ""zip"": ""07430""}"	No_Match	90
019ab3eb-5893-7075-2c90-af16f38ff598	900 Dunlop Road, Sanibel, Fl, 33957	"{""id"": 0, ""street"": ""900 DUNLOP ROAD"", ""city"": ""SANIBEL"", ""state"": ""FL"", ""zip"": ""33957""}"	No_Match	90
019ab707-0cb4-7062-fde8-d79c30880a60	248 Oakland Avenue Se, Atlanta, Ga, 30312	"{""id"": 0, ""street"": ""248 OAKLAND AVENUE SE"", ""city"": ""ATLANTA"", ""state"": ""GA"", ""zip"": ""30312""}"	No_Match	90
019ab3f1-da55-76af-c440-990ec3cd26ec	2 Alumni Place, Orono, Me, 04469	"{""id"": 0, ""street"": ""2 ALUMNI PLACE"", ""city"": ""ORONO"", ""state"": ""ME"", ""zip"": ""04469""}"	No_Match	90
019ab5e0-f396-7403-c97d-3366e557a49c	550 Italy Dr, Sparks, Nv, 89437	"{""id"": 0, ""street"": ""550 ITALY DR"", ""city"": ""SPARKS"", ""state"": ""NV"", ""zip"": ""89437""}"	No_Match	90
019ab437-123f-7d8d-b49f-d1699a4cfcd0	Street, Brooklyn, Ny, 11249	"{""id"": 0, ""street"": ""street"", ""city"": ""Brooklyn"", ""state"": ""NY"", ""zip"": ""11249""}"	No_Match	90
019ab437-0bac-7c39-3083-93988a5ea170	25701 Science Park Dr, Beachwood, Oh, 44122	"{""id"": 0, ""street"": ""25701 SCIENCE PARK DR"", ""city"": ""BEACHWOOD"", ""state"": ""OH"", ""zip"": ""44122""}"	No_Match	90
019ab3ff-6f43-7a32-af8c-0f39ddad38ec	Department Number 0734, Washington, Dc, 20073	"{""id"": 0, ""street"": ""DEPARTMENT NUMBER 0734"", ""city"": ""WASHINGTON"", ""state"": ""DC"", ""zip"": ""20073""}"	No_Match	90
019ab436-f7d1-752f-0978-a57b979343ac	710 Old Stage Rd, Salinas, Ca, 93908	"{""id"": 0, ""street"": ""710 OLD STAGE RD"", ""city"": ""SALINAS"", ""state"": ""CA"", ""zip"": ""93908""}"	No_Match	90
019ab714-2ccd-71f2-d2b6-693bd979e620	Scholarship America Inc, St Peter, Mn, 56082	"{""id"": 0, ""street"": ""SCHOLARSHIP AMERICA INC"", ""city"": ""ST PETER"", ""state"": ""MN"", ""zip"": ""56082""}"	No_Match	90
019ab3fe-396d-79ff-af12-ee99a00dfa78	4616 25Th Ave Ne, Seattle, Wa, 98105	"{""id"": 0, ""street"": ""4616 25TH AVE NE"", ""city"": ""SEATTLE"", ""state"": ""WA"", ""zip"": ""98105""}"	No_Match	89
019ab706-fdde-7ad0-cb6a-bb4acc4c1d94	2365 Harrodsburg Road Suite A325, Lexington, Ky, 40504	"{""id"": 0, ""street"": ""2365 HARRODSBURG ROAD SUITE A325"", ""city"": ""LEXINGTON"", ""state"": ""KY"", ""zip"": ""40504""}"	No_Match	89
019ab701-e073-76ab-a9bd-df3fb5d9924c	1 York Street, Newport, Ri, 02840	"{""id"": 0, ""street"": ""1 YORK STREET"", ""city"": ""NEWPORT"", ""state"": ""RI"", ""zip"": ""02840""}"	No_Match	89
019ab436-f06c-7832-f02e-d4983b8c5580	1900 West Olney Avenue, Philadelphia, Pa, 19141	"{""id"": 0, ""street"": ""1900 WEST OLNEY AVENUE"", ""city"": ""PHILADELPHIA"", ""state"": ""PA"", ""zip"": ""19141""}"	No_Match	89
019ab701-d19d-76c7-98fc-df06e4a75db4	2303 College Avenue, Huntington, In, 46750	"{""id"": 0, ""street"": ""2303 COLLEGE AVENUE"", ""city"": ""HUNTINGTON"", ""state"": ""IN"", ""zip"": ""46750""}"	No_Match	89
019ab701-d469-7fba-bd88-606afb893220	1016 N Dearborn, Chicago, Il, 60610	"{""id"": 0, ""street"": ""1016 N Dearborn"", ""city"": ""Chicago"", ""state"": ""IL"", ""zip"": ""60610""}"	No_Match	89
019ab436-ec4a-7239-e91c-30c588e9bff8	280 Chestnut Street, Springfield, Ma, 01199	"{""id"": 0, ""street"": ""280 CHESTNUT STREET"", ""city"": ""SPRINGFIELD"", ""state"": ""MA"", ""zip"": ""01199""}"	No_Match	89
019ab5e1-148d-7e18-e436-06518209ced8	1104 7Th Ave S, Moorhead, Mn, 56563	"{""id"": 0, ""street"": ""1104 7TH AVE S"", ""city"": ""MOORHEAD"", ""state"": ""MN"", ""zip"": ""56563""}"	No_Match	89
019ab437-0046-7149-7f4e-6e835fdcf738	See Schedule Attached, See Schedule Attached, Ny, 00000	"{""id"": 0, ""street"": ""SEE SCHEDULE ATTACHED"", ""city"": ""SEE SCHEDULE ATTACHED"", ""state"": ""NY"", ""zip"": ""00000""}"	No_Match	88
019ab436-eadb-78da-430f-8b22d96c3ef4	196 South Street, Pittsfield, Ma, 01201	"{""id"": 0, ""street"": ""196 SOUTH STREET"", ""city"": ""PITTSFIELD"", ""state"": ""MA"", ""zip"": ""01201""}"	No_Match	88
019ab412-37ed-71c6-de9b-1ba3e33c7d54	1 Drexel Dr, New Orleans, La, 70125	"{""id"": 0, ""street"": ""1 DREXEL DR"", ""city"": ""New Orleans"", ""state"": ""LA"", ""zip"": ""70125""}"	No_Match	88
019ab419-2ec7-7ab1-d9b1-89edd7a430b4	1907 Boys Republic Dr, Chino Hills, Ca, 91709	"{""id"": 0, ""street"": ""1907 BOYS REPUBLIC DR"", ""city"": ""CHINO HILLS"", ""state"": ""CA"", ""zip"": ""91709""}"	No_Match	88
019ab714-398b-7949-0328-717cbbd7da90	10100 Laureate Way, Bethesda, Md, 20814	"{""id"": 0, ""street"": ""10100 LAUREATE WAY"", ""city"": ""BETHESDA"", ""state"": ""MD"", ""zip"": ""20814""}"	No_Match	88
019ab7c7-30d2-7b96-4778-e32704980c58	196 South St, Pittsfield, Ma, 01201	"{""id"": 0, ""street"": ""196 SOUTH ST"", ""city"": ""PITTSFIELD"", ""state"": ""MA"", ""zip"": ""01201""}"	No_Match	88
019ab3e5-31c1-78e4-fbbc-af30bef807bc	1651 Inner Circle, Las Vegas, Nv, 89134	"{""id"": 0, ""street"": ""1651 INNER CIRCLE"", ""city"": ""LAS VEGAS"", ""state"": ""NV"", ""zip"": ""89134""}"	No_Match	88
019ab701-da76-762d-efcd-4f1a281af1d4	9950 Covington Cross Dr, Las Vegas, Nv, 89144	"{""id"": 0, ""street"": ""9950 COVINGTON CROSS DR"", ""city"": ""LAS VEGAS"", ""state"": ""NV"", ""zip"": ""89144""}"	No_Match	88
019ab40d-d074-7cb1-43e9-24e817d65130	10100 Jamison Ave, Philadelphia, Pa, 19116	"{""id"": 0, ""street"": ""10100 JAMISON AVE"", ""city"": ""PHILADELPHIA"", ""state"": ""PA"", ""zip"": ""19116""}"	No_Match	88
019ab406-7ef7-7f5f-e0a7-af2e81ffecf8	201 Fort Mason 3Rd Floor, San Francisco, Ca, 94123	"{""id"": 0, ""street"": ""201 FORT MASON 3RD FLOOR"", ""city"": ""SAN FRANCISCO"", ""state"": ""CA"", ""zip"": ""94123""}"	No_Match	88
019ab419-2898-75be-9154-129ea745da54	5781 Wingate Hall, Orono, Me, 04469	"{""id"": 0, ""street"": ""5781 WINGATE HALL"", ""city"": ""ORONO"", ""state"": ""ME"", ""zip"": ""04469""}"	No_Match	88
019ab5e1-0484-7729-89b2-63caeea25e20	4000 Dauphin St, Mobile, Al, 36608	"{""id"": 0, ""street"": ""4000 DAUPHIN ST"", ""city"": ""MOBILE"", ""state"": ""AL"", ""zip"": ""36608""}"	No_Match	88
019ab3ef-3124-7e34-d088-cccfce4b8a1c	425 Roslyn Road, Roslyn Heights, Ny, 11577	"{""id"": 0, ""street"": ""425 Roslyn Road"", ""city"": ""Roslyn Heights"", ""state"": ""NY"", ""zip"": ""11577""}"	No_Match	88
019ab706-ff9e-7291-a9e2-f72ae9ccece0	105 Jesse Hall, Columbia, Mo, 65211	"{""id"": 0, ""street"": ""105 JESSE HALL"", ""city"": ""COLUMBIA"", ""state"": ""MO"", ""zip"": ""65211""}"	No_Match	88
019ab714-2a76-7359-4fa5-7e4f03befdd0	10775 Pioneer Trail Suite 108, Truckee, Ca, 96161	"{""id"": 0, ""street"": ""10775 PIONEER TRAIL SUITE 108"", ""city"": ""TRUCKEE"", ""state"": ""CA"", ""zip"": ""96161""}"	No_Match	88
019ab3ee-0df9-70ba-8032-bdfbad84c2cc	3480 N Lake Shore Dr, Chicago, Il, 60657	"{""id"": 0, ""street"": ""3480 N LAKE SHORE DR"", ""city"": ""CHICAGO"", ""state"": ""IL"", ""zip"": ""60657""}"	No_Match	88
019ab725-96fc-7a95-43f2-7d64c56cf5c4	C/O S Vance Wilkins Jr, Amherst, Va, 24521	"{""id"": 0, ""street"": ""C/O S VANCE WILKINS JR"", ""city"": ""AMHERST"", ""state"": ""VA"", ""zip"": ""24521""}"	No_Match	88
019ab437-0d1f-739a-eb6f-7744d7f8150c	8020 Madison Street, River Forest, Il, 60305	"{""id"": 0, ""street"": ""8020 MADISON STREET"", ""city"": ""RIVER FOREST"", ""state"": ""IL"", ""zip"": ""60305""}"	No_Match	88
019ab3f4-88e7-73b4-a937-ac889ddc1010	70 Whippany Rd, Morristown, Nj, 07960	"{""id"": 0, ""street"": ""70 WHIPPANY RD"", ""city"": ""MORRISTOWN"", ""state"": ""NJ"", ""zip"": ""07960""}"	No_Match	88
019ab405-6f24-75c2-aa3c-12e5e2a16f2c	1600 Spring Valley Rd, Ossining, Ny, 10562	"{""id"": 0, ""street"": ""1600 SPRING VALLEY RD"", ""city"": ""OSSINING"", ""state"": ""NY"", ""zip"": ""10562""}"	No_Match	88
019ab5e1-071b-77e5-126a-ec8665dbdc7c	17301 Preston Road, Dallas, Tx, 75252	"{""id"": 0, ""street"": ""17301 PRESTON ROAD"", ""city"": ""DALLAS"", ""state"": ""TX"", ""zip"": ""75252""}"	No_Match	88
019ab3f5-e8c9-765f-6b45-137daaa2ba8c	Lucina Hall Room 245, Muncie, In, 47306	"{""id"": 0, ""street"": ""LUCINA HALL ROOM 245"", ""city"": ""MUNCIE"", ""state"": ""IN"", ""zip"": ""47306""}"	No_Match	88
019ab3fd-aab4-7bae-3204-18e9fa02fb94	623 S University Blvd, Nampa, Id, 83686	"{""id"": 0, ""street"": ""623 S UNIVERSITY BLVD"", ""city"": ""NAMPA"", ""state"": ""ID"", ""zip"": ""83686""}"	No_Match	88
019ab419-2912-75fb-0b7e-175360c3bdfc	Road, Monroe, Ny, 10950	"{""id"": 0, ""street"": ""Road"", ""city"": ""Monroe"", ""state"": ""NY"", ""zip"": ""10950""}"	No_Match	88
019ab7b2-596a-7a7f-f479-91bde1873aac	3826 W Gate City Blvd, Greensboro, Nc, 27407	"{""id"": 0, ""street"": ""3826 W GATE CITY BLVD"", ""city"": ""GREENSBORO"", ""state"": ""NC"", ""zip"": ""27407""}"	No_Match	88
019ab437-09fb-7528-834c-b6ca29728688	3100 Broadway Suite 400, Kansas City, Mo, 64111	"{""id"": 0, ""street"": ""3100 Broadway suite 400"", ""city"": ""kansas city"", ""state"": ""MO"", ""zip"": ""64111""}"	No_Match	87
019ab3e8-5d74-71ae-81c8-ef5152adf4ac	263 Farmington Avenue, Farmington, Ct, 06030	"{""id"": 0, ""street"": ""263 Farmington Avenue"", ""city"": ""Farmington"", ""state"": ""CT"", ""zip"": ""06030""}"	No_Match	87
019ab5e0-fab7-77da-7e60-c232160f671c	219 Rock Street, Bluefield, Wv, 24701	"{""id"": 0, ""street"": ""219 ROCK STREET"", ""city"": ""BLUEFIELD"", ""state"": ""WV"", ""zip"": ""24701""}"	No_Match	86
019ab7d6-a820-7c42-b92d-4baa670b0edc	300 Seventh Street, Charlotte, Nc, 28202	"{""id"": 0, ""street"": ""300 SEVENTH STREET"", ""city"": ""CHARLOTTE"", ""state"": ""NC"", ""zip"": ""28202""}"	No_Match	86
019ab707-026c-773d-6bfe-018f9fb533b4	6620 S King Dr, Chicago, Il, 60637	"{""id"": 0, ""street"": ""6620 S KING DR"", ""city"": ""CHICAGO"", ""state"": ""IL"", ""zip"": ""60637""}"	No_Match	86
019ab706-fddf-7741-2f3e-3e5b972b548c	26901 Beaumont Boulevard, Southfield, Mi, 48033	"{""id"": 0, ""street"": ""26901 BEAUMONT BOULEVARD"", ""city"": ""SOUTHFIELD"", ""state"": ""MI"", ""zip"": ""48033""}"	No_Match	86
019ab40c-29f3-70f2-a75e-3788fd694134	900 East Ave, Rochester, Ny, 14607	"{""id"": 0, ""street"": ""900 EAST AVE"", ""city"": ""ROCHESTER"", ""state"": ""NY"", ""zip"": ""14607""}"	No_Match	86
019ab40f-395d-728e-6e09-2e1d3d8a439c	2300 Willowick Rd, Houston, Tx, 77027	"{""id"": 0, ""street"": ""2300 WILLOWICK RD"", ""city"": ""HOUSTON"", ""state"": ""TX"", ""zip"": ""77027""}"	No_Match	86
019ab419-21d7-71d9-0a37-8df0578f98ec	1513 Cambridge St, Houston, Tx, 77030	"{""id"": 0, ""street"": ""1513 CAMBRIDGE ST"", ""city"": ""HOUSTON"", ""state"": ""TX"", ""zip"": ""77030""}"	No_Match	86
019ab400-f84b-7da0-5fb2-5c1925a3c4b0	1050 Pennsylvania Ave, York, Pa, 17404	"{""id"": 0, ""street"": ""1050 PENNSYLVANIA AVE"", ""city"": ""YORK"", ""state"": ""PA"", ""zip"": ""17404""}"	No_Match	86
019ab717-8fe1-742b-62d2-10868f055430	C/O Foundation, Woodmere, Ny, 11598	"{""id"": 0, ""street"": ""C/O FOUNDATION"", ""city"": ""WOODMERE"", ""state"": ""NY"", ""zip"": ""11598""}"	No_Match	86
019ab7ea-2c1d-77f5-fd18-9ee3dd5b72e4	Osawatomie High School, Osawatomie, Ks, 66064	"{""id"": 0, ""street"": ""OSAWATOMIE HIGH SCHOOL"", ""city"": ""OSAWATOMIE"", ""state"": ""KS"", ""zip"": ""66064""}"	No_Match	86
019ab5e1-1080-7ff6-8e39-1868466b8b14	6060 Ffa Drive, Indianapolis, In, 46278	"{""id"": 0, ""street"": ""6060 FFA DRIVE"", ""city"": ""INDIANAPOLIS"", ""state"": ""IN"", ""zip"": ""46278""}"	No_Match	86
019ab436-ed6f-707b-2cab-61372c548590	4300 Ashley River Road, Charleston, Sc, 29414	"{""id"": 0, ""street"": ""4300 ASHLEY RIVER ROAD"", ""city"": ""CHARLESTON"", ""state"": ""SC"", ""zip"": ""29414""}"	No_Match	86
019ab3e1-109f-7df4-4ea5-73808cf07eac	1690 Newtown Langhorne Road, Newtown, Pa, 18940	"{""id"": 0, ""street"": ""1690 NEWTOWN LANGHORNE ROAD"", ""city"": ""NEWTOWN"", ""state"": ""PA"", ""zip"": ""18940""}"	No_Match	86
019ab3fa-0551-7ef0-bfb6-84cc7e7b18dc	1300 Academy Rd, Culver, In, 46511	"{""id"": 0, ""street"": ""1300 ACADEMY RD"", ""city"": ""CULVER"", ""state"": ""IN"", ""zip"": ""46511""}"	No_Match	86
019ab419-21d8-7c4e-0dc3-04e00276e20c	3480 N Lake Shore Drive, Chicago, Il, 60657	"{""id"": 0, ""street"": ""3480 N LAKE SHORE DRIVE"", ""city"": ""CHICAGO"", ""state"": ""IL"", ""zip"": ""60657""}"	No_Match	86
019ab3f0-d0e2-78ee-1b34-a49cb959b554	1100 California Street, San Francisco, Ca, 94108	"{""id"": 0, ""street"": ""1100 CALIFORNIA STREET"", ""city"": ""SAN FRANCISCO"", ""state"": ""CA"", ""zip"": ""94108""}"	No_Match	86
019ab3ea-7847-7e39-8b20-d4cd31da5b04	Department Of Development, Akron, Oh, 44325	"{""id"": 0, ""street"": ""DEPARTMENT OF DEVELOPMENT"", ""city"": ""AKRON"", ""state"": ""OH"", ""zip"": ""44325""}"	No_Match	86
019ab40a-cdd9-7662-a1ea-8c2ff497320c	C/O Aipso 302 Central Avenue, Johnston, Ri, 02919	"{""id"": 0, ""street"": ""c/o AIPSO 302 CENTRAL AVENUE"", ""city"": ""JOHNSTON"", ""state"": ""RI"", ""zip"": ""02919""}"	No_Match	86
019ab40c-f649-7d27-2552-f3367b118f84	4750 State Route 165, Canfield, Oh, 44406	"{""id"": 0, ""street"": ""4750 STATE ROUTE 165"", ""city"": ""CANFIELD"", ""state"": ""OH"", ""zip"": ""44406""}"	No_Match	86
019ab707-0de9-7d22-02ea-a4811d499078	2000 Sierra Point Pkwy Suite 702, Brisbane, Ca, 94005	"{""id"": 0, ""street"": ""2000 Sierra Point Pkwy Suite 702"", ""city"": ""Brisbane"", ""state"": ""CA"", ""zip"": ""94005""}"	No_Match	86
019ab3e7-0401-7146-4c63-b2c547ac6bc8	275 North Street, Harrison, Ny, 10528	"{""id"": 0, ""street"": ""275 NORTH STREET"", ""city"": ""HARRISON"", ""state"": ""NY"", ""zip"": ""10528""}"	No_Match	86
019ab5e0-f6a3-7dd1-4d1c-d9111f46696c	Local, Mason City, Ia, 50401	"{""id"": 0, ""street"": ""local"", ""city"": ""Mason City"", ""state"": ""IA"", ""zip"": ""50401""}"	No_Match	86
019ab70d-49e5-7349-cbc0-bbcc95aa1560	203 Lawrence Street, Methuen, Ma, 01844	"{""id"": 0, ""street"": ""203 LAWRENCE STREET"", ""city"": ""METHUEN"", ""state"": ""MA"", ""zip"": ""01844""}"	No_Match	86
019ab720-3c17-7351-d540-102f804b5498	715 Broadway St, Quantico, Va, 22134	"{""id"": 0, ""street"": ""715 BROADWAY ST"", ""city"": ""QUANTICO"", ""state"": ""VA"", ""zip"": ""22134""}"	No_Match	86
019ab437-095d-7358-e87a-68c9eaff8c60	1 Park Place, Elmira, Ny, 14901	"{""id"": 0, ""street"": ""1 PARK PLACE"", ""city"": ""ELMIRA"", ""state"": ""NY"", ""zip"": ""14901""}"	No_Match	86
019ab3f3-f037-7e74-d674-2b0dee7f70f0	256 Macopin Road, West Milford, Nj, 07480	"{""id"": 0, ""street"": ""256 MACOPIN ROAD"", ""city"": ""WEST MILFORD"", ""state"": ""NJ"", ""zip"": ""07480""}"	No_Match	86
019ab5e0-f55c-7c4c-4802-04c684423dbc	Davies Symphony Hall 201 Van Ness, San Francisco, Ca, 94102	"{""id"": 0, ""street"": ""DAVIES SYMPHONY HALL 201 VAN NESS"", ""city"": ""SAN FRANCISCO"", ""state"": ""CA"", ""zip"": ""94102""}"	No_Match	86
019ab436-fa89-7bb2-5b6a-2c4528dca6c4	3605 W Fillmore St, Chicago, Il, 60624	"{""id"": 0, ""street"": ""3605 W FILLMORE ST"", ""city"": ""CHICAGO"", ""state"": ""IL"", ""zip"": ""60624""}"	No_Match	86
019ab7da-a8ac-702d-d949-418ecb4d8ad8	301 E Blvd Suite 1850, Long Beach, Ca, 90802	"{""id"": 0, ""street"": ""301 E BLVD SUITE 1850"", ""city"": ""LONG BEACH"", ""state"": ""CA"", ""zip"": ""90802""}"	No_Match	86
019ab3f9-2a8f-7a8b-60ea-8f91b9b48200	100 Madison Ave, Morristown, Nj, 07960	"{""id"": 0, ""street"": ""100 MADISON AVE"", ""city"": ""MORRISTOWN"", ""state"": ""NJ"", ""zip"": ""07960""}"	No_Match	86
019ab3ff-8108-79c4-e8fb-47d9fc1fa230	8700 Bay Colony Drive, Naples, Fl, 34108	"{""id"": 0, ""street"": ""8700 Bay Colony Drive"", ""city"": ""Naples"", ""state"": ""FL"", ""zip"": ""34108""}"	No_Match	86
019ab40e-ef15-7c15-13e2-afad55c50008	4991 Fred Wilson Ave, El Paso, Tx, 79906	"{""id"": 0, ""street"": ""4991 FRED WILSON AVE"", ""city"": ""EL PASO"", ""state"": ""TX"", ""zip"": ""79906""}"	No_Match	86
019ab419-2cbb-7ed4-e21f-3b03448736e0	140 Mount Airy Rd, Basking Ridge, Nj, 07920	"{""id"": 0, ""street"": ""140 MOUNT AIRY RD"", ""city"": ""Basking Ridge"", ""state"": ""NJ"", ""zip"": ""07920""}"	No_Match	86
019ab7b6-0d88-7260-2363-a0554b9ddaec	Local Headquarters, Tulsa, Ok, 74100	"{""id"": 0, ""street"": ""LOCAL HEADQUARTERS"", ""city"": ""TULSA"", ""state"": ""OK"", ""zip"": ""74100""}"	No_Match	86
019ab3e2-aefd-77f2-e7f7-cb262e985e94	77 Liberty Corner Rd, Liberty Corner, Nj, 07938	"{""id"": 0, ""street"": ""77 LIBERTY CORNER RD"", ""city"": ""LIBERTY CORNER"", ""state"": ""NJ"", ""zip"": ""07938""}"	No_Match	86
019ab437-0f87-718d-e20a-db37c7d92ce8	One Childrens Hospital Drive, Pittsburgh, Pa, 15224	"{""id"": 0, ""street"": ""ONE CHILDRENS HOSPITAL DRIVE"", ""city"": ""PITTSBURGH"", ""state"": ""PA"", ""zip"": ""15224""}"	No_Match	86
019ab437-1412-7237-33bf-1c3dc6abdb58	24200 Dana Point Harbor Dr, Dana Point, Ca, 92629	"{""id"": 0, ""street"": ""24200 DANA POINT HARBOR DR"", ""city"": ""DANA POINT"", ""state"": ""CA"", ""zip"": ""92629""}"	No_Match	86
019ab3f4-c60f-7e52-582d-4f05a46d7140	101 School Road, Wilmington, De, 19803	"{""id"": 0, ""street"": ""101 SCHOOL ROAD"", ""city"": ""WILMINGTON"", ""state"": ""DE"", ""zip"": ""19803""}"	No_Match	86
019ab419-20b1-793a-4469-f420da152978	3200 Highway 100 South, St Louis Park, Mn, 55416	"{""id"": 0, ""street"": ""3200 HIGHWAY 100 SOUTH"", ""city"": ""ST LOUIS PARK"", ""state"": ""MN"", ""zip"": ""55416""}"	No_Match	86
019ab701-dc2b-7f10-59e0-cc9fdc3b2280	One Stop, Fargo, Nd, 58108	"{""id"": 0, ""street"": ""ONE STOP"", ""city"": ""FARGO"", ""state"": ""ND"", ""zip"": ""58108""}"	No_Match	86
019ab3fd-9d49-7132-e42c-b04132aa93f8	1 Roger Williams University Way, Bristol, Ri, 02809	"{""id"": 0, ""street"": ""1 ROGER WILLIAMS UNIVERSITY WAY"", ""city"": ""BRISTOL"", ""state"": ""RI"", ""zip"": ""02809""}"	No_Match	85
019ab419-2ec8-705e-48be-100e9903f270	901 South Bond Street Suite 400, Baltimore, Md, 21231	"{""id"": 0, ""street"": ""901 SOUTH BOND STREET SUITE 400"", ""city"": ""BALTIMORE"", ""state"": ""MD"", ""zip"": ""21231""}"	No_Match	85
019ab436-eaf7-74f2-a6a2-74c76f06a2a8	163 Stormont Street, New Concord, Oh, 43762	"{""id"": 0, ""street"": ""163 STORMONT STREET"", ""city"": ""NEW CONCORD"", ""state"": ""OH"", ""zip"": ""43762""}"	No_Match	85
019ab7b2-5206-77bb-5632-f8c9137da1ac	New Brunswick, New Brunswick, Nj, 08901	"{""id"": 0, ""street"": ""NEW BRUNSWICK"", ""city"": ""NEW BRUNSWICK"", ""state"": ""NJ"", ""zip"": ""08901""}"	No_Match	84
019ab411-f9fa-76dd-8797-1cc0b68d3e0c	7500 Davis Boulevard, Naples, Fl, 34104	"{""id"": 0, ""street"": ""7500 DAVIS BOULEVARD"", ""city"": ""NAPLES"", ""state"": ""FL"", ""zip"": ""34104""}"	No_Match	84
019ab70d-44a1-71b8-4330-6184ed0a73a8	3430 Ohiohealth Parkway, Columbus, Oh, 43202	"{""id"": 0, ""street"": ""3430 OHIOHEALTH PARKWAY"", ""city"": ""COLUMBUS"", ""state"": ""OH"", ""zip"": ""43202""}"	No_Match	84
019ab40b-ce22-7f9f-d73b-9518819d0814	475 Riverside Drive Suite 600, New York, Ny, 10115	"{""id"": 0, ""street"": ""475 RIVERSIDE DRIVE SUITE 600"", ""city"": ""NEW YORK"", ""state"": ""NY"", ""zip"": ""10115""}"	No_Match	84
019ab720-3e40-7bd9-a1c9-6b65f60fcd4c	200 Varick Street, New York, Ny, 10014	"{""id"": 0, ""street"": ""200 VARICK STREET"", ""city"": ""NEW YORK"", ""state"": ""NY"", ""zip"": ""10014""}"	No_Match	84
019ab720-40e8-73e0-9446-06641bed9d84	1 Press Place, Athens, Ga, 30601	"{""id"": 0, ""street"": ""1 Press Place"", ""city"": ""Athens"", ""state"": ""GA"", ""zip"": ""30601""}"	No_Match	84
019ab3ec-a885-751b-46ba-4868cffd3cd0	170 Alameda De Las Pulgas, Redwood City, Ca, 94062	"{""id"": 0, ""street"": ""170 ALAMEDA DE LAS PULGAS"", ""city"": ""REDWOOD CITY"", ""state"": ""CA"", ""zip"": ""94062""}"	No_Match	84
019ab412-01fd-70ef-77e7-96aa3b337730	160 Essex Street Suite 101, Lodi, Nj, 07644	"{""id"": 0, ""street"": ""160 ESSEX STREET SUITE 101"", ""city"": ""LODI"", ""state"": ""NJ"", ""zip"": ""07644""}"	No_Match	84
019ab419-2dc2-7d8a-2c79-3b1883ab0390	800 Old Elm Road, Highland Park, Il, 60035	"{""id"": 0, ""street"": ""800 OLD ELM ROAD"", ""city"": ""HIGHLAND PARK"", ""state"": ""IL"", ""zip"": ""60035""}"	No_Match	84
019ab3f6-ee23-7a83-a616-c61265751f28	249 W Thornhill Dr, Fort Worth, Tx, 76115	"{""id"": 0, ""street"": ""249 W THORNHILL DR"", ""city"": ""FORT WORTH"", ""state"": ""TX"", ""zip"": ""76115""}"	No_Match	84
019ab436-f31d-7579-33cb-cffb1efa49dc	Local, Northwood, Ia, 50459	"{""id"": 0, ""street"": ""local"", ""city"": ""Northwood"", ""state"": ""IA"", ""zip"": ""50459""}"	No_Match	84
019ab402-5744-7fad-070e-4f6f1f08ceac	5620 Bradenton Road, Cumming, Ga, 30040	"{""id"": 0, ""street"": ""5620 BRADENTON ROAD"", ""city"": ""CUMMING"", ""state"": ""GA"", ""zip"": ""30040""}"	No_Match	84
019ab405-8d9c-769a-f81a-7e4e0d482e70	3121 Brooklawn Campus Drive, Louisville, Ky, 40218	"{""id"": 0, ""street"": ""3121 BROOKLAWN CAMPUS DRIVE"", ""city"": ""LOUISVILLE"", ""state"": ""KY"", ""zip"": ""40218""}"	No_Match	84
019ab437-03bc-7a55-b919-ede43f98eaf8	Street, Lakewood, Nj, 08701	"{""id"": 0, ""street"": ""Street"", ""city"": ""Lakewood"", ""state"": ""NJ"", ""zip"": ""08701""}"	No_Match	84
019ab701-d46b-72c0-928a-fb4b8cadf1a8	One University Blvd, La Grande, Or, 97850	"{""id"": 0, ""street"": ""ONE UNIVERSITY BLVD"", ""city"": ""LA GRANDE"", ""state"": ""OR"", ""zip"": ""97850""}"	No_Match	84
019ab436-f1e2-70de-6a78-41edb6895850	Inv Ser Treasurers Office Fmc Tower, Philadelphia, Pa, 19104	"{""id"": 0, ""street"": ""INV SER TREASURERS OFFICE FMC TOWER"", ""city"": ""PHILADELPHIA"", ""state"": ""PA"", ""zip"": ""19104""}"	No_Match	84
019ab405-afca-7cab-48a8-c36dca672c7c	7784 Innovation Park Dr, Baton Rouge, La, 70820	"{""id"": 0, ""street"": ""7784 INNOVATION PARK DR"", ""city"": ""BATON ROUGE"", ""state"": ""LA"", ""zip"": ""70820""}"	No_Match	84
019ab3ef-c6df-7693-68d9-410db8119a88	Sturgill Philanthropy Building, Lexington, Ky, 40506	"{""id"": 0, ""street"": ""STURGILL PHILANTHROPY BUILDING"", ""city"": ""LEXINGTON"", ""state"": ""KY"", ""zip"": ""40506""}"	No_Match	84
019ab3e5-004f-774a-fa86-507254dc5624	Lakewood, Lakewood, Nj, 08701	"{""id"": 0, ""street"": ""LAKEWOOD"", ""city"": ""LAKEWOOD"", ""state"": ""NJ"", ""zip"": ""08701""}"	No_Match	84
019ab437-0a04-7eea-a604-58c02a49f790	225 Music School Rd, Aspen, Co, 81611	"{""id"": 0, ""street"": ""225 MUSIC SCHOOL RD"", ""city"": ""ASPEN"", ""state"": ""CO"", ""zip"": ""81611""}"	No_Match	84
019ab733-7ec6-79bb-a32d-00dabe925480	Main Street, Washington, Dc, 00000	"{""id"": 0, ""street"": ""MAIN STREET"", ""city"": ""WASHINGTON"", ""state"": ""DC"", ""zip"": ""00000""}"	No_Match	84
019ab419-30f3-721e-3447-a820c53fd91c	1 Washington Sq, San Jose, Ca, 95192	"{""id"": 0, ""street"": ""1 WASHINGTON SQ"", ""city"": ""San Jose"", ""state"": ""CA"", ""zip"": ""95192""}"	No_Match	84
019ab436-f7ef-701a-4fe0-a0dedc6fb6f0	900 Broadway, Nashville, Tn, 37203	"{""id"": 0, ""street"": ""900 Broadway"", ""city"": ""Nashville"", ""state"": ""TN"", ""zip"": ""37203""}"	No_Match	84
019ab436-f565-7006-8cb5-0aff8fa909bc	1501 Reedsdale Street, Pittsburgh, Pa, 15233	"{""id"": 0, ""street"": ""1501 REEDSDALE STREET"", ""city"": ""PITTSBURGH"", ""state"": ""PA"", ""zip"": ""15233""}"	No_Match	84
019ab400-c727-76ed-2218-a2072b8bc244	1 Dali Blvd, St Petersburg, Fl, 33701	"{""id"": 0, ""street"": ""1 DALI BLVD"", ""city"": ""ST PETERSBURG"", ""state"": ""FL"", ""zip"": ""33701""}"	No_Match	84
019ab793-0267-7d55-e641-a9eb97db3998	Main Street, Ft Lauderdale, Fl, 00000	"{""id"": 0, ""street"": ""MAIN STREET"", ""city"": ""FT LAUDERDALE"", ""state"": ""FL"", ""zip"": ""00000""}"	No_Match	84
019ab402-ee5b-790e-bf94-9c3cc4530c30	1200 Jacob Lane, Carmichael, Ca, 95608	"{""id"": 0, ""street"": ""1200 Jacob Lane"", ""city"": ""Carmichael"", ""state"": ""CA"", ""zip"": ""95608""}"	No_Match	84
019ab701-cee4-7a3f-ca9a-9ffcd168cef8	155 Miami Street, Tiffin, Oh, 44883	"{""id"": 0, ""street"": ""155 MIAMI STREET"", ""city"": ""TIFFIN"", ""state"": ""OH"", ""zip"": ""44883""}"	No_Match	84
019ab436-fdaf-7499-8eb7-bdd28e086834	8225 N Wickham Rd, Melbourne, Fl, 32940	"{""id"": 0, ""street"": ""8225 N WICKHAM RD"", ""city"": ""MELBOURNE"", ""state"": ""FL"", ""zip"": ""32940""}"	No_Match	84
019ab7af-0b3e-7d6d-829f-75e4a232bb60	Office Of Financial Aid 400 East, Ellensburg, Wa, 98926	"{""id"": 0, ""street"": ""OFFICE OF FINANCIAL AID 400 EAST"", ""city"": ""ELLENSBURG"", ""state"": ""WA"", ""zip"": ""98926""}"	No_Match	84
019ab5e0-f3a2-7555-0f08-06b2242a0054	Local, Sac City, Ia, 50583	"{""id"": 0, ""street"": ""LOCAL"", ""city"": ""SAC CITY"", ""state"": ""IA"", ""zip"": ""50583""}"	No_Match	84
019ab437-036f-7e35-73e2-09bb7357ddac	319 Lexington Blvd, Honolulu, Hi, 96818	"{""id"": 0, ""street"": ""319 LEXINGTON BLVD"", ""city"": ""HONOLULU"", ""state"": ""HI"", ""zip"": ""96818""}"	No_Match	84
019ab437-06d8-7abf-8573-e4771704642c	4400 Route 23, Hudson, Ny, 12534	"{""id"": 0, ""street"": ""4400 ROUTE 23"", ""city"": ""HUDSON"", ""state"": ""NY"", ""zip"": ""12534""}"	No_Match	84
019ab419-26f0-7bc6-0a04-6210f28b51c8	600 University Ave, Troy, Al, 36082	"{""id"": 0, ""street"": ""600 UNIVERSITY AVE"", ""city"": ""TROY"", ""state"": ""AL"", ""zip"": ""36082""}"	No_Match	84
019ab701-dee6-7561-af6a-524a0d8cbf70	5618 H Mark Crosswell Jr St, Houston, Tx, 77021	"{""id"": 0, ""street"": ""5618 H MARK CROSSWELL JR ST"", ""city"": ""HOUSTON"", ""state"": ""TX"", ""zip"": ""77021""}"	No_Match	84
019ab419-2d39-76f7-1b78-faa506b96278	760 Pollard Blvd Sw, Atlanta, Ga, 30315	"{""id"": 0, ""street"": ""760 POLLARD BLVD SW"", ""city"": ""ATLANTA"", ""state"": ""GA"", ""zip"": ""30315""}"	No_Match	84
019ab7ae-f96c-7e2b-a30e-45ef4dce502c	1 Street, Brooklyn, Ny, 11204	"{""id"": 0, ""street"": ""1 Street"", ""city"": ""Brooklyn"", ""state"": ""NY"", ""zip"": ""11204""}"	No_Match	84
019ab741-a8a7-77c2-cf1c-eae3880ce388	5192 S Greenpine Dr Salt Lake City, Salt Lake Cty, Ut, 84123	"{""id"": 0, ""street"": ""5192 S GREENPINE DR SALT LAKE CITY"", ""city"": ""SALT LAKE CTY"", ""state"": ""UT"", ""zip"": ""84123""}"	No_Match	84
019ab5e0-e2d1-73bc-35fb-60c709ca861c	3702 Fords Lane, Baltimore, Md, 21215	"{""id"": 0, ""street"": ""3702 FORDS LANE"", ""city"": ""BALTIMORE"", ""state"": ""MD"", ""zip"": ""21215""}"	No_Match	84
019ab3e2-1ee5-7f5b-f37d-19c7698ad064	300 Jerrys Drive, Roseburg, Or, 97470	"{""id"": 0, ""street"": ""300 Jerrys Drive"", ""city"": ""Roseburg"", ""state"": ""OR"", ""zip"": ""97470""}"	No_Match	84
019ab436-eafe-728f-38f5-d88d312bc068	505 Ramapo Valley Road, Mahwah, Nj, 07430	"{""id"": 0, ""street"": ""505 RAMAPO VALLEY ROAD"", ""city"": ""MAHWAH"", ""state"": ""NJ"", ""zip"": ""07430""}"	No_Match	83
019ab3f3-b855-72ab-489d-b4418fe61924	521 Route 228, Mars, Pa, 16046	"{""id"": 0, ""street"": ""521 ROUTE 228"", ""city"": ""MARS"", ""state"": ""PA"", ""zip"": ""16046""}"	No_Match	83
019ab436-ee47-76a1-e9dd-6a67135b5bf4	9650 Rockville Pike, Bethesda, Md, 20814	"{""id"": 0, ""street"": ""9650 ROCKVILLE PIKE"", ""city"": ""BETHESDA"", ""state"": ""MD"", ""zip"": ""20814""}"	No_Match	83
019ab5e1-1259-7e53-46f0-836f411903e8	3401 Reservoir Drive, Philadelphia, Pa, 19121	"{""id"": 0, ""street"": ""3401 RESERVOIR DRIVE"", ""city"": ""PHILADELPHIA"", ""state"": ""PA"", ""zip"": ""19121""}"	No_Match	83
019ab714-2ad6-7ccc-3869-f87af3e56cb0	901 South Bond Street Ste 400, Baltimore, Md, 21231	"{""id"": 0, ""street"": ""901 SOUTH BOND STREET STE 400"", ""city"": ""BALTIMORE"", ""state"": ""MD"", ""zip"": ""21231""}"	No_Match	83
019ab40f-4296-709d-01fc-cebb3fbddd24	1919 Nw Loop 410 Suite 100, San Antonio, Tx, 78213	"{""id"": 0, ""street"": ""1919 NW LOOP 410 SUITE 100"", ""city"": ""SAN ANTONIO"", ""state"": ""TX"", ""zip"": ""78213""}"	No_Match	83
019ab701-dd64-7128-3d40-610b8085e5a4	1120 15Th St, Augusta, Ga, 30912	"{""id"": 0, ""street"": ""1120 15TH ST"", ""city"": ""AUGUSTA"", ""state"": ""GA"", ""zip"": ""30912""}"	No_Match	83
019ab436-ff65-7acd-008a-afcc97bcc618	2400 N Sheffield Ave, Chicago, Il, 60614	"{""id"": 0, ""street"": ""2400 N SHEFFIELD AVE"", ""city"": ""CHICAGO"", ""state"": ""IL"", ""zip"": ""60614""}"	No_Match	83
019ab419-25d6-7518-c639-e95138e958dc	1501 Narcissa Rd, Blue Bell, Pa, 19422	"{""id"": 0, ""street"": ""1501 NARCISSA RD"", ""city"": ""BLUE BELL"", ""state"": ""PA"", ""zip"": ""19422""}"	No_Match	83
019ab3fd-369f-7cfc-7c3f-beba626d2c34	3501 E 71St Street, Loveland, Co, 80538	"{""id"": 0, ""street"": ""3501 E 71ST STREET"", ""city"": ""LOVELAND"", ""state"": ""CO"", ""zip"": ""80538""}"	No_Match	82
019ab3e7-4c2d-7b8a-3137-7c7d5e12a92c	175 Frida Kahlo Way, San Francisco, Ca, 94112	"{""id"": 0, ""street"": ""175 FRIDA KAHLO WAY"", ""city"": ""SAN FRANCISCO"", ""state"": ""CA"", ""zip"": ""94112""}"	No_Match	82
019ab402-a263-7980-6a7a-ed351a3ed5ac	7101 Lahser Road, Bloomfield Hills, Mi, 48301	"{""id"": 0, ""street"": ""7101 LAHSER ROAD"", ""city"": ""BLOOMFIELD HILLS"", ""state"": ""MI"", ""zip"": ""48301""}"	No_Match	82
019ab793-0266-792a-2d0f-3032a3630784	Main Street, Baton Rouge, La, 00000	"{""id"": 0, ""street"": ""MAIN STREET"", ""city"": ""BATON ROUGE"", ""state"": ""LA"", ""zip"": ""00000""}"	No_Match	82
019ab3fc-4600-7a3a-f8ac-78894823b21c	1863 Bethany Rd, Womelsdorf, Pa, 19567	"{""id"": 0, ""street"": ""1863 BETHANY RD"", ""city"": ""WOMELSDORF"", ""state"": ""PA"", ""zip"": ""19567""}"	No_Match	82
019ab3e3-2039-7d9c-3322-1ce0f7f1be48	Central Michigan University, Mt Pleasant, Mi, 48859	"{""id"": 0, ""street"": ""CENTRAL MICHIGAN UNIVERSITY"", ""city"": ""MT PLEASANT"", ""state"": ""MI"", ""zip"": ""48859""}"	No_Match	82
019ab3fb-68ff-7c57-1aaf-f4178d1dabc8	4900 Meridian St N, Huntsville, Al, 35811	"{""id"": 0, ""street"": ""4900 MERIDIAN ST N"", ""city"": ""HUNTSVILLE"", ""state"": ""AL"", ""zip"": ""35811""}"	No_Match	82
019ab437-0e0c-7d45-181d-3d3d29e23df0	1 Press Place, Athens, Ga, 30602	"{""id"": 0, ""street"": ""1 PRESS PLACE"", ""city"": ""ATHENS"", ""state"": ""GA"", ""zip"": ""30602""}"	No_Match	82
019ab3fc-cf37-7919-b0c6-1e5ffcabff8c	400 Rosalind Redfern Grover Parkway, Midland, Tx, 79701	"{""id"": 0, ""street"": ""400 ROSALIND REDFERN GROVER PARKWAY"", ""city"": ""MIDLAND"", ""state"": ""TX"", ""zip"": ""79701""}"	No_Match	82
019ab437-0955-7e4a-300c-61ce8f6795ec	133 N River St, Wilkes Barre, Pa, 18711	"{""id"": 0, ""street"": ""133 N RIVER ST"", ""city"": ""WILKES BARRE"", ""state"": ""PA"", ""zip"": ""18711""}"	No_Match	82
019ab401-f957-778d-22b2-5616211b9790	101 Innovation Place, Santa Barbara, Ca, 93108	"{""id"": 0, ""street"": ""101 Innovation Place"", ""city"": ""Santa Barbara"", ""state"": ""CA"", ""zip"": ""93108""}"	No_Match	82
019ab701-e112-73d3-e6e9-63e7e012ff20	2587 Government Blvd, Mobile, Al, 36606	"{""id"": 0, ""street"": ""2587 GOVERNMENT BLVD"", ""city"": ""MOBILE"", ""state"": ""AL"", ""zip"": ""36606""}"	No_Match	82
019ab3ff-48f5-744d-cf41-f46264333750	101 School Rd, Wilmington, De, 19803	"{""id"": 0, ""street"": ""101 SCHOOL RD"", ""city"": ""WILMINGTON"", ""state"": ""DE"", ""zip"": ""19803""}"	No_Match	82
019ab437-07ac-7eb7-2006-20a2de70bc74	75 Remittance Drive Suite 1515, Chicago, Il, 60675	"{""id"": 0, ""street"": ""75 REMITTANCE DRIVE SUITE 1515"", ""city"": ""CHICAGO"", ""state"": ""IL"", ""zip"": ""60675""}"	No_Match	82
019ab437-0c9a-72f4-e565-96e826be2154	520 S 3Rd St, Carbondale, Co, 81623	"{""id"": 0, ""street"": ""520 S 3RD ST"", ""city"": ""CARBONDALE"", ""state"": ""CO"", ""zip"": ""81623""}"	No_Match	82
019ab3e1-a7f3-7324-3e85-da897e599f40	11551 Aerospace Ave, Houston, Tx, 77034	"{""id"": 0, ""street"": ""11551 AEROSPACE AVE"", ""city"": ""HOUSTON"", ""state"": ""TX"", ""zip"": ""77034""}"	No_Match	82
019ab436-f568-7b12-5476-0623772e8ad4	100 William Street 6Th Floor, New York, Ny, 10038	"{""id"": 0, ""street"": ""100 WILLIAM STREET 6TH FLOOR"", ""city"": ""NEW YORK"", ""state"": ""NY"", ""zip"": ""10038""}"	No_Match	82
019ab3f1-21f1-7299-3c3d-d323a34e2628	701 S Nedderman Dr, Arlington, Tx, 76019	"{""id"": 0, ""street"": ""701 S NEDDERMAN DR"", ""city"": ""ARLINGTON"", ""state"": ""TX"", ""zip"": ""76019""}"	No_Match	82
019ab419-2faf-7606-8d8b-5c75e60b05c0	101 St Theresa Avenue, West Roxbury, Ma, 02132	"{""id"": 0, ""street"": ""101 St Theresa Avenue"", ""city"": ""West Roxbury"", ""state"": ""MA"", ""zip"": ""02132""}"	No_Match	82
019ab407-f885-76e1-ddf0-018541c283c0	Harvard Yard, Cambridge, Ma, 02138	"{""id"": 0, ""street"": ""HARVARD YARD"", ""city"": ""CAMBRIDGE"", ""state"": ""MA"", ""zip"": ""02138""}"	No_Match	82
019ab436-eada-7845-881a-d89889439c74	10 Upper College Dr, Alfred, Ny, 14802	"{""id"": 0, ""street"": ""10 UPPER COLLEGE DR"", ""city"": ""ALFRED"", ""state"": ""NY"", ""zip"": ""14802""}"	No_Match	82
019ab437-1238-7b58-6688-0b34fc36e9a8	10 Unc-Tv Drive, Research Triangle Park, Nc, 27709	"{""id"": 0, ""street"": ""10 UNC-TV DRIVE"", ""city"": ""RESEARCH TRIANGLE PARK"", ""state"": ""NC"", ""zip"": ""27709""}"	No_Match	82
019ab3e7-af18-7629-9839-c7038220d580	1000 Tongue River Rd, Ashland, Mt, 59003	"{""id"": 0, ""street"": ""1000 TONGUE RIVER RD"", ""city"": ""ASHLAND"", ""state"": ""MT"", ""zip"": ""59003""}"	No_Match	82
019ab787-9dfa-76ac-de58-92a521e74f6c	1101 Main Administration Building, College Park, Md, 20742	"{""id"": 0, ""street"": ""1101 MAIN ADMINISTRATION BUILDING"", ""city"": ""COLLEGE PARK"", ""state"": ""MD"", ""zip"": ""20742""}"	No_Match	82
019ab75a-0c4e-7095-6093-54da7f19e5a0	2222 Saint Paul St, Rochester, Ny, 14621	"{""id"": 0, ""street"": ""2222 SAINT PAUL ST"", ""city"": ""ROCHESTER"", ""state"": ""NY"", ""zip"": ""14621""}"	No_Match	82
019ab76c-efa9-78b6-bec9-8b1068d3c554	1116 Egewd Av N Unit De, Jacksonville, Fl, 32254	"{""id"": 0, ""street"": ""1116 EGEWD AV N UNIT DE"", ""city"": ""JACKSONVILLE"", ""state"": ""FL"", ""zip"": ""32254""}"	No_Match	82
019ab3e6-c585-7c98-f7e8-fb913ff75964	Pmb 407727, Nashville, Tn, 37240	"{""id"": 0, ""street"": ""PMB 407727"", ""city"": ""NASHVILLE"", ""state"": ""TN"", ""zip"": ""37240""}"	No_Match	82
019ab7de-2696-77bf-925a-24e244f49228	1875 Eye Street Nw Suite 1100, Washington, Dc, 20006	"{""id"": 0, ""street"": ""1875 EYE STREET NW SUITE 1100"", ""city"": ""WASHINGTON"", ""state"": ""DC"", ""zip"": ""20006""}"	No_Match	82
019ab5e0-f49f-7762-c31e-914eab3bca64	20 Gilsland Farm Rd, Falmouth, Me, 04105	"{""id"": 0, ""street"": ""20 GILSLAND FARM RD"", ""city"": ""FALMOUTH"", ""state"": ""ME"", ""zip"": ""04105""}"	No_Match	82
019ab7d0-027f-76d2-7594-b9b44ea2c7a4	4500 Cooper Road Suite 204, Cincinnati, Oh, 45242	"{""id"": 0, ""street"": ""4500 COOPER ROAD SUITE 204"", ""city"": ""CINCINNATI"", ""state"": ""OH"", ""zip"": ""45242""}"	No_Match	82
019ab3e7-c460-7699-3687-dae65b354168	25 June St, Sanford, Me, 04073	"{""id"": 0, ""street"": ""25 JUNE ST"", ""city"": ""SANFORD"", ""state"": ""ME"", ""zip"": ""04073""}"	No_Match	82
019ab5e0-e277-7678-9bdf-339253ba1ef4	200 Wilson Circle, Boulder City, Nv, 89005	"{""id"": 0, ""street"": ""200 Wilson Circle"", ""city"": ""Boulder City"", ""state"": ""NV"", ""zip"": ""89005""}"	No_Match	82
019ab436-fe0d-77f9-7f40-db743b2ecf74	100 E Lancaster Ave, Wynnewood, Pa, 19096	"{""id"": 0, ""street"": ""100 E LANCASTER AVE"", ""city"": ""WYNNEWOOD"", ""state"": ""PA"", ""zip"": ""19096""}"	No_Match	82
019ab714-2c75-7edf-0d73-247ecd5220f4	1000 West Fulton Market, Chicago, Il, 60607	"{""id"": 0, ""street"": ""1000 WEST FULTON MARKET"", ""city"": ""CHICAGO"", ""state"": ""IL"", ""zip"": ""60607""}"	No_Match	82
019ab3e7-41d5-724b-e416-eb3c024fc188	2605 Preamble Pt, Colorado Springs, Co, 80915	"{""id"": 0, ""street"": ""2605 PREAMBLE PT"", ""city"": ""COLORADO SPRINGS"", ""state"": ""CO"", ""zip"": ""80915""}"	No_Match	82
019ab3e8-b085-7e64-1886-7ed1aa6c291c	3301 College Avenue, Ft Lauderdale, Fl, 33314	"{""id"": 0, ""street"": ""3301 COLLEGE AVENUE"", ""city"": ""FT LAUDERDALE"", ""state"": ""FL"", ""zip"": ""33314""}"	No_Match	82
019ab401-cc90-763b-883d-ab0e089a1408	1800 Grand Ave, Waukegan, Il, 60085	"{""id"": 0, ""street"": ""1800 GRAND AVE"", ""city"": ""WAUKEGAN"", ""state"": ""IL"", ""zip"": ""60085""}"	No_Match	82
019ab701-d2c8-7209-7132-f07e31270274	51 Vista Lane, Stanford, Ca, 94305	"{""id"": 0, ""street"": ""51 VISTA LANE"", ""city"": ""STANFORD"", ""state"": ""CA"", ""zip"": ""94305""}"	No_Match	82
019ab3fd-82de-7660-0912-4a586b83fe80	303 Tunxis Road, West Hartford, Ct, 06107	"{""id"": 0, ""street"": ""303 TUNXIS ROAD"", ""city"": ""WEST HARTFORD"", ""state"": ""CT"", ""zip"": ""06107""}"	No_Match	82
019ab436-fd8b-7b53-aecd-1d49a7d1a86c	1000 W Fulton Market, Chicago, Il, 60607	"{""id"": 0, ""street"": ""1000 W FULTON MARKET"", ""city"": ""CHICAGO"", ""state"": ""IL"", ""zip"": ""60607""}"	No_Match	81
019ab410-5fb9-7708-618b-262a779de870	2997 St Anthony Drive, Green Bay, Wi, 54311	"{""id"": 0, ""street"": ""2997 ST ANTHONY DRIVE"", ""city"": ""GREEN BAY"", ""state"": ""WI"", ""zip"": ""54311""}"	No_Match	81
019ab3fd-35a6-7dd1-2cc0-456100540df0	100 Wall Street, New York, Ny, 10005	"{""id"": 0, ""street"": ""100 WALL STREET"", ""city"": ""NEW YORK"", ""state"": ""NY"", ""zip"": ""10005""}"	No_Match	81
019ab701-d8c0-70df-da95-54befef12f2c	1300 Gendy Street, Fort Worth, Tx, 76107	"{""id"": 0, ""street"": ""1300 Gendy Street"", ""city"": ""Fort Worth"", ""state"": ""TX"", ""zip"": ""76107""}"	No_Match	81
019ab437-0e12-7ae1-cc70-d831ea9605ac	285 Hungry Hollow Road, Chestnut Ridge, Ny, 10977	"{""id"": 0, ""street"": ""285 HUNGRY HOLLOW ROAD"", ""city"": ""CHESTNUT RIDGE"", ""state"": ""NY"", ""zip"": ""10977""}"	No_Match	81
019ab5e0-ed6b-7e24-e73c-55de19bfec6c	5353 Reynolds Street, Savannah, Ga, 31405	"{""id"": 0, ""street"": ""5353 REYNOLDS STREET"", ""city"": ""SAVANNAH"", ""state"": ""GA"", ""zip"": ""31405""}"	No_Match	81
019ab7ae-f7ff-7f48-7541-b0c9709945e8	1 Inventa Place 6Th Floor West, Silver Spring, Md, 20910	"{""id"": 0, ""street"": ""1 INVENTA PLACE 6TH FLOOR WEST"", ""city"": ""SILVER SPRING"", ""state"": ""MD"", ""zip"": ""20910""}"	No_Match	80
019ab3ec-5d9a-7f6a-739d-40b6d78e846c	5601 North Allen Road, Mableton, Ga, 30126	"{""id"": 0, ""street"": ""5601 NORTH ALLEN ROAD"", ""city"": ""MABLETON"", ""state"": ""GA"", ""zip"": ""30126""}"	No_Match	80
019ab3f4-b350-7dae-70dc-c1721f99eb9c	7400 Telegraph Road, Bloomfield Hills, Mi, 48301	"{""id"": 0, ""street"": ""7400 TELEGRAPH ROAD"", ""city"": ""BLOOMFIELD HILLS"", ""state"": ""MI"", ""zip"": ""48301""}"	No_Match	80
019ab722-54ea-7239-a12a-82eddd81f014	11600 Mirasol Way, Palm Beach Gardens, Fl, 33418	"{""id"": 0, ""street"": ""11600 MIRASOL WAY"", ""city"": ""PALM BEACH GARDENS"", ""state"": ""FL"", ""zip"": ""33418""}"	No_Match	80
019ab720-2e36-7eb1-fef6-83ec35f938dc	Troy Al, Troy, Al, 36081	"{""id"": 0, ""street"": ""TROY AL"", ""city"": ""TROY"", ""state"": ""AL"", ""zip"": ""36081""}"	No_Match	80
019ab707-0777-756d-95b8-ec479df8714c	7077 Elmwood Avenue, Kansas City, Mo, 64132	"{""id"": 0, ""street"": ""7077 ELMWOOD AVENUE"", ""city"": ""KANSAS CITY"", ""state"": ""MO"", ""zip"": ""64132""}"	No_Match	80
019ab412-c152-76c7-b210-2f519855dc18	311 Albert Sabin Way, Cincinnati, Oh, 45229	"{""id"": 0, ""street"": ""311 ALBERT SABIN WAY"", ""city"": ""CINCINNATI"", ""state"": ""OH"", ""zip"": ""45229""}"	No_Match	80
019ab3ee-cc3f-7381-bf4d-8ffee0cd47ac	Teele Hall Soldiers Field, Boston, Ma, 02163	"{""id"": 0, ""street"": ""TEELE HALL SOLDIERS FIELD"", ""city"": ""BOSTON"", ""state"": ""MA"", ""zip"": ""02163""}"	No_Match	80
019ab3f9-14b7-7fee-019a-f0463ade7598	570 Taxter Road Suite 250, Elmsford, Ny, 10523	"{""id"": 0, ""street"": ""570 TAXTER ROAD SUITE 250"", ""city"": ""ELMSFORD"", ""state"": ""NY"", ""zip"": ""10523""}"	No_Match	80
019ab3fd-08c8-7b46-85b1-3c80322bda64	1546 Cole Blvd 200, Lakewood, Co, 80401	"{""id"": 0, ""street"": ""1546 COLE BLVD 200"", ""city"": ""LAKEWOOD"", ""state"": ""CO"", ""zip"": ""80401""}"	No_Match	80
019ab70d-4783-77ac-b13e-dd196671637c	6530 Kissena Blvd, Flushing, Ny, 11367	"{""id"": 0, ""street"": ""6530 KISSENA BLVD"", ""city"": ""FLUSHING"", ""state"": ""NY"", ""zip"": ""11367""}"	No_Match	80
019ab436-f43d-7995-9fd8-dc8851ba2370	1 N University Pkwy, High Point, Nc, 27268	"{""id"": 0, ""street"": ""1 N UNIVERSITY PKWY"", ""city"": ""HIGH POINT"", ""state"": ""NC"", ""zip"": ""27268""}"	No_Match	80
019ab3f3-b294-744a-a23e-f5ef41f93b98	1401 S Main Street Suite 100, Dayton, Oh, 45409	"{""id"": 0, ""street"": ""1401 S MAIN STREET SUITE 100"", ""city"": ""DAYTON"", ""state"": ""OH"", ""zip"": ""45409""}"	No_Match	80
019ab3df-a18f-77dc-a982-c4e2f5c04848	1 Harvard Yard, Cambridge, Ma, 02138	"{""id"": 0, ""street"": ""1 HARVARD YARD"", ""city"": ""CAMBRIDGE"", ""state"": ""MA"", ""zip"": ""02138""}"	No_Match	80
019ab70d-47b2-755e-4cd2-baaa19eaf6f0	33 Journey Ste 150, Aliso Viejo, Ca, 92656	"{""id"": 0, ""street"": ""33 JOURNEY STE 150"", ""city"": ""ALISO VIEJO"", ""state"": ""CA"", ""zip"": ""92656""}"	No_Match	80
019ab3fd-b80f-7abe-5b8e-3e6ec2d2f6c0	141 Central Ave, Keuka Park, Ny, 14478	"{""id"": 0, ""street"": ""141 CENTRAL AVE"", ""city"": ""KEUKA PARK"", ""state"": ""NY"", ""zip"": ""14478""}"	No_Match	80
019ab400-1f73-7eb4-e3ae-622192b0d0e0	5901 Broken Sound Parkway Nw Suite, Boca Raton, Fl, 33487	"{""id"": 0, ""street"": ""5901 BROKEN SOUND PARKWAY NW SUITE"", ""city"": ""BOCA RATON"", ""state"": ""FL"", ""zip"": ""33487""}"	No_Match	80
019ab3ef-0980-7064-b5db-8ee3b18a8a08	1100 California St, San Francisco, Ca, 94108	"{""id"": 0, ""street"": ""1100 CALIFORNIA ST"", ""city"": ""SAN FRANCISCO"", ""state"": ""CA"", ""zip"": ""94108""}"	No_Match	80
019ab3fc-1b84-76e0-b5ca-bf393b1beddc	606 Wilshire Blvd, Santa Monica, Ca, 90401	"{""id"": 0, ""street"": ""606 WILSHIRE BLVD"", ""city"": ""SANTA MONICA"", ""state"": ""CA"", ""zip"": ""90401""}"	No_Match	80
019ab436-f765-72f2-984a-21a6950b4e10	1 Mangini Way, Burlingame, Ca, 94010	"{""id"": 0, ""street"": ""1 MANGINI WAY"", ""city"": ""BURLINGAME"", ""state"": ""CA"", ""zip"": ""94010""}"	No_Match	80
019ab701-d696-7b44-2cab-6dfc68a1f8f8	161 Dogwood Lane, Mobile, Al, 36608	"{""id"": 0, ""street"": ""161 DOGWOOD LANE"", ""city"": ""MOBILE"", ""state"": ""AL"", ""zip"": ""36608""}"	No_Match	80
019ab733-8414-751f-e52a-3d1d21057b94	12625 Southwest Fwy, Stafford, Tx, 77477	"{""id"": 0, ""street"": ""12625 SOUTHWEST FWY"", ""city"": ""STAFFORD"", ""state"": ""TX"", ""zip"": ""77477""}"	No_Match	80
019ab3eb-0fea-73b9-ba4f-482d1f343a38	314 Shields Building, University Park, Pa, 16802	"{""id"": 0, ""street"": ""314 SHIELDS BUILDING"", ""city"": ""UNIVERSITY PARK"", ""state"": ""PA"", ""zip"": ""16802""}"	No_Match	80
019ab76a-b589-790a-7b90-8abb77a04050	9500 Gilman Drive Mail Code 0934, La Jolla, Ca, 92093	"{""id"": 0, ""street"": ""9500 Gilman Drive Mail Code 0934"", ""city"": ""La Jolla"", ""state"": ""CA"", ""zip"": ""92093""}"	No_Match	80
019ab80f-9cc0-77c0-1219-085d5e6ae4e8	C/O 804 Tilinghast Turn, Scotch Plains, Nj, 07076	"{""id"": 0, ""street"": ""c/o 804 Tilinghast Turn"", ""city"": ""Scotch Plains"", ""state"": ""NJ"", ""zip"": ""07076""}"	No_Match	80
019ab5e0-eeeb-7d5f-17f1-b231f17905d0	C/O Capital One Na, New Orleans, La, 70161	"{""id"": 0, ""street"": ""C/O CAPITAL ONE NA"", ""city"": ""NEW ORLEANS"", ""state"": ""LA"", ""zip"": ""70161""}"	No_Match	80
019ab40a-d91d-7535-4e07-052a8071e084	4800 Faith Trails, Concord, Nc, 28025	"{""id"": 0, ""street"": ""4800 FAITH TRAILS"", ""city"": ""CONCORD"", ""state"": ""NC"", ""zip"": ""28025""}"	No_Match	80
019ab796-f4d6-7130-e719-af1cf3d8cfbc	Na, Binghamton, Ny, 13901	"{""id"": 0, ""street"": ""NA"", ""city"": ""BINGHAMTON"", ""state"": ""NY"", ""zip"": ""13901""}"	No_Match	80
019ab410-63f4-712a-a191-d50787724b34	701 Northview Rd, Waukesha, Wi, 53188	"{""id"": 0, ""street"": ""701 NORTHVIEW RD"", ""city"": ""WAUKESHA"", ""state"": ""WI"", ""zip"": ""53188""}"	No_Match	80
019ab419-296e-72ca-0c8d-78f3d21ff15c	1900 W Olney Avenue, Philadelphia, Pa, 19141	"{""id"": 0, ""street"": ""1900 W OLNEY AVENUE"", ""city"": ""PHILADELPHIA"", ""state"": ""PA"", ""zip"": ""19141""}"	No_Match	80
019ab3fd-298e-7b6e-9cee-60aae2190e98	465 Lodge Drive, Wheeling, Wv, 26003	"{""id"": 0, ""street"": ""465 LODGE DRIVE"", ""city"": ""WHEELING"", ""state"": ""WV"", ""zip"": ""26003""}"	No_Match	80
019ab40c-e234-701a-f24c-ae95074bcbd0	75 Grasslands Rd, Valhalla, Ny, 10595	"{""id"": 0, ""street"": ""75 GRASSLANDS RD"", ""city"": ""VALHALLA"", ""state"": ""NY"", ""zip"": ""10595""}"	No_Match	80
019ab5e1-0d59-707b-0d94-0aaf3d186848	1120 Route 73 Ste 200, Mount Laurel, Nj, 08054	"{""id"": 0, ""street"": ""1120 ROUTE 73 STE 200"", ""city"": ""MOUNT LAUREL"", ""state"": ""NJ"", ""zip"": ""08054""}"	No_Match	80
019ab707-0afc-7104-93dc-49dede0e61e4	Boston City Hall No M-5, Boston, Ma, 02201	"{""id"": 0, ""street"": ""BOSTON CITY HALL NO M-5"", ""city"": ""BOSTON"", ""state"": ""MA"", ""zip"": ""02201""}"	No_Match	80
019ab3e6-2a0e-79e8-3746-14081991791c	207 Parkhurst Hall, Hanover, Nh, 03755	"{""id"": 0, ""street"": ""207 PARKHURST HALL"", ""city"": ""HANOVER"", ""state"": ""NH"", ""zip"": ""03755""}"	No_Match	80
019ab419-2abc-7432-6f57-bf341d8fd69c	3395 Plymouth Rd, Minnetonka, Mn, 55305	"{""id"": 0, ""street"": ""3395 PLYMOUTH RD"", ""city"": ""MINNETONKA"", ""state"": ""MN"", ""zip"": ""55305""}"	No_Match	80
019ab3e0-450d-745b-5e26-4e8462227e98	Central Park West 79Th Street, New York, Ny, 10024	"{""id"": 0, ""street"": ""CENTRAL PARK WEST 79TH STREET"", ""city"": ""NEW YORK"", ""state"": ""NY"", ""zip"": ""10024""}"	No_Match	80
019ab725-8a8d-70af-6c57-382bfb1bf964	1 Unf Drive Alumni Hall, Jacksonville, Fl, 32224	"{""id"": 0, ""street"": ""1 UNF DRIVE ALUMNI HALL"", ""city"": ""JACKSONVILLE"", ""state"": ""FL"", ""zip"": ""32224""}"	No_Match	80
019ab714-2ee8-7440-8ca3-afa940142b08	428 Bull Street, Savannah, Ga, 31401	"{""id"": 0, ""street"": ""428 BULL STREET"", ""city"": ""SAVANNAH"", ""state"": ""GA"", ""zip"": ""31401""}"	No_Match	80
019ab701-db4d-7d56-15bb-a99d58fb2fa0	1 College Hall, Philadelphia, Pa, 19104	"{""id"": 0, ""street"": ""1 COLLEGE HALL"", ""city"": ""PHILADELPHIA"", ""state"": ""PA"", ""zip"": ""19104""}"	No_Match	80
019ab77f-ed5f-767f-1fd9-86bdeec2b954	6001 Casswell Circle, Matthews, Nc, 28104	"{""id"": 0, ""street"": ""6001 CASSWELL CIRCLE"", ""city"": ""MATTHEWS"", ""state"": ""NC"", ""zip"": ""28104""}"	No_Match	80
019ab3e8-6842-795e-84c5-45c26770ee30	2200 S Charles Blvd, Greenville, Nc, 27858	"{""id"": 0, ""street"": ""2200 S CHARLES BLVD"", ""city"": ""GREENVILLE"", ""state"": ""NC"", ""zip"": ""27858""}"	No_Match	80
019ab3e4-0439-759d-1dfe-4f554e3a3bd0	535 Alabama Ave, Memphis, Tn, 38105	"{""id"": 0, ""street"": ""535 ALABAMA AVE"", ""city"": ""MEMPHIS"", ""state"": ""TN"", ""zip"": ""38105""}"	No_Match	80
019ab725-96c8-7804-83a6-85a4b1288144	C/O Invus Financial Advisors, New York, Ny, 10022	"{""id"": 0, ""street"": ""C/O INVUS FINANCIAL ADVISORS"", ""city"": ""NEW YORK"", ""state"": ""NY"", ""zip"": ""10022""}"	No_Match	80
019ab3fd-7ca8-7574-47ea-de2a9cc0d37c	200 N Maple Avenue, Greenwich, Ct, 06830	"{""id"": 0, ""street"": ""200 N MAPLE AVENUE"", ""city"": ""GREENWICH"", ""state"": ""CT"", ""zip"": ""06830""}"	No_Match	80
019ab714-2814-7c42-102e-8f72362deba8	663 W Hwy 60, Monett, Mo, 65708	"{""id"": 0, ""street"": ""663 W HWY 60"", ""city"": ""MONETT"", ""state"": ""MO"", ""zip"": ""65708""}"	No_Match	80
019ab3f6-6c3b-7fa1-aad4-699239a9f514	3785 Veterans Dr, Traverse City, Mi, 49684	"{""id"": 0, ""street"": ""3785 VETERANS DR"", ""city"": ""TRAVERSE CITY"", ""state"": ""MI"", ""zip"": ""49684""}"	No_Match	80
019ab3f6-d009-7aaa-0c82-89d82f72cc18	29836 Telegraph Rd, Southfield, Mi, 48034	"{""id"": 0, ""street"": ""29836 TELEGRAPH RD"", ""city"": ""SOUTHFIELD"", ""state"": ""MI"", ""zip"": ""48034""}"	No_Match	80
019ab762-964c-7683-ae39-1f8d8b81a114	500 Newburg Road, Shippensburg, Pa, 17257	"{""id"": 0, ""street"": ""500 Newburg Road"", ""city"": ""Shippensburg"", ""state"": ""PA"", ""zip"": ""17257""}"	No_Match	79
019ab40d-3928-776b-d793-6015d039d1c8	155 Miami St, Tiffin, Oh, 44883	"{""id"": 0, ""street"": ""155 MIAMI ST"", ""city"": ""TIFFIN"", ""state"": ""OH"", ""zip"": ""44883""}"	No_Match	79
019ab3f7-5625-7489-fcfd-27a4b6e45fa8	25 Lindsley Drive Suite 307, Morristown, Nj, 07960	"{""id"": 0, ""street"": ""25 LINDSLEY DRIVE SUITE 307"", ""city"": ""MORRISTOWN"", ""state"": ""NJ"", ""zip"": ""07960""}"	No_Match	79
019ab701-d096-7139-6f85-7014fa1adf08	147 Prince St, Brooklyn, Ny, 11201	"{""id"": 0, ""street"": ""147 PRINCE ST"", ""city"": ""BROOKLYN"", ""state"": ""NY"", ""zip"": ""11201""}"	No_Match	79
019ab5e1-11f3-7093-d04b-b818485b5ce8	12401 Washington Boulevard, Whittier, Ca, 90602	"{""id"": 0, ""street"": ""12401 Washington Boulevard"", ""city"": ""Whittier"", ""state"": ""CA"", ""zip"": ""90602""}"	No_Match	79
019ab40b-e2ae-786f-0ad2-b934a6516794	100 Wall Street 9Th Floor, New York, Ny, 10005	"{""id"": 0, ""street"": ""100 WALL STREET 9TH FLOOR"", ""city"": ""NEW YORK"", ""state"": ""NY"", ""zip"": ""10005""}"	No_Match	78
019ab722-501e-7e3d-860c-79ad0efcf054	1400 State Ave, Cincinnati, Oh, 45204	"{""id"": 0, ""street"": ""1400 STATE AVE"", ""city"": ""CINCINNATI"", ""state"": ""OH"", ""zip"": ""45204""}"	No_Match	78
019ab701-e073-7f34-69ba-a7aa513ff044	1050 Linden Avenue, Long Beach, Ca, 90813	"{""id"": 0, ""street"": ""1050 LINDEN AVENUE"", ""city"": ""LONG BEACH"", ""state"": ""CA"", ""zip"": ""90813""}"	No_Match	78
019ab419-20ac-7fa5-9125-a5e4d2da3e1c	17011 Hickory St, Spring Lake, Mi, 49456	"{""id"": 0, ""street"": ""17011 HICKORY ST"", ""city"": ""SPRING LAKE"", ""state"": ""MI"", ""zip"": ""49456""}"	No_Match	78
019ab419-25d4-759e-e353-a875ad95da68	1200 E University Blvd, Tucson, Az, 85721	"{""id"": 0, ""street"": ""1200 E UNIVERSITY BLVD"", ""city"": ""TUCSON"", ""state"": ""AZ"", ""zip"": ""85721""}"	No_Match	78
019ab5e0-eb70-754a-cbf3-ed48b39f462c	72 Spaulding Road, Northfield, Nh, 03276	"{""id"": 0, ""street"": ""72 SPAULDING ROAD"", ""city"": ""NORTHFIELD"", ""state"": ""NH"", ""zip"": ""03276""}"	No_Match	78
019ab437-1306-7809-0156-50702bd098f0	270 North Kent Street, Saint Paul, Mn, 55102	"{""id"": 0, ""street"": ""270 North Kent Street"", ""city"": ""Saint Paul"", ""state"": ""MN"", ""zip"": ""55102""}"	No_Match	78
019ab437-04f5-726c-dd08-491fe0a01c20	10711 Kipp Way Dr, Houston, Tx, 77099	"{""id"": 0, ""street"": ""10711 KIPP WAY DR"", ""city"": ""HOUSTON"", ""state"": ""TX"", ""zip"": ""77099""}"	No_Match	78
019ab707-0664-7cb9-9bb1-4fe72f73cc74	20 Wiedy Rd, Kingston, Ny, 12401	"{""id"": 0, ""street"": ""20 WIEDY RD"", ""city"": ""KINGSTON"", ""state"": ""NY"", ""zip"": ""12401""}"	No_Match	78
019ab70d-55ba-75ea-7e89-37be10391324	City Hall Room 267, Philadelphia, Pa, 19107	"{""id"": 0, ""street"": ""CITY HALL ROOM 267"", ""city"": ""PHILADELPHIA"", ""state"": ""PA"", ""zip"": ""19107""}"	No_Match	78
019ab3f5-47b9-7e7f-db61-53a936c5a084	4011 Shelbyville Road, Louisville, Ky, 40207	"{""id"": 0, ""street"": ""4011 SHELBYVILLE ROAD"", ""city"": ""LOUISVILLE"", ""state"": ""KY"", ""zip"": ""40207""}"	No_Match	78
019ab5e0-f200-77ed-e59b-dd3b3bac293c	Hovde Hall Of Administration, West Lafayette, In, 47907	"{""id"": 0, ""street"": ""Hovde Hall of Administration"", ""city"": ""West Lafayette"", ""state"": ""IN"", ""zip"": ""47907""}"	No_Match	78
019ab3e1-dea8-7e68-d11e-3cdad41fa154	1619 D St, Virginia Beach, Va, 23455	"{""id"": 0, ""street"": ""1619 D ST"", ""city"": ""VIRGINIA BEACH"", ""state"": ""VA"", ""zip"": ""23455""}"	No_Match	78
019ab40b-198a-7f53-921a-ae9720ede78c	321 Shore Road, Somers Point, Nj, 08244	"{""id"": 0, ""street"": ""321 SHORE ROAD"", ""city"": ""SOMERS POINT"", ""state"": ""NJ"", ""zip"": ""08244""}"	No_Match	78
019ab40c-c4c0-7fc5-a009-c4aa017cc520	1200 Route 25A, Stony Brook, Ny, 11790	"{""id"": 0, ""street"": ""1200 ROUTE 25A"", ""city"": ""STONY BROOK"", ""state"": ""NY"", ""zip"": ""11790""}"	No_Match	78
019ab419-31db-7776-0a45-4bb78355a444	130 Main Street, Wellsboro, Pa, 16901	"{""id"": 0, ""street"": ""130 MAIN STREET"", ""city"": ""WELLSBORO"", ""state"": ""PA"", ""zip"": ""16901""}"	No_Match	78
019ab706-fee7-798a-8e96-04e62cbdc214	701 Locust Rd, Wilmette, Il, 60091	"{""id"": 0, ""street"": ""701 LOCUST RD"", ""city"": ""WILMETTE"", ""state"": ""IL"", ""zip"": ""60091""}"	No_Match	78
019ab407-e436-77a3-35da-b91afe2efde0	Nunn Drive, Highland Heights, Ky, 41099	"{""id"": 0, ""street"": ""NUNN DRIVE"", ""city"": ""HIGHLAND HEIGHTS"", ""state"": ""KY"", ""zip"": ""41099""}"	No_Match	78
019ab701-d097-7842-7ebd-e07b3d8c5234	1907 Boys Republic Drive, Chino Hills, Ca, 91709	"{""id"": 0, ""street"": ""1907 BOYS REPUBLIC DRIVE"", ""city"": ""CHINO HILLS"", ""state"": ""CA"", ""zip"": ""91709""}"	No_Match	78
019ab72c-fd92-7a04-694b-de493dd1f4f8	1 Cameron Way, Kahului, Hi, 96732	"{""id"": 0, ""street"": ""1 CAMERON WAY"", ""city"": ""KAHULUI"", ""state"": ""HI"", ""zip"": ""96732""}"	No_Match	78
019ab437-093a-7b98-68f7-031c4bf5f988	1151 Tower Blvd, Lake Wales, Fl, 33853	"{""id"": 0, ""street"": ""1151 TOWER BLVD"", ""city"": ""LAKE WALES"", ""state"": ""FL"", ""zip"": ""33853""}"	No_Match	78
019ab3eb-6111-78d9-ca5b-3a4dda031b08	15 Henry Thomas Drive, New Orleans, La, 70124	"{""id"": 0, ""street"": ""15 HENRY THOMAS DRIVE"", ""city"": ""NEW ORLEANS"", ""state"": ""LA"", ""zip"": ""70124""}"	No_Match	78
019ab419-2fb6-75db-e311-aa19417efba0	170 Lyman Street, Asheville, Nc, 28801	"{""id"": 0, ""street"": ""170 LYMAN STREET"", ""city"": ""ASHEVILLE"", ""state"": ""NC"", ""zip"": ""28801""}"	No_Match	78
019ab437-0d5a-72a8-8d63-f3e71f0e278c	Cpo 2214, Berea, Ky, 40404	"{""id"": 0, ""street"": ""CPO 2214"", ""city"": ""BEREA"", ""state"": ""KY"", ""zip"": ""40404""}"	No_Match	78
019ab40a-9944-708a-9de8-d5620422c8d4	3122 Fincher Farm Rd Ste 100-531, Matthews, Nc, 28105	"{""id"": 0, ""street"": ""3122 FINCHER FARM RD STE 100-531"", ""city"": ""MATTHEWS"", ""state"": ""NC"", ""zip"": ""28105""}"	No_Match	78
019ab405-de36-7995-86df-b6237d1f0718	231 Forest Street Room 161 Nic, Wellesley, Ma, 02481	"{""id"": 0, ""street"": ""231 FOREST STREET ROOM 161 NIC"", ""city"": ""WELLESLEY"", ""state"": ""MA"", ""zip"": ""02481""}"	No_Match	78
019ab437-082f-722e-3b44-592e065ff2e0	1201 Central Avenue, Indianapolis, In, 46202	"{""id"": 0, ""street"": ""1201 CENTRAL AVENUE"", ""city"": ""INDIANAPOLIS"", ""state"": ""IN"", ""zip"": ""46202""}"	No_Match	78
019ab3f0-0df4-7789-9204-4d5a4331191c	319 S Market Street, New Wilmington, Pa, 16172	"{""id"": 0, ""street"": ""319 S MARKET STREET"", ""city"": ""NEW WILMINGTON"", ""state"": ""PA"", ""zip"": ""16172""}"	No_Match	78
019ab749-b8e3-748b-4d40-5ce80e930378	1 Express Way, St Louis, Mo, 63121	"{""id"": 0, ""street"": ""1 EXPRESS WAY"", ""city"": ""ST LOUIS"", ""state"": ""MO"", ""zip"": ""63121""}"	No_Match	78
019ab436-ed40-75b4-260f-5359c8a95230	1109 5Th Ave E 92Nd St, New York, Ny, 10128	"{""id"": 0, ""street"": ""1109 5TH AVE E 92ND ST"", ""city"": ""NEW YORK"", ""state"": ""NY"", ""zip"": ""10128""}"	No_Match	78
019ab717-960f-7c84-09e3-ddbac521d314	101 Buchanan Street, Phoenixville, Pa, 19460	"{""id"": 0, ""street"": ""101 BUCHANAN STREET"", ""city"": ""PHOENIXVILLE"", ""state"": ""PA"", ""zip"": ""19460""}"	No_Match	78
019ab3e4-8495-7e25-c9b6-21a82267d334	Central Park West 79Th St, New York, Ny, 10024	"{""id"": 0, ""street"": ""CENTRAL PARK WEST 79TH ST"", ""city"": ""NEW YORK"", ""state"": ""NY"", ""zip"": ""10024""}"	No_Match	78
019ab85c-ab5a-7a44-5dbd-bb76b610de1c	American Express E-Pay, Midland, Tx, 79701	"{""id"": 0, ""street"": ""AMERICAN EXPRESS E-PAY"", ""city"": ""MIDLAND"", ""state"": ""TX"", ""zip"": ""79701""}"	No_Match	78
019ab7af-0ae1-74d6-4492-91e378c24fc8	5230 Pacific Concourse Dr, Los Angeles, Ca, 90045	"{""id"": 0, ""street"": ""5230 PACIFIC CONCOURSE DR"", ""city"": ""LOS ANGELES"", ""state"": ""CA"", ""zip"": ""90045""}"	No_Match	78
019ab5e1-0170-7bc1-9c4b-c5c33f7fe08c	28525 Network Place, Chicago, Il, 60673	"{""id"": 0, ""street"": ""28525 NETWORK PLACE"", ""city"": ""CHICAGO"", ""state"": ""IL"", ""zip"": ""60673""}"	No_Match	78
019ab793-1065-75e6-ac43-f108d9049e8c	Department Of Contracts And Grants, Los Angeles, Ca, 90089	"{""id"": 0, ""street"": ""DEPARTMENT OF CONTRACTS AND GRANTS"", ""city"": ""LOS ANGELES"", ""state"": ""CA"", ""zip"": ""90089""}"	No_Match	78
019ab701-d340-7acb-5bea-4800fa3b8878	11 Jessie Hall, Columbia, Mo, 65211	"{""id"": 0, ""street"": ""11 JESSIE HALL"", ""city"": ""COLUMBIA"", ""state"": ""MO"", ""zip"": ""65211""}"	No_Match	78
019ab707-0b5d-72f6-fd1d-164a1bbf1014	2501 Sw 32Nd Ter, Pembroke Park, Fl, 33023	"{""id"": 0, ""street"": ""2501 SW 32ND TER"", ""city"": ""PEMBROKE PARK"", ""state"": ""FL"", ""zip"": ""33023""}"	No_Match	78
019ab408-a55b-7822-58e4-3ba31d0bb90c	156 Grover Lane, Tamworth, Nh, 03886	"{""id"": 0, ""street"": ""156 Grover Lane"", ""city"": ""Tamworth"", ""state"": ""NH"", ""zip"": ""03886""}"	No_Match	78
019ab437-0fcd-7894-4b86-e6d461ed2a58	2655 W National Rd, Springfield, Oh, 45504	"{""id"": 0, ""street"": ""2655 W NATIONAL RD"", ""city"": ""SPRINGFIELD"", ""state"": ""OH"", ""zip"": ""45504""}"	No_Match	78
019ab436-efe3-75ee-1191-7f55015ac234	9200 Inwood Rd, Dallas, Tx, 75220	"{""id"": 0, ""street"": ""9200 INWOOD RD"", ""city"": ""DALLAS"", ""state"": ""TX"", ""zip"": ""75220""}"	No_Match	78
019ab7f9-6b15-7d86-6bbc-4ffb43d1e5c0	1300 Sentara Park, Virginia Beach, Va, 23464	"{""id"": 0, ""street"": ""1300 SENTARA PARK"", ""city"": ""VIRGINIA BEACH"", ""state"": ""VA"", ""zip"": ""23464""}"	No_Match	77
019ab5e0-f393-7370-7532-121d5e6134f8	1040 Pottersville Road, Gladstone, Nj, 07934	"{""id"": 0, ""street"": ""1040 POTTERSVILLE ROAD"", ""city"": ""GLADSTONE"", ""state"": ""NJ"", ""zip"": ""07934""}"	No_Match	77
019ab5e1-0307-77fa-1bd9-548fdafcb950	2002 W Grand Parkway N Ste 100, Katy, Tx, 77449	"{""id"": 0, ""street"": ""2002 W GRAND PARKWAY N STE 100"", ""city"": ""Katy"", ""state"": ""TX"", ""zip"": ""77449""}"	No_Match	77
019ab701-dfbe-77af-8c58-7c8fed99aaa0	805 Airport Way, Fairbanks, Ak, 99701	"{""id"": 0, ""street"": ""805 Airport Way"", ""city"": ""Fairbanks"", ""state"": ""AK"", ""zip"": ""99701""}"	No_Match	77
019ab74d-a65b-71ea-ea0b-f81c17fa4568	100 Chestnut Street, Montclair, Nj, 07042	"{""id"": 0, ""street"": ""100 CHESTNUT STREET"", ""city"": ""MONTCLAIR"", ""state"": ""NJ"", ""zip"": ""07042""}"	No_Match	77
019ab762-aee4-7d28-3d00-4c2ce70b1bdc	8231 Old York Road, Elkins Park, Pa, 19027	"{""id"": 0, ""street"": ""8231 OLD YORK ROAD"", ""city"": ""ELKINS PARK"", ""state"": ""PA"", ""zip"": ""19027""}"	No_Match	77
019ab714-3064-7562-431d-9e62bca86130	3501 New York Avenue Ne, Washington, Dc, 20002	"{""id"": 0, ""street"": ""3501 NEW YORK AVENUE NE"", ""city"": ""WASHINGTON"", ""state"": ""DC"", ""zip"": ""20002""}"	No_Match	77
019ab3e0-2f9f-7236-b86d-6c3b8ae54194	One University Drive, Camarillo, Ca, 93012	"{""id"": 0, ""street"": ""ONE UNIVERSITY DRIVE"", ""city"": ""CAMARILLO"", ""state"": ""CA"", ""zip"": ""93012""}"	No_Match	77
019ab436-eeb1-76a7-c24d-087fd7272ecc	301 Broadway, Bethlehem, Pa, 18015	"{""id"": 0, ""street"": ""301 BROADWAY"", ""city"": ""BETHLEHEM"", ""state"": ""PA"", ""zip"": ""18015""}"	No_Match	77
019ab3f2-564c-7f3d-bd2a-12eb6e0f67e8	1220 Vanderbilt Cir, Manteca, Ca, 95337	"{""id"": 0, ""street"": ""1220 VANDERBILT CIR"", ""city"": ""MANTECA"", ""state"": ""CA"", ""zip"": ""95337""}"	No_Match	76
019ab707-0da2-7102-a407-cb224a55d148	5011 Tecumseh Street, College Park, Md, 20740	"{""id"": 0, ""street"": ""5011 TECUMSEH STREET"", ""city"": ""COLLEGE PARK"", ""state"": ""MD"", ""zip"": ""20740""}"	No_Match	76
019ab3fc-3a53-7659-e6fd-73f72d372f3c	371 East Jericho Tpke, Smithtown, Ny, 11787	"{""id"": 0, ""street"": ""371 EAST JERICHO TPKE"", ""city"": ""SMITHTOWN"", ""state"": ""NY"", ""zip"": ""11787""}"	No_Match	76
019ab5e1-0303-7186-5722-a0d65f8f1d70	1025 W Rudisill Blvd, Fort Wayne, In, 46807	"{""id"": 0, ""street"": ""1025 W RUDISILL BLVD"", ""city"": ""FORT WAYNE"", ""state"": ""IN"", ""zip"": ""46807""}"	No_Match	76
019ab436-eb7e-738f-088f-013e50639294	Attn Trusts Estates, Washington, Dc, 20006	"{""id"": 0, ""street"": ""ATTN TRUSTS ESTATES"", ""city"": ""WASHINGTON"", ""state"": ""DC"", ""zip"": ""20006""}"	No_Match	76
019ab3f0-9d91-7aff-d123-a1d561a0d448	1500 N Patterson Street, Valdosta, Ga, 31698	"{""id"": 0, ""street"": ""1500 N PATTERSON STREET"", ""city"": ""VALDOSTA"", ""state"": ""GA"", ""zip"": ""31698""}"	No_Match	76
019ab722-60c2-7a46-a5d0-63a30ec174f8	One Bear Place 97360, Waco, Tx, 76798	"{""id"": 0, ""street"": ""One Bear Place 97360"", ""city"": ""Waco"", ""state"": ""TX"", ""zip"": ""76798""}"	No_Match	76
019ab3e6-208a-7f5c-9a10-33aeb4f85dc0	1690 Newtown Langhorne Rd, Newtown, Pa, 18940	"{""id"": 0, ""street"": ""1690 NEWTOWN LANGHORNE RD"", ""city"": ""NEWTOWN"", ""state"": ""PA"", ""zip"": ""18940""}"	No_Match	76
019ab714-35a3-7452-3027-4adfbd30375c	795 Columbus Ave, Boston, Ma, 02120	"{""id"": 0, ""street"": ""795 COLUMBUS AVE"", ""city"": ""BOSTON"", ""state"": ""MA"", ""zip"": ""02120""}"	No_Match	76
019ab5e1-0c39-7d5f-bd69-f923066b1e0c	1720 S Ocean Blvd, Manalapan, Fl, 33462	"{""id"": 0, ""street"": ""1720 S OCEAN BLVD"", ""city"": ""MANALAPAN"", ""state"": ""FL"", ""zip"": ""33462""}"	No_Match	76
019ab405-ddb6-7cf7-5eb0-2cd4e39d4e1c	101 Willow St, Reading, Ma, 01867	"{""id"": 0, ""street"": ""101 WILLOW ST"", ""city"": ""READING"", ""state"": ""MA"", ""zip"": ""01867""}"	No_Match	76
019ab7a3-b916-7abd-17b0-9e08f26ed374	C/O Kaufman Mayo Foundation, Wilmington, De, 19808	"{""id"": 0, ""street"": ""C/O KAUFMAN MAYO FOUNDATION"", ""city"": ""WILMINGTON"", ""state"": ""DE"", ""zip"": ""19808""}"	No_Match	76
019ab436-fa98-73c5-c2ec-76a4269633bc	101 Main Building, Lexington, Ky, 40506	"{""id"": 0, ""street"": ""101 MAIN BUILDING"", ""city"": ""LEXINGTON"", ""state"": ""KY"", ""zip"": ""40506""}"	No_Match	76
019ab3fd-0f46-7834-36f2-cea008f18b34	1 Triton Circle, Fort Dodge, Ia, 50501	"{""id"": 0, ""street"": ""1 TRITON CIRCLE"", ""city"": ""FORT DODGE"", ""state"": ""IA"", ""zip"": ""50501""}"	No_Match	76
019ab3e1-ef7a-76ff-46a0-987b8a30925c	4525 Education Park Drive, Schnecksville, Pa, 18078	"{""id"": 0, ""street"": ""4525 EDUCATION PARK DRIVE"", ""city"": ""SCHNECKSVILLE"", ""state"": ""PA"", ""zip"": ""18078""}"	No_Match	76
019ab419-2ec7-74fd-46ec-053ed83b74b0	6301 Montrose Rd, Rockville, Md, 20852	"{""id"": 0, ""street"": ""6301 MONTROSE RD"", ""city"": ""ROCKVILLE"", ""state"": ""MD"", ""zip"": ""20852""}"	No_Match	76
019ab437-0aaf-77a6-2f92-e3c17abe8a44	24 Frank Lloyd Wright Dr, Ann Arbor, Mi, 48105	"{""id"": 0, ""street"": ""24 FRANK LLOYD WRIGHT DR"", ""city"": ""ANN ARBOR"", ""state"": ""MI"", ""zip"": ""48105""}"	No_Match	76
019ab3f3-827a-7646-f72d-78a35c504284	4400 Vestal Parkway East, Binghamton, Ny, 13902	"{""id"": 0, ""street"": ""4400 VESTAL PARKWAY EAST"", ""city"": ""BINGHAMTON"", ""state"": ""NY"", ""zip"": ""13902""}"	No_Match	76
019ab5e1-0ff9-776d-2cf7-9cc9306524f4	1 Carter Green, Carmel, In, 46032	"{""id"": 0, ""street"": ""1 CARTER GREEN"", ""city"": ""CARMEL"", ""state"": ""IN"", ""zip"": ""46032""}"	No_Match	76
019ab3f6-8227-766f-7fd2-593916a4f780	100 Broadway 10Th Fl, New York, Ny, 10005	"{""id"": 0, ""street"": ""100 BROADWAY 10TH FL"", ""city"": ""NEW YORK"", ""state"": ""NY"", ""zip"": ""10005""}"	No_Match	76
019ab5e1-0bee-7c00-2bc9-99b507ef62ac	1405 County Route 22, Ghent, Ny, 12075	"{""id"": 0, ""street"": ""1405 COUNTY ROUTE 22"", ""city"": ""GHENT"", ""state"": ""NY"", ""zip"": ""12075""}"	No_Match	76
019ab3fc-f034-7811-a1d7-e21fa285bbcc	8 Abbott Park Pl, Providence, Ri, 02903	"{""id"": 0, ""street"": ""8 ABBOTT PARK PL"", ""city"": ""PROVIDENCE"", ""state"": ""RI"", ""zip"": ""02903""}"	No_Match	76
019ab7d6-a398-7f34-8f87-964fce175edc	1330 Macdade Blvd 2, Woodlyn, Pa, 19094	"{""id"": 0, ""street"": ""1330 MACDADE BLVD 2"", ""city"": ""WOODLYN"", ""state"": ""PA"", ""zip"": ""19094""}"	No_Match	76
019ab3fe-c4c5-7a9c-49c2-db080e0b9038	31 Yellow Cote Road, Oyster Bay, Ny, 11771	"{""id"": 0, ""street"": ""31 Yellow Cote Road"", ""city"": ""Oyster Bay"", ""state"": ""NY"", ""zip"": ""11771""}"	No_Match	76
019ab3ec-7771-7edb-07ec-c97abb652b88	30300 Telegraph Road, Bingham Farms, Mi, 48025	"{""id"": 0, ""street"": ""30300 TELEGRAPH ROAD"", ""city"": ""BINGHAM FARMS"", ""state"": ""MI"", ""zip"": ""48025""}"	No_Match	76
019ab3e7-0f80-7e0d-23ed-3e0161031260	6024 Mcnutt Hall, Hanover, Nh, 03755	"{""id"": 0, ""street"": ""6024 MCNUTT HALL"", ""city"": ""HANOVER"", ""state"": ""NH"", ""zip"": ""03755""}"	No_Match	76
019ab707-0174-780a-bcd5-64efe788f9e8	5995 Windward Parkway, Alpharetta, Ga, 30005	"{""id"": 0, ""street"": ""5995 WINDWARD PARKWAY"", ""city"": ""ALPHARETTA"", ""state"": ""GA"", ""zip"": ""30005""}"	No_Match	76
019ab5e0-e9ff-72e1-0ee0-cbd8e6b02fc4	C/O Summit Health Foundation, Chambersburg, Pa, 17201	"{""id"": 0, ""street"": ""C/O SUMMIT HEALTH FOUNDATION"", ""city"": ""CHAMBERSBURG"", ""state"": ""PA"", ""zip"": ""17201""}"	No_Match	76
019ab3fa-47b7-7a5e-0ffa-76be37863b88	2300 Watkins Lake Road, Waterford, Mi, 48328	"{""id"": 0, ""street"": ""2300 WATKINS LAKE ROAD"", ""city"": ""Waterford"", ""state"": ""MI"", ""zip"": ""48328""}"	No_Match	76
019ab3e7-bdfc-7149-0d6c-dfcc449a0e3c	2 St Vincent Circle, Little Rock, Ar, 72205	"{""id"": 0, ""street"": ""2 ST VINCENT CIRCLE"", ""city"": ""LITTLE ROCK"", ""state"": ""AR"", ""zip"": ""72205""}"	No_Match	76
019ab419-2fd5-7d38-168c-ef57f468c75c	113 Student Union, Stillwater, Ok, 74078	"{""id"": 0, ""street"": ""113 STUDENT UNION"", ""city"": ""STILLWATER"", ""state"": ""OK"", ""zip"": ""74078""}"	No_Match	76
019ab419-201a-7e4b-4fcc-d37d63a27f64	4219 Cheadle Hall 4Th Fl, Santa Barbara, Ca, 93106	"{""id"": 0, ""street"": ""4219 CHEADLE HALL 4TH FL"", ""city"": ""SANTA BARBARA"", ""state"": ""CA"", ""zip"": ""93106""}"	No_Match	76
019ab419-2f70-7e71-b696-d963454992ec	125 Sunset Ave, Dallas, Tx, 75208	"{""id"": 0, ""street"": ""125 SUNSET AVE"", ""city"": ""DALLAS"", ""state"": ""TX"", ""zip"": ""75208""}"	No_Match	76
019ab404-e3f2-799b-1a9f-c0f1891d26e8	2801 W 86Th St, Indianapolis, In, 46268	"{""id"": 0, ""street"": ""2801 W 86TH ST"", ""city"": ""INDIANAPOLIS"", ""state"": ""IN"", ""zip"": ""46268""}"	No_Match	76
019ab701-db98-70be-8423-7258b5f9be6c	1 Discovery Way, Toledo, Oh, 43604	"{""id"": 0, ""street"": ""1 DISCOVERY WAY"", ""city"": ""TOLEDO"", ""state"": ""OH"", ""zip"": ""43604""}"	No_Match	76
019ab419-2d58-734b-739e-638d3ba6ec98	4800 Minnehaha Ave, Minneapolis, Mn, 55417	"{""id"": 0, ""street"": ""4800 MINNEHAHA AVE"", ""city"": ""MINNEAPOLIS"", ""state"": ""MN"", ""zip"": ""55417""}"	No_Match	76
019ab5e0-f49b-7c3f-fde5-9b66e35e05d4	200 First Street Southwest, Rochester, Mn, 55905	"{""id"": 0, ""street"": ""200 First Street Southwest"", ""city"": ""Rochester"", ""state"": ""MN"", ""zip"": ""55905""}"	No_Match	76
019ab402-9c6c-77d8-62f8-e52e204dda64	3285 Waapa Road, Lihue, Hi, 96766	"{""id"": 0, ""street"": ""3285 WAAPA ROAD"", ""city"": ""LIHUE"", ""state"": ""HI"", ""zip"": ""96766""}"	No_Match	75
019ab701-da73-7ac9-ab61-e32ad4272c78	2600 Wayland Road, Berwyn, Pa, 19312	"{""id"": 0, ""street"": ""2600 WAYLAND ROAD"", ""city"": ""BERWYN"", ""state"": ""PA"", ""zip"": ""19312""}"	No_Match	75
019ab7a5-b4fb-7a70-2620-eb870f93d898	300 Conshohocken State Rd Ste 500, West Conshohocken, Pa, 19428	"{""id"": 0, ""street"": ""300 CONSHOHOCKEN STATE RD STE 500"", ""city"": ""WEST CONSHOHOCKEN"", ""state"": ""PA"", ""zip"": ""19428""}"	No_Match	75
019ab402-4e7f-7798-df94-ba84770c3700	290 Quintard Rd, Sewanee, Tn, 37375	"{""id"": 0, ""street"": ""290 QUINTARD RD"", ""city"": ""SEWANEE"", ""state"": ""TN"", ""zip"": ""37375""}"	No_Match	75
019ab7ae-fca3-7a25-de00-41a502c678dc	3540 Crain Highway, Bowie, Md, 20716	"{""id"": 0, ""street"": ""3540 CRAIN HIGHWAY"", ""city"": ""BOWIE"", ""state"": ""MD"", ""zip"": ""20716""}"	No_Match	75
019ab5e0-e947-7065-a355-9a9327063abc	Station 6215, Montevallo, Al, 35115	"{""id"": 0, ""street"": ""STATION 6215"", ""city"": ""MONTEVALLO"", ""state"": ""AL"", ""zip"": ""35115""}"	No_Match	75
019ab3fc-6836-74da-0d3d-35520f60c4a8	2323 N Moorpark Rd, Thousand Oaks, Ca, 91360	"{""id"": 0, ""street"": ""2323 N MOORPARK RD"", ""city"": ""THOUSAND OAKS"", ""state"": ""CA"", ""zip"": ""91360""}"	No_Match	75
019ab40f-8269-7bed-7cdc-6eb93cc7e940	500 S Huntsman Way, Salt Lake Cty, Ut, 84108	"{""id"": 0, ""street"": ""500 S HUNTSMAN WAY"", ""city"": ""SALT LAKE CTY"", ""state"": ""UT"", ""zip"": ""84108""}"	No_Match	74
019ab76a-a470-73e3-a5c8-9112cae3457c	1086 Teaneck Rd Suite 2G, Teaneck, Nj, 07666	"{""id"": 0, ""street"": ""1086 TEANECK RD SUITE 2G"", ""city"": ""TEANECK"", ""state"": ""NJ"", ""zip"": ""07666""}"	No_Match	74
019ab714-3114-7e62-3303-c00947f4903c	11551 Aerospace Avenue, Houston, Tx, 77034	"{""id"": 0, ""street"": ""11551 Aerospace Avenue"", ""city"": ""Houston"", ""state"": ""TX"", ""zip"": ""77034""}"	No_Match	74
019ab3e7-f6a1-7095-d841-2533b80b7a80	1 University Heights, Asheville, Nc, 28804	"{""id"": 0, ""street"": ""1 UNIVERSITY HEIGHTS"", ""city"": ""ASHEVILLE"", ""state"": ""NC"", ""zip"": ""28804""}"	No_Match	74
019ab785-05af-733e-e25a-1b2492c09e18	1122 Kenilworth Drive Suite 201, Towson, Md, 21204	"{""id"": 0, ""street"": ""1122 KENILWORTH DRIVE SUITE 201"", ""city"": ""TOWSON"", ""state"": ""MD"", ""zip"": ""21204""}"	No_Match	74
019ab800-a439-777b-9082-eb1648ee5360	1902A Lincoln Blvd 1338, Santa Monica, Ca, 90405	"{""id"": 0, ""street"": ""1902A Lincoln Blvd 1338"", ""city"": ""Santa Monica"", ""state"": ""CA"", ""zip"": ""90405""}"	No_Match	74
019ab7c7-3c1e-7415-54b2-5b9cd66d5f3c	97 West Parkway, Pompton Plains, Nj, 07444	"{""id"": 0, ""street"": ""97 WEST PARKWAY"", ""city"": ""POMPTON PLAINS"", ""state"": ""NJ"", ""zip"": ""07444""}"	No_Match	74
019ab75d-1fc5-7e0b-53b3-66b7ea31ffc8	86051 Hamilton St, Yulee, Fl, 32097	"{""id"": 0, ""street"": ""86051 HAMILTON ST"", ""city"": ""YULEE"", ""state"": ""FL"", ""zip"": ""32097""}"	No_Match	74
019ab3e9-e482-78e6-29ba-6e9574cf751c	900 N Portland Ave, Oklahoma City, Ok, 73107	"{""id"": 0, ""street"": ""900 N PORTLAND AVE"", ""city"": ""OKLAHOMA CITY"", ""state"": ""OK"", ""zip"": ""73107""}"	No_Match	74
019ab7b2-4b3c-7c8a-817a-7b02c45a8004	6001 Parkhurst Hall Ste 207, Hanover, Nh, 03755	"{""id"": 0, ""street"": ""6001 PARKHURST HALL STE 207"", ""city"": ""HANOVER"", ""state"": ""NH"", ""zip"": ""03755""}"	No_Match	74
019ab749-bc64-766f-e603-b0a971fc9ed0	1150 Molly Greene Way Bldg 1605, North Charleston, Sc, 29405	"{""id"": 0, ""street"": ""1150 MOLLY GREENE WAY BLDG 1605"", ""city"": ""NORTH CHARLESTON"", ""state"": ""SC"", ""zip"": ""29405""}"	No_Match	74
019ab7d6-ae8a-70f2-10e7-c31bc03eeb20	1300 Eye Street Nw Suite 1100 East, Washington, Dc, 20005	"{""id"": 0, ""street"": ""1300 EYE STREET NW SUITE 1100 EAST"", ""city"": ""WASHINGTON"", ""state"": ""DC"", ""zip"": ""20005""}"	No_Match	74
019ab7a5-bd78-7952-20a8-b9d8a65239a0	155 Dugas Way, Freeport, Fl, 32439	"{""id"": 0, ""street"": ""155 DUGAS WAY"", ""city"": ""FREEPORT"", ""state"": ""FL"", ""zip"": ""32439""}"	No_Match	74
019ab733-7dd3-7909-8c80-a9d9f044e478	Office Of Research 3227 Cheadle, Santa Barbara, Ca, 93106	"{""id"": 0, ""street"": ""OFFICE OF RESEARCH 3227 CHEADLE"", ""city"": ""SANTA BARBARA"", ""state"": ""CA"", ""zip"": ""93106""}"	No_Match	74
019ab437-0097-7f4b-507d-4b5e3970a23c	900 S Crouse Ave, Syracuse, Ny, 13244	"{""id"": 0, ""street"": ""900 S CROUSE AVE"", ""city"": ""SYRACUSE"", ""state"": ""NY"", ""zip"": ""13244""}"	No_Match	74
019ab3eb-f903-72b9-c2ea-5347095358a4	12001 Katy Road, Ft Worth, Tx, 76244	"{""id"": 0, ""street"": ""12001 KATY ROAD"", ""city"": ""FT WORTH"", ""state"": ""TX"", ""zip"": ""76244""}"	No_Match	74
019ab3f0-a096-7849-fdb8-ccb5d8324870	500 Main St, Hartford, Ct, 06103	"{""id"": 0, ""street"": ""500 MAIN ST"", ""city"": ""HARTFORD"", ""state"": ""CT"", ""zip"": ""06103""}"	No_Match	74
019ab437-0f72-7cff-f3d4-b0ab778f6ae8	10 Erford Road, Wormleysburg, Pa, 17043	"{""id"": 0, ""street"": ""10 ERFORD ROAD"", ""city"": ""WORMLEYSBURG"", ""state"": ""PA"", ""zip"": ""17043""}"	No_Match	74
019ab5e0-e01e-7d85-7945-3b44cbcf5ffc	100 Coliseum Drive, Cohoes, Ny, 12047	"{""id"": 0, ""street"": ""100 COLISEUM DRIVE"", ""city"": ""COHOES"", ""state"": ""NY"", ""zip"": ""12047""}"	No_Match	74
019ab436-ec47-73d5-40dc-964711b0cb1c	301 Mass Ave, Boston, Ma, 02115	"{""id"": 0, ""street"": ""301 MASS AVE"", ""city"": ""BOSTON"", ""state"": ""MA"", ""zip"": ""02115""}"	No_Match	74
019ab436-ed72-7d72-4431-a482c5fd73f4	Castle Point On Hudson, Hoboken, Nj, 07030	"{""id"": 0, ""street"": ""CASTLE POINT ON HUDSON"", ""city"": ""HOBOKEN"", ""state"": ""NJ"", ""zip"": ""07030""}"	No_Match	74
019ab3fa-3ff9-70b7-b31d-51d1ec2c58bc	318 Walking Mountains Lane, Avon, Co, 81620	"{""id"": 0, ""street"": ""318 WALKING MOUNTAINS LANE"", ""city"": ""AVON"", ""state"": ""CO"", ""zip"": ""81620""}"	No_Match	74
019ab437-03ac-79e4-23a4-1581e1cd7260	500 University Drive, Hershey, Pa, 17033	"{""id"": 0, ""street"": ""500 UNIVERSITY DRIVE"", ""city"": ""HERSHEY"", ""state"": ""PA"", ""zip"": ""17033""}"	No_Match	74
019ab436-f31a-713d-0736-cd940695bc0c	1005 Joe Dimaggio Drive, Hollywood, Fl, 33021	"{""id"": 0, ""street"": ""1005 JOE DIMAGGIO DRIVE"", ""city"": ""HOLLYWOOD"", ""state"": ""FL"", ""zip"": ""33021""}"	No_Match	74
019ab3fe-12ad-74df-9a36-a84de63d81fc	1155 Union Cir, Denton, Tx, 76203	"{""id"": 0, ""street"": ""1155 UNION CIR"", ""city"": ""DENTON"", ""state"": ""TX"", ""zip"": ""76203""}"	No_Match	74
019ab3ed-524f-728e-d989-7f25c4929a44	24200 Dana Point Harbor Drive, Dana Point, Ca, 92629	"{""id"": 0, ""street"": ""24200 DANA POINT HARBOR DRIVE"", ""city"": ""DANA POINT"", ""state"": ""CA"", ""zip"": ""92629""}"	No_Match	74
019ab3ee-ff69-78a0-8257-25037a9362d4	200 California Hall 1500, Berkeley, Ca, 94720	"{""id"": 0, ""street"": ""200 CALIFORNIA HALL 1500"", ""city"": ""BERKELEY"", ""state"": ""CA"", ""zip"": ""94720""}"	No_Match	74
019ab419-201f-7d47-25f4-8b598fef6674	7900 Johnson Drive, Knoxville, Tn, 37998	"{""id"": 0, ""street"": ""7900 JOHNSON DRIVE"", ""city"": ""KNOXVILLE"", ""state"": ""TN"", ""zip"": ""37998""}"	No_Match	74
019ab419-2e2a-7fa0-4549-d4c350f1ed1c	5938 Skillman, Dallas, Tx, 75231	"{""id"": 0, ""street"": ""5938 SKILLMAN"", ""city"": ""DALLAS"", ""state"": ""TX"", ""zip"": ""75231""}"	No_Match	74
019ab419-25fe-72c8-1f95-f9a57d0f2c80	40 Ryan Court Suite 200, Monterey, Ca, 93940	"{""id"": 0, ""street"": ""40 RYAN COURT SUITE 200"", ""city"": ""MONTEREY"", ""state"": ""CA"", ""zip"": ""93940""}"	No_Match	74
019ab3ef-576d-7196-38c7-a11e80ed4378	99 Bishop Richard Allen Dr, Cambridge, Ma, 02139	"{""id"": 0, ""street"": ""99 BISHOP RICHARD ALLEN DR"", ""city"": ""CAMBRIDGE"", ""state"": ""MA"", ""zip"": ""02139""}"	No_Match	74
019ab3f5-e593-75e3-68d3-58847be20704	1725 Locust Street, Chillicothe, Mo, 64601	"{""id"": 0, ""street"": ""1725 LOCUST STREET"", ""city"": ""CHILLICOTHE"", ""state"": ""MO"", ""zip"": ""64601""}"	No_Match	74
019ab436-eed6-77cb-e383-eb8497f8d224	201 Shields Bldg, University Park, Pa, 16802	"{""id"": 0, ""street"": ""201 SHIELDS BLDG"", ""city"": ""UNIVERSITY PARK"", ""state"": ""PA"", ""zip"": ""16802""}"	No_Match	74
019ab3ea-812d-77c4-3f6a-08f7d6246234	100 Nash House, Murray, Ky, 42071	"{""id"": 0, ""street"": ""100 NASH HOUSE"", ""city"": ""MURRAY"", ""state"": ""KY"", ""zip"": ""42071""}"	No_Match	74
019ab5e0-e00e-7ec1-5667-392e9b2fa42c	35700 Sand Canyon Road, Caliente, Ca, 93518	"{""id"": 0, ""street"": ""35700 Sand Canyon Road"", ""city"": ""Caliente"", ""state"": ""CA"", ""zip"": ""93518""}"	No_Match	74
019ab436-eeb2-7f7e-d3a0-5d18ef59a990	1 University Pl, Chester, Pa, 19013	"{""id"": 0, ""street"": ""1 UNIVERSITY PL"", ""city"": ""CHESTER"", ""state"": ""PA"", ""zip"": ""19013""}"	No_Match	74
019ab3e3-9d26-7e64-261b-63f0455fe264	75376 River Road, Saint Benedict, La, 70457	"{""id"": 0, ""street"": ""75376 RIVER ROAD"", ""city"": ""SAINT BENEDICT"", ""state"": ""LA"", ""zip"": ""70457""}"	No_Match	74
019ab5e0-f816-7885-b2d2-8cb5b93b4cdc	1805 North Broad Wachman Hall 1108, Philadelphia, Pa, 19122	"{""id"": 0, ""street"": ""1805 North Broad Wachman Hall 1108"", ""city"": ""Philadelphia"", ""state"": ""PA"", ""zip"": ""19122""}"	No_Match	74
019ab404-cc44-7983-2539-4e029182bdcc	321 Norristown Road Suite 260, Ambler, Pa, 19002	"{""id"": 0, ""street"": ""321 NORRISTOWN ROAD SUITE 260"", ""city"": ""AMBLER"", ""state"": ""PA"", ""zip"": ""19002""}"	No_Match	74
019ab5e0-f6e2-7db3-3a61-7d0d45327184	143 Main Street, Buies Creek, Nc, 27506	"{""id"": 0, ""street"": ""143 Main Street"", ""city"": ""Buies Creek"", ""state"": ""NC"", ""zip"": ""27506""}"	No_Match	74
019ab5e0-e4ec-7dd5-069c-10aba60eecac	300 Pompton Rd, Wayne, Nj, 07470	"{""id"": 0, ""street"": ""300 POMPTON RD"", ""city"": ""WAYNE"", ""state"": ""NJ"", ""zip"": ""07470""}"	No_Match	74
019ab437-03fe-7d4e-6317-6a8d5bfebf40	10618 Breckenridge Dr, Little Rock, Ar, 72211	"{""id"": 0, ""street"": ""10618 BRECKENRIDGE DR"", ""city"": ""LITTLE ROCK"", ""state"": ""AR"", ""zip"": ""72211""}"	No_Match	74
019ab701-dee3-748b-0b2b-894e8d4f7284	2 Natural Resources Drive, Little Rock, Ar, 72205	"{""id"": 0, ""street"": ""2 NATURAL RESOURCES DRIVE"", ""city"": ""LITTLE ROCK"", ""state"": ""AR"", ""zip"": ""72205""}"	No_Match	74
019ab796-f4d2-7d06-cd50-2c7f1435d18c	404 E Hwy 24/40, Tonganoxie, Ks, 66086	"{""id"": 0, ""street"": ""404 E HWY 24/40"", ""city"": ""TONGANOXIE"", ""state"": ""KS"", ""zip"": ""66086""}"	No_Match	74
019ab714-39f8-7e0e-921b-c189f21e954c	10501 Hague Rd, Fishers, In, 46038	"{""id"": 0, ""street"": ""10501 HAGUE RD"", ""city"": ""FISHERS"", ""state"": ""IN"", ""zip"": ""46038""}"	No_Match	74
019ab701-df40-7f80-7607-b3ec73ebe4e4	119 Anabel Taylor Hall, Ithaca, Ny, 14853	"{""id"": 0, ""street"": ""119 ANABEL TAYLOR HALL"", ""city"": ""ITHACA"", ""state"": ""NY"", ""zip"": ""14853""}"	No_Match	74
019ab796-f8fb-7db9-051f-001c5ae3fccc	C/O Fdn 11787 Turtle Beach Road, North Palm Beach, Fl, 33408	"{""id"": 0, ""street"": ""C/O FDN 11787 TURTLE BEACH ROAD"", ""city"": ""NORTH PALM BEACH"", ""state"": ""FL"", ""zip"": ""33408""}"	No_Match	74
019ab714-2ea4-73aa-61d5-abc469dd4968	323 Mlk Jr Blvd, Newark, Nj, 07102	"{""id"": 0, ""street"": ""323 MLK JR BLVD"", ""city"": ""NEWARK"", ""state"": ""NJ"", ""zip"": ""07102""}"	No_Match	74
019ab701-db4a-755e-701f-87bf700bf238	112 Shields Building, University Park, Pa, 16802	"{""id"": 0, ""street"": ""112 SHIELDS BUILDING"", ""city"": ""University Park"", ""state"": ""PA"", ""zip"": ""16802""}"	No_Match	74
019ab701-de71-78b8-d9e8-5e23eb32f5b0	610 S Boulevard, Tampa, Fl, 33606	"{""id"": 0, ""street"": ""610 S BOULEVARD"", ""city"": ""TAMPA"", ""state"": ""FL"", ""zip"": ""33606""}"	No_Match	73
019ab7b2-49b6-735f-261d-87b5ad423a7c	1120 Route 73 200, Mount Laurel, Nj, 08054	"{""id"": 0, ""street"": ""1120 ROUTE 73 200"", ""city"": ""MOUNT LAUREL"", ""state"": ""NJ"", ""zip"": ""08054""}"	No_Match	73
019ab413-9ec4-70e3-d646-662db784cc5c	1000 W Campus Dr, Wausau, Wi, 54401	"{""id"": 0, ""street"": ""1000 W CAMPUS DR"", ""city"": ""WAUSAU"", ""state"": ""WI"", ""zip"": ""54401""}"	No_Match	73
019ab7b6-183f-7cc0-3b2e-6ec2090524e0	1122 Kenilworth Drive 201, Towson, Md, 21204	"{""id"": 0, ""street"": ""1122 KENILWORTH DRIVE 201"", ""city"": ""TOWSON"", ""state"": ""MD"", ""zip"": ""21204""}"	No_Match	73
019ab3e2-de15-7321-1a9f-5ddbb86ce208	1801 Page Mill Road, Palo Alto, Ca, 94304	"{""id"": 0, ""street"": ""1801 PAGE MILL ROAD"", ""city"": ""PALO ALTO"", ""state"": ""CA"", ""zip"": ""94304""}"	No_Match	73
019ab419-2c55-7e51-3553-4b79bfed880c	1501 Franklin Ave, Garden City, Ny, 11530	"{""id"": 0, ""street"": ""1501 FRANKLIN AVE"", ""city"": ""GARDEN CITY"", ""state"": ""NY"", ""zip"": ""11530""}"	No_Match	73
019ab3e6-677c-7df1-004e-e60ccec67d48	6400 Wyoming Blvd Ne, Albuquerque, Nm, 87109	"{""id"": 0, ""street"": ""6400 WYOMING BLVD NE"", ""city"": ""ALBUQUERQUE"", ""state"": ""NM"", ""zip"": ""87109""}"	No_Match	73
019ab707-0f43-79fd-adf6-45222639d414	80 Royal Palm Pointe Ste 301, Vero Beach, Fl, 32960	"{""id"": 0, ""street"": ""80 ROYAL PALM POINTE STE 301"", ""city"": ""VERO BEACH"", ""state"": ""FL"", ""zip"": ""32960""}"	No_Match	72
019ab7f9-5e2f-71f2-6999-a888658133ac	5200 Historic Old Hwy 90, San Antonio, Tx, 78227	"{""id"": 0, ""street"": ""5200 HISTORIC OLD HWY 90"", ""city"": ""SAN ANTONIO"", ""state"": ""TX"", ""zip"": ""78227""}"	No_Match	72
019ab7c7-2f3b-73ec-f01b-f7fcaa4879fc	238 Sw Research Way, Corvallis, Or, 97333	"{""id"": 0, ""street"": ""238 SW RESEARCH WAY"", ""city"": ""CORVALLIS"", ""state"": ""OR"", ""zip"": ""97333""}"	No_Match	72
019ab717-84bb-7fc8-0573-3f7ee0f923f8	201 Sproul Hall 1960, Berkeley, Ca, 94720	"{""id"": 0, ""street"": ""201 SPROUL HALL 1960"", ""city"": ""BERKELEY"", ""state"": ""CA"", ""zip"": ""94720""}"	No_Match	72
019ab7a3-bf04-71fd-4799-765e224b6ff4	Sponsored Projects Office 1608, Berkeley, Ca, 94710	"{""id"": 0, ""street"": ""SPONSORED PROJECTS OFFICE 1608"", ""city"": ""BERKELEY"", ""state"": ""CA"", ""zip"": ""94710""}"	No_Match	72
019ab419-2aff-7691-0968-4658b3646b5c	One Tiger Drive, Marshall, Tx, 75670	"{""id"": 0, ""street"": ""ONE TIGER DRIVE"", ""city"": ""MARSHALL"", ""state"": ""TX"", ""zip"": ""75670""}"	No_Match	72
019ab3e8-60e4-712a-0e24-c63c923f0b30	11002 Lake Hart Drive, Orlando, Fl, 32832	"{""id"": 0, ""street"": ""11002 LAKE HART DRIVE"", ""city"": ""ORLANDO"", ""state"": ""FL"", ""zip"": ""32832""}"	No_Match	72
019ab707-0774-7cdd-e712-226b26bcdd2c	3515 Broadway, Kansas City, Mo, 64111	"{""id"": 0, ""street"": ""3515 BROADWAY"", ""city"": ""KANSAS CITY"", ""state"": ""MO"", ""zip"": ""64111""}"	No_Match	72
019ab437-11e7-7d2a-9c7b-7ecfce040438	333 Winter St, Weston, Ma, 02493	"{""id"": 0, ""street"": ""333 WINTER ST"", ""city"": ""WESTON"", ""state"": ""MA"", ""zip"": ""02493""}"	No_Match	72
019ab725-8a4e-7ac5-0122-5df9b6942194	C/O Fitchburg High School 140, Fitchburg, Ma, 01420	"{""id"": 0, ""street"": ""C/O FITCHBURG HIGH SCHOOL 140"", ""city"": ""FITCHBURG"", ""state"": ""MA"", ""zip"": ""01420""}"	No_Match	72
019ab701-d3b9-7da8-f9b9-693bc2415294	New York, New York, Ny, 10001	"{""id"": 0, ""street"": ""NEW YORK"", ""city"": ""NEW YORK"", ""state"": ""NY"", ""zip"": ""10001""}"	No_Match	72
019ab3f2-f65d-729d-4c8d-cec840dc0158	201 Shields Building, University Park, Pa, 16802	"{""id"": 0, ""street"": ""201 SHIELDS BUILDING"", ""city"": ""University Park"", ""state"": ""PA"", ""zip"": ""16802""}"	No_Match	72
019ab3fe-c75a-7c4a-0ecd-6f760e297e18	4601 Concord Pike, Wilmington, De, 19801	"{""id"": 0, ""street"": ""4601 CONCORD PIKE"", ""city"": ""WILMINGTON"", ""state"": ""DE"", ""zip"": ""19801""}"	No_Match	72
019ab3e4-0bc2-72db-ace8-af8b3dfb7ed0	15200 Kutztown Road, Kutztown, Pa, 19530	"{""id"": 0, ""street"": ""15200 Kutztown Road"", ""city"": ""Kutztown"", ""state"": ""PA"", ""zip"": ""19530""}"	No_Match	72
019ab701-d91c-7864-ed29-131cba9f22b8	2 Rescue Rd, High Falls, Ny, 12440	"{""id"": 0, ""street"": ""2 RESCUE RD"", ""city"": ""HIGH FALLS"", ""state"": ""NY"", ""zip"": ""12440""}"	No_Match	72
019ab845-615d-731e-2fe1-ea11b60ffc7c	C/O George Coleman Foundation 377, New Canaan, Ct, 06840	"{""id"": 0, ""street"": ""C/O GEORGE COLEMAN FOUNDATION 377"", ""city"": ""NEW CANAAN"", ""state"": ""CT"", ""zip"": ""06840""}"	No_Match	72
019ab70d-487d-7a9c-8778-8027be859e60	1201 Eye Street Nw, Washington, Dc, 20005	"{""id"": 0, ""street"": ""1201 EYE STREET NW"", ""city"": ""WASHINGTON"", ""state"": ""DC"", ""zip"": ""20005""}"	No_Match	72
019ab405-9253-7f02-3b6d-1ae854cfc1f4	125 Bald Eagle Ridge Rd, Valley Park, Mo, 63088	"{""id"": 0, ""street"": ""125 BALD EAGLE RIDGE RD"", ""city"": ""VALLEY PARK"", ""state"": ""MO"", ""zip"": ""63088""}"	No_Match	72
019ab403-8c95-7de2-3a54-3a81fdfd9470	2201 P St Nw, Washington, Dc, 20037	"{""id"": 0, ""street"": ""2201 P ST NW"", ""city"": ""WASHINGTON"", ""state"": ""DC"", ""zip"": ""20037""}"	No_Match	72
019ab86a-a172-74f8-6ea0-b4d99edc6c30	9805 Woodleigh Lane Fl212, Fairfax, Va, 22032	"{""id"": 0, ""street"": ""9805 WOODLEIGH LANE FL212"", ""city"": ""FAIRFAX"", ""state"": ""VA"", ""zip"": ""22032""}"	No_Match	72
019ab401-79b9-71e6-712b-e6cc81cd1fa4	116Th Street Broadway, New York, Ny, 10027	"{""id"": 0, ""street"": ""116TH STREET BROADWAY"", ""city"": ""NEW YORK"", ""state"": ""NY"", ""zip"": ""10027""}"	No_Match	72
019ab7d0-0716-7e3f-33bf-21cae853c1f8	Holy Cross Dr, Notre Dame, In, 46556	"{""id"": 0, ""street"": ""HOLY CROSS DR"", ""city"": ""NOTRE DAME"", ""state"": ""IN"", ""zip"": ""46556""}"	No_Match	72
019ab701-d69a-7502-d61d-03c907bf55cc	600 Pennsylvania Ave Se, Washington, Dc, 20003	"{""id"": 0, ""street"": ""600 Pennsylvania Ave SE"", ""city"": ""Washington"", ""state"": ""DC"", ""zip"": ""20003""}"	No_Match	72
019ab3e2-0bd2-7c13-b19d-e4a81aebfb48	One Novacare Way, Philadelphia, Pa, 19145	"{""id"": 0, ""street"": ""ONE NOVACARE WAY"", ""city"": ""PHILADELPHIA"", ""state"": ""PA"", ""zip"": ""19145""}"	No_Match	72
019ab407-bb46-700b-eb29-7961934c1aa4	6669 Security Blvd Ste 201, Baltimore, Md, 21207	"{""id"": 0, ""street"": ""6669 SECURITY BLVD STE 201"", ""city"": ""BALTIMORE"", ""state"": ""MD"", ""zip"": ""21207""}"	No_Match	72
019ab40b-7803-78ca-d787-35edc824c308	19 Boonton Ave, Boonton, Nj, 07005	"{""id"": 0, ""street"": ""19 BOONTON AVE"", ""city"": ""BOONTON"", ""state"": ""NJ"", ""zip"": ""07005""}"	No_Match	72
019ab707-0666-73b6-dccc-f02dfa98e24c	1 Our Childrens Highway, Alexander City, Al, 35010	"{""id"": 0, ""street"": ""1 OUR CHILDRENS HIGHWAY"", ""city"": ""ALEXANDER CITY"", ""state"": ""AL"", ""zip"": ""35010""}"	No_Match	72
019ab437-012b-72ca-6a90-c159633f6708	1 Tranquility Base, Huntsville, Al, 35805	"{""id"": 0, ""street"": ""1 TRANQUILITY BASE"", ""city"": ""HUNTSVILLE"", ""state"": ""AL"", ""zip"": ""35805""}"	No_Match	72
019ab707-024b-7e87-0f5e-e41b28d6c018	800 Nazih Zuhdi Drive, Oklahoma City, Ok, 73105	"{""id"": 0, ""street"": ""800 NAZIH ZUHDI DRIVE"", ""city"": ""OKLAHOMA CITY"", ""state"": ""OK"", ""zip"": ""73105""}"	No_Match	72
019ab419-2dc1-7311-d681-2b0615c47d5c	200 Se 4Th Street, Abilene, Ks, 67410	"{""id"": 0, ""street"": ""200 SE 4TH STREET"", ""city"": ""ABILENE"", ""state"": ""KS"", ""zip"": ""67410""}"	No_Match	72
019ab7d6-a39d-7b82-e3ce-f9740bf898dc	105 Cordelia Camp, Cullowhee, Nc, 28723	"{""id"": 0, ""street"": ""105 Cordelia Camp"", ""city"": ""Cullowhee"", ""state"": ""NC"", ""zip"": ""28723""}"	No_Match	72
019ab701-d06d-7a9e-4c70-f8b79ff048e8	2130 Pepperwood Preserve Road, Santa Rosa, Ca, 95404	"{""id"": 0, ""street"": ""2130 PEPPERWOOD PRESERVE ROAD"", ""city"": ""SANTA ROSA"", ""state"": ""CA"", ""zip"": ""95404""}"	No_Match	72
019ab76c-efb1-747e-b614-e26be4152730	640 Skytop Road Suite 240, Syracuse, Ny, 13244	"{""id"": 0, ""street"": ""640 SKYTOP ROAD SUITE 240"", ""city"": ""SYRACUSE"", ""state"": ""NY"", ""zip"": ""13244""}"	No_Match	72
019ab707-0929-7338-ff8f-8840b53d15ac	10 Brookline Pl West, Brookline, Ma, 02445	"{""id"": 0, ""street"": ""10 BROOKLINE PL WEST"", ""city"": ""BROOKLINE"", ""state"": ""MA"", ""zip"": ""02445""}"	No_Match	72
019ab3e1-abfc-75eb-040a-0f61cb6f0464	5515 South Loop East Suite B, Houston, Tx, 77033	"{""id"": 0, ""street"": ""5515 SOUTH LOOP EAST SUITE B"", ""city"": ""HOUSTON"", ""state"": ""TX"", ""zip"": ""77033""}"	No_Match	72
019ab436-e863-75c1-51e0-d117356fff40	5 Science Park, New Haven, Ct, 06511	"{""id"": 0, ""street"": ""5 SCIENCE PARK"", ""city"": ""NEW HAVEN"", ""state"": ""CT"", ""zip"": ""06511""}"	No_Match	72
019ab419-217b-7e5e-88a7-89e6e56b58e4	151 Mcintire Park Drive, Charlottesville, Va, 22902	"{""id"": 0, ""street"": ""151 MCINTIRE PARK DRIVE"", ""city"": ""CHARLOTTESVILLE"", ""state"": ""VA"", ""zip"": ""22902""}"	No_Match	72
019ab404-2603-7c66-acdc-2e508b84a594	C/O Bbt Foundations Endowments S, Raleigh, Nc, 27601	"{""id"": 0, ""street"": ""C/O BBT FOUNDATIONS ENDOWMENTS S"", ""city"": ""RALEIGH"", ""state"": ""NC"", ""zip"": ""27601""}"	No_Match	72
019ab40f-5fc2-7778-b5e6-405ff4e45b08	612 E Lamar Blvd Suite 300, Arlington, Tx, 76011	"{""id"": 0, ""street"": ""612 E LAMAR BLVD SUITE 300"", ""city"": ""ARLINGTON"", ""state"": ""TX"", ""zip"": ""76011""}"	No_Match	72
019ab5e0-e278-7b60-a1da-5365d66e6434	708 Blair Mill Rd, Willow Grove, Pa, 19090	"{""id"": 0, ""street"": ""708 BLAIR MILL RD"", ""city"": ""WILLOW GROVE"", ""state"": ""PA"", ""zip"": ""19090""}"	No_Match	72
019ab3f9-f9c8-74c9-fab0-d6ed13ec4220	Dept La 23216, Pasadena, Ca, 91185	"{""id"": 0, ""street"": ""DEPT LA 23216"", ""city"": ""PASADENA"", ""state"": ""CA"", ""zip"": ""91185""}"	No_Match	72
019ab436-fd87-738c-f04c-f1dbadb24070	6 Rhody Ram Way, Kingston, Ri, 02881	"{""id"": 0, ""street"": ""6 RHODY RAM WAY"", ""city"": ""KINGSTON"", ""state"": ""RI"", ""zip"": ""02881""}"	No_Match	72
019ab419-2299-7a78-5a12-a6c4c0559154	6301 Montrose Road, Rockville, Md, 20852	"{""id"": 0, ""street"": ""6301 MONTROSE ROAD"", ""city"": ""ROCKVILLE"", ""state"": ""MD"", ""zip"": ""20852""}"	No_Match	72
019ab3f6-bedd-72eb-910d-462ef4e0f018	475 Riverside Dr Ste 455, New York, Ny, 10115	"{""id"": 0, ""street"": ""475 RIVERSIDE DR STE 455"", ""city"": ""NEW YORK"", ""state"": ""NY"", ""zip"": ""10115""}"	No_Match	72
019ab412-ccab-7723-fa3d-a33fbc338afc	255 Mansion Drive, Wheeling, Wv, 26003	"{""id"": 0, ""street"": ""255 MANSION DRIVE"", ""city"": ""WHEELING"", ""state"": ""WV"", ""zip"": ""26003""}"	No_Match	72
019ab3ed-f35d-76c9-403a-4f2f8da81340	1S450 Wyatt Dr, Geneva, Il, 60134	"{""id"": 0, ""street"": ""1S450 WYATT DR"", ""city"": ""GENEVA"", ""state"": ""IL"", ""zip"": ""60134""}"	No_Match	72
019ab419-2179-769f-b0ce-443f1655ba84	6140 Station St, Pittsburgh, Pa, 15206	"{""id"": 0, ""street"": ""6140 STATION ST"", ""city"": ""PITTSBURGH"", ""state"": ""PA"", ""zip"": ""15206""}"	No_Match	72
019ab3f6-13ec-7f4b-72f8-ac0276caae50	1619 D St Bldg 5326, Virginia Beach, Va, 23459	"{""id"": 0, ""street"": ""1619 D ST BLDG 5326"", ""city"": ""VIRGINIA BEACH"", ""state"": ""VA"", ""zip"": ""23459""}"	No_Match	72
019ab401-d7a5-70aa-331a-ec4e7a40f79c	1800 Circle 75 Parkway Se, Atlanta, Ga, 30339	"{""id"": 0, ""street"": ""1800 CIRCLE 75 PARKWAY SE"", ""city"": ""ATLANTA"", ""state"": ""GA"", ""zip"": ""30339""}"	No_Match	72
019ab701-d5ba-701e-d04c-575a37e41ba0	1601 Paysphere Circle, Chicago, Il, 60674	"{""id"": 0, ""street"": ""1601 PAYSPHERE CIRCLE"", ""city"": ""CHICAGO"", ""state"": ""IL"", ""zip"": ""60674""}"	No_Match	72
019ab803-554b-75f3-f29a-d6385707fb34	Financial Aid Office 300 West, Spokane, Wa, 99251	"{""id"": 0, ""street"": ""FINANCIAL AID OFFICE 300 WEST"", ""city"": ""SPOKANE"", ""state"": ""WA"", ""zip"": ""99251""}"	No_Match	72
019ab405-54bc-7693-a6b9-54bc54dbc9a8	940 S Saint Francis St, Wichita, Ks, 67211	"{""id"": 0, ""street"": ""940 S SAINT FRANCIS ST"", ""city"": ""WICHITA"", ""state"": ""KS"", ""zip"": ""67211""}"	No_Match	72
019ab70d-4c35-76b1-ba1a-bcbf8930f4b8	83775 Citrus Avenue, Indio, Ca, 92201	"{""id"": 0, ""street"": ""83775 Citrus Avenue"", ""city"": ""Indio"", ""state"": ""CA"", ""zip"": ""92201""}"	No_Match	72
019ab701-d917-7723-0596-7094afb3b7c8	8600 Mcdonogh Rd, Owings Mills, Md, 21117	"{""id"": 0, ""street"": ""8600 MCDONOGH RD"", ""city"": ""OWINGS MILLS"", ""state"": ""MD"", ""zip"": ""21117""}"	No_Match	72
019ab437-0830-7420-c35f-35e0b87321cc	300 Eagle Lane, Pella, Ia, 50219	"{""id"": 0, ""street"": ""300 EAGLE LANE"", ""city"": ""PELLA"", ""state"": ""IA"", ""zip"": ""50219""}"	No_Match	72
019ab707-0328-7bc9-0172-4e23ce100bac	9500 Mcneil Dr, Austin, Tx, 78750	"{""id"": 0, ""street"": ""9500 MCNEIL DR"", ""city"": ""AUSTIN"", ""state"": ""TX"", ""zip"": ""78750""}"	No_Match	71
019ab714-39f4-7bce-49a1-0dcb2d5149ec	1653 West Congress Parkway, Chicago, Il, 60612	"{""id"": 0, ""street"": ""1653 WEST CONGRESS PARKWAY"", ""city"": ""CHICAGO"", ""state"": ""IL"", ""zip"": ""60612""}"	No_Match	71
019ab76a-b489-7af8-2a68-b73625b63338	937 Herman Street, Nashville, Tn, 37208	"{""id"": 0, ""street"": ""937 HERMAN STREET"", ""city"": ""NASHVILLE"", ""state"": ""TN"", ""zip"": ""37208""}"	No_Match	71
019ab714-2d7b-7070-4d1c-eb6b79dc530c	21992 Network Place, Chicago, Il, 60673	"{""id"": 0, ""street"": ""21992 NETWORK PLACE"", ""city"": ""CHICAGO"", ""state"": ""IL"", ""zip"": ""60673""}"	No_Match	71
019ab3e5-1125-7b0e-2225-c33cd89dcd44	32 Lake Shore Drive, Grosse Pointe Farms, Mi, 48236	"{""id"": 0, ""street"": ""32 LAKE SHORE DRIVE"", ""city"": ""GROSSE POINTE FARMS"", ""state"": ""MI"", ""zip"": ""48236""}"	No_Match	71
019ab3fa-3662-77dd-dd8e-87ebc8e32d00	1600 Floribunda Avenue, Hillsborough, Ca, 94010	"{""id"": 0, ""street"": ""1600 FLORIBUNDA AVENUE"", ""city"": ""HILLSBOROUGH"", ""state"": ""CA"", ""zip"": ""94010""}"	No_Match	71
019ab3fd-9f72-7ca0-342d-adb218e61148	244 Park Road, West Hartford, Ct, 06119	"{""id"": 0, ""street"": ""244 PARK ROAD"", ""city"": ""WEST HARTFORD"", ""state"": ""CT"", ""zip"": ""06119""}"	No_Match	71
019ab40a-900b-7242-a53f-b08ac153a6e0	13120 Grand Palisades Parkway, Charlotte, Nc, 28278	"{""id"": 0, ""street"": ""13120 GRAND PALISADES PARKWAY"", ""city"": ""CHARLOTTE"", ""state"": ""NC"", ""zip"": ""28278""}"	No_Match	70
019ab3fe-5e1e-7d8b-92ec-0ce3b9af9344	1725 Eye St Nw Ste 900, Washington, Dc, 20006	"{""id"": 0, ""street"": ""1725 EYE ST NW STE 900"", ""city"": ""WASHINGTON"", ""state"": ""DC"", ""zip"": ""20006""}"	No_Match	70
019ab3f3-3aa0-77a2-5189-8850f5a22208	Attn Lisa Webster, Middletown, Pa, 17057	"{""id"": 0, ""street"": ""ATTN LISA WEBSTER"", ""city"": ""MIDDLETOWN"", ""state"": ""PA"", ""zip"": ""17057""}"	No_Match	70
019ab3fb-c15e-7f37-1dd7-e987658198f0	101 Zellerbach Hall 4800, Berkeley, Ca, 94720	"{""id"": 0, ""street"": ""101 ZELLERBACH HALL 4800"", ""city"": ""BERKELEY"", ""state"": ""CA"", ""zip"": ""94720""}"	No_Match	70
019ab3f0-e580-7983-9295-36a60a8bd5e0	10618 Breckenridge Drive, Little Rock, Ar, 72211	"{""id"": 0, ""street"": ""10618 BRECKENRIDGE DRIVE"", ""city"": ""LITTLE ROCK"", ""state"": ""AR"", ""zip"": ""72211""}"	No_Match	70
019ab714-2eea-7a20-a96d-20167f7239cc	39520 County Road 13, Elizabeth, Co, 80107	"{""id"": 0, ""street"": ""39520 COUNTY ROAD 13"", ""city"": ""ELIZABETH"", ""state"": ""CO"", ""zip"": ""80107""}"	No_Match	70
019ab717-8bc8-7968-315d-433dca0f0e94	2717 W Cypress Creek Rd, Fort Lauderdale, Fl, 33309	"{""id"": 0, ""street"": ""2717 W CYPRESS CREEK RD"", ""city"": ""FORT LAUDERDALE"", ""state"": ""FL"", ""zip"": ""33309""}"	No_Match	70
019ab437-0c81-73d8-4b38-b0cbf4674440	971 Main Street, Lancaster, Ma, 01523	"{""id"": 0, ""street"": ""971 MAIN STREET"", ""city"": ""LANCASTER"", ""state"": ""MA"", ""zip"": ""01523""}"	No_Match	70
019ab717-9575-738b-5bca-0a967bd66138	152 Baden Street, Rochester, Ny, 14605	"{""id"": 0, ""street"": ""152 BADEN STREET"", ""city"": ""ROCHESTER"", ""state"": ""NY"", ""zip"": ""14605""}"	No_Match	70
019ab714-376a-7f09-2866-990a5f9fd4e0	3400 14Th Street Nw, Washington, Dc, 20010	"{""id"": 0, ""street"": ""3400 14TH STREET NW"", ""city"": ""WASHINGTON"", ""state"": ""DC"", ""zip"": ""20010""}"	No_Match	70
019ab3e1-d64e-7500-d3bd-bd5c781190c8	E 5Th Street, Greenville, Nc, 27858	"{""id"": 0, ""street"": ""E 5TH STREET"", ""city"": ""GREENVILLE"", ""state"": ""NC"", ""zip"": ""27858""}"	No_Match	70
019ab3fd-2aa3-7844-1f3e-b2126fa0ad2c	531 County Rd 5A, Leadville, Co, 80461	"{""id"": 0, ""street"": ""531 COUNTY RD 5A"", ""city"": ""LEADVILLE"", ""state"": ""CO"", ""zip"": ""80461""}"	No_Match	70
019ab3e1-1ef3-7fb9-dcea-d247deb5d5f8	10961 Stevens Lane, Truckee, Ca, 96161	"{""id"": 0, ""street"": ""10961 STEVENS LANE"", ""city"": ""TRUCKEE"", ""state"": ""CA"", ""zip"": ""96161""}"	No_Match	70
019ab717-8f0b-795d-13df-1a1392ca62dc	10 Ridgedale Avenue, Cedar Knolls, Nj, 07927	"{""id"": 0, ""street"": ""10 RIDGEDALE AVENUE"", ""city"": ""CEDAR KNOLLS"", ""state"": ""NJ"", ""zip"": ""07927""}"	No_Match	70
019ab706-fd34-7f44-9a79-9ca3838ef188	218 Sea Gull Landing, Arapahoe, Nc, 28510	"{""id"": 0, ""street"": ""218 SEA GULL LANDING"", ""city"": ""ARAPAHOE"", ""state"": ""NC"", ""zip"": ""28510""}"	No_Match	70
019ab717-8648-7abb-bac6-76195c3ef2b8	Mehameha Loop, Puunene, Hi, 96784	"{""id"": 0, ""street"": ""MEHAMEHA LOOP"", ""city"": ""PUUNENE"", ""state"": ""HI"", ""zip"": ""96784""}"	No_Match	70
019ab706-fd22-74d4-4bab-202e876c1eb0	100 One Fine Place, Sevierville, Tn, 37862	"{""id"": 0, ""street"": ""100 ONE FINE PLACE"", ""city"": ""SEVIERVILLE"", ""state"": ""TN"", ""zip"": ""37862""}"	No_Match	70
019ab419-30ef-702c-a29e-763db7861398	1909 Wayzata Blvd, Wayzata, Mn, 55391	"{""id"": 0, ""street"": ""1909 WAYZATA BLVD"", ""city"": ""WAYZATA"", ""state"": ""MN"", ""zip"": ""55391""}"	No_Match	70
019ab436-efea-7ebf-84c8-2f076699da00	2153 Coral Way Suite 401, Miami, Fl, 33145	"{""id"": 0, ""street"": ""2153 CORAL WAY SUITE 401"", ""city"": ""MIAMI"", ""state"": ""FL"", ""zip"": ""33145""}"	No_Match	70
019ab419-2fa4-72b1-1aa5-d0be5b2a773c	65 Highland Avenue, Peapack, Nj, 07977	"{""id"": 0, ""street"": ""65 HIGHLAND AVENUE"", ""city"": ""PEAPACK"", ""state"": ""NJ"", ""zip"": ""07977""}"	No_Match	70
019ab3fc-eb52-7771-b08c-84e71cec8c70	Harvard Business School, Boston, Ma, 02163	"{""id"": 0, ""street"": ""HARVARD BUSINESS SCHOOL"", ""city"": ""BOSTON"", ""state"": ""MA"", ""zip"": ""02163""}"	No_Match	70
019ab5e0-f5e8-792c-f0b0-239151b9aef4	100 Seymour Road, Utica, Ny, 13502	"{""id"": 0, ""street"": ""100 SEYMOUR ROAD"", ""city"": ""UTICA"", ""state"": ""NY"", ""zip"": ""13502""}"	No_Match	70
019ab84f-890d-77d8-17f5-953e9b77a898	C/O R Howard Dobbs Foundation 191, Atlanta, Ga, 30303	"{""id"": 0, ""street"": ""C/O R HOWARD DOBBS FOUNDATION 191"", ""city"": ""ATLANTA"", ""state"": ""GA"", ""zip"": ""30303""}"	No_Match	70
019ab72c-ede5-715a-56a4-21177d7342d8	2550 Tenderfoot Hill Street, Colorado Springs, Co, 80906	"{""id"": 0, ""street"": ""2550 Tenderfoot Hill Street"", ""city"": ""Colorado Springs"", ""state"": ""CO"", ""zip"": ""80906""}"	No_Match	70
019ab419-311a-7ede-5025-0ebbf75743d4	1000 17Th Avenue N, Nashville, Tn, 37208	"{""id"": 0, ""street"": ""1000 17TH AVENUE N"", ""city"": ""NASHVILLE"", ""state"": ""TN"", ""zip"": ""37208""}"	No_Match	70
019ab800-b131-7348-1885-7e3450199e4c	C/O Robins Foundation 10 South 3Rd, Richmond, Va, 23235	"{""id"": 0, ""street"": ""C/O ROBINS FOUNDATION 10 SOUTH 3RD"", ""city"": ""RICHMOND"", ""state"": ""VA"", ""zip"": ""23235""}"	No_Match	70
019ab720-373d-70f4-8796-e45d0c2a5b38	Poplars 221 400 E 7Th, Bloomington, In, 47405	"{""id"": 0, ""street"": ""POPLARS 221 400 E 7TH"", ""city"": ""BLOOMINGTON"", ""state"": ""IN"", ""zip"": ""47405""}"	No_Match	70
019ab72c-fb57-7d8e-7359-87c688c5aa64	Office Of Financial Aid 400 East, Ellensberg, Wa, 98926	"{""id"": 0, ""street"": ""OFFICE OF FINANCIAL AID 400 EAST"", ""city"": ""ELLENSBERG"", ""state"": ""WA"", ""zip"": ""98926""}"	No_Match	70
019ab436-f94f-7cea-54de-ce7bd9d3344c	675 Sir Francis Drake Blvd, Kentfield, Ca, 94904	"{""id"": 0, ""street"": ""675 SIR FRANCIS DRAKE BLVD"", ""city"": ""KENTFIELD"", ""state"": ""CA"", ""zip"": ""94904""}"	No_Match	70
019ab419-320b-7fa5-6d04-48f3b662de24	1000 North Third Street, Aspen, Co, 81611	"{""id"": 0, ""street"": ""1000 NORTH THIRD STREET"", ""city"": ""ASPEN"", ""state"": ""CO"", ""zip"": ""81611""}"	No_Match	70
019ab3e4-56bc-7cb7-2afd-5aa0e250d7c0	302 Silver Ave, San Francisco, Ca, 94112	"{""id"": 0, ""street"": ""302 SILVER AVE"", ""city"": ""SAN FRANCISCO"", ""state"": ""CA"", ""zip"": ""94112""}"	No_Match	70
019ab72c-f4d3-78af-07f6-7036c03cdd68	1 Buttonhole Drive, Providence, Ri, 02909	"{""id"": 0, ""street"": ""1 BUTTONHOLE DRIVE"", ""city"": ""PROVIDENCE"", ""state"": ""RI"", ""zip"": ""02909""}"	No_Match	70
019ab419-22a2-757f-1255-6a599f6a5cc4	170 Park Ave, Boca Grande, Fl, 33921	"{""id"": 0, ""street"": ""170 PARK AVE"", ""city"": ""BOCA GRANDE"", ""state"": ""FL"", ""zip"": ""33921""}"	No_Match	70
019ab3ec-4fe0-7413-d344-8744170de100	2661 Greenfield Rd, Dearborn, Mi, 48120	"{""id"": 0, ""street"": ""2661 GREENFIELD RD"", ""city"": ""DEARBORN"", ""state"": ""MI"", ""zip"": ""48120""}"	No_Match	70
019ab5e1-021b-71ca-e4bd-6f51bfbe964c	262 Cottage Street, Littleton, Nh, 03561	"{""id"": 0, ""street"": ""262 Cottage Street"", ""city"": ""Littleton"", ""state"": ""NH"", ""zip"": ""03561""}"	No_Match	70
019ab405-f3dd-7873-57b6-f6430b5c1508	151 Boston Post Road, Sudbury, Ma, 01776	"{""id"": 0, ""street"": ""151 BOSTON POST ROAD"", ""city"": ""SUDBURY"", ""state"": ""MA"", ""zip"": ""01776""}"	No_Match	70
019ab3fa-90d4-7964-742b-b3e530c76440	1201 E Union St, Seattle, Wa, 98122	"{""id"": 0, ""street"": ""1201 E UNION ST"", ""city"": ""SEATTLE"", ""state"": ""WA"", ""zip"": ""98122""}"	No_Match	70
019ab5e0-ecb2-71ec-0cea-59d42e0699a0	2400 Tom L Wilson Blvd, Galesburg, Il, 61401	"{""id"": 0, ""street"": ""2400 TOM L WILSON BLVD"", ""city"": ""GALESBURG"", ""state"": ""IL"", ""zip"": ""61401""}"	No_Match	70
019ab3f7-9e26-7f01-3214-4fb410f0357c	90 Emerson Lane Suite 1403, Bridgeville, Pa, 15017	"{""id"": 0, ""street"": ""90 EMERSON LANE SUITE 1403"", ""city"": ""BRIDGEVILLE"", ""state"": ""PA"", ""zip"": ""15017""}"	No_Match	70
019ab5e1-1610-7dad-00ac-2c4e3b9cbaa8	33 Journey Suite 150, Aliso Viejo, Ca, 92656	"{""id"": 0, ""street"": ""33 JOURNEY SUITE 150"", ""city"": ""ALISO VIEJO"", ""state"": ""CA"", ""zip"": ""92656""}"	No_Match	70
019ab3e6-ac06-7ca8-2974-b9bdc0d74ab8	1200 E California Blvd M/C 5-32, Pasadena, Ca, 91125	"{""id"": 0, ""street"": ""1200 E CALIFORNIA BLVD M/C 5-32"", ""city"": ""PASADENA"", ""state"": ""CA"", ""zip"": ""91125""}"	No_Match	70
019ab5e1-0306-7841-9343-c46fe7bc0c14	16 Sproul Hall 1960, Berkeley, Ca, 94720	"{""id"": 0, ""street"": ""16 SPROUL HALL 1960"", ""city"": ""BERKELEY"", ""state"": ""CA"", ""zip"": ""94720""}"	No_Match	70
019ab3fd-3b6f-7680-950f-5acd66b57a90	3470 County Road 7, Erie, Co, 80516	"{""id"": 0, ""street"": ""3470 COUNTY ROAD 7"", ""city"": ""ERIE"", ""state"": ""CO"", ""zip"": ""80516""}"	No_Match	70
019ab411-44cd-7a7c-2921-8802a26e8050	149 Natures Way, Quechee, Vt, 05059	"{""id"": 0, ""street"": ""149 Natures Way"", ""city"": ""Quechee"", ""state"": ""VT"", ""zip"": ""05059""}"	No_Match	70
019ab3f0-c044-7bc8-4bcc-071f27d37808	200 Vesey St, New York, Ny, 10281	"{""id"": 0, ""street"": ""200 VESEY ST"", ""city"": ""NEW YORK"", ""state"": ""NY"", ""zip"": ""10281""}"	No_Match	70
019ab436-ed72-777a-b97b-40beac659bc8	2501 Sw 32Nd Terrrace, Pembroke Park, Fl, 33023	"{""id"": 0, ""street"": ""2501 SW 32ND TERRRACE"", ""city"": ""PEMBROKE PARK"", ""state"": ""FL"", ""zip"": ""33023""}"	No_Match	70
019ab7be-8854-7ed9-8917-acff96d4bff4	C/O Simmons Bk 4625 S National Ave, Springfield, Mo, 65810	"{""id"": 0, ""street"": ""C/O SIMMONS BK 4625 S NATIONAL AVE"", ""city"": ""SPRINGFIELD"", ""state"": ""MO"", ""zip"": ""65810""}"	No_Match	70
019ab436-f94d-7f94-1e0c-43e2b9a67418	180 Piermont Road, Closter, Nj, 07624	"{""id"": 0, ""street"": ""180 PIERMONT ROAD"", ""city"": ""CLOSTER"", ""state"": ""NJ"", ""zip"": ""07624""}"	No_Match	70
019ab437-0e47-720c-9073-20620d6e988c	1 Pleasant Street, Castine, Me, 04420	"{""id"": 0, ""street"": ""1 PLEASANT STREET"", ""city"": ""CASTINE"", ""state"": ""ME"", ""zip"": ""04420""}"	No_Match	70
019ab419-2981-754a-dcd3-49160d55dc94	1 Ford Place, Detroit, Mi, 48202	"{""id"": 0, ""street"": ""1 FORD PLACE"", ""city"": ""DETROIT"", ""state"": ""MI"", ""zip"": ""48202""}"	No_Match	70
019ab401-63c0-74d8-5a12-68f3fe2036fc	3747 W International Speedway Blvd, Daytona Beach, Fl, 32124	"{""id"": 0, ""street"": ""3747 W INTERNATIONAL SPEEDWAY BLVD"", ""city"": ""DAYTONA BEACH"", ""state"": ""FL"", ""zip"": ""32124""}"	No_Match	70
019ab40d-79b0-78cc-4ebb-5cb29c34bec4	100 Match Factory Place, Bellefonte, Pa, 16823	"{""id"": 0, ""street"": ""100 MATCH FACTORY PLACE"", ""city"": ""BELLEFONTE"", ""state"": ""PA"", ""zip"": ""16823""}"	No_Match	70
019ab7a3-bba6-7918-8898-bfa3a707d32c	2147 Murphy Hall, Los Angeles, Ca, 90095	"{""id"": 0, ""street"": ""2147 Murphy Hall"", ""city"": ""Los Angeles"", ""state"": ""CA"", ""zip"": ""90095""}"	No_Match	70
019ab3f2-b9ea-714c-ab90-64acb6f4a340	5225 Barry St W, St Louis Park, Mn, 55416	"{""id"": 0, ""street"": ""5225 BARRY ST W"", ""city"": ""ST LOUIS PARK"", ""state"": ""MN"", ""zip"": ""55416""}"	No_Match	70
019ab436-f3a0-7d69-353a-e02cce3c43f0	5400 College Station, Brunswick, Me, 04011	"{""id"": 0, ""street"": ""5400 COLLEGE STATION"", ""city"": ""BRUNSWICK"", ""state"": ""ME"", ""zip"": ""04011""}"	No_Match	70
019ab5e0-f481-72f5-39f6-684e2ac72784	100 Wall St Floor 9, New York, Ny, 10005	"{""id"": 0, ""street"": ""100 WALL ST FLOOR 9"", ""city"": ""NEW YORK"", ""state"": ""NY"", ""zip"": ""10005""}"	No_Match	70
019ab749-b789-7b0e-27f0-6b037eeb9b58	1230 Preservation Park Way, Oakland, Ca, 94612	"{""id"": 0, ""street"": ""1230 PRESERVATION PARK WAY"", ""city"": ""OAKLAND"", ""state"": ""CA"", ""zip"": ""94612""}"	No_Match	70
019ab76f-ece7-7f10-e3cf-9ed0ea7f56f0	1 College Hall Room 100, Philadelphia, Pa, 19104	"{""id"": 0, ""street"": ""1 COLLEGE HALL ROOM 100"", ""city"": ""PHILADELPHIA"", ""state"": ""PA"", ""zip"": ""19104""}"	No_Match	70
019ab3f1-b940-736f-b760-2a23bde83fdc	20 Wiedy Road, Kingston, Ny, 12401	"{""id"": 0, ""street"": ""20 WIEDY ROAD"", ""city"": ""KINGSTON"", ""state"": ""NY"", ""zip"": ""12401""}"	No_Match	70
019ab3fa-32c1-74aa-515a-1e312a8a5c24	3400 N Church St, Baltimore, Md, 21218	"{""id"": 0, ""street"": ""3400 N CHURCH ST"", ""city"": ""BALTIMORE"", ""state"": ""MD"", ""zip"": ""21218""}"	No_Match	70
019ab5e0-ff4a-7de9-f85d-c7ecc92c456c	1 World Wide Way, Saint Louis, Mo, 63146	"{""id"": 0, ""street"": ""1 WORLD WIDE WAY"", ""city"": ""SAINT LOUIS"", ""state"": ""MO"", ""zip"": ""63146""}"	No_Match	70
019ab419-2b78-76cb-075c-e49ef1c4bf90	1345 Eastern Flank Circle, Franklin, Tn, 37064	"{""id"": 0, ""street"": ""1345 EASTERN FLANK CIRCLE"", ""city"": ""FRANKLIN"", ""state"": ""TN"", ""zip"": ""37064""}"	No_Match	70
019ab419-2022-7028-5704-2a64f53bdb14	444 Green Street, Gardner, Ma, 01440	"{""id"": 0, ""street"": ""444 GREEN STREET"", ""city"": ""GARDNER"", ""state"": ""MA"", ""zip"": ""01440""}"	No_Match	69
019ab7d0-0c83-7a06-6212-5a0f3a186ccc	3330 Shorefair Dr, Winston Salem, Nc, 27105	"{""id"": 0, ""street"": ""3330 SHOREFAIR DR"", ""city"": ""WINSTON SALEM"", ""state"": ""NC"", ""zip"": ""27105""}"	No_Match	69
019ab3e2-d86d-760f-6485-a4d9eac7a280	3750 N Mccarty, Houston, Tx, 77029	"{""id"": 0, ""street"": ""3750 N McCarty"", ""city"": ""Houston"", ""state"": ""TX"", ""zip"": ""77029""}"	No_Match	69
019ab40c-b803-73c0-3d01-c482182b1a00	4482 Ny Highway 150, West Sand Lake, Ny, 12196	"{""id"": 0, ""street"": ""4482 NY HIGHWAY 150"", ""city"": ""WEST SAND LAKE"", ""state"": ""NY"", ""zip"": ""12196""}"	No_Match	69
019ab5e1-147e-7093-73e7-a673cd0a3488	4138 Crosspoint Blvd, Edinburg, Tx, 78539	"{""id"": 0, ""street"": ""4138 CROSSPOINT BLVD"", ""city"": ""EDINBURG"", ""state"": ""TX"", ""zip"": ""78539""}"	No_Match	69
019ab3e0-9349-7d50-7d92-ae72257f0f98	59800 South Highway 97, Bend, Or, 97702	"{""id"": 0, ""street"": ""59800 SOUTH HIGHWAY 97"", ""city"": ""BEND"", ""state"": ""OR"", ""zip"": ""97702""}"	No_Match	69
019ab707-1118-7e17-3f09-414b8281adc4	177 Holston Dr, Lancaster, Ca, 93535	"{""id"": 0, ""street"": ""177 HOLSTON DR"", ""city"": ""LANCASTER"", ""state"": ""CA"", ""zip"": ""93535""}"	No_Match	69
019ab419-30bf-7193-cdb4-909dceac2058	1700 S Flamingo Road, Davie, Fl, 33325	"{""id"": 0, ""street"": ""1700 S Flamingo Road"", ""city"": ""Davie"", ""state"": ""FL"", ""zip"": ""33325""}"	No_Match	69
019ab77f-da53-73be-5156-e90244ff0764	1 Street, Brooklyn, Ny, 11219	"{""id"": 0, ""street"": ""1 street"", ""city"": ""BROOKLYN"", ""state"": ""NY"", ""zip"": ""11219""}"	No_Match	68
019ab70d-52d3-764b-53f6-512de731efe0	Office Of Sponsored Programs 4333, Seattle, Wa, 98195	"{""id"": 0, ""street"": ""Office of Sponsored Programs 4333"", ""city"": ""Seattle"", ""state"": ""WA"", ""zip"": ""98195""}"	No_Match	68
019ab413-92df-7e4c-b8cc-dabc4b1ed8a4	4 Science Park, New Haven, Ct, 06511	"{""id"": 0, ""street"": ""4 SCIENCE PARK"", ""city"": ""NEW HAVEN"", ""state"": ""CT"", ""zip"": ""06511""}"	No_Match	68
019ab3fb-e152-794f-15be-9d2f163b3208	1220 5Th Avenue, New York, Ny, 10029	"{""id"": 0, ""street"": ""1220 5TH AVENUE"", ""city"": ""NEW YORK"", ""state"": ""NY"", ""zip"": ""10029""}"	No_Match	68
019ab72c-fd96-76f7-2d44-d7a4cc333814	207 Grinter Hall, Gainesville, Fl, 32611	"{""id"": 0, ""street"": ""207 GRINTER HALL"", ""city"": ""GAINESVILLE"", ""state"": ""FL"", ""zip"": ""32611""}"	No_Match	68
019ab77f-ead7-7d82-0aee-eff0fd24b5d4	Cohasset, Cohasset, Ma, 02025	"{""id"": 0, ""street"": ""Cohasset"", ""city"": ""Cohasset"", ""state"": ""MA"", ""zip"": ""02025""}"	No_Match	68
019ab436-fa89-7c18-d57e-eebc34435870	1155 Union Circle 311277, Denton, Tx, 76203	"{""id"": 0, ""street"": ""1155 UNION CIRCLE 311277"", ""city"": ""DENTON"", ""state"": ""TX"", ""zip"": ""76203""}"	No_Match	68
019ab787-9dfb-7fd1-6961-1b8b1f9082b8	107 Cathedral Of Learning, Pittsburgh, Pa, 15260	"{""id"": 0, ""street"": ""107 CATHEDRAL OF LEARNING"", ""city"": ""PITTSBURGH"", ""state"": ""PA"", ""zip"": ""15260""}"	No_Match	68
019ab3f6-21bf-7ef0-e636-9565c7b88bbc	20583 Boca West Drive, Boca Raton, Fl, 33434	"{""id"": 0, ""street"": ""20583 BOCA WEST DRIVE"", ""city"": ""BOCA RATON"", ""state"": ""FL"", ""zip"": ""33434""}"	No_Match	68
019ab412-3afd-7776-8c2b-1ec2acdfbaa4	6000 Shelburne Rd, Shelburne, Vt, 05482	"{""id"": 0, ""street"": ""6000 SHELBURNE RD"", ""city"": ""SHELBURNE"", ""state"": ""VT"", ""zip"": ""05482""}"	No_Match	68
019ab3f9-3ecf-7fe8-a528-2fc590fd4554	1350 Walton Way, Augusta, Ga, 30901	"{""id"": 0, ""street"": ""1350 WALTON WAY"", ""city"": ""AUGUSTA"", ""state"": ""GA"", ""zip"": ""30901""}"	No_Match	68
019ab402-0f86-7025-d112-ff6080aed570	2600 Nw College Way, Bend, Or, 97701	"{""id"": 0, ""street"": ""2600 NW COLLEGE WAY"", ""city"": ""BEND"", ""state"": ""OR"", ""zip"": ""97701""}"	No_Match	68
019ab436-ed3d-7bc6-c5be-d2a775d08b30	2801 North Charles Street, Pittsburgh, Pa, 15214	"{""id"": 0, ""street"": ""2801 NORTH CHARLES STREET"", ""city"": ""PITTSBURGH"", ""state"": ""PA"", ""zip"": ""15214""}"	No_Match	68
019ab401-1c6b-7a0b-2045-7768583e1cc4	3152 Forest Lake Rd, Pebble Beach, Ca, 93953	"{""id"": 0, ""street"": ""3152 FOREST LAKE RD"", ""city"": ""PEBBLE BEACH"", ""state"": ""CA"", ""zip"": ""93953""}"	No_Match	68
019ab74d-93bd-774f-b0ea-65fe63b0adb4	1 Kellogg Circle, Emporia, Ks, 66801	"{""id"": 0, ""street"": ""1 KELLOGG CIRCLE"", ""city"": ""EMPORIA"", ""state"": ""KS"", ""zip"": ""66801""}"	No_Match	68
019ab796-f869-7466-1cda-358ad750a7e0	6801 West Main St, Dothan, Al, 36305	"{""id"": 0, ""street"": ""6801 WEST MAIN ST"", ""city"": ""DOTHAN"", ""state"": ""AL"", ""zip"": ""36305""}"	No_Match	68
019ab720-3fdc-786e-77f8-0a76c9767800	1417 Stuart Engals Blvd Ste 100, Mt Pleasant, Sc, 29464	"{""id"": 0, ""street"": ""1417 STUART ENGALS BLVD STE 100"", ""city"": ""MT PLEASANT"", ""state"": ""SC"", ""zip"": ""29464""}"	No_Match	68
019ab815-c864-7d55-1823-f0f84d919ae4	C/O The Henry Luce Foundation 41 Ma, New York, Ny, 10010	"{""id"": 0, ""street"": ""C/O THE HENRY LUCE FOUNDATION 41 Ma"", ""city"": ""New York"", ""state"": ""NY"", ""zip"": ""10010""}"	No_Match	68
019ab815-caeb-7653-a3f9-b90a3b664870	C/O R Howard Dobbs Foundation 133, Atlanta, Ga, 30303	"{""id"": 0, ""street"": ""C/O R HOWARD DOBBS FOUNDATION 133"", ""city"": ""ATLANTA"", ""state"": ""GA"", ""zip"": ""30303""}"	No_Match	68
019ab3f4-2ccd-7c63-3b2c-7dc94f5c2b20	150 Student Services Bldg, Blacksburg, Va, 24061	"{""id"": 0, ""street"": ""150 STUDENT SERVICES BLDG"", ""city"": ""BLACKSBURG"", ""state"": ""VA"", ""zip"": ""24061""}"	No_Match	68
019ab407-88ec-7cd0-f9b6-fc37d8be19f0	10900 Rockville Pike, Rockville, Md, 20852	"{""id"": 0, ""street"": ""10900 ROCKVILLE PIKE"", ""city"": ""ROCKVILLE"", ""state"": ""MD"", ""zip"": ""20852""}"	No_Match	68
019ab437-0532-757c-3cfe-81ba6ecfeef8	100 Madison Ave Attn Tax Departm, Toledo, Oh, 43604	"{""id"": 0, ""street"": ""100 MADISON AVE ATTN TAX DEPARTM"", ""city"": ""TOLEDO"", ""state"": ""OH"", ""zip"": ""43604""}"	No_Match	68
019ab436-eb05-75d9-b458-02a53bce9084	2717 West Cypress Creek Rd, Fort Lauderdale, Fl, 33309	"{""id"": 0, ""street"": ""2717 WEST CYPRESS CREEK RD"", ""city"": ""FORT LAUDERDALE"", ""state"": ""FL"", ""zip"": ""33309""}"	No_Match	68
019ab7a3-bd2c-7633-04a4-5954c5bc3e98	Attn Thomas White, Philadelphia, Pa, 19104	"{""id"": 0, ""street"": ""Attn Thomas White"", ""city"": ""Philadelphia"", ""state"": ""PA"", ""zip"": ""19104""}"	No_Match	68
019ab3f2-fb92-7323-2906-5de02e66c730	Gift Services Department, Rancho Palos Verdes, Ca, 90274	"{""id"": 0, ""street"": ""GIFT SERVICES DEPARTMENT"", ""city"": ""RANCHO PALOS VERDES"", ""state"": ""CA"", ""zip"": ""90274""}"	No_Match	68
019ab70d-4ea8-7c82-c7b9-75c2a3caa53c	C/O Kol Sason Foundation Inc 1060, Lakewood, Nj, 08701	"{""id"": 0, ""street"": ""C/O KOL SASON FOUNDATION INC 1060"", ""city"": ""LAKEWOOD"", ""state"": ""NJ"", ""zip"": ""08701""}"	No_Match	68
019ab701-e12a-718d-9b4f-2456a81e91b4	36275 Sunset Drive, Dousman, Wi, 53118	"{""id"": 0, ""street"": ""36275 SUNSET DRIVE"", ""city"": ""Dousman"", ""state"": ""WI"", ""zip"": ""53118""}"	No_Match	68
019ab7af-0078-7feb-cd2b-e5cc32c1ba00	4000 J Maddy Pkwy, Interlochen, Mi, 49643	"{""id"": 0, ""street"": ""4000 J MADDY PKWY"", ""city"": ""INTERLOCHEN"", ""state"": ""MI"", ""zip"": ""49643""}"	No_Match	68
019ab419-2cba-7c50-f741-a5786d63ba00	800 East Lancaster Avenue, Villanova, Pa, 19085	"{""id"": 0, ""street"": ""800 EAST LANCASTER AVENUE"", ""city"": ""VILLANOVA"", ""state"": ""PA"", ""zip"": ""19085""}"	No_Match	68
019ab419-290d-7012-cb57-ece5e27a7aa4	1200 E Colton Ave, Redlands, Ca, 92373	"{""id"": 0, ""street"": ""1200 E COLTON AVE"", ""city"": ""REDLANDS"", ""state"": ""CA"", ""zip"": ""92373""}"	No_Match	68
019ab419-2f6e-7598-69da-310aa8d62af8	5901 Broken Sound Pkwy Nw Ste 600, Boca Raton, Fl, 33487	"{""id"": 0, ""street"": ""5901 BROKEN SOUND PKWY NW STE 600"", ""city"": ""BOCA RATON"", ""state"": ""FL"", ""zip"": ""33487""}"	No_Match	68
019ab707-0184-737c-5c09-f9d58007e8c8	5235 Union Hill Rd, Cumming, Ga, 30040	"{""id"": 0, ""street"": ""5235 UNION HILL RD"", ""city"": ""CUMMING"", ""state"": ""GA"", ""zip"": ""30040""}"	No_Match	68
019ab436-fd8c-7a0d-534b-c85afe978a28	Local, Grantsburg, Wi, 54840	"{""id"": 0, ""street"": ""LOCAL"", ""city"": ""GRANTSBURG"", ""state"": ""WI"", ""zip"": ""54840""}"	No_Match	68
019ab7d0-14e3-7668-8098-4d9a024896e0	5230 Pacific Concourse Dr Ste 200, Los Angeles, Ca, 90045	"{""id"": 0, ""street"": ""5230 PACIFIC CONCOURSE DR STE 200"", ""city"": ""LOS ANGELES"", ""state"": ""CA"", ""zip"": ""90045""}"	No_Match	68
019ab436-fbfe-7139-2a25-caa55c67c980	5071 Eden Avenue, Edina, Mn, 55436	"{""id"": 0, ""street"": ""5071 EDEN AVENUE"", ""city"": ""EDINA"", ""state"": ""MN"", ""zip"": ""55436""}"	No_Match	68
019ab436-f6b8-7551-2b3a-e4be4ee12cfc	59800 S Hwy 97, Bend, Or, 97702	"{""id"": 0, ""street"": ""59800 S HWY 97"", ""city"": ""BEND"", ""state"": ""OR"", ""zip"": ""97702""}"	No_Match	68
019ab419-2804-7b3d-1ac8-4f3a108fb684	105 Chase Avenue, Gambier, Oh, 43022	"{""id"": 0, ""street"": ""105 CHASE AVENUE"", ""city"": ""GAMBIER"", ""state"": ""OH"", ""zip"": ""43022""}"	No_Match	68
019ab720-3200-70a3-b550-e37d0711fc8c	1 Golden Bear Drive, Robertsdale, Al, 36567	"{""id"": 0, ""street"": ""1 GOLDEN BEAR DRIVE"", ""city"": ""ROBERTSDALE"", ""state"": ""AL"", ""zip"": ""36567""}"	No_Match	68
019ab437-11e7-7a33-8571-dc3aa26333cc	1483 Alaskan Way, Seattle, Wa, 98101	"{""id"": 0, ""street"": ""1483 ALASKAN WAY"", ""city"": ""SEATTLE"", ""state"": ""WA"", ""zip"": ""98101""}"	No_Match	68
019ab3e4-d145-7c4e-e154-1f2e3b825710	2499 Melru Lane, Escondido, Ca, 92026	"{""id"": 0, ""street"": ""2499 MELRU LANE"", ""city"": ""ESCONDIDO"", ""state"": ""CA"", ""zip"": ""92026""}"	No_Match	68
019ab7be-8c9d-71cf-c23d-fb7e8635d8b0	701 Boutwell Rd Suite A-2, Lake Worth Beach, Fl, 33461	"{""id"": 0, ""street"": ""701 BOUTWELL RD SUITE A-2"", ""city"": ""LAKE WORTH BEACH"", ""state"": ""FL"", ""zip"": ""33461""}"	No_Match	68
019ab437-09fa-7425-29a9-fc0020383b68	807 Kinnear Rd, Columbus, Oh, 43212	"{""id"": 0, ""street"": ""807 KINNEAR RD"", ""city"": ""COLUMBUS"", ""state"": ""OH"", ""zip"": ""43212""}"	No_Match	68
019ab437-11e6-7882-a949-b69da6828c60	531 County Road 5A, Leadville, Co, 80461	"{""id"": 0, ""street"": ""531 COUNTY ROAD 5A"", ""city"": ""LEADVILLE"", ""state"": ""CO"", ""zip"": ""80461""}"	No_Match	68
019ab400-931d-7307-a72e-f4f2fce35fe4	4200 Nw 90Th Blvd, Gainesville, Fl, 32606	"{""id"": 0, ""street"": ""4200 NW 90TH BLVD"", ""city"": ""GAINESVILLE"", ""state"": ""FL"", ""zip"": ""32606""}"	No_Match	68
019ab793-00e4-7f15-7670-67c65fecf4bc	Ofc Of Student Finance-Fiscal Unit, Minneapolis, Mn, 55455	"{""id"": 0, ""street"": ""OFC OF STUDENT FINANCE-FISCAL UNIT"", ""city"": ""MINNEAPOLIS"", ""state"": ""MN"", ""zip"": ""55455""}"	No_Match	68
019ab701-cef1-70a6-8bb1-a10eb2118e70	1 Pleasant St, Castine, Me, 04420	"{""id"": 0, ""street"": ""1 PLEASANT ST"", ""city"": ""CASTINE"", ""state"": ""ME"", ""zip"": ""04420""}"	No_Match	68
019ab5e0-ff11-7930-7e3c-20047e8afdf4	67-35 112Th Street, Forest Hills, Ny, 11375	"{""id"": 0, ""street"": ""67-35 112TH STREET"", ""city"": ""FOREST HILLS"", ""state"": ""NY"", ""zip"": ""11375""}"	No_Match	68
019ab701-d354-7d92-ec0d-e33b3a915dd0	121 6Th Avenue 6Th Floor, New York, Ny, 10013	"{""id"": 0, ""street"": ""121 6TH AVENUE 6TH FLOOR"", ""city"": ""NEW YORK"", ""state"": ""NY"", ""zip"": ""10013""}"	No_Match	68
019ab3fb-360b-756a-93fc-df1d433853b0	Mail Stop 0007, Reno, Nv, 89557	"{""id"": 0, ""street"": ""MAIL STOP 0007"", ""city"": ""RENO"", ""state"": ""NV"", ""zip"": ""89557""}"	No_Match	68
019ab419-234c-756a-dc83-2937b25d1eb0	14299 Benedictine Lane, Ridgely, Md, 21660	"{""id"": 0, ""street"": ""14299 BENEDICTINE LANE"", ""city"": ""RIDGELY"", ""state"": ""MD"", ""zip"": ""21660""}"	No_Match	68
019ab733-7dd7-7e4b-fbe7-149567442e98	Sponsored Projects Office, Berkeley, Ca, 94710	"{""id"": 0, ""street"": ""Sponsored Projects Office"", ""city"": ""Berkeley"", ""state"": ""CA"", ""zip"": ""94710""}"	No_Match	68
019ab3f4-80e2-7fe3-5c0e-abd23ed19da8	3121 Westwood Drive, Excelsior, Mn, 55331	"{""id"": 0, ""street"": ""3121 WESTWOOD DRIVE"", ""city"": ""EXCELSIOR"", ""state"": ""MN"", ""zip"": ""55331""}"	No_Match	68
019ab3e6-5682-7481-383b-b73b74d48820	211 Montana Hall, Bozeman, Mt, 59717	"{""id"": 0, ""street"": ""211 MONTANA HALL"", ""city"": ""BOZEMAN"", ""state"": ""MT"", ""zip"": ""59717""}"	No_Match	68
019ab5e1-05f6-7553-85b5-8a20354dfa44	One Orange Way, Windsor, Ct, 06095	"{""id"": 0, ""street"": ""ONE ORANGE WAY"", ""city"": ""WINDSOR"", ""state"": ""CT"", ""zip"": ""06095""}"	No_Match	68
019ab701-d33e-7d18-7319-024b6450dba4	25 Marlborough Road, Southborough, Ma, 01772	"{""id"": 0, ""street"": ""25 Marlborough Road"", ""city"": ""Southborough"", ""state"": ""MA"", ""zip"": ""01772""}"	No_Match	68
019ab701-d193-7a6a-dbf2-903e535c09b4	1410 Flint Hill Road, Mumford, Ny, 14511	"{""id"": 0, ""street"": ""1410 FLINT HILL ROAD"", ""city"": ""MUMFORD"", ""state"": ""NY"", ""zip"": ""14511""}"	No_Match	68
019ab701-d35c-765c-4360-060d1b4d864c	600 Peachtree Battle Ave, Atlanta, Ga, 30327	"{""id"": 0, ""street"": ""600 PEACHTREE BATTLE AVE"", ""city"": ""ATLANTA"", ""state"": ""GA"", ""zip"": ""30327""}"	No_Match	68
019ab7de-2c4c-75e5-f89d-548e966c5958	850 Tiger Dr, Ripon, Wi, 54971	"{""id"": 0, ""street"": ""850 TIGER DR"", ""city"": ""RIPON"", ""state"": ""WI"", ""zip"": ""54971""}"	No_Match	68
019ab3ec-77cd-7af6-2a30-3d585db24904	St Lawrence University, Canton, Ny, 13617	"{""id"": 0, ""street"": ""ST LAWRENCE UNIVERSITY"", ""city"": ""CANTON"", ""state"": ""NY"", ""zip"": ""13617""}"	No_Match	68
019ab76c-ee5c-7903-fd90-4417582cb4d8	2225 North Loop W, Houston, Tx, 77008	"{""id"": 0, ""street"": ""2225 NORTH LOOP W"", ""city"": ""HOUSTON"", ""state"": ""TX"", ""zip"": ""77008""}"	No_Match	68
019ab3e7-e9f7-7b27-a2c1-d0e397cdc7a8	1 Healthy Way, Oceanside, Ny, 11572	"{""id"": 0, ""street"": ""1 HEALTHY WAY"", ""city"": ""OCEANSIDE"", ""state"": ""NY"", ""zip"": ""11572""}"	No_Match	68
019ab701-d9e8-7eee-87ef-792b6c6bf450	13895 Hwy 27, Lake Wales, Fl, 33859	"{""id"": 0, ""street"": ""13895 HWY 27"", ""city"": ""LAKE WALES"", ""state"": ""FL"", ""zip"": ""33859""}"	No_Match	68
019ab408-7d3a-7bcd-a83b-ed8921dbe074	137 S Marketplace Blvd, Lansing, Mi, 48917	"{""id"": 0, ""street"": ""137 S MARKETPLACE BLVD"", ""city"": ""LANSING"", ""state"": ""MI"", ""zip"": ""48917""}"	No_Match	68
019ab419-2dc2-75a0-5615-ead67b32b9a0	405 Main Building, Notre Dame, In, 46556	"{""id"": 0, ""street"": ""405 MAIN BUILDING"", ""city"": ""NOTRE DAME"", ""state"": ""IN"", ""zip"": ""46556""}"	No_Match	68
019ab419-2b70-749a-3f50-10b7af4c9238	5200 Campus Drive, College Park, Md, 20740	"{""id"": 0, ""street"": ""5200 CAMPUS DRIVE"", ""city"": ""COLLEGE PARK"", ""state"": ""MD"", ""zip"": ""20740""}"	No_Match	68
019ab409-927a-7001-0f35-231f6dc428bc	10223 Boys Ranch Road, San Angelo, Tx, 76904	"{""id"": 0, ""street"": ""10223 BOYS RANCH ROAD"", ""city"": ""SAN ANGELO"", ""state"": ""TX"", ""zip"": ""76904""}"	No_Match	68
019ab3ff-981e-7d1a-3dd9-cb699c5b2bec	751 Ukrop Way, Williamsburg, Va, 23185	"{""id"": 0, ""street"": ""751 UKROP WAY"", ""city"": ""WILLIAMSBURG"", ""state"": ""VA"", ""zip"": ""23185""}"	No_Match	68
019ab419-2039-77cb-666a-be3aa2c2b718	10100 Jamison Avenue, Philadelphia, Pa, 19116	"{""id"": 0, ""street"": ""10100 JAMISON AVENUE"", ""city"": ""PHILADELPHIA"", ""state"": ""PA"", ""zip"": ""19116""}"	No_Match	68
019ab714-376a-7461-a5ba-ae25fe22a528	321 Wall Street, Princeton, Nj, 08540	"{""id"": 0, ""street"": ""321 WALL STREET"", ""city"": ""PRINCETON"", ""state"": ""NJ"", ""zip"": ""08540""}"	No_Match	67
019ab5e1-0ff7-7cb9-5db7-bedfc0e4dc6c	Church Street Station, New York, Ny, 10008	"{""id"": 0, ""street"": ""CHURCH STREET STATION"", ""city"": ""NEW YORK"", ""state"": ""NY"", ""zip"": ""10008""}"	No_Match	67
019ab40e-ec0d-7153-b202-32afc99705f8	4111 University Blvd, Tyler, Tx, 75701	"{""id"": 0, ""street"": ""4111 UNIVERSITY BLVD"", ""city"": ""TYLER"", ""state"": ""TX"", ""zip"": ""75701""}"	No_Match	67
019ab40c-b5ac-7aa5-c559-8233b7090c64	125 Route 340, Sparkill, Ny, 10976	"{""id"": 0, ""street"": ""125 ROUTE 340"", ""city"": ""SPARKILL"", ""state"": ""NY"", ""zip"": ""10976""}"	No_Match	67
019ab722-4e31-72d0-cd87-7fbb797dd554	C/O Cff Inc 1610 Skye Drive, Chapel Hill, Nc, 27516	"{""id"": 0, ""street"": ""C/O CFF INC 1610 SKYE DRIVE"", ""city"": ""CHAPEL HILL"", ""state"": ""NC"", ""zip"": ""27516""}"	No_Match	67
019ab733-73e9-7268-e0fa-ea1b830e4ae8	5011 Tecumseh St, College Park, Md, 20740	"{""id"": 0, ""street"": ""5011 TECUMSEH ST"", ""city"": ""COLLEGE PARK"", ""state"": ""MD"", ""zip"": ""20740""}"	No_Match	67
019ab3f9-3f11-7696-cdec-185f639a6460	17624 Route 84 N, East Moline, Il, 61244	"{""id"": 0, ""street"": ""17624 ROUTE 84 N"", ""city"": ""EAST MOLINE"", ""state"": ""IL"", ""zip"": ""61244""}"	No_Match	67
019ab419-2e2c-70d8-2947-69cdae984d30	175 Oceanport Avenue, Oceanport, Nj, 07757	"{""id"": 0, ""street"": ""175 OCEANPORT AVENUE"", ""city"": ""OCEANPORT"", ""state"": ""NJ"", ""zip"": ""07757""}"	No_Match	67
019ab714-2ea5-7134-9f8e-b70dae50819c	750 Hicksville Road, Seaford, Ny, 11783	"{""id"": 0, ""street"": ""750 HICKSVILLE ROAD"", ""city"": ""SEAFORD"", ""state"": ""NY"", ""zip"": ""11783""}"	No_Match	67
019ab408-27fb-7959-2f66-802c846d288c	54 Lighthouse Circle, South Portland, Me, 04106	"{""id"": 0, ""street"": ""54 LIGHTHOUSE CIRCLE"", ""city"": ""SOUTH PORTLAND"", ""state"": ""ME"", ""zip"": ""04106""}"	No_Match	67
019ab714-332c-7f5b-68e3-ae57301fb3bc	C/O Sh Tax 2200 River Plaza Dr, Sacramento, Ca, 95833	"{""id"": 0, ""street"": ""C/O SH TAX 2200 RIVER PLAZA DR"", ""city"": ""SACRAMENTO"", ""state"": ""CA"", ""zip"": ""95833""}"	No_Match	67
019ab437-06d4-7084-6789-adb7700eee30	6211 Ih 10 West, San Antonio, Tx, 78201	"{""id"": 0, ""street"": ""6211 IH 10 WEST"", ""city"": ""SAN ANTONIO"", ""state"": ""TX"", ""zip"": ""78201""}"	No_Match	67
019ab437-0c99-76c3-bcf3-e119c1ca0fc0	4343 Elgin St, Houston, Tx, 77204	"{""id"": 0, ""street"": ""4343 ELGIN ST"", ""city"": ""Houston"", ""state"": ""TX"", ""zip"": ""77204""}"	No_Match	67
019ab701-d3bc-7c51-e794-f50701fa12b4	433 W Murray Avenue, Durham, Nc, 27704	"{""id"": 0, ""street"": ""433 W MURRAY AVENUE"", ""city"": ""DURHAM"", ""state"": ""NC"", ""zip"": ""27704""}"	No_Match	67
019ab419-2fac-711b-1628-a15133bc4020	211 Kirkland Hall, Nashville, Tn, 37240	"{""id"": 0, ""street"": ""211 KIRKLAND HALL"", ""city"": ""NASHVILLE"", ""state"": ""TN"", ""zip"": ""37240""}"	No_Match	66
019ab70d-5106-7379-0fb9-547384d10128	950 Episcopal School Way, Knoxville, Tn, 37932	"{""id"": 0, ""street"": ""950 EPISCOPAL SCHOOL WAY"", ""city"": ""KNOXVILLE"", ""state"": ""TN"", ""zip"": ""37932""}"	No_Match	66
019ab79d-ef8b-7f5e-4c58-f11bf00c155c	Na, Walla Walla, Wa, 99362	"{""id"": 0, ""street"": ""NA"", ""city"": ""WALLA WALLA"", ""state"": ""WA"", ""zip"": ""99362""}"	No_Match	66
019ab76f-f071-7303-85dc-43c7a3b3ce94	Bovard Administration Building Room, Los Angeles, Ca, 90089	"{""id"": 0, ""street"": ""Bovard Administration Building Room"", ""city"": ""Los Angeles"", ""state"": ""CA"", ""zip"": ""90089""}"	No_Match	66
019ab3e2-e425-7618-d29e-7b8b5c552d78	1 Dent Dr, Lewisburg, Pa, 17837	"{""id"": 0, ""street"": ""1 DENT DR"", ""city"": ""LEWISBURG"", ""state"": ""PA"", ""zip"": ""17837""}"	No_Match	66
019ab707-1007-7657-03f4-7de019490d0c	125 Sunset Avenue, Dallas, Tx, 75208	"{""id"": 0, ""street"": ""125 Sunset Avenue"", ""city"": ""Dallas"", ""state"": ""TX"", ""zip"": ""75208""}"	No_Match	66
019ab70d-4c3a-7070-4df3-84497cef24ac	11025 Voyager Parkway, Colorado Springs, Co, 80921	"{""id"": 0, ""street"": ""11025 voyager parkway"", ""city"": ""colorado springs"", ""state"": ""CO"", ""zip"": ""80921""}"	No_Match	66
019ab3f9-8eba-7a49-b24e-0293ef1be898	73 Times Farm Road, Andover, Ct, 06232	"{""id"": 0, ""street"": ""73 TIMES FARM ROAD"", ""city"": ""ANDOVER"", ""state"": ""CT"", ""zip"": ""06232""}"	No_Match	66
019ab701-d1ad-7f73-c9b0-4b177502ef90	7101 Lahser Rd, Bloomfield Hills, Mi, 48301	"{""id"": 0, ""street"": ""7101 LAHSER RD"", ""city"": ""BLOOMFIELD HILLS"", ""state"": ""MI"", ""zip"": ""48301""}"	No_Match	66
019ab5e0-ef09-7876-e690-40cc7c59b0c4	2700 Airport Freeway, Fort Worth, Tx, 76111	"{""id"": 0, ""street"": ""2700 AIRPORT FREEWAY"", ""city"": ""FORT WORTH"", ""state"": ""TX"", ""zip"": ""76111""}"	No_Match	66
019ab7be-8c9b-7ac0-2d54-188c7cfb1b50	640 Skytop Rd Suite 240, Syracuse, Ny, 13244	"{""id"": 0, ""street"": ""640 SKYTOP RD SUITE 240"", ""city"": ""SYRACUSE"", ""state"": ""NY"", ""zip"": ""13244""}"	No_Match	66
019ab3e8-a800-783b-5e38-a6e2ec55638c	105 Campus Drive, Oneonta, Ny, 13820	"{""id"": 0, ""street"": ""105 CAMPUS DRIVE"", ""city"": ""ONEONTA"", ""state"": ""NY"", ""zip"": ""13820""}"	No_Match	66
019ab40b-002f-7800-9b11-d271a3366808	7 Ridgedale Ave Suite 103, Cedar Knolls, Nj, 07827	"{""id"": 0, ""street"": ""7 RIDGEDALE AVE SUITE 103"", ""city"": ""CEDAR KNOLLS"", ""state"": ""NJ"", ""zip"": ""07827""}"	No_Match	66
019ab419-25fb-77d1-8363-f2d4cf8487d0	3601 Mapleshade Ln, Plano, Tx, 75075	"{""id"": 0, ""street"": ""3601 MAPLESHADE LN"", ""city"": ""PLANO"", ""state"": ""TX"", ""zip"": ""75075""}"	No_Match	66
019ab706-feab-73ce-d899-28f47fa19ea4	400 West Cummings Park Suite 6100, Woburn, Ma, 01801	"{""id"": 0, ""street"": ""400 WEST CUMMINGS PARK SUITE 6100"", ""city"": ""WOBURN"", ""state"": ""MA"", ""zip"": ""01801""}"	No_Match	66
019ab3ea-2911-7634-ca1c-362a1ef1a0b0	100 Madison Avenue, Morristown, Nj, 07960	"{""id"": 0, ""street"": ""100 MADISON AVENUE"", ""city"": ""MORRISTOWN"", ""state"": ""NJ"", ""zip"": ""07960""}"	No_Match	66
019ab436-eeaf-7e8b-7f6d-7ac3c9d308f4	839 Sesame St, Bethlehem, Pa, 18015	"{""id"": 0, ""street"": ""839 SESAME ST"", ""city"": ""BETHLEHEM"", ""state"": ""PA"", ""zip"": ""18015""}"	No_Match	66
019ab419-2976-7d46-11c5-563ddb3c0290	22041 Boca Rio Road, Boca Raton, Fl, 33433	"{""id"": 0, ""street"": ""22041 BOCA RIO ROAD"", ""city"": ""BOCA RATON"", ""state"": ""FL"", ""zip"": ""33433""}"	No_Match	66
019ab5e1-05f6-7f39-99a2-a485b8f39dfc	825 Eigth Avenue, New York, Ny, 10019	"{""id"": 0, ""street"": ""825 EIGTH AVENUE"", ""city"": ""NEW YORK"", ""state"": ""NY"", ""zip"": ""10019""}"	No_Match	66
019ab720-30f1-7a8d-e574-20ee66b84a64	2103 Saasb, Santa Barbara, Ca, 93106	"{""id"": 0, ""street"": ""2103 SAASB"", ""city"": ""SANTA BARBARA"", ""state"": ""CA"", ""zip"": ""93106""}"	No_Match	66
019ab419-2c51-7365-f035-8d017495e098	227D Hetzel Union Building, University Park, Pa, 16802	"{""id"": 0, ""street"": ""227D Hetzel Union Building"", ""city"": ""University Park"", ""state"": ""PA"", ""zip"": ""16802""}"	No_Match	66
019ab5e0-ec79-7317-5ffa-08ff8f2b3bb0	N61 W23044 Harrys Way, Sussex, Wi, 53089	"{""id"": 0, ""street"": ""N61 W23044 HARRYS WAY"", ""city"": ""SUSSEX"", ""state"": ""WI"", ""zip"": ""53089""}"	No_Match	66
019ab5e1-0797-7a62-2ed7-3552ab9c481c	Compassion International, Colorado Springs, Co, 80997	"{""id"": 0, ""street"": ""COMPASSION INTERNATIONAL"", ""city"": ""COLORADO SPRINGS"", ""state"": ""CO"", ""zip"": ""80997""}"	No_Match	66
019ab5e1-035a-761e-ce52-f303a999a158	1 University Pkwy, High Point, Nc, 27268	"{""id"": 0, ""street"": ""1 UNIVERSITY PKWY"", ""city"": ""HIGH POINT"", ""state"": ""NC"", ""zip"": ""27268""}"	No_Match	66
019ab419-30f4-78bd-1404-695b885058a4	475 Riverside Dr Suite 1450, New York, Ny, 10115	"{""id"": 0, ""street"": ""475 RIVERSIDE DR SUITE 1450"", ""city"": ""NEW YORK"", ""state"": ""NY"", ""zip"": ""10115""}"	No_Match	66
019ab437-1328-7a84-0053-ef4fd1ba235c	One University Avenue, Fulton, Mo, 65251	"{""id"": 0, ""street"": ""ONE UNIVERSITY AVENUE"", ""city"": ""FULTON"", ""state"": ""MO"", ""zip"": ""65251""}"	No_Match	66
019ab3f4-1783-7d7a-8e81-5c8119aa6380	9601 Baptist Health Dr, Little Rock, Ar, 72205	"{""id"": 0, ""street"": ""9601 BAPTIST HEALTH DR"", ""city"": ""LITTLE ROCK"", ""state"": ""AR"", ""zip"": ""72205""}"	No_Match	66
019ab7c2-93c3-71bf-e830-11d542b8f41c	800 Maine Ave Sw Ste 500, Washington, Dc, 20024	"{""id"": 0, ""street"": ""800 MAINE AVE SW STE 500"", ""city"": ""WASHINGTON"", ""state"": ""DC"", ""zip"": ""20024""}"	No_Match	66
019ab437-0e08-7e75-c5d0-82f5340d7c48	909 Progress Circle, Salisbury, Md, 21804	"{""id"": 0, ""street"": ""909 PROGRESS CIRCLE"", ""city"": ""SALISBURY"", ""state"": ""MD"", ""zip"": ""21804""}"	No_Match	66
019ab7ae-fa55-7b81-75f0-27002cd31ab8	700 Pennsylvania Avenue Se Suite, Washington, Dc, 20003	"{""id"": 0, ""street"": ""700 PENNSYLVANIA AVENUE SE SUITE"", ""city"": ""WASHINGTON"", ""state"": ""DC"", ""zip"": ""20003""}"	No_Match	66
019ab401-b83a-76f9-c584-debeef361264	11832 Big Canoe, Jasper, Ga, 30143	"{""id"": 0, ""street"": ""11832 BIG CANOE"", ""city"": ""JASPER"", ""state"": ""GA"", ""zip"": ""30143""}"	No_Match	66
019ab76f-e6a7-74e6-fc86-d043d75f3cf4	245 University Office Building, Riverside, Ca, 92521	"{""id"": 0, ""street"": ""245 UNIVERSITY OFFICE BUILDING"", ""city"": ""RIVERSIDE"", ""state"": ""CA"", ""zip"": ""92521""}"	No_Match	66
019ab3ee-449e-75e1-cd77-7337c1596a58	8940 Jones Mill Rd, Chevy Chase, Md, 20815	"{""id"": 0, ""street"": ""8940 JONES MILL RD"", ""city"": ""CHEVY CHASE"", ""state"": ""MD"", ""zip"": ""20815""}"	No_Match	66
019ab3fb-be57-7607-d6af-dc56216e9688	3500 Reservoir Dr, Philadelphia, Pa, 19121	"{""id"": 0, ""street"": ""3500 RESERVOIR DR"", ""city"": ""PHILADELPHIA"", ""state"": ""PA"", ""zip"": ""19121""}"	No_Match	66
019ab436-f1dc-723f-75a9-81d00d3877c4	75376 River Road, St Benedict, La, 70457	"{""id"": 0, ""street"": ""75376 RIVER ROAD"", ""city"": ""ST BENEDICT"", ""state"": ""LA"", ""zip"": ""70457""}"	No_Match	66
019ab3f6-5082-75c8-41a5-351c1b2660bc	2425 Old Court Rd, Baltimore, Md, 21208	"{""id"": 0, ""street"": ""2425 OLD COURT RD"", ""city"": ""BALTIMORE"", ""state"": ""MD"", ""zip"": ""21208""}"	No_Match	66
019ab3ec-9832-7e56-8e15-b6d7b4e5b0e0	700 Grace Pkwy, Fenton, Mo, 63026	"{""id"": 0, ""street"": ""700 GRACE PKWY"", ""city"": ""FENTON"", ""state"": ""MO"", ""zip"": ""63026""}"	No_Match	66
019ab406-38b1-7ff6-5d5c-ec2949602b18	1 Museum Way, Corning, Ny, 14830	"{""id"": 0, ""street"": ""1 MUSEUM WAY"", ""city"": ""CORNING"", ""state"": ""NY"", ""zip"": ""14830""}"	No_Match	66
019ab3ed-3564-76b7-d3de-010091bdb0a4	1600 El Camino Real Suite 155, Menlo Park, Ca, 94025	"{""id"": 0, ""street"": ""1600 El Camino Real Suite 155"", ""city"": ""Menlo Park"", ""state"": ""CA"", ""zip"": ""94025""}"	No_Match	66
019ab40e-e375-75ce-b1ab-951ff1b54574	6060 Habitat For Horses Lane, Alvin, Tx, 77511	"{""id"": 0, ""street"": ""6060 HABITAT FOR HORSES LANE"", ""city"": ""ALVIN"", ""state"": ""TX"", ""zip"": ""77511""}"	No_Match	66
019ab3ef-2f45-710e-a7ee-be0028c4eb00	355 Duck Pond Road, Locust Valley, Ny, 11560	"{""id"": 0, ""street"": ""355 Duck Pond Road"", ""city"": ""Locust Valley"", ""state"": ""NY"", ""zip"": ""11560""}"	No_Match	66
019ab437-1304-781e-b01c-1ac3f7a8ec98	1300 Academy Road 153, Culver, In, 46511	"{""id"": 0, ""street"": ""1300 Academy Road 153"", ""city"": ""Culver"", ""state"": ""IN"", ""zip"": ""46511""}"	No_Match	66
019ab409-5f74-79e5-2576-27e4ca1835ec	4800 Minnehaha Avenue South, Minneapolis, Mn, 55417	"{""id"": 0, ""street"": ""4800 MINNEHAHA AVENUE SOUTH"", ""city"": ""MINNEAPOLIS"", ""state"": ""MN"", ""zip"": ""55417""}"	No_Match	66
019ab701-d35d-73d1-d3f0-109c39d33fd4	1900 Raritan Road, Scotch Plains, Nj, 07076	"{""id"": 0, ""street"": ""1900 RARITAN ROAD"", ""city"": ""SCOTCH PLAINS"", ""state"": ""NJ"", ""zip"": ""07076""}"	No_Match	66
019ab5e1-1bc3-77ed-bdd3-75df2cecb244	300 Teaneck Road, Teaneck, Nj, 07666	"{""id"": 0, ""street"": ""300 TEANECK ROAD"", ""city"": ""TEANECK"", ""state"": ""NJ"", ""zip"": ""07666""}"	No_Match	66
019ab5e0-e70b-771d-a0c7-4e4191b339c0	21377 Network Place, Chicago, Il, 60673	"{""id"": 0, ""street"": ""21377 NETWORK PLACE"", ""city"": ""CHICAGO"", ""state"": ""IL"", ""zip"": ""60673""}"	No_Match	66
019ab437-0939-7d07-e959-2ebb1ba88318	130 Division St, Derby, Ct, 06418	"{""id"": 0, ""street"": ""130 DIVISION ST"", ""city"": ""DERBY"", ""state"": ""CT"", ""zip"": ""06418""}"	No_Match	66
019ab407-dc68-7359-f98e-e34ca4dba7b0	383 Us Route One Suite 2C, Scarborough, Me, 04074	"{""id"": 0, ""street"": ""383 US ROUTE ONE SUITE 2C"", ""city"": ""SCARBOROUGH"", ""state"": ""ME"", ""zip"": ""04074""}"	No_Match	66
019ab437-03fd-72d1-da12-82f2f5c5cf88	3415 Valley Road, Liberty Corner, Nj, 07938	"{""id"": 0, ""street"": ""3415 VALLEY ROAD"", ""city"": ""LIBERTY CORNER"", ""state"": ""NJ"", ""zip"": ""07938""}"	No_Match	66
019ab436-f281-70f4-bce0-cbd27d4e9634	1 Western Way, Gunnison, Co, 81231	"{""id"": 0, ""street"": ""1 WESTERN WAY"", ""city"": ""GUNNISON"", ""state"": ""CO"", ""zip"": ""81231""}"	No_Match	66
019ab437-0bd3-77d9-af7a-d61ebc8da810	One Park Avenue 3Rd Floor, New York, Ny, 10016	"{""id"": 0, ""street"": ""ONE PARK AVENUE 3RD FLOOR"", ""city"": ""NEW YORK"", ""state"": ""NY"", ""zip"": ""10016""}"	No_Match	66
019ab419-2ae2-72e3-45f4-41132343cd24	1000 17Th Avenue North, Nashville, Tn, 37208	"{""id"": 0, ""street"": ""1000 17TH AVENUE NORTH"", ""city"": ""NASHVILLE"", ""state"": ""TN"", ""zip"": ""37208""}"	No_Match	66
019ab3f9-2a0e-7b6f-7211-d250a0dfe4c0	1200 E California Blvd Mc 5-32, Pasadena, Ca, 91125	"{""id"": 0, ""street"": ""1200 E CALIFORNIA BLVD MC 5-32"", ""city"": ""PASADENA"", ""state"": ""CA"", ""zip"": ""91125""}"	No_Match	66
019ab3f5-3517-74bf-d1eb-c75d33bfabfc	C/O Farmers Trust Co 42 Mcclurg R, Youngstown, Oh, 44512	"{""id"": 0, ""street"": ""C/O FARMERS TRUST CO 42 MCCLURG R"", ""city"": ""YOUNGSTOWN"", ""state"": ""OH"", ""zip"": ""44512""}"	No_Match	66
019ab3ed-22ad-7690-2ee0-d13e24da2144	2801 N Charles St, Pittsburgh, Pa, 15214	"{""id"": 0, ""street"": ""2801 N CHARLES ST"", ""city"": ""PITTSBURGH"", ""state"": ""PA"", ""zip"": ""15214""}"	No_Match	66
019ab3e0-cb67-7dca-8e5f-1482e1a05c40	1925 Shelter Court, Oshkosh, Wi, 54901	"{""id"": 0, ""street"": ""1925 SHELTER COURT"", ""city"": ""OSHKOSH"", ""state"": ""WI"", ""zip"": ""54901""}"	No_Match	66
019ab7a5-c525-78f4-532c-6d890c737c94	See Attached, See Attached, Pa, 19460	"{""id"": 0, ""street"": ""SEE ATTACHED"", ""city"": ""SEE ATTACHED"", ""state"": ""PA"", ""zip"": ""19460""}"	No_Match	66
019ab40c-09f8-7d91-a947-a0efcbe00bf4	2309 Santa Monica Blvd, Santa Monica, Ca, 90404	"{""id"": 0, ""street"": ""2309 SANTA MONICA BLVD"", ""city"": ""SANTA MONICA"", ""state"": ""CA"", ""zip"": ""90404""}"	No_Match	66
019ab701-d721-7dbf-5c64-662067f90388	100 East Lancaster Avenue, Wynnewood, Pa, 19096	"{""id"": 0, ""street"": ""100 East Lancaster Avenue"", ""city"": ""Wynnewood"", ""state"": ""PA"", ""zip"": ""19096""}"	No_Match	66
019ab3fd-15d7-76cf-d202-edf54040d87c	Po Drawer 1628, Mobile, Al, 36633	"{""id"": 0, ""street"": ""PO DRAWER 1628"", ""city"": ""MOBILE"", ""state"": ""AL"", ""zip"": ""36633""}"	No_Match	66
019ab714-3872-79c3-e9f0-8055949c0ea4	3401 Reservoir Dr, Philadelphia, Pa, 19121	"{""id"": 0, ""street"": ""3401 RESERVOIR DR"", ""city"": ""PHILADELPHIA"", ""state"": ""PA"", ""zip"": ""19121""}"	No_Match	66
019ab714-359d-7ec5-5904-a455d441c058	Stanford University Development, Stanford, Ca, 94305	"{""id"": 0, ""street"": ""Stanford University Development"", ""city"": ""Stanford"", ""state"": ""CA"", ""zip"": ""94305""}"	No_Match	66
019ab707-0cc0-7066-67a6-e13a62866bac	156 Thomas Boyd Hall, Baton Rouge, La, 70803	"{""id"": 0, ""street"": ""156 THOMAS BOYD HALL"", ""city"": ""BATON ROUGE"", ""state"": ""LA"", ""zip"": ""70803""}"	No_Match	66
019ab3e0-be4b-72ce-961e-0d08cfb53784	1000 Tongue River Road, Ashland, Mt, 59003	"{""id"": 0, ""street"": ""1000 TONGUE RIVER ROAD"", ""city"": ""ASHLAND"", ""state"": ""MT"", ""zip"": ""59003""}"	No_Match	66
019ab701-e12a-724f-55df-ee10471915f0	100 Barber Place, Erie, Pa, 16507	"{""id"": 0, ""street"": ""100 BARBER PLACE"", ""city"": ""ERIE"", ""state"": ""PA"", ""zip"": ""16507""}"	No_Match	66
019ab5e0-f5e6-79ba-92d1-1b8d6e981048	7020 Moon Road, Columbus, Ga, 31909	"{""id"": 0, ""street"": ""7020 MOON ROAD"", ""city"": ""COLUMBUS"", ""state"": ""GA"", ""zip"": ""31909""}"	No_Match	66
019ab714-2dc5-7771-5886-7f1a39edbe28	595 S Riverwoods Parkway Suite 400, Logan, Ut, 84321	"{""id"": 0, ""street"": ""595 S Riverwoods Parkway Suite 400"", ""city"": ""Logan"", ""state"": ""UT"", ""zip"": ""84321""}"	No_Match	65
019ab5e0-f0a3-7238-ab22-7623f75633e0	1200 E Verona Ave, Verona, Wi, 53593	"{""id"": 0, ""street"": ""1200 E VERONA AVE"", ""city"": ""VERONA"", ""state"": ""WI"", ""zip"": ""53593""}"	No_Match	65
019ab3f1-be03-73cb-6eba-4eaf4d532b68	111 Library St Ne, Grand Rapids, Mi, 49503	"{""id"": 0, ""street"": ""111 LIBRARY ST NE"", ""city"": ""GRAND RAPIDS"", ""state"": ""MI"", ""zip"": ""49503""}"	No_Match	65
019ab3fa-3253-73bf-0c8b-920a07ea9ebc	19105 Longs Way, Parker, Co, 80134	"{""id"": 0, ""street"": ""19105 LONGS WAY"", ""city"": ""PARKER"", ""state"": ""CO"", ""zip"": ""80134""}"	No_Match	65
019ab3e3-307f-73b4-dd8c-4d39e229fe78	C/O Bbh Co 140 Broadway Pb-Tax S, New York, Ny, 10005	"{""id"": 0, ""street"": ""C/O BBH CO 140 BROADWAY PB-TAX S"", ""city"": ""NEW YORK"", ""state"": ""NY"", ""zip"": ""10005""}"	No_Match	65
019ab437-02c7-72c4-511c-768773eda45c	500 Mamaroneck Avenue, Harrison, Ny, 10528	"{""id"": 0, ""street"": ""500 MAMARONECK AVENUE"", ""city"": ""HARRISON"", ""state"": ""NY"", ""zip"": ""10528""}"	No_Match	65
019ab5e0-e003-7deb-121a-63157665541c	99 Bishop Richard Allen Drive, Cambridge, Ma, 02139	"{""id"": 0, ""street"": ""99 BISHOP RICHARD ALLEN DRIVE"", ""city"": ""CAMBRIDGE"", ""state"": ""MA"", ""zip"": ""02139""}"	No_Match	65
019ab437-10eb-7743-f811-533aadd9125c	21350 W 153Rd St, Olathe, Ks, 66061	"{""id"": 0, ""street"": ""21350 W 153RD ST"", ""city"": ""OLATHE"", ""state"": ""KS"", ""zip"": ""66061""}"	No_Match	65
019ab77a-ebf0-7d9a-12f5-b7a45f0ac260	New York, New York, Ny, 10075	"{""id"": 0, ""street"": ""NEW YORK"", ""city"": ""NEW YORK"", ""state"": ""NY"", ""zip"": ""10075""}"	No_Match	64
019ab436-f4ba-7406-f49c-20d56da4c4d8	150 Morrissey Boulevard, Boston, Ma, 02125	"{""id"": 0, ""street"": ""150 Morrissey Boulevard"", ""city"": ""Boston"", ""state"": ""MA"", ""zip"": ""02125""}"	No_Match	64
019ab5e1-0716-79a5-8216-4e8cddebdcec	101 Ymca Way, Covington, Va, 24426	"{""id"": 0, ""street"": ""101 YMCA Way"", ""city"": ""Covington"", ""state"": ""VA"", ""zip"": ""24426""}"	No_Match	64
019ab437-0c98-71ee-470e-7f278476c140	1 Park Pl, Elmira, Ny, 14901	"{""id"": 0, ""street"": ""1 PARK PL"", ""city"": ""ELMIRA"", ""state"": ""NY"", ""zip"": ""14901""}"	No_Match	64
019ab720-3182-7569-eb22-060d8c338fe0	2300 High Ridge Road, Boynton Beach, Fl, 33426	"{""id"": 0, ""street"": ""2300 HIGH RIDGE ROAD"", ""city"": ""BOYNTON BEACH"", ""state"": ""FL"", ""zip"": ""33426""}"	No_Match	64
019ab7ae-f39e-769e-252f-b748732e7734	C/O The Maleh Family Foundation, Brooklyn, Ny, 11223	"{""id"": 0, ""street"": ""C/O THE MALEH FAMILY FOUNDATION"", ""city"": ""BROOKLYN"", ""state"": ""NY"", ""zip"": ""11223""}"	No_Match	64
019ab5e0-e890-7649-dded-afcbc5418530	Lincoln Hall 220, Berea, Ky, 40404	"{""id"": 0, ""street"": ""LINCOLN HALL 220"", ""city"": ""BEREA"", ""state"": ""KY"", ""zip"": ""40404""}"	No_Match	64
019ab701-d7ee-7168-3b02-026b39b0c7b0	50 Oakwood Avenue, North Haledon, Nj, 07508	"{""id"": 0, ""street"": ""50 OAKWOOD AVENUE"", ""city"": ""NORTH HALEDON"", ""state"": ""NJ"", ""zip"": ""07508""}"	No_Match	64
019ab407-c4a1-7c6d-0801-affe53e7c9f0	4901 Eastern Ave, Hyattsville, Md, 20782	"{""id"": 0, ""street"": ""4901 EASTERN AVE"", ""city"": ""HYATTSVILLE"", ""state"": ""MD"", ""zip"": ""20782""}"	No_Match	64
019ab701-de41-7d9b-1643-6ea738de8030	1805 15Th Avenue, Union Grove, Wi, 53182	"{""id"": 0, ""street"": ""1805 15TH AVENUE"", ""city"": ""UNION GROVE"", ""state"": ""WI"", ""zip"": ""53182""}"	No_Match	64
019ab408-641e-7e1e-396a-e8f80ac0efbc	9751 Bonita Beach Road, Bonita Springs, Fl, 34135	"{""id"": 0, ""street"": ""9751 BONITA BEACH ROAD"", ""city"": ""BONITA SPRINGS"", ""state"": ""FL"", ""zip"": ""34135""}"	No_Match	64
019ab3e1-0e41-7734-b7b3-61a1b03863cc	2000 Reverend Abraham Woods Jr Blvd, Birmingham, Al, 35203	"{""id"": 0, ""street"": ""2000 REVEREND ABRAHAM WOODS JR BLVD"", ""city"": ""BIRMINGHAM"", ""state"": ""AL"", ""zip"": ""35203""}"	No_Match	64
019ab437-009b-7e91-b541-59dbea1e5de4	998 Logan Blvd, Altoona, Pa, 16602	"{""id"": 0, ""street"": ""998 LOGAN BLVD"", ""city"": ""ALTOONA"", ""state"": ""PA"", ""zip"": ""16602""}"	No_Match	64
019ab3f6-82f9-7397-9c0b-70ad3002900c	505 Bloomfield Ave, Montclair, Nj, 07042	"{""id"": 0, ""street"": ""505 BLOOMFIELD AVE"", ""city"": ""MONTCLAIR"", ""state"": ""NJ"", ""zip"": ""07042""}"	No_Match	64
019ab437-059e-711a-2530-5fc9b8793238	2000 Ultimate Way, Weston, Fl, 33326	"{""id"": 0, ""street"": ""2000 ULTIMATE WAY"", ""city"": ""WESTON"", ""state"": ""FL"", ""zip"": ""33326""}"	No_Match	64
019ab436-f7ef-755d-c9e0-4635930378cc	9620 Brader Way, Middleton, Wi, 53562	"{""id"": 0, ""street"": ""9620 BRADER WAY"", ""city"": ""MIDDLETON"", ""state"": ""WI"", ""zip"": ""53562""}"	No_Match	64
019ab701-da75-7c3c-1bae-662644625328	3200 Highway 100 S, St Louis Park, Mn, 55416	"{""id"": 0, ""street"": ""3200 HIGHWAY 100 S"", ""city"": ""ST LOUIS PARK"", ""state"": ""MN"", ""zip"": ""55416""}"	No_Match	64
019ab3df-b5ca-7993-0853-743e3ab1138c	15 Jesse Hall, Columbia, Mo, 65211	"{""id"": 0, ""street"": ""15 JESSE HALL"", ""city"": ""COLUMBIA"", ""state"": ""MO"", ""zip"": ""65211""}"	No_Match	64
019ab419-2202-783b-da40-8f2a9fd148d4	8733 La Prada Dr, Dallas, Tx, 75228	"{""id"": 0, ""street"": ""8733 LA PRADA DR"", ""city"": ""DALLAS"", ""state"": ""TX"", ""zip"": ""75228""}"	No_Match	64
019ab412-1ff2-7dd8-bd9c-c0b2ac07a7d4	Memorial Hall 134 Hicks Way, Amherst, Ma, 01003	"{""id"": 0, ""street"": ""MEMORIAL HALL 134 HICKS WAY"", ""city"": ""AMHERST"", ""state"": ""MA"", ""zip"": ""01003""}"	No_Match	64
019ab5e0-e8bc-7356-3707-6287f0160930	100 University Pkwy, Macon, Ga, 31206	"{""id"": 0, ""street"": ""100 UNIVERSITY PKWY"", ""city"": ""MACON"", ""state"": ""GA"", ""zip"": ""31206""}"	No_Match	64
019ab5e1-084b-788b-5128-58a75ebf2094	100 Wall Street Floor 9, New York, Ny, 10005	"{""id"": 0, ""street"": ""100 WALL STREET FLOOR 9"", ""city"": ""NEW YORK"", ""state"": ""NY"", ""zip"": ""10005""}"	No_Match	64
019ab7d0-02a3-7b1d-ecb0-fd8421ac0f18	C/O Chicago Community Trust 33 S Street, Chicago, Il, 60603	"{""id"": 0, ""street"": ""c/o Chicago Community Trust 33 S Street"", ""city"": ""Chicago"", ""state"": ""IL"", ""zip"": ""60603""}"	No_Match	64
019ab72c-fb58-7008-157d-9c72795c6f8c	Financial Aid Office 502 East Boone, Spokane, Wa, 99259	"{""id"": 0, ""street"": ""FINANCIAL AID OFFICE 502 EAST BOONE"", ""city"": ""SPOKANE"", ""state"": ""WA"", ""zip"": ""99259""}"	No_Match	64
019ab436-f066-785a-ae6e-f39ce9ef90e4	801 Old Water Street, Tampa, Fl, 33602	"{""id"": 0, ""street"": ""801 Old Water Street"", ""city"": ""Tampa"", ""state"": ""FL"", ""zip"": ""33602""}"	No_Match	64
019ab437-0004-7169-fd53-437913d6dee8	1100 Rock And Roll Boulevard, Cleveland, Oh, 44114	"{""id"": 0, ""street"": ""1100 ROCK AND ROLL BOULEVARD"", ""city"": ""CLEVELAND"", ""state"": ""OH"", ""zip"": ""44114""}"	No_Match	64
019ab412-b5fc-7de8-b3c3-29be8eb41380	270 Stanhope Sparta Road, Andover, Nj, 07821	"{""id"": 0, ""street"": ""270 STANHOPE SPARTA ROAD"", ""city"": ""ANDOVER"", ""state"": ""NJ"", ""zip"": ""07821""}"	No_Match	64
019ab749-b6d0-7d0c-5c8a-a0b170135270	700 Pennsylvania Ave Se, Washington, Dc, 20003	"{""id"": 0, ""street"": ""700 PENNSYLVANIA AVE SE"", ""city"": ""WASHINGTON"", ""state"": ""DC"", ""zip"": ""20003""}"	No_Match	64
019ab401-b3a5-711a-3339-b37721a2a6fc	1980 Sports Club Dr, Braselton, Ga, 30517	"{""id"": 0, ""street"": ""1980 SPORTS CLUB DR"", ""city"": ""BRASELTON"", ""state"": ""GA"", ""zip"": ""30517""}"	No_Match	64
019ab408-7f68-7944-7402-83ef72d3b160	4302 Baltimore Ave, Bladensburg, Md, 20710	"{""id"": 0, ""street"": ""4302 BALTIMORE AVE"", ""city"": ""BLADENSBURG"", ""state"": ""MD"", ""zip"": ""20710""}"	No_Match	64
019ab701-cef0-76f5-df64-8e025d928f88	1200 River Rd, Conshohocken, Pa, 19428	"{""id"": 0, ""street"": ""1200 RIVER RD"", ""city"": ""CONSHOHOCKEN"", ""state"": ""PA"", ""zip"": ""19428""}"	No_Match	64
019ab722-5c57-7384-15df-4b98ed247030	155 S International Dr, Mooseheart, Il, 60539	"{""id"": 0, ""street"": ""155 S INTERNATIONAL DR"", ""city"": ""MOOSEHEART"", ""state"": ""IL"", ""zip"": ""60539""}"	No_Match	64
019ab3ff-6e26-7a26-0aa1-042a8fbc3d98	2153 Coral Way Suite 405, Miami, Fl, 33145	"{""id"": 0, ""street"": ""2153 CORAL WAY SUITE 405"", ""city"": ""MIAMI"", ""state"": ""FL"", ""zip"": ""33145""}"	No_Match	64
019ab436-fac4-760d-9d10-8f6ffdb98078	5071 Eden Ave, Edina, Mn, 55436	"{""id"": 0, ""street"": ""5071 EDEN AVE"", ""city"": ""EDINA"", ""state"": ""MN"", ""zip"": ""55436""}"	No_Match	64
019ab402-4cbd-7b94-7ad9-f4b93116cc74	3400 Hwy 231 North, Kennesaw, Ga, 30144	"{""id"": 0, ""street"": ""3400 HWY 231 NORTH"", ""city"": ""KENNESAW"", ""state"": ""GA"", ""zip"": ""30144""}"	No_Match	64
019ab3ea-a7db-796d-f6f0-bbf2edf1c5b4	14200 Us Hwy 1, Juno Beach, Fl, 33408	"{""id"": 0, ""street"": ""14200 US Hwy 1"", ""city"": ""Juno Beach"", ""state"": ""FL"", ""zip"": ""33408""}"	No_Match	64
019ab436-f395-72cc-b5cf-ca08dd8a9af4	1600 Campus Ct, Abilene, Tx, 79601	"{""id"": 0, ""street"": ""1600 CAMPUS CT"", ""city"": ""ABILENE"", ""state"": ""TX"", ""zip"": ""79601""}"	No_Match	64
019ab436-ee52-7632-eca4-a76c22cb6868	401 E Mcmillan, Cincinnati, Oh, 45206	"{""id"": 0, ""street"": ""401 E McMillan"", ""city"": ""Cincinnati"", ""state"": ""OH"", ""zip"": ""45206""}"	No_Match	64
019ab3f8-536e-7213-07a3-36b1ca40a83c	4123 S 81St Drive, Phoenix, Az, 85043	"{""id"": 0, ""street"": ""4123 S 81ST DRIVE"", ""city"": ""PHOENIX"", ""state"": ""AZ"", ""zip"": ""85043""}"	No_Match	64
019ab741-b566-700f-3862-2908122b75b0	1801 Tiger Trl, Round Rock, Tx, 78664	"{""id"": 0, ""street"": ""1801 TIGER TRL"", ""city"": ""ROUND ROCK"", ""state"": ""TX"", ""zip"": ""78664""}"	No_Match	64
019ab3f9-6661-769b-0e8e-9803af2e0ba8	500 S Huntsman Way, Salt Lake City, Ut, 84108	"{""id"": 0, ""street"": ""500 S HUNTSMAN WAY"", ""city"": ""SALT LAKE CITY"", ""state"": ""UT"", ""zip"": ""84108""}"	No_Match	64
019ab70d-488d-74fc-15f9-ee9059f0ccb4	100 Broadway 4Th Floor, New York, Ny, 10005	"{""id"": 0, ""street"": ""100 BROADWAY 4TH FLOOR"", ""city"": ""NEW YORK"", ""state"": ""NY"", ""zip"": ""10005""}"	No_Match	64
019ab7a5-c30b-722a-ed88-f898c618a0a8	310 Eisenhower Pkwy, Livingston, Nj, 07039	"{""id"": 0, ""street"": ""310 EISENHOWER PKWY"", ""city"": ""LIVINGSTON"", ""state"": ""NJ"", ""zip"": ""07039""}"	No_Match	64
019ab5e0-f55d-74ff-970c-14db877d2adc	5171 Eisenhower Parkway, Macon, Ga, 31206	"{""id"": 0, ""street"": ""5171 EISENHOWER PARKWAY"", ""city"": ""MACON"", ""state"": ""GA"", ""zip"": ""31206""}"	No_Match	64
019ab5e0-f55e-73b4-db7a-842ab562c60c	1318 Memorial Dr, Bryan, Tx, 77802	"{""id"": 0, ""street"": ""1318 MEMORIAL DR"", ""city"": ""BRYAN"", ""state"": ""TX"", ""zip"": ""77802""}"	No_Match	64
019ab419-30f3-775e-18e2-960ecfc015a4	110 Sproul Hall 5800, Berkeley, Ca, 94720	"{""id"": 0, ""street"": ""110 SPROUL HALL 5800"", ""city"": ""Berkeley"", ""state"": ""CA"", ""zip"": ""94720""}"	No_Match	64
019ab436-f1db-7f6a-0b38-366101e11b0c	86 Park Street, Attleboro, Ma, 02703	"{""id"": 0, ""street"": ""86 PARK STREET"", ""city"": ""ATTLEBORO"", ""state"": ""MA"", ""zip"": ""02703""}"	No_Match	64
019ab3e4-d0e4-73f3-0732-89cf9e649c88	3520 Kingsbury Lane, Roanoke, Va, 24014	"{""id"": 0, ""street"": ""3520 KINGSBURY LANE"", ""city"": ""ROANOKE"", ""state"": ""VA"", ""zip"": ""24014""}"	No_Match	64
019ab7ea-1972-75fa-873a-35ddc0a491ec	14641 Balfour, Oak Park, Mi, 48237	"{""id"": 0, ""street"": ""14641 BALFOUR"", ""city"": ""OAK PARK"", ""state"": ""MI"", ""zip"": ""48237""}"	No_Match	64
019ab437-0fca-7933-bf08-2329346fb934	3213 Walker Ave Nw, Grand Rapids, Mi, 49544	"{""id"": 0, ""street"": ""3213 WALKER AVE NW"", ""city"": ""GRAND RAPIDS"", ""state"": ""MI"", ""zip"": ""49544""}"	No_Match	64
019ab70d-44f5-7a8b-591d-bc520f2772d8	141 Neff Annex, Columbia, Mo, 65211	"{""id"": 0, ""street"": ""141 NEFF ANNEX"", ""city"": ""COLUMBIA"", ""state"": ""MO"", ""zip"": ""65211""}"	No_Match	64
019ab714-2989-748d-937c-e5b8f4977434	103 South Building, Chapel Hill, Nc, 27599	"{""id"": 0, ""street"": ""103 SOUTH BUILDING"", ""city"": ""CHAPEL HILL"", ""state"": ""NC"", ""zip"": ""27599""}"	No_Match	64
019ab701-db4f-7991-df52-018b60d331b0	1902 3Rd Ave N, Fargo, Nd, 58102	"{""id"": 0, ""street"": ""1902 3rd Ave N"", ""city"": ""Fargo"", ""state"": ""ND"", ""zip"": ""58102""}"	No_Match	64
019ab707-08f4-7562-524f-9cf1777b2f78	111 Edgartown Rd, Oak Bluffs, Ma, 02557	"{""id"": 0, ""street"": ""111 EDGARTOWN RD"", ""city"": ""OAK BLUFFS"", ""state"": ""MA"", ""zip"": ""02557""}"	No_Match	64
019ab5e0-e593-7463-d581-3ff615ba1ef0	231196 Momentum Place, Chicago, Il, 60689	"{""id"": 0, ""street"": ""231196 MOMENTUM PLACE"", ""city"": ""CHICAGO"", ""state"": ""IL"", ""zip"": ""60689""}"	No_Match	64
019ab5e0-f76a-74cf-d3c4-4fcce485a600	140 City Park Rd, Boerne, Tx, 78006	"{""id"": 0, ""street"": ""140 CITY PARK RD"", ""city"": ""BOERNE"", ""state"": ""TX"", ""zip"": ""78006""}"	No_Match	64
019ab437-13f1-79df-fd12-3e49743cc488	600 Peachtree Battle Ave Nw, Atlanta, Ga, 30327	"{""id"": 0, ""street"": ""600 PEACHTREE BATTLE AVE NW"", ""city"": ""ATLANTA"", ""state"": ""GA"", ""zip"": ""30327""}"	No_Match	64
019ab436-fbfa-7ec8-2bd5-cec16e6708b8	57Th Street And Lake Shore Drive, Chicago, Il, 60637	"{""id"": 0, ""street"": ""57TH STREET AND LAKE SHORE DRIVE"", ""city"": ""CHICAGO"", ""state"": ""IL"", ""zip"": ""60637""}"	No_Match	64
019ab436-f7cb-7c4b-0000-4f5d5eb72d4c	75 Bronx Science Boulevard, Bronx, Ny, 10468	"{""id"": 0, ""street"": ""75 Bronx Science Boulevard"", ""city"": ""Bronx"", ""state"": ""NY"", ""zip"": ""10468""}"	No_Match	64
019ab707-017c-7033-bf26-30260e278730	2 Park Avenue 20Th Floor, New York, Ny, 10016	"{""id"": 0, ""street"": ""2 PARK AVENUE 20TH FLOOR"", ""city"": ""NEW YORK"", ""state"": ""NY"", ""zip"": ""10016""}"	No_Match	64
019ab7d6-ad39-7aa0-cfc3-ea62b96b18bc	2001 Mercy Drive, Orlando, Fl, 32808	"{""id"": 0, ""street"": ""2001 MERCY DRIVE"", ""city"": ""ORLANDO"", ""state"": ""FL"", ""zip"": ""32808""}"	No_Match	64
019ab436-f6b4-754f-cf76-fbbdc4fd8624	150 Michael Way, Weirton, Wv, 26062	"{""id"": 0, ""street"": ""150 MICHAEL WAY"", ""city"": ""WEIRTON"", ""state"": ""WV"", ""zip"": ""26062""}"	No_Match	64
019ab3e2-d0ad-70ce-f326-5f8ca61a3d5c	2225 N Loop West, Houston, Tx, 77008	"{""id"": 0, ""street"": ""2225 N LOOP WEST"", ""city"": ""HOUSTON"", ""state"": ""TX"", ""zip"": ""77008""}"	No_Match	64
019ab3fe-0dc0-75ff-5a68-bd5bb3faac44	Mount Saint Alban, Washington, Dc, 20016	"{""id"": 0, ""street"": ""MOUNT SAINT ALBAN"", ""city"": ""WASHINGTON"", ""state"": ""DC"", ""zip"": ""20016""}"	No_Match	64
019ab70d-4d47-78af-8ae6-d374a98877c8	215 E New York Street, Aurora, Il, 60505	"{""id"": 0, ""street"": ""215 E NEW YORK STREET"", ""city"": ""AURORA"", ""state"": ""IL"", ""zip"": ""60505""}"	No_Match	64
019ab5e1-19e7-7f4d-66b4-17f7d2315140	4802 Tenth Avenue, Brooklyn, Ny, 11219	"{""id"": 0, ""street"": ""4802 TENTH AVENUE"", ""city"": ""BROOKLYN"", ""state"": ""NY"", ""zip"": ""11219""}"	No_Match	64
019ab706-ff9c-76cd-febe-cf62c9d0ea6c	7777 Ny-30, Paul Smiths, Ny, 12970	"{""id"": 0, ""street"": ""7777 NY-30"", ""city"": ""Paul Smiths"", ""state"": ""NY"", ""zip"": ""12970""}"	No_Match	64
019ab406-0459-72ae-e138-06e810c1d7e8	101 Saddle Rd, Ketchum, Id, 83340	"{""id"": 0, ""street"": ""101 SADDLE RD"", ""city"": ""KETCHUM"", ""state"": ""ID"", ""zip"": ""83340""}"	No_Match	64
019ab3ec-5a04-7dbb-53b5-cfb8f16cffa4	10560 Wayzata Blvd, Minnetonka, Mn, 55305	"{""id"": 0, ""street"": ""10560 WAYZATA BLVD"", ""city"": ""MINNETONKA"", ""state"": ""MN"", ""zip"": ""55305""}"	No_Match	64
019ab419-2ad3-73fa-ac8e-cde4735c5c38	65-30 Kissena Boulevard, Flushing, Ny, 11367	"{""id"": 0, ""street"": ""65-30 Kissena Boulevard"", ""city"": ""Flushing"", ""state"": ""NY"", ""zip"": ""11367""}"	No_Match	63
019ab437-10d0-72ed-9403-cc9e9c19803c	200 Hill Dr, St Meinrad, In, 47577	"{""id"": 0, ""street"": ""200 HILL DR"", ""city"": ""ST MEINRAD"", ""state"": ""IN"", ""zip"": ""47577""}"	No_Match	63
019ab733-85a7-76ef-d4dd-eb3196889da4	10501 Hague Road, Fishers, In, 46038	"{""id"": 0, ""street"": ""10501 Hague Road"", ""city"": ""Fishers"", ""state"": ""IN"", ""zip"": ""46038""}"	No_Match	63
019ab725-945b-7d17-68c7-fa4cedd9d590	1280 Johnson Ave, San Jose, Ca, 95129	"{""id"": 0, ""street"": ""1280 JOHNSON AVE"", ""city"": ""SAN JOSE"", ""state"": ""CA"", ""zip"": ""95129""}"	No_Match	63
019ab3f2-321a-7b09-7600-e289d146ba74	2650 Audubon Road, Audubon, Pa, 19403	"{""id"": 0, ""street"": ""2650 AUDUBON ROAD"", ""city"": ""AUDUBON"", ""state"": ""PA"", ""zip"": ""19403""}"	No_Match	63
019ab419-2ae7-7ab9-0c07-3519685da43c	84 S Wyoming Ave, Edwardsville, Pa, 18704	"{""id"": 0, ""street"": ""84 S WYOMING AVE"", ""city"": ""EDWARDSVILLE"", ""state"": ""PA"", ""zip"": ""18704""}"	No_Match	63
019ab412-5a5a-7f76-1021-5b5447e41868	1001-A Oreilly Avenue, San Francisco, Ca, 94129	"{""id"": 0, ""street"": ""1001-A OREILLY AVENUE"", ""city"": ""SAN FRANCISCO"", ""state"": ""CA"", ""zip"": ""94129""}"	No_Match	63
019ab437-02c8-732b-4d9f-76b7ff6b0628	4000 Wellness Dr, Midland, Mi, 48670	"{""id"": 0, ""street"": ""4000 WELLNESS DR"", ""city"": ""MIDLAND"", ""state"": ""MI"", ""zip"": ""48670""}"	No_Match	63
019ab40c-93ba-7daf-6ec0-f564d4caf764	570 Taxter Road, Elmsford, Ny, 10523	"{""id"": 0, ""street"": ""570 TAXTER ROAD"", ""city"": ""ELMSFORD"", ""state"": ""NY"", ""zip"": ""10523""}"	No_Match	63
019ab419-2afe-7f6c-0e60-27e31260b440	1825 Wyoming Avenue, Exeter, Pa, 18643	"{""id"": 0, ""street"": ""1825 WYOMING AVENUE"", ""city"": ""EXETER"", ""state"": ""PA"", ""zip"": ""18643""}"	No_Match	63
019ab707-0b58-7870-48d9-3fb7e42667d0	8100 N University Drive, Tamarac, Fl, 33321	"{""id"": 0, ""street"": ""8100 N University Drive"", ""city"": ""Tamarac"", ""state"": ""FL"", ""zip"": ""33321""}"	No_Match	63
019ab796-f9f7-7f69-0296-7d7105c62c24	5901 Broken Sound Pkwy Nw Suite 600, Boca Raton, Fl, 33487	"{""id"": 0, ""street"": ""5901 BROKEN SOUND PKWY NW SUITE 600"", ""city"": ""BOCA RATON"", ""state"": ""FL"", ""zip"": ""33487""}"	No_Match	62
019ab701-d918-763c-234a-8fa85738f6b0	300 Talbot St, Easton, Md, 21601	"{""id"": 0, ""street"": ""300 TALBOT ST"", ""city"": ""EASTON"", ""state"": ""MD"", ""zip"": ""21601""}"	No_Match	62
019ab419-2fd6-7ef4-5d75-a923f8502924	433 Franklin Building, Philadelphia, Pa, 19104	"{""id"": 0, ""street"": ""433 FRANKLIN BUILDING"", ""city"": ""PHILADELPHIA"", ""state"": ""PA"", ""zip"": ""19104""}"	No_Match	62
019ab436-f4b9-7483-211f-2a93852e4bec	New York, New York, Ny, 10018	"{""id"": 0, ""street"": ""NEW YORK"", ""city"": ""NEW YORK"", ""state"": ""NY"", ""zip"": ""10018""}"	No_Match	62
019ab419-31db-7708-4288-263af104b0ac	475 Riverside Drive Suite 1948, New York, Ny, 10115	"{""id"": 0, ""street"": ""475 RIVERSIDE DRIVE SUITE 1948"", ""city"": ""NEW YORK"", ""state"": ""NY"", ""zip"": ""10115""}"	No_Match	62
019ab437-03bb-7b10-67fa-099a38ec3690	Street, Monsey, Ny, 10952	"{""id"": 0, ""street"": ""Street"", ""city"": ""Monsey"", ""state"": ""NY"", ""zip"": ""10952""}"	No_Match	62
019ab436-eadb-7157-26c8-72418358156c	2310 Oakton St, Evanston, Il, 60202	"{""id"": 0, ""street"": ""2310 OAKTON ST"", ""city"": ""EVANSTON"", ""state"": ""IL"", ""zip"": ""60202""}"	No_Match	62
019ab40a-af27-7212-e5cb-1108ef257f00	2200 Gateway Centre Blvd Suite 201, Morrisville, Nc, 27560	"{""id"": 0, ""street"": ""2200 GATEWAY CENTRE BLVD SUITE 201"", ""city"": ""MORRISVILLE"", ""state"": ""NC"", ""zip"": ""27560""}"	No_Match	62
019ab40f-b371-775e-a05b-9859e2ad2180	7400 Hampton Blvd, Norfolk, Va, 23505	"{""id"": 0, ""street"": ""7400 HAMPTON BLVD"", ""city"": ""NORFOLK"", ""state"": ""VA"", ""zip"": ""23505""}"	No_Match	62
019ab419-2ebf-7962-bf7a-3db17c5e1d6c	2001 Oriental Boulevard, Brooklyn, Ny, 11235	"{""id"": 0, ""street"": ""2001 Oriental Boulevard"", ""city"": ""Brooklyn"", ""state"": ""NY"", ""zip"": ""11235""}"	No_Match	62
019ab436-faf6-7277-9366-9588a5540498	University Park Campus 3551, Los Angeles, Ca, 90089	"{""id"": 0, ""street"": ""UNIVERSITY PARK CAMPUS 3551"", ""city"": ""LOS ANGELES"", ""state"": ""CA"", ""zip"": ""90089""}"	No_Match	62
019ab419-2af3-7994-d8af-8484f74c28fc	79 Seventh Street, New Rochelle, Ny, 10801	"{""id"": 0, ""street"": ""79 SEVENTH STREET"", ""city"": ""NEW ROCHELLE"", ""state"": ""NY"", ""zip"": ""10801""}"	No_Match	62
019ab720-3638-7dad-0fe1-54dd8d741adc	3121 Brooklawn Campus Dr, Louisville, Ky, 40218	"{""id"": 0, ""street"": ""3121 BROOKLAWN CAMPUS DR"", ""city"": ""LOUISVILLE"", ""state"": ""KY"", ""zip"": ""40218""}"	No_Match	62
019ab714-2c38-79f7-40ad-87f3ffa4fa4c	9 Ridgedale Avenue, Florham Park, Nj, 07932	"{""id"": 0, ""street"": ""9 RIDGEDALE AVENUE"", ""city"": ""FLORHAM PARK"", ""state"": ""NJ"", ""zip"": ""07932""}"	No_Match	62
019ab7a3-bdb4-7373-518d-a3a77bad5448	Sponsored Projects Admin 615 West, New York, Ny, 10027	"{""id"": 0, ""street"": ""SPONSORED PROJECTS ADMIN 615 WEST"", ""city"": ""NEW YORK"", ""state"": ""NY"", ""zip"": ""10027""}"	No_Match	62
019ab7a3-bc5b-7c89-d28c-55f5ed6a64c4	115 Business Loop 70 West Room 501, Columbia, Mo, 65211	"{""id"": 0, ""street"": ""115 Business Loop 70 West Room 501"", ""city"": ""Columbia"", ""state"": ""MO"", ""zip"": ""65211""}"	No_Match	62
019ab733-7ea2-7e65-666b-408bc39b0194	100 Taps Ln, Pekin, Il, 61554	"{""id"": 0, ""street"": ""100 TAPS LN"", ""city"": ""PEKIN"", ""state"": ""IL"", ""zip"": ""61554""}"	No_Match	62
019ab701-cf01-7c5c-73c5-dd1d102fb5d0	800 Martinsburg Road, Mount Vernon, Oh, 43050	"{""id"": 0, ""street"": ""800 MARTINSBURG ROAD"", ""city"": ""MOUNT VERNON"", ""state"": ""OH"", ""zip"": ""43050""}"	No_Match	62
019ab7c7-3d70-740c-5957-6dc3d27391ac	34 Cornell Dr, Canton, Ny, 13617	"{""id"": 0, ""street"": ""34 CORNELL DR"", ""city"": ""CANTON"", ""state"": ""NY"", ""zip"": ""13617""}"	No_Match	62
019ab733-8669-7c1a-af97-820750bc0224	109 University Sq, Erie, Pa, 16541	"{""id"": 0, ""street"": ""109 UNIVERSITY SQ"", ""city"": ""ERIE"", ""state"": ""PA"", ""zip"": ""16541""}"	No_Match	62
019ab7ca-ab2a-736d-244f-56d8986b6978	5000 Corporate Woods Drive 200, Virginia Beach, Va, 23462	"{""id"": 0, ""street"": ""5000 CORPORATE WOODS DRIVE 200"", ""city"": ""VIRGINIA BEACH"", ""state"": ""VA"", ""zip"": ""23462""}"	No_Match	62
019ab5e0-f5eb-7c03-ca50-c5e4bd0aa074	14500 Lark Bunting Lane, Brighton, Co, 80603	"{""id"": 0, ""street"": ""14500 LARK BUNTING LANE"", ""city"": ""BRIGHTON"", ""state"": ""CO"", ""zip"": ""80603""}"	No_Match	62
019ab3e1-5eed-71bc-1533-69debf5e6130	301 Peterson Service Building, Lexington, Ky, 40506	"{""id"": 0, ""street"": ""301 PETERSON SERVICE BUILDING"", ""city"": ""LEXINGTON"", ""state"": ""KY"", ""zip"": ""40506""}"	No_Match	62
019ab411-5a4a-7ba3-a21e-d8bf2c700acc	3121 Westwood Dr, Excelsior, Mn, 55331	"{""id"": 0, ""street"": ""3121 WESTWOOD DR"", ""city"": ""EXCELSIOR"", ""state"": ""MN"", ""zip"": ""55331""}"	No_Match	62
019ab436-fd80-7740-6e04-61d6b201b9b0	3845 Christian Flurry, Silver City, Nm, 88061	"{""id"": 0, ""street"": ""3845 CHRISTIAN FLURRY"", ""city"": ""SILVER CITY"", ""state"": ""NM"", ""zip"": ""88061""}"	No_Match	62
019ab3e3-5728-7132-0051-fc43fd2f1cf0	Accounting Team, Tampa, Fl, 33631	"{""id"": 0, ""street"": ""ACCOUNTING TEAM"", ""city"": ""TAMPA"", ""state"": ""FL"", ""zip"": ""33631""}"	No_Match	62
019ab401-0e6d-7f8d-2332-03643e0079e0	1010 North Wc Macinnes Place, Tampa, Fl, 33602	"{""id"": 0, ""street"": ""1010 NORTH WC MACINNES PLACE"", ""city"": ""TAMPA"", ""state"": ""FL"", ""zip"": ""33602""}"	No_Match	62
019ab3ec-1cfe-77db-8f17-2560dbc59930	1214 Boston Post Road No 148, Mamaroneck, Ny, 10543	"{""id"": 0, ""street"": ""1214 BOSTON POST ROAD NO 148"", ""city"": ""MAMARONECK"", ""state"": ""NY"", ""zip"": ""10543""}"	No_Match	62
019ab419-2615-7a8e-7cc1-9f2261856f24	9099 130Th Avenue North, Largo, Fl, 33773	"{""id"": 0, ""street"": ""9099 130TH AVENUE NORTH"", ""city"": ""LARGO"", ""state"": ""FL"", ""zip"": ""33773""}"	No_Match	62
019ab419-21d6-7935-dca0-cacdb98f0a24	C/O Pnc Bank 116 Allegheny Center, Pittsburgh, Pa, 15212	"{""id"": 0, ""street"": ""C/O PNC BANK 116 ALLEGHENY CENTER"", ""city"": ""Pittsburgh"", ""state"": ""PA"", ""zip"": ""15212""}"	No_Match	62
019ab436-fa88-740a-c812-7c9ba3d3c230	4320 Vine Street, Cincinnati, Oh, 45217	"{""id"": 0, ""street"": ""4320 VINE STREET"", ""city"": ""CINCINNATI"", ""state"": ""OH"", ""zip"": ""45217""}"	No_Match	62
019ab3e1-31dc-7824-6d21-8a9942453240	1 Shircliff Way, Jacksonville, Fl, 32204	"{""id"": 0, ""street"": ""1 SHIRCLIFF WAY"", ""city"": ""JACKSONVILLE"", ""state"": ""FL"", ""zip"": ""32204""}"	No_Match	62
019ab436-f8f9-70e3-b11d-f4695cf30b10	101 Chestnut St, Berea, Ky, 40404	"{""id"": 0, ""street"": ""101 CHESTNUT ST"", ""city"": ""BEREA"", ""state"": ""KY"", ""zip"": ""40404""}"	No_Match	62
019ab436-fd81-7f67-c86d-5046c3cfe44c	One Conservatory Drive, Hingham, Ma, 02043	"{""id"": 0, ""street"": ""ONE CONSERVATORY DRIVE"", ""city"": ""HINGHAM"", ""state"": ""MA"", ""zip"": ""02043""}"	No_Match	62
019ab436-f31a-7e0d-5b40-9bf9f1622cb4	133 North River Street, Wilkesbarre, Pa, 18711	"{""id"": 0, ""street"": ""133 NORTH RIVER STREET"", ""city"": ""WILKESBARRE"", ""state"": ""PA"", ""zip"": ""18711""}"	No_Match	62
019ab40e-39ed-79be-ced8-7ead2aee8984	2720 Sunset Blvd, West Columbia, Sc, 29169	"{""id"": 0, ""street"": ""2720 SUNSET BLVD"", ""city"": ""WEST COLUMBIA"", ""state"": ""SC"", ""zip"": ""29169""}"	No_Match	62
019ab76f-e69a-7d6e-b79c-14b92733ba18	475 Riverside Drive Suite 630, New York, Ny, 10115	"{""id"": 0, ""street"": ""475 Riverside Drive Suite 630"", ""city"": ""New York"", ""state"": ""NY"", ""zip"": ""10115""}"	No_Match	62
019ab3fd-e85c-752c-b57b-b73b5adb6944	727 East Dean Keeton Street, Austin, Tx, 78705	"{""id"": 0, ""street"": ""727 EAST DEAN KEETON STREET"", ""city"": ""AUSTIN"", ""state"": ""TX"", ""zip"": ""78705""}"	No_Match	62
019ab701-d3ba-7d32-eee5-2882137e7d48	Winchester Ave, Ashland, Ky, 41101	"{""id"": 0, ""street"": ""WINCHESTER AVE"", ""city"": ""ASHLAND"", ""state"": ""KY"", ""zip"": ""41101""}"	No_Match	62
019ab7d6-a83f-76ff-573f-ffb2d85a6a94	150 N Upper Wacker Dr Ste 1120, Chicago, Il, 60606	"{""id"": 0, ""street"": ""150 N UPPER WACKER DR STE 1120"", ""city"": ""CHICAGO"", ""state"": ""IL"", ""zip"": ""60606""}"	No_Match	62
019ab70d-488c-72fd-2ec3-7dc6f1ca4274	1575 Eye Street Nw Suite 500, Washington, Dc, 20005	"{""id"": 0, ""street"": ""1575 EYE STREET NW SUITE 500"", ""city"": ""WASHINGTON"", ""state"": ""DC"", ""zip"": ""20005""}"	No_Match	62
019ab707-0853-7780-1fea-c53b40c1a49c	2575 Yorba Linda Blvd, Fullerton, Ca, 92831	"{""id"": 0, ""street"": ""2575 YORBA LINDA BLVD"", ""city"": ""FULLERTON"", ""state"": ""CA"", ""zip"": ""92831""}"	No_Match	62
019ab70d-468b-74ff-bcca-d12bb12cc608	3102 W Whistalks Way, Spokane, Wa, 99224	"{""id"": 0, ""street"": ""3102 W WHISTALKS WAY"", ""city"": ""SPOKANE"", ""state"": ""WA"", ""zip"": ""99224""}"	No_Match	62
019ab5e0-f5b3-7e0e-f380-d96688aa7c7c	99 Green Hill Road, Washington, Ct, 06793	"{""id"": 0, ""street"": ""99 GREEN HILL ROAD"", ""city"": ""WASHINGTON"", ""state"": ""CT"", ""zip"": ""06793""}"	No_Match	62
019ab762-9ec7-7bbe-2490-e9d3528d1ed4	7575 North Picnic Lane, Houston, Tx, 77057	"{""id"": 0, ""street"": ""7575 NORTH PICNIC LANE"", ""city"": ""HOUSTON"", ""state"": ""TX"", ""zip"": ""77057""}"	No_Match	62
019ab437-0e0d-7b52-cdff-6ebbc91336b8	803 West Wells Street, Milwaukee, Wi, 53233	"{""id"": 0, ""street"": ""803 West Wells Street"", ""city"": ""Milwaukee"", ""state"": ""WI"", ""zip"": ""53233""}"	No_Match	62
019ab3e6-b020-7b4c-97f9-5f467f806370	1 Loyola Marymount University Dr, Los Angeles, Ca, 90045	"{""id"": 0, ""street"": ""1 LOYOLA MARYMOUNT UNIVERSITY DR"", ""city"": ""LOS ANGELES"", ""state"": ""CA"", ""zip"": ""90045""}"	No_Match	62
019ab3ff-479f-72bc-cce9-f53cf9b50a9c	83 East Main Street 3Rd Floor, Newark, De, 19716	"{""id"": 0, ""street"": ""83 EAST MAIN STREET 3RD FLOOR"", ""city"": ""NEWARK"", ""state"": ""DE"", ""zip"": ""19716""}"	No_Match	62
019ab5e1-11f1-737c-5d77-882dd9b3ba54	101 Merritt 7, Norwalk, Ct, 06851	"{""id"": 0, ""street"": ""101 MERRITT 7"", ""city"": ""NORWALK"", ""state"": ""CT"", ""zip"": ""06851""}"	No_Match	62
019ab707-0174-7a24-3feb-2c7feb5b56d4	210 Usa Cycling Point Suite 100, Colorado Springs, Co, 80919	"{""id"": 0, ""street"": ""210 USA CYCLING POINT SUITE 100"", ""city"": ""COLORADO SPRINGS"", ""state"": ""CO"", ""zip"": ""80919""}"	No_Match	62
019ab437-05b3-71e1-2925-7c7cd0721614	448 Depot Street, Christiansburg, Va, 24073	"{""id"": 0, ""street"": ""448 DEPOT STREET"", ""city"": ""CHRISTIANSBURG"", ""state"": ""VA"", ""zip"": ""24073""}"	No_Match	62
019ab717-8663-7644-c4eb-ccf5648fb088	Salt Lake City, Salt Lake City, Ut, 84115	"{""id"": 0, ""street"": ""SALT LAKE CITY"", ""city"": ""SALT LAKE CITY"", ""state"": ""UT"", ""zip"": ""84115""}"	No_Match	62
019ab400-cd3d-761b-3ff0-39fbff4c8920	1700 S Flamingo Rd, Davie, Fl, 33325	"{""id"": 0, ""street"": ""1700 S FLAMINGO RD"", ""city"": ""DAVIE"", ""state"": ""FL"", ""zip"": ""33325""}"	No_Match	62
019ab720-404d-7496-ae5b-52c76c1cc6dc	6 Washington Street, Dover, Nh, 03820	"{""id"": 0, ""street"": ""6 Washington Street"", ""city"": ""Dover"", ""state"": ""NH"", ""zip"": ""03820""}"	No_Match	62
019ab701-decb-755c-8cff-06d7d8c55c98	296 W Webster Ave, Muskegon, Mi, 49440	"{""id"": 0, ""street"": ""296 W WEBSTER AVE"", ""city"": ""MUSKEGON"", ""state"": ""MI"", ""zip"": ""49440""}"	No_Match	62
019ab72c-f726-7823-0af7-943c19fa5004	1699 West Mound Street, Columbus, Oh, 43223	"{""id"": 0, ""street"": ""1699 WEST MOUND STREET"", ""city"": ""COLUMBUS"", ""state"": ""OH"", ""zip"": ""43223""}"	No_Match	62
019ab5e0-fbc6-711d-8e05-9a6187ebe704	One Hospital Way, Butler, Pa, 16001	"{""id"": 0, ""street"": ""ONE HOSPITAL WAY"", ""city"": ""BUTLER"", ""state"": ""PA"", ""zip"": ""16001""}"	No_Match	62
019ab5e1-0e98-7c51-599d-3ec421b612a4	11 Grosse Pointe Blvd, Grosse Pointe Farms, Mi, 48236	"{""id"": 0, ""street"": ""11 GROSSE POINTE BLVD"", ""city"": ""GROSSE POINTE FARMS"", ""state"": ""MI"", ""zip"": ""48236""}"	No_Match	62
019ab5e0-e4ea-7494-172b-5934430c62ec	2002 West Grand Parkway N Ste 100, Katy, Tx, 77449	"{""id"": 0, ""street"": ""2002 West Grand Parkway N STE 100"", ""city"": ""Katy"", ""state"": ""TX"", ""zip"": ""77449""}"	No_Match	62
019ab733-784c-7ea5-e664-5d9cc4252078	3227 Cheadle Hall, Santa Barbara, Ca, 93106	"{""id"": 0, ""street"": ""3227 Cheadle Hall"", ""city"": ""Santa Barbara"", ""state"": ""CA"", ""zip"": ""93106""}"	No_Match	62
019ab5e1-0716-7c41-8e8d-4f7c2ab3f718	101 Hofstra University, Hempstead, Ny, 11549	"{""id"": 0, ""street"": ""101 HOFSTRA UNIVERSITY"", ""city"": ""HEMPSTEAD"", ""state"": ""NY"", ""zip"": ""11549""}"	No_Match	62
019ab5e0-efd7-7513-f4da-912c550b632c	9801 Washington Boulevard, Gaithersburg, Md, 20878	"{""id"": 0, ""street"": ""9801 Washington Boulevard"", ""city"": ""Gaithersburg"", ""state"": ""MD"", ""zip"": ""20878""}"	No_Match	62
019ab3e7-b0ad-778e-367b-09b8b072e604	2 Brattle Sq, Cambridge, Ma, 02138	"{""id"": 0, ""street"": ""2 BRATTLE SQ"", ""city"": ""CAMBRIDGE"", ""state"": ""MA"", ""zip"": ""02138""}"	No_Match	62
019ab3ff-1621-7e4b-7ebe-566332424a08	17011 Hickory Street, Spring Lake, Mi, 49456	"{""id"": 0, ""street"": ""17011 HICKORY STREET"", ""city"": ""SPRING LAKE"", ""state"": ""MI"", ""zip"": ""49456""}"	No_Match	62
019ab3e9-37a8-7fa3-5d95-23a0fd462aa4	1029 Teaneck Road Suite 3B, Teaneck, Nj, 07666	"{""id"": 0, ""street"": ""1029 TEANECK ROAD SUITE 3B"", ""city"": ""TEANECK"", ""state"": ""NJ"", ""zip"": ""07666""}"	No_Match	62
019ab413-c018-7494-d065-0bc576bbb484	1210 Cheadle Hall, Santa Barbara, Ca, 93106	"{""id"": 0, ""street"": ""1210 CHEADLE HALL"", ""city"": ""SANTA BARBARA"", ""state"": ""CA"", ""zip"": ""93106""}"	No_Match	62
019ab419-29c2-7920-29f8-ef2ad761c90c	Notre Dame, Notre Dame, In, 46556	"{""id"": 0, ""street"": ""Notre Dame"", ""city"": ""NOTRE DAME"", ""state"": ""IN"", ""zip"": ""46556""}"	No_Match	62
019ab404-42d9-7b89-8e6d-db66b5fb1378	830 S Addison Avenue, Villa Park, Il, 60181	"{""id"": 0, ""street"": ""830 S Addison Avenue"", ""city"": ""Villa Park"", ""state"": ""IL"", ""zip"": ""60181""}"	No_Match	62
019ab419-21d6-7787-7955-5f749f8f7a8c	1971 University Boulevard, Lynchburg, Va, 24515	"{""id"": 0, ""street"": ""1971 UNIVERSITY BOULEVARD"", ""city"": ""LYNCHBURG"", ""state"": ""VA"", ""zip"": ""24515""}"	No_Match	62
019ab3e1-1d96-70a5-afc1-e885cbe67140	Fordham University, Bronx, Ny, 10458	"{""id"": 0, ""street"": ""Fordham University"", ""city"": ""BRONX"", ""state"": ""NY"", ""zip"": ""10458""}"	No_Match	62
019ab3fe-2fb4-78cd-e08b-68ccfb9f9064	Department 0734, Washington, Dc, 20073	"{""id"": 0, ""street"": ""DEPARTMENT 0734"", ""city"": ""WASHINGTON"", ""state"": ""DC"", ""zip"": ""20073""}"	No_Match	62
019ab3fc-4f7d-71f6-3715-3fd8be29a78c	500 Saratoga Avenue, San Jose, Ca, 95129	"{""id"": 0, ""street"": ""500 SARATOGA AVENUE"", ""city"": ""SAN JOSE"", ""state"": ""CA"", ""zip"": ""95129""}"	No_Match	62
019ab3fa-615c-7255-666f-7b5b0a936528	2417 E Carson Street Suite 200, Carson, Ca, 90810	"{""id"": 0, ""street"": ""2417 E CARSON STREET SUITE 200"", ""city"": ""CARSON"", ""state"": ""CA"", ""zip"": ""90810""}"	No_Match	62
019ab3e4-4180-736e-0705-949059879ad8	1225 Eye Street Nw Suite 600, Washington, Dc, 20005	"{""id"": 0, ""street"": ""1225 Eye Street NW Suite 600"", ""city"": ""Washington"", ""state"": ""DC"", ""zip"": ""20005""}"	No_Match	62
019ab437-0e49-7f45-4a09-683e756038e8	453 Freedom Pkwy Ne One Copenhill, Atlanta, Ga, 30307	"{""id"": 0, ""street"": ""453 FREEDOM PKWY NE ONE COPENHILL"", ""city"": ""ATLANTA"", ""state"": ""GA"", ""zip"": ""30307""}"	No_Match	62
019ab436-f6ba-7c8e-9f1d-b3a972393120	Tongue River Road, Ashland, Mt, 59003	"{""id"": 0, ""street"": ""Tongue River Road"", ""city"": ""Ashland"", ""state"": ""MT"", ""zip"": ""59003""}"	No_Match	62
019ab707-1007-7d8a-a8b1-bbe1e572971c	2200 N Squirrel Rd, Rochester, Mi, 48309	"{""id"": 0, ""street"": ""2200 N SQUIRREL RD"", ""city"": ""ROCHESTER"", ""state"": ""MI"", ""zip"": ""48309""}"	No_Match	62
019ab707-0749-7e94-4fc1-53e9b68da4c8	1845 Haddon Avenue, Camden, Nj, 08103	"{""id"": 0, ""street"": ""1845 HADDON AVENUE"", ""city"": ""CAMDEN"", ""state"": ""NJ"", ""zip"": ""08103""}"	No_Match	62
019ab437-01fa-7971-bbca-2fbea20e1a6c	2930 Old Oregon Trail, Gering, Ne, 69341	"{""id"": 0, ""street"": ""2930 Old Oregon Trail"", ""city"": ""Gering"", ""state"": ""NE"", ""zip"": ""69341""}"	No_Match	62
019ab419-31e1-75cc-f5ef-b5ad800212a0	Holy Cross Drive, Notre Dame, In, 46556	"{""id"": 0, ""street"": ""HOLY CROSS DRIVE"", ""city"": ""NOTRE DAME"", ""state"": ""IN"", ""zip"": ""46556""}"	No_Match	62
019ab40b-2c61-7b81-8fff-be0d5ee2f18c	274 South Salem Street, Randolph, Nj, 07869	"{""id"": 0, ""street"": ""274 SOUTH SALEM STREET"", ""city"": ""RANDOLPH"", ""state"": ""NJ"", ""zip"": ""07869""}"	No_Match	62
019ab701-d632-75cb-d6b7-a0280b9cf284	75 Remittance Dr, Chicago, Il, 60675	"{""id"": 0, ""street"": ""75 REMITTANCE DR"", ""city"": ""CHICAGO"", ""state"": ""IL"", ""zip"": ""60675""}"	No_Match	62
019ab7ee-a933-7519-f9e5-a757391c85e8	78649 Platinum Dr, Palm Desert, Ca, 92211	"{""id"": 0, ""street"": ""78649 PLATINUM DR"", ""city"": ""PALM DESERT"", ""state"": ""CA"", ""zip"": ""92211""}"	No_Match	62
019ab3fb-c14f-719d-6115-d2b41c537068	27 Old Main, University Park, Pa, 16802	"{""id"": 0, ""street"": ""27 OLD MAIN"", ""city"": ""UNIVERSITY PARK"", ""state"": ""PA"", ""zip"": ""16802""}"	No_Match	62
019ab70d-47ad-7e2e-5677-88d1008e3130	15328 Old Hickory Blvd, Nashville, Tn, 37211	"{""id"": 0, ""street"": ""15328 OLD HICKORY BLVD"", ""city"": ""NASHVILLE"", ""state"": ""TN"", ""zip"": ""37211""}"	No_Match	61
019ab5e0-f3a5-7914-a9df-1e736f4da7cc	1840 Fairway Drive, San Leandro, Ca, 94577	"{""id"": 0, ""street"": ""1840 FAIRWAY DRIVE"", ""city"": ""SAN LEANDRO"", ""state"": ""CA"", ""zip"": ""94577""}"	No_Match	61
019ab437-07f8-79ad-bb43-1b9b59a36b3c	2365 Harrodsburg Road A325, Lexington, Ky, 40504	"{""id"": 0, ""street"": ""2365 HARRODSBURG ROAD A325"", ""city"": ""LEXINGTON"", ""state"": ""KY"", ""zip"": ""40504""}"	No_Match	61
019ab714-2cd3-7ca1-5d83-d337c0ab5a24	100 Rock Street, Little Rock, Ar, 72201	"{""id"": 0, ""street"": ""100 Rock Street"", ""city"": ""Little Rock"", ""state"": ""AR"", ""zip"": ""72201""}"	No_Match	61
019ab3e8-8729-71a1-7be9-d9fc0746db9c	6015 Poplar Hall Drive, Norfolk, Va, 23502	"{""id"": 0, ""street"": ""6015 POPLAR HALL DRIVE"", ""city"": ""NORFOLK"", ""state"": ""VA"", ""zip"": ""23502""}"	No_Match	61
019ab3ef-bd6f-74c8-1831-924305d2faa0	385 Centennial Olympic Park Drive, Atlanta, Ga, 30313	"{""id"": 0, ""street"": ""385 CENTENNIAL OLYMPIC PARK DRIVE"", ""city"": ""ATLANTA"", ""state"": ""GA"", ""zip"": ""30313""}"	No_Match	61
019ab436-ff2f-7b97-657a-eb98649318a4	3150 Brunswick Pike Suite 230, Lawrenceville, Nj, 08648	"{""id"": 0, ""street"": ""3150 BRUNSWICK PIKE SUITE 230"", ""city"": ""LAWRENCEVILLE"", ""state"": ""NJ"", ""zip"": ""08648""}"	No_Match	61
019ab5e0-ee59-7b2d-d1d3-d13c23921a1c	38 Fountain Sq Plz Md1090Vd, Cincinnati, Oh, 45202	"{""id"": 0, ""street"": ""38 FOUNTAIN SQ PLZ MD1090VD"", ""city"": ""CINCINNATI"", ""state"": ""OH"", ""zip"": ""45202""}"	No_Match	61
019ab70d-430c-78a9-4862-82cf19b80d38	1 Heroes Way, Riverhead, Ny, 11901	"{""id"": 0, ""street"": ""1 HEROES WAY"", ""city"": ""RIVERHEAD"", ""state"": ""NY"", ""zip"": ""11901""}"	No_Match	61
019ab3ee-36b8-7e52-7244-c3b6e674ef7c	935 Farm Road, Memphis, Tn, 38134	"{""id"": 0, ""street"": ""935 FARM ROAD"", ""city"": ""MEMPHIS"", ""state"": ""TN"", ""zip"": ""38134""}"	No_Match	61
019ab3ec-02e6-7337-4f26-fff24d136d28	5001 Newport Coast Drive, Irvine, Ca, 92603	"{""id"": 0, ""street"": ""5001 NEWPORT COAST DRIVE"", ""city"": ""IRVINE"", ""state"": ""CA"", ""zip"": ""92603""}"	No_Match	61
019ab70d-4787-764e-c5c3-715c27829478	3701 Canfield St, Boulder, Co, 80301	"{""id"": 0, ""street"": ""3701 CANFIELD ST"", ""city"": ""BOULDER"", ""state"": ""CO"", ""zip"": ""80301""}"	No_Match	61
019ab3e2-eea6-794a-cbfa-6259434f9d48	433 W Murray Ave, Durham, Nc, 27704	"{""id"": 0, ""street"": ""433 W MURRAY AVE"", ""city"": ""DURHAM"", ""state"": ""NC"", ""zip"": ""27704""}"	No_Match	61
019ab3f4-04f1-7c36-ffa2-cb8655917604	1050 Union University Dr, Jackson, Tn, 38305	"{""id"": 0, ""street"": ""1050 UNION UNIVERSITY DR"", ""city"": ""JACKSON"", ""state"": ""TN"", ""zip"": ""38305""}"	No_Match	61
019ab3f1-7e8d-7c75-bd1b-38209b176618	101 Avenue Of The Americas, New York, Ny, 10013	"{""id"": 0, ""street"": ""101 AVENUE OF THE AMERICAS"", ""city"": ""NEW YORK"", ""state"": ""NY"", ""zip"": ""10013""}"	No_Match	61
019ab419-2013-7d5b-7238-7f6020e51d28	159 Sapsucker Woods Rd, Ithica, Ny, 14850	"{""id"": 0, ""street"": ""159 SAPSUCKER WOODS RD"", ""city"": ""ITHICA"", ""state"": ""NY"", ""zip"": ""14850""}"	No_Match	60
019ab437-0d53-7f1e-6913-6ea4f578bed4	1 Schenley Drive, Pittsburgh, Pa, 15213	"{""id"": 0, ""street"": ""1 SCHENLEY DRIVE"", ""city"": ""PITTSBURGH"", ""state"": ""PA"", ""zip"": ""15213""}"	No_Match	60
019ab437-0e12-70de-f653-74b6f6f236e4	715 Hazen Road, Hermitage, Pa, 16148	"{""id"": 0, ""street"": ""715 HAZEN ROAD"", ""city"": ""HERMITAGE"", ""state"": ""PA"", ""zip"": ""16148""}"	No_Match	60
019ab436-eb87-7a74-0ae4-721c59e95668	65-30 Kissena Blvd, Queens, Ny, 11367	"{""id"": 0, ""street"": ""65-30 KISSENA BLVD"", ""city"": ""QUEENS"", ""state"": ""NY"", ""zip"": ""11367""}"	No_Match	60
019ab419-2d53-76fe-0f39-16e12ee674bc	4000 Wellness Drive, Midland, Mi, 48670	"{""id"": 0, ""street"": ""4000 WELLNESS DRIVE"", ""city"": ""MIDLAND"", ""state"": ""MI"", ""zip"": ""48670""}"	No_Match	60
019ab419-2af9-7603-258d-c68c0704a4e4	2009 Bacharach Blvd, Atlantic City, Nj, 08401	"{""id"": 0, ""street"": ""2009 BACHARACH BLVD"", ""city"": ""ATLANTIC CITY"", ""state"": ""NJ"", ""zip"": ""08401""}"	No_Match	60
019ab437-03b4-78c0-6016-89ad85f8bd00	1220 Fifth Ave, New York, Ny, 10029	"{""id"": 0, ""street"": ""1220 FIFTH AVE"", ""city"": ""NEW YORK"", ""state"": ""NY"", ""zip"": ""10029""}"	No_Match	60
019ab714-3a72-76f4-88d5-2dfd99f9dc1c	3220 Botanic Garden Blvd, Fort Worth, Tx, 76107	"{""id"": 0, ""street"": ""3220 BOTANIC GARDEN BLVD"", ""city"": ""FORT WORTH"", ""state"": ""TX"", ""zip"": ""76107""}"	No_Match	60
019ab3f8-68c2-7b68-dcf2-00467d3b7c34	142 Kindness Court, South Burlington, Vt, 05403	"{""id"": 0, ""street"": ""142 KINDNESS COURT"", ""city"": ""SOUTH BURLINGTON"", ""state"": ""VT"", ""zip"": ""05403""}"	No_Match	60
019ab419-2989-767a-10f8-d10999593e1c	104 Fairchild Hall, Manhattan, Ks, 66506	"{""id"": 0, ""street"": ""104 FAIRCHILD HALL"", ""city"": ""MANHATTAN"", ""state"": ""KS"", ""zip"": ""66506""}"	No_Match	60
019ab436-faf2-72dc-8534-f1d7bef22320	1945 Cei Drive, Cincinnati, Oh, 45242	"{""id"": 0, ""street"": ""1945 CEI DRIVE"", ""city"": ""CINCINNATI"", ""state"": ""OH"", ""zip"": ""45242""}"	No_Match	60
019ab3f4-2883-7b51-a27c-23fae3e3448c	9800 Preston Rd, Dallas, Tx, 75230	"{""id"": 0, ""street"": ""9800 PRESTON RD"", ""city"": ""DALLAS"", ""state"": ""TX"", ""zip"": ""75230""}"	No_Match	60
019ab419-2c63-784c-86a9-54ea2de9b11c	101 Branigin Boulevard, Franklin, In, 46131	"{""id"": 0, ""street"": ""101 Branigin Boulevard"", ""city"": ""Franklin"", ""state"": ""IN"", ""zip"": ""46131""}"	No_Match	60
019ab437-0fc9-7e03-05cd-336ac8f9b60c	University Of Kentucky, Lexington, Ky, 40506	"{""id"": 0, ""street"": ""UNIVERSITY OF KENTUCKY"", ""city"": ""Lexington"", ""state"": ""KY"", ""zip"": ""40506""}"	No_Match	60
019ab3e7-587a-7265-87e2-646a36b54d10	651 Taylor Dr, Xenia, Oh, 45385	"{""id"": 0, ""street"": ""651 TAYLOR DR"", ""city"": ""XENIA"", ""state"": ""OH"", ""zip"": ""45385""}"	No_Match	60
019ab3fd-2ba5-7a15-ecdc-28246cd18218	2243 Centre Avenue Suite 300, Fort Collins, Co, 80526	"{""id"": 0, ""street"": ""2243 CENTRE AVENUE SUITE 300"", ""city"": ""FORT COLLINS"", ""state"": ""CO"", ""zip"": ""80526""}"	No_Match	60
019ab436-eeb2-7892-e730-2d293bcf7f88	Po Drawer 7007, Greenville, Nc, 27835	"{""id"": 0, ""street"": ""PO DRAWER 7007"", ""city"": ""GREENVILLE"", ""state"": ""NC"", ""zip"": ""27835""}"	No_Match	60
019ab858-27af-762c-680d-f1003fc9dbdc	C/O Csk Foundation 312 Center, Englewood, Nj, 07632	"{""id"": 0, ""street"": ""C/O CSK FOUNDATION 312 CENTER"", ""city"": ""ENGLEWOOD"", ""state"": ""NJ"", ""zip"": ""07632""}"	No_Match	60
019ab400-5bd5-7813-39b9-7cc43b6ffb40	6842 N Sam Houston Parkway West, Houston, Tx, 77064	"{""id"": 0, ""street"": ""6842 N SAM HOUSTON PARKWAY WEST"", ""city"": ""HOUSTON"", ""state"": ""TX"", ""zip"": ""77064""}"	No_Match	60
019ab70d-4605-71bc-b8c7-c9624c930870	6903 Great View Drive North, Memphis, Tn, 38134	"{""id"": 0, ""street"": ""6903 Great View Drive North"", ""city"": ""Memphis"", ""state"": ""TN"", ""zip"": ""38134""}"	No_Match	60
019ab5e0-eab7-721f-e069-2ad2f65ffdc0	1171 Route 28, North Branch, Nj, 08876	"{""id"": 0, ""street"": ""1171 ROUTE 28"", ""city"": ""NORTH BRANCH"", ""state"": ""NJ"", ""zip"": ""08876""}"	No_Match	60
019ab419-2faf-7e93-7e00-bdb0b3993fc8	1 Winooski Park, Colchester, Vt, 05439	"{""id"": 0, ""street"": ""1 WINOOSKI PARK"", ""city"": ""COLCHESTER"", ""state"": ""VT"", ""zip"": ""05439""}"	No_Match	60
019ab70d-5280-7b39-fbff-5425b622a3a8	One Express Way, St Louis, Mo, 63121	"{""id"": 0, ""street"": ""ONE EXPRESS WAY"", ""city"": ""ST LOUIS"", ""state"": ""MO"", ""zip"": ""63121""}"	No_Match	60
019ab7b6-0b24-7972-eaa5-fdc63b7ed4f0	1200 S Dusable Lake Shore Dr, Chicago, Il, 60605	"{""id"": 0, ""street"": ""1200 S DUSABLE LAKE SHORE DR"", ""city"": ""CHICAGO"", ""state"": ""IL"", ""zip"": ""60605""}"	No_Match	60
019ab436-ef6e-724d-cbe7-057c978f0ccc	Street, Brooklyn, Ny, 11218	"{""id"": 0, ""street"": ""Street"", ""city"": ""Brooklyn"", ""state"": ""NY"", ""zip"": ""11218""}"	No_Match	60
019ab3ef-0f07-77de-eba8-13243d05e65c	901 Washington Street, Buffalo, Ny, 14203	"{""id"": 0, ""street"": ""901 WASHINGTON STREET"", ""city"": ""BUFFALO"", ""state"": ""NY"", ""zip"": ""14203""}"	No_Match	60
019ab419-2adb-7c66-b602-a29de732f560	37 Mather Drive, Amherst, Ma, 01003	"{""id"": 0, ""street"": ""37 MATHER DRIVE"", ""city"": ""AMHERST"", ""state"": ""MA"", ""zip"": ""01003""}"	No_Match	60
019ab3e0-dd0d-7c59-61bc-025281fd70b4	38 Eastwood Drive Suite 100, South Burlington, Vt, 05403	"{""id"": 0, ""street"": ""38 EASTWOOD DRIVE SUITE 100"", ""city"": ""SOUTH BURLINGTON"", ""state"": ""VT"", ""zip"": ""05403""}"	No_Match	60
019ab701-d91d-753d-5e39-d3c16b945470	See Heartland Bank, Geneva, Ne, 68361	"{""id"": 0, ""street"": ""SEE HEARTLAND BANK"", ""city"": ""GENEVA"", ""state"": ""NE"", ""zip"": ""68361""}"	No_Match	60
019ab714-367d-71cd-0910-2c5ef13cc274	250 Thompsons Point Road, Portland, Me, 04102	"{""id"": 0, ""street"": ""250 THOMPSONS POINT ROAD"", ""city"": ""PORTLAND"", ""state"": ""ME"", ""zip"": ""04102""}"	No_Match	60
019ab40b-4224-74b5-3ef1-4a82895bc9b8	222 Jersey City Boulevard, Jersey City, Nj, 07305	"{""id"": 0, ""street"": ""222 JERSEY CITY BOULEVARD"", ""city"": ""JERSEY CITY"", ""state"": ""NJ"", ""zip"": ""07305""}"	No_Match	60
019ab3f7-0ed0-73a4-6ec7-f6fb21188624	4599 Worrall Way, Jacksonville, Fl, 32224	"{""id"": 0, ""street"": ""4599 WORRALL WAY"", ""city"": ""JACKSONVILLE"", ""state"": ""FL"", ""zip"": ""32224""}"	No_Match	60
019ab3e7-0676-7ed3-2b73-4ab05dbd6e68	26000 Se Stark St, Gresham, Or, 97030	"{""id"": 0, ""street"": ""26000 SE STARK ST"", ""city"": ""GRESHAM"", ""state"": ""OR"", ""zip"": ""97030""}"	No_Match	60
019ab5e0-e3af-791d-56dd-763fc945dd3c	80 Royal Palm Pointe, Vero Beach, Fl, 32960	"{""id"": 0, ""street"": ""80 Royal Palm Pointe"", ""city"": ""Vero beach"", ""state"": ""FL"", ""zip"": ""32960""}"	No_Match	60
019ab436-fca1-7bfd-496e-6516200851e0	585 County Road Z, Sinsinawa, Wi, 53824	"{""id"": 0, ""street"": ""585 County Road Z"", ""city"": ""Sinsinawa"", ""state"": ""WI"", ""zip"": ""53824""}"	No_Match	60
019ab401-d3c3-7591-9271-cb8b4b7af410	1400 Old Main Hill, Logan, Ut, 84322	"{""id"": 0, ""street"": ""1400 OLD MAIN HILL"", ""city"": ""LOGAN"", ""state"": ""UT"", ""zip"": ""84322""}"	No_Match	60
019ab3fc-93ea-76b7-0133-26e9ce4ec340	823 Main Street, Hope Valley, Ri, 02832	"{""id"": 0, ""street"": ""823 MAIN STREET"", ""city"": ""HOPE VALLEY"", ""state"": ""RI"", ""zip"": ""02832""}"	No_Match	60
019ab436-f0fe-79a2-1ddd-d10137edde9c	408 Old Main, University Park, Pa, 16802	"{""id"": 0, ""street"": ""408 OLD MAIN"", ""city"": ""UNIVERSITY PARK"", ""state"": ""PA"", ""zip"": ""16802""}"	No_Match	60
019ab707-0328-70b0-d9c7-4c93a8dd664c	6425 Sw 6Th Ave, Topeka, Ks, 66615	"{""id"": 0, ""street"": ""6425 SW 6TH AVE"", ""city"": ""TOPEKA"", ""state"": ""KS"", ""zip"": ""66615""}"	No_Match	60
019ab7ae-f96c-7f97-7b8a-0cb1c2152bf8	1 Street, Monsey, Ny, 10952	"{""id"": 0, ""street"": ""1 Street"", ""city"": ""Monsey"", ""state"": ""NY"", ""zip"": ""10952""}"	No_Match	60
019ab419-2028-7a4c-21be-5fe27612f8a0	2000 Pennington Road, Ewing, Nj, 08628	"{""id"": 0, ""street"": ""2000 PENNINGTON ROAD"", ""city"": ""EWING"", ""state"": ""NJ"", ""zip"": ""08628""}"	No_Match	60
019ab411-f1cb-7491-f1e6-d12baeb436a0	University Of Maryland, College Park, Md, 20742	"{""id"": 0, ""street"": ""UNIVERSITY OF MARYLAND"", ""city"": ""COLLEGE PARK"", ""state"": ""MD"", ""zip"": ""20742""}"	No_Match	60
019ab858-1f25-7f2a-05f0-7148e09b4124	C/O Grobman Fdn, Hempstead, Ny, 11550	"{""id"": 0, ""street"": ""C/O GROBMAN FDN"", ""city"": ""HEMPSTEAD"", ""state"": ""NY"", ""zip"": ""11550""}"	No_Match	60
019ab409-4007-72e7-f3d5-ed1ca5b43438	1901 1St Ave N, Moorhead, Mn, 56560	"{""id"": 0, ""street"": ""1901 1ST AVE N"", ""city"": ""MOORHEAD"", ""state"": ""MN"", ""zip"": ""56560""}"	No_Match	60
019ab5e0-ecaf-707b-8646-a8d30ce43b94	11207 Blue Heron Blvd, St Petersburg, Fl, 33716	"{""id"": 0, ""street"": ""11207 BLUE HERON BLVD"", ""city"": ""ST PETERSBURG"", ""state"": ""FL"", ""zip"": ""33716""}"	No_Match	60
019ab5e0-e892-7ccf-a0ae-45544017e200	300 College Ave, Ashland, Oh, 44805	"{""id"": 0, ""street"": ""300 COLLEGE AVE"", ""city"": ""ASHLAND"", ""state"": ""OH"", ""zip"": ""44805""}"	No_Match	60
019ab437-009f-785e-14af-6ff0c3df8140	400 West 51St Street, Kansas City, Mo, 64112	"{""id"": 0, ""street"": ""400 WEST 51ST STREET"", ""city"": ""KANSAS CITY"", ""state"": ""MO"", ""zip"": ""64112""}"	No_Match	60
019ab419-21d6-73e8-e189-ec63b86791c4	1 Bear Pl Unit 97042, Waco, Tx, 76798	"{""id"": 0, ""street"": ""1 BEAR PL UNIT 97042"", ""city"": ""WACO"", ""state"": ""TX"", ""zip"": ""76798""}"	No_Match	60
019ab701-d96c-75e5-2aa2-1eea224d95b4	3700 Southwest Fwy, Houston, Tx, 77027	"{""id"": 0, ""street"": ""3700 SOUTHWEST FWY"", ""city"": ""HOUSTON"", ""state"": ""TX"", ""zip"": ""77027""}"	No_Match	60
019ab402-0208-7050-3960-db512af8ee48	701 S Martin Luther King Jr Blvd, Americus, Ga, 31719	"{""id"": 0, ""street"": ""701 S MARTIN LUTHER KING JR BLVD"", ""city"": ""AMERICUS"", ""state"": ""GA"", ""zip"": ""31719""}"	No_Match	60
019ab406-1c44-7164-8a9d-849ee8d4e8a0	400 Ves Rd, Lynchburg, Va, 24503	"{""id"": 0, ""street"": ""400 VES RD"", ""city"": ""LYNCHBURG"", ""state"": ""VA"", ""zip"": ""24503""}"	No_Match	60
019ab402-96ae-7291-d24d-795de8ab7640	1 Ohana Nui Way, Honolulu, Hi, 96818	"{""id"": 0, ""street"": ""1 OHANA NUI WAY"", ""city"": ""HONOLULU"", ""state"": ""HI"", ""zip"": ""96818""}"	No_Match	60
019ab3ed-3314-718b-c52e-471964ee70b0	40 Patriots Point Road, Mt Pleasant, Sc, 29464	"{""id"": 0, ""street"": ""40 Patriots Point Road"", ""city"": ""Mt Pleasant"", ""state"": ""SC"", ""zip"": ""29464""}"	No_Match	60
019ab419-2ad2-703f-d45d-0efa9c3f95d8	1 William L Jones Dr, Cookeville, Tn, 38505	"{""id"": 0, ""street"": ""1 WILLIAM L JONES DR"", ""city"": ""COOKEVILLE"", ""state"": ""TN"", ""zip"": ""38505""}"	No_Match	60
019ab5e1-153a-7dca-84cb-fd5a6ca3e1d8	113 South Railroad Avenue, Dunn, Nc, 28334	"{""id"": 0, ""street"": ""113 SOUTH RAILROAD AVENUE"", ""city"": ""DUNN"", ""state"": ""NC"", ""zip"": ""28334""}"	No_Match	60
019ab3f0-21bb-7503-3027-50a154c7f894	See Attached, See Attached, Ri, 02901	"{""id"": 0, ""street"": ""SEE ATTACHED"", ""city"": ""SEE ATTACHED"", ""state"": ""RI"", ""zip"": ""02901""}"	No_Match	60
019ab3ea-7e38-70ee-d95e-c73405c8a900	321 Norristown Rd Suite 260, Ambler, Pa, 19002	"{""id"": 0, ""street"": ""321 NORRISTOWN RD SUITE 260"", ""city"": ""AMBLER"", ""state"": ""PA"", ""zip"": ""19002""}"	No_Match	60
019ab436-eb16-7de5-c571-7b1acdb65aa4	North Carolina State University, Raleigh, Nc, 27695	"{""id"": 0, ""street"": ""NORTH CAROLINA STATE UNIVERSITY"", ""city"": ""RALEIGH"", ""state"": ""NC"", ""zip"": ""27695""}"	No_Match	60
019ab3f0-5f68-7613-57d5-e09438ce27a8	28274 Network Place, Chicago, Il, 60673	"{""id"": 0, ""street"": ""28274 NETWORK PLACE"", ""city"": ""CHICAGO"", ""state"": ""IL"", ""zip"": ""60673""}"	No_Match	60
019ab419-2ae1-7dc6-f1e7-d105618729d4	1000 Hempstead Turnpike, Hempstead, Ny, 11549	"{""id"": 0, ""street"": ""1000 HEMPSTEAD TURNPIKE"", ""city"": ""HEMPSTEAD"", ""state"": ""NY"", ""zip"": ""11549""}"	No_Match	60
019ab77a-ed19-74c7-e01c-92a9e65bbc0c	1903 Humankind Way, Lynchburg, Va, 24503	"{""id"": 0, ""street"": ""1903 HUMANKIND WAY"", ""city"": ""LYNCHBURG"", ""state"": ""VA"", ""zip"": ""24503""}"	No_Match	60
019ab419-25d9-7291-f3fa-1773435acb5c	43 Hart Road, Pisgah Forest, Nc, 28768	"{""id"": 0, ""street"": ""43 HART ROAD"", ""city"": ""PISGAH FOREST"", ""state"": ""NC"", ""zip"": ""28768""}"	No_Match	60
019ab3e1-24c9-7f2c-394e-fcc48bfc27f4	4219 Cheadle Hall, Santa Barbara, Ca, 93106	"{""id"": 0, ""street"": ""4219 CHEADLE HALL"", ""city"": ""SANTA BARBARA"", ""state"": ""CA"", ""zip"": ""93106""}"	No_Match	60
019ab77f-e4bc-7fb1-8191-ae82f7b62160	Easton, Easton, Pa, 18042	"{""id"": 0, ""street"": ""EASTON"", ""city"": ""EASTON"", ""state"": ""PA"", ""zip"": ""18042""}"	No_Match	60
019ab714-2f96-7856-0af6-c4630fe8004c	5800 Patriot Dr, Owasso, Ok, 74055	"{""id"": 0, ""street"": ""5800 PATRIOT DR"", ""city"": ""OWASSO"", ""state"": ""OK"", ""zip"": ""74055""}"	No_Match	60
