geocoding_id,canonical_address,normalized_address,geocoding_status,address_count
019ab3e4-17c0-7062-0778-28786e376a14,"124 Mount Auburn Street, Cambridge, Ma, 02138","{""id"": 0, ""street"": ""124 MOUNT AUBURN STREET"", ""city"": ""CAMBRIDGE"", ""state"": ""MA"", ""zip"": ""02138""}",Match:Non_Exact,1576
019ab7c7-30d3-7f91-e7a8-d6e358aec564,"6100 Wallace Becknell Road, Santa Barbara, Ca, 93117","{""id"": 0, ""street"": ""6100 WALLACE BECKNELL ROAD"", ""city"": ""SANTA BARBARA"", ""state"": ""CA"", ""zip"": ""93117""}",Match:Non_Exact,1538
019ab3e6-264a-7f50-62c2-03359840a6b4,"4245 North Fairfax Drive Suite 100, Arlington, Va, 22203","{""id"": 0, ""street"": ""4245 NORTH FAIRFAX DRIVE SUITE 100"", ""city"": ""ARLINGTON"", ""state"": ""VA"", ""zip"": ""22203""}",Match:Non_Exact,1467
019ab72c-f83a-747a-5a6a-6ca440ef9bb8,"5192 S Greenpine Dr, Salt Lake City, Ut, 84123","{""id"": 0, ""street"": ""5192 S GREENPINE DR"", ""city"": ""SALT LAKE CITY"", ""state"": ""UT"", ""zip"": ""84123""}",Match:Non_Exact,1434
019ab76c-f165-793a-8fa4-8186521bead0,"415 East North Water Street 2301, Chicago, Il, 60611","{""id"": 0, ""street"": ""415 EAST NORTH WATER STREET 2301"", ""city"": ""CHICAGO"", ""state"": ""IL"", ""zip"": ""60611""}",Match:Non_Exact,1266
019ab3f4-f778-7dce-694e-4bafc03f892c,"15021 Ventura Blvd 552, Sherman Oaks, Ca, 91403","{""id"": 0, ""street"": ""15021 VENTURA BLVD 552"", ""city"": ""SHERMAN OAKS"", ""state"": ""CA"", ""zip"": ""91403""}",Match:Non_Exact,1254
019ab3e7-aada-7abc-c7e5-a8c12e83b48c,"208 South Great Road, Lincoln, Ma, 01773","{""id"": 0, ""street"": ""208 SOUTH GREAT ROAD"", ""city"": ""LINCOLN"", ""state"": ""MA"", ""zip"": ""01773""}",Match:Non_Exact,1042
019ab3f4-b4cb-7e6e-6ead-962fac489fd4,"4245 N Fairfax Drive Suite 100, Arlington, Va, 22203","{""id"": 0, ""street"": ""4245 N FAIRFAX DRIVE SUITE 100"", ""city"": ""ARLINGTON"", ""state"": ""VA"", ""zip"": ""22203""}",Match:Non_Exact,1033
019ab3f9-bff7-73f7-b585-88f828fade40,"6100 Wallace Becknell Rd, Santa Barbara, Ca, 93117","{""id"": 0, ""street"": ""6100 WALLACE BECKNELL RD"", ""city"": ""SANTA BARBARA"", ""state"": ""CA"", ""zip"": ""93117""}",Match:Non_Exact,1004
019ab72c-fb76-702d-59a8-c4d675c6ef34,"1828 L Street Nw Suite 300-A, Washington, Dc, 20036","{""id"": 0, ""street"": ""1828 L Street NW Suite 300-A"", ""city"": ""Washington"", ""state"": ""DC"", ""zip"": ""20036""}",Match:Non_Exact,961
019ab3e2-ba5b-7cf1-0a82-a7ef117d62b4,"4245 North Fairfax Drive, Arlington, Va, 22203","{""id"": 0, ""street"": ""4245 NORTH FAIRFAX DRIVE"", ""city"": ""ARLINGTON"", ""state"": ""VA"", ""zip"": ""22203""}",Match:Non_Exact,942
019ab3e2-7f69-7ea7-7de1-0c6a32214b4c,"1201 Davis Street, Evanston, Il, 60208","{""id"": 0, ""street"": ""1201 DAVIS STREET"", ""city"": ""EVANSTON"", ""state"": ""IL"", ""zip"": ""60208""}",Match:Non_Exact,936
019ab436-faf3-7053-bdea-878b06d43cc4,"333 S Wabash Ave - 30Th Floor, Chicago, Il, 60604","{""id"": 0, ""street"": ""333 S WABASH AVE - 30TH FLOOR"", ""city"": ""CHICAGO"", ""state"": ""IL"", ""zip"": ""60604""}",Match:Non_Exact,932
019ab3ef-23be-75a9-dd79-e2e14c5daf74,"60 East 42Nd Street, New York, Ny, 10165","{""id"": 0, ""street"": ""60 East 42nd Street"", ""city"": ""New York"", ""state"": ""NY"", ""zip"": ""10165""}",Match:Non_Exact,869
019ab3e3-85a6-7f2f-c8e3-9c382425b544,"4245 N Fairfax Dr Ste 100, Arlington, Va, 22203","{""id"": 0, ""street"": ""4245 N Fairfax Dr Ste 100"", ""city"": ""Arlington"", ""state"": ""VA"", ""zip"": ""22203""}",Match:Non_Exact,824
019ab3e6-8e91-7e9d-60a6-25da044ee3e8,"4650 Sunset Blvd, Los Angeles, Ca, 90027","{""id"": 0, ""street"": ""4650 SUNSET BLVD"", ""city"": ""LOS ANGELES"", ""state"": ""CA"", ""zip"": ""90027""}",Match:Non_Exact,790
019ab3e4-ae38-768f-4d0e-9c2a824d5b30,"2131 Beaufait, Detroit, Mi, 48207","{""id"": 0, ""street"": ""2131 BEAUFAIT"", ""city"": ""DETROIT"", ""state"": ""MI"", ""zip"": ""48207""}",Match:Non_Exact,780
019ab3e0-2581-7e53-6214-2710439ec94c,"10 S Dearborn St Mc Il 1-0111, Chicago, Il, 60603","{""id"": 0, ""street"": ""10 S DEARBORN ST MC IL 1-0111"", ""city"": ""CHICAGO"", ""state"": ""IL"", ""zip"": ""60603""}",Match:Non_Exact,737
019ab701-d33f-73a5-16e8-bd76daebb4dc,"13770 Noel Road Suite 801889, Dallas, Tx, 75380","{""id"": 0, ""street"": ""13770 NOEL ROAD SUITE 801889"", ""city"": ""DALLAS"", ""state"": ""TX"", ""zip"": ""75380""}",Match:Non_Exact,731
019ab3fd-2f9d-7821-3e7f-15b22266d46c,"401 George Bush Drive, College Station, Tx, 77840","{""id"": 0, ""street"": ""401 GEORGE BUSH DRIVE"", ""city"": ""COLLEGE STATION"", ""state"": ""TX"", ""zip"": ""77840""}",Match:Non_Exact,718
019ab3e4-877f-7c53-2826-99e466d08784,"122 E 42Nd St, New York, Ny, 10168","{""id"": 0, ""street"": ""122 E 42ND ST"", ""city"": ""NEW YORK"", ""state"": ""NY"", ""zip"": ""10168""}",Match:Non_Exact,698
019ab5e1-13a1-7acd-eea2-f6328fd2d984,"2845 N Hamline Ave, Roseville, Mn, 55113","{""id"": 0, ""street"": ""2845 N HAMLINE AVE"", ""city"": ""ROSEVILLE"", ""state"": ""MN"", ""zip"": ""55113""}",Match:Non_Exact,698
019ab3e4-c6ab-760e-ae2a-ddedcdd7762c,"1500 East Duarte Road, Duarte, Ca, 91010","{""id"": 0, ""street"": ""1500 East Duarte Road"", ""city"": ""Duarte"", ""state"": ""CA"", ""zip"": ""91010""}",Match:Non_Exact,664
019ab419-2809-7df5-0be4-d263580c9bd8,"1100 North Market Street, Wilmington, De, 19890","{""id"": 0, ""street"": ""1100 NORTH MARKET STREET"", ""city"": ""WILMINGTON"", ""state"": ""DE"", ""zip"": ""19890""}",Match:Non_Exact,653
019ab3e9-3f52-731a-b66e-006ae044e380,"8700 Beverly Blvd, Los Angeles, Ca, 90048","{""id"": 0, ""street"": ""8700 BEVERLY BLVD"", ""city"": ""LOS ANGELES"", ""state"": ""CA"", ""zip"": ""90048""}",Match:Non_Exact,608
019ab3e1-1315-7d4c-e78a-9e89ec1fb9ac,"122 E 42Nd Street, New York, Ny, 10168","{""id"": 0, ""street"": ""122 E 42ND STREET"", ""city"": ""NEW YORK"", ""state"": ""NY"", ""zip"": ""10168""}",Match:Non_Exact,604
019ab3e7-3d4d-7c13-026c-2f875f1c7fcc,"50 Hagiwara Tea Garden Drive, San Francisco, Ca, 94118","{""id"": 0, ""street"": ""50 HAGIWARA TEA GARDEN DRIVE"", ""city"": ""SAN FRANCISCO"", ""state"": ""CA"", ""zip"": ""94118""}",Match:Non_Exact,600
019ab437-0378-7dd3-9f8c-d5bb7b01c590,"13770 Noel Rd Ste 801889, Dallas, Tx, 75380","{""id"": 0, ""street"": ""13770 NOEL RD STE 801889"", ""city"": ""DALLAS"", ""state"": ""TX"", ""zip"": ""75380""}",Match:Non_Exact,596
019ab3fd-9160-7a45-8844-5274df640bf0,"155 Avenue Of The Americas 13Th, New York, Ny, 10013","{""id"": 0, ""street"": ""155 AVENUE OF THE AMERICAS 13TH"", ""city"": ""NEW YORK"", ""state"": ""NY"", ""zip"": ""10013""}",Match:Non_Exact,594
019ab3e0-c8e0-7a28-81fe-c8ee81f902f4,"3700 O St Nw, Washington, Dc, 20057","{""id"": 0, ""street"": ""3700 O ST NW"", ""city"": ""WASHINGTON"", ""state"": ""DC"", ""zip"": ""20057""}",Match:Non_Exact,587
019ab3e6-adb7-7a9e-3541-6f5545106b54,"1500 E Duarte Rd, Duarte, Ca, 91010","{""id"": 0, ""street"": ""1500 E DUARTE RD"", ""city"": ""DUARTE"", ""state"": ""CA"", ""zip"": ""91010""}",Match:Non_Exact,574
019ab3f2-960a-7d45-14b3-1d4cc1c4f98c,"9201 University City Blvd, Charlotte, Nc, 28223","{""id"": 0, ""street"": ""9201 UNIVERSITY CITY BLVD"", ""city"": ""CHARLOTTE"", ""state"": ""NC"", ""zip"": ""28223""}",Match:Non_Exact,562
019ab3e4-0f8c-7033-1ddf-b7d3bccd4288,"15 Research Drive Suite B, Amherst, Ma, 01002","{""id"": 0, ""street"": ""15 RESEARCH DRIVE SUITE B"", ""city"": ""AMHERST"", ""state"": ""MA"", ""zip"": ""01002""}",Match:Non_Exact,550
019ab3ea-b71a-7bf8-5da5-c0da9243fab0,"1400 S Lake Shore Drive, Chicago, Il, 60605","{""id"": 0, ""street"": ""1400 S LAKE SHORE DRIVE"", ""city"": ""CHICAGO"", ""state"": ""IL"", ""zip"": ""60605""}",Match:Non_Exact,544
019ab3e9-6b7f-70fa-cb58-3f867e850950,"114 W 47Th St Ny8-114-07-07, New York, Ny, 10036","{""id"": 0, ""street"": ""114 W 47TH ST NY8-114-07-07"", ""city"": ""NEW YORK"", ""state"": ""NY"", ""zip"": ""10036""}",Match:Non_Exact,541
019ab7ca-9cc4-7f1d-3106-f261321cf618,"1500 E Duarte Road, Duarte, Ca, 91010","{""id"": 0, ""street"": ""1500 E DUARTE ROAD"", ""city"": ""DUARTE"", ""state"": ""CA"", ""zip"": ""91010""}",Match:Non_Exact,539
019ab3f4-646f-7dff-92d1-e16a4adc85cc,"198 College Hill Road, Clinton, Ny, 13323","{""id"": 0, ""street"": ""198 COLLEGE HILL ROAD"", ""city"": ""CLINTON"", ""state"": ""NY"", ""zip"": ""13323""}",Match:Non_Exact,536
019ab3f4-ba6c-7ef8-34a6-ee1364c2de60,"615 Slaters Lane, Alexandria, Va, 22313","{""id"": 0, ""street"": ""615 SLATERS LANE"", ""city"": ""ALEXANDRIA"", ""state"": ""VA"", ""zip"": ""22313""}",Match:Non_Exact,518
019ab3e2-4457-7652-6520-63b78bdceb44,"110 Inner Campus Drive, Austin, Tx, 78705","{""id"": 0, ""street"": ""110 Inner Campus Drive"", ""city"": ""Austin"", ""state"": ""TX"", ""zip"": ""78705""}",Match:Non_Exact,514
019ab3e5-8b94-75e6-a765-c94307c95580,"1301 N Main St, Chamberlain, Sd, 57325","{""id"": 0, ""street"": ""1301 N MAIN ST"", ""city"": ""CHAMBERLAIN"", ""state"": ""SD"", ""zip"": ""57325""}",Match:Non_Exact,510
019ab3fa-e2d9-7ee3-8178-e406bc6295f4,"601 E Street Nw, Washington, Dc, 20049","{""id"": 0, ""street"": ""601 E STREET NW"", ""city"": ""WASHINGTON"", ""state"": ""DC"", ""zip"": ""20049""}",Match:Non_Exact,506
019ab7d6-a843-73b2-8fbe-2acbbab1d3e0,"13700 Noel Rd Ste 801889, Dallas, Tx, 75380","{""id"": 0, ""street"": ""13700 NOEL RD STE 801889"", ""city"": ""DALLAS"", ""state"": ""TX"", ""zip"": ""75380""}",Match:Non_Exact,502
019ab3e1-9431-7271-e615-f2860a425830,"1506 Broadway, Boulder, Co, 80302","{""id"": 0, ""street"": ""1506 BROADWAY"", ""city"": ""BOULDER"", ""state"": ""CO"", ""zip"": ""80302""}",Match:Non_Exact,492
019ab3e0-eef4-743c-0db8-e65a0e0dfd7c,"124 Mount Auburn St, Cambridge, Ma, 02138","{""id"": 0, ""street"": ""124 MOUNT AUBURN ST"", ""city"": ""CAMBRIDGE"", ""state"": ""MA"", ""zip"": ""02138""}",Match:Non_Exact,492
019ab3e8-8f60-73b9-d06d-210d8bc54090,"1424 Northeast Expressway, Atlanta, Ga, 30329","{""id"": 0, ""street"": ""1424 NORTHEAST EXPRESSWAY"", ""city"": ""ATLANTA"", ""state"": ""GA"", ""zip"": ""30329""}",Match:Non_Exact,482
019ab419-29bd-79f9-8501-433d0f28e408,"204 W Washington Street, Lexington, Va, 24450","{""id"": 0, ""street"": ""204 W WASHINGTON STREET"", ""city"": ""LEXINGTON"", ""state"": ""VA"", ""zip"": ""24450""}",Match:Non_Exact,480
019ab3f6-2cca-7daa-f8f4-79dcf3f9fb4c,"122 East 42Nd St, New York, Ny, 10168","{""id"": 0, ""street"": ""122 EAST 42ND ST"", ""city"": ""NEW YORK"", ""state"": ""NY"", ""zip"": ""10168""}",Match:Non_Exact,474
019ab3f0-71be-7fe9-bf46-5367d6a3c240,"3910 Keswick Road Suite N2100, Baltimore, Md, 21211","{""id"": 0, ""street"": ""3910 KESWICK ROAD SUITE N2100"", ""city"": ""BALTIMORE"", ""state"": ""MD"", ""zip"": ""21211""}",Match:Non_Exact,472
019ab7c7-3789-7ef2-1db0-d6b6dc17e4e8,"270 Mohegan Avenue, New London, Ct, 06320","{""id"": 0, ""street"": ""270 MOHEGAN AVENUE"", ""city"": ""NEW LONDON"", ""state"": ""CT"", ""zip"": ""06320""}",Match:Non_Exact,472
019ab793-013d-7b8e-da14-9ee08db01d6c,"1213 N Sherman Avenune Suite 342, Madison, Wi, 53704","{""id"": 0, ""street"": ""1213 N SHERMAN AVENUNE SUITE 342"", ""city"": ""MADISON"", ""state"": ""WI"", ""zip"": ""53704""}",Match:Non_Exact,464
019ab84f-91bd-7dd9-b966-d23afda42094,"8765 W Higgins Roadsuite 430, Chicago, Il, 60631","{""id"": 0, ""street"": ""8765 W HIGGINS ROADSUITE 430"", ""city"": ""CHICAGO"", ""state"": ""IL"", ""zip"": ""60631""}",Match:Non_Exact,462
019ab419-2ec3-7c41-c230-e8aa9b497b58,"1201 Connecticut Avenue Nw Suite, Washington, Dc, 20036","{""id"": 0, ""street"": ""1201 CONNECTICUT AVENUE NW SUITE"", ""city"": ""WASHINGTON"", ""state"": ""DC"", ""zip"": ""20036""}",Match:Non_Exact,462
019ab3f6-1e92-75ef-f63d-52704431b3b4,"250 Williams Street, Atlanta, Ga, 30303","{""id"": 0, ""street"": ""250 WILLIAMS STREET"", ""city"": ""ATLANTA"", ""state"": ""GA"", ""zip"": ""30303""}",Match:Non_Exact,460
019ab3f1-1ff6-7398-e53b-113e6c4440cc,"123 Williams St 10Th Fl, New York, Ny, 10038","{""id"": 0, ""street"": ""123 WILLIAMS ST 10TH FL"", ""city"": ""NEW YORK"", ""state"": ""NY"", ""zip"": ""10038""}",Match:Non_Exact,458
019ab3e5-cb09-77fa-08f8-dfc5d2774fe8,"4245 N Fairfax Drive, Arlington, Va, 22203","{""id"": 0, ""street"": ""4245 N FAIRFAX DRIVE"", ""city"": ""ARLINGTON"", ""state"": ""VA"", ""zip"": ""22203""}",Match:Non_Exact,456
019ab3fc-4b21-709b-156f-9fa82998b67c,"1714 Franklin Street 100335, Oakland, Ca, 94612","{""id"": 0, ""street"": ""1714 FRANKLIN STREET 100335"", ""city"": ""OAKLAND"", ""state"": ""CA"", ""zip"": ""94612""}",Match:Non_Exact,456
019ab7c7-35b2-7f7c-a8cb-63bda5797ec8,"2201 West End Ave, Nashville, Tn, 37235","{""id"": 0, ""street"": ""2201 WEST END AVE"", ""city"": ""NASHVILLE"", ""state"": ""TN"", ""zip"": ""37235""}",Match:Non_Exact,450
019ab3ea-cf14-7e4f-1940-c99433596f7c,"10501 Fgcu Blvd S, Fort Myers, Fl, 33965","{""id"": 0, ""street"": ""10501 FGCU BLVD S"", ""city"": ""FORT MYERS"", ""state"": ""FL"", ""zip"": ""33965""}",Match:Non_Exact,450
019ab3e4-2bfb-7fbb-0def-27237e271640,"6855 Red Road, Coral Gables, Fl, 33143","{""id"": 0, ""street"": ""6855 Red Road"", ""city"": ""Coral Gables"", ""state"": ""FL"", ""zip"": ""33143""}",Match:Non_Exact,450
019ab7c7-3b37-71ba-cf2d-a6d2af251d20,"4650 Sunset Blvd 29, Los Angeles, Ca, 90027","{""id"": 0, ""street"": ""4650 SUNSET BLVD 29"", ""city"": ""LOS ANGELES"", ""state"": ""CA"", ""zip"": ""90027""}",Match:Non_Exact,448
019ab701-d057-70c8-f62a-e16c1b575d20,"1575 Northeast Expressway, Atlanta, Ga, 30329","{""id"": 0, ""street"": ""1575 NORTHEAST EXPRESSWAY"", ""city"": ""ATLANTA"", ""state"": ""GA"", ""zip"": ""30329""}",Match:Non_Exact,446
019ab3ec-1ba9-773b-6275-229e5b54913c,"4550 Montgomery Ave Ste 1100N, Bethesda, Md, 20814","{""id"": 0, ""street"": ""4550 MONTGOMERY AVE STE 1100N"", ""city"": ""BETHESDA"", ""state"": ""MD"", ""zip"": ""20814""}",Match:Non_Exact,444
019ab3fe-64a9-78aa-a2f4-7f1c20750f28,"759 Chestnut Street, Springfield, Ma, 01199","{""id"": 0, ""street"": ""759 CHESTNUT STREET"", ""city"": ""SPRINGFIELD"", ""state"": ""MA"", ""zip"": ""01199""}",Match:Non_Exact,434
019ab3f5-4dd0-7bce-d363-e968962316f0,"37Th And O Streets Nw, Washington, Dc, 20057","{""id"": 0, ""street"": ""37TH AND O STREETS NW"", ""city"": ""WASHINGTON"", ""state"": ""DC"", ""zip"": ""20057""}",Match:Non_Exact,429
019ab409-5a37-7a79-ac55-99523fd47e64,"4000 Central Florida Blvd, Orlando, Fl, 32816","{""id"": 0, ""street"": ""4000 CENTRAL FLORIDA BLVD"", ""city"": ""ORLANDO"", ""state"": ""FL"", ""zip"": ""32816""}",Match:Non_Exact,424
019ab701-cf72-7be0-758e-5c33584d8ac4,"9009 Kedvale, Skokie, Il, 60076","{""id"": 0, ""street"": ""9009 KEDVALE"", ""city"": ""SKOKIE"", ""state"": ""IL"", ""zip"": ""60076""}",Match:Non_Exact,422
019ab40a-a812-7755-1193-fbad6d9ad060,"500 B Spratt Street, Charlotte, Nc, 28206","{""id"": 0, ""street"": ""500 B SPRATT STREET"", ""city"": ""CHARLOTTE"", ""state"": ""NC"", ""zip"": ""28206""}",Match:Non_Exact,422
019ab70d-5284-7e14-deb0-4ef7fb3f0114,"1900 Huntington Drive, Duarte, Ca, 91010","{""id"": 0, ""street"": ""1900 HUNTINGTON DRIVE"", ""city"": ""DUARTE"", ""state"": ""CA"", ""zip"": ""91010""}",Match:Non_Exact,414
019ab3e7-104a-79fe-8530-fb4999a94974,"2000 W University Ave, Muncie, In, 47306","{""id"": 0, ""street"": ""2000 W UNIVERSITY AVE"", ""city"": ""MUNCIE"", ""state"": ""IN"", ""zip"": ""47306""}",Match:Non_Exact,413
019ab3fb-87a1-7cb8-c7ec-42fe8c379878,"204 W Washington St, Lexington, Va, 24450","{""id"": 0, ""street"": ""204 W WASHINGTON ST"", ""city"": ""LEXINGTON"", ""state"": ""VA"", ""zip"": ""24450""}",Match:Non_Exact,408
019ab3e6-f058-7b12-c46e-d47efd4eac14,"4245 N Fairfax Drive Ste 100, Arlington, Va, 22203","{""id"": 0, ""street"": ""4245 N FAIRFAX DRIVE STE 100"", ""city"": ""ARLINGTON"", ""state"": ""VA"", ""zip"": ""22203""}",Match:Non_Exact,408
019ab3e3-aecd-78bb-0c9c-1d49ae802ab4,"300 The Fenway, Boston, Ma, 02115","{""id"": 0, ""street"": ""300 THE FENWAY"", ""city"": ""BOSTON"", ""state"": ""MA"", ""zip"": ""02115""}",Match:Non_Exact,406
019ab3e1-819f-7fe7-3b14-94a76ae8b89c,"130 W Bruno Street, Los Angeles, Ca, 90012","{""id"": 0, ""street"": ""130 W BRUNO STREET"", ""city"": ""LOS ANGELES"", ""state"": ""CA"", ""zip"": ""90012""}",Match:Non_Exact,406
019ab3f2-d641-7f57-cb0a-ebf2653b441c,"919 Broadway, Nashville, Tn, 37203","{""id"": 0, ""street"": ""919 BROADWAY"", ""city"": ""NASHVILLE"", ""state"": ""TN"", ""zip"": ""37203""}",Match:Non_Exact,406
019ab419-21d6-71f8-319c-14ba2851569c,"1801 Lind Ave Sw Attn Tax Dept, Renton, Wa, 98057","{""id"": 0, ""street"": ""1801 LIND AVE SW ATTN TAX DEPT"", ""city"": ""RENTON"", ""state"": ""WA"", ""zip"": ""98057""}",Match:Non_Exact,405
019ab3ee-ab4f-777f-5ee5-6f40edf1f080,"1110 35Th Lane, Vero Beach, Fl, 32960","{""id"": 0, ""street"": ""1110 35TH LANE"", ""city"": ""VERO BEACH"", ""state"": ""FL"", ""zip"": ""32960""}",Match:Non_Exact,400
019ab437-0f85-7c70-8374-556528ea7ab8,"700 Lomas Blvd, Albuquerque, Nm, 87131","{""id"": 0, ""street"": ""700 LOMAS BLVD"", ""city"": ""ALBUQUERQUE"", ""state"": ""NM"", ""zip"": ""87131""}",Match:Non_Exact,400
019ab7be-9146-73fe-f0ed-8cecf72cfe88,"700 Lomas Blvd 108 Two Woodward Cen, Albuquerque, Nm, 87131","{""id"": 0, ""street"": ""700 LOMAS BLVD 108 TWO WOODWARD CEN"", ""city"": ""ALBUQUERQUE"", ""state"": ""NM"", ""zip"": ""87131""}",Match:Non_Exact,398
019ab3f0-34d0-76b0-1f14-02efdb8a4e0c,"2199 S University Blvd, Denver, Co, 80208","{""id"": 0, ""street"": ""2199 S UNIVERSITY BLVD"", ""city"": ""DENVER"", ""state"": ""CO"", ""zip"": ""80208""}",Match:Non_Exact,396
019ab5e1-0dce-710a-e0bd-649abad048ec,"15 Oregon Ave Ste 202, Tacoma, Wa, 98409","{""id"": 0, ""street"": ""15 OREGON AVE STE 202"", ""city"": ""TACOMA"", ""state"": ""WA"", ""zip"": ""98409""}",Match:Non_Exact,396
019ab437-03fe-76fe-6ea7-fd4c3c231450,"Co Sciarabba Walker 410 E Upland, Ithaca, Ny, 14850","{""id"": 0, ""street"": ""CO SCIARABBA WALKER 410 E UPLAND"", ""city"": ""ITHACA"", ""state"": ""NY"", ""zip"": ""14850""}",Match:Non_Exact,394
019ab76f-f6d2-7d65-0b3f-3601dc929678,"1828 L Street Nw Suite 300 A, Washington, Dc, 20036","{""id"": 0, ""street"": ""1828 L Street NW Suite 300 A"", ""city"": ""Washington"", ""state"": ""DC"", ""zip"": ""20036""}",Match:Non_Exact,394
019ab7c7-30d1-711e-ff21-ad7058e928fc,"1903 W Michigan Ave, Kalamazoo, Mi, 49008","{""id"": 0, ""street"": ""1903 W MICHIGAN AVE"", ""city"": ""KALAMAZOO"", ""state"": ""MI"", ""zip"": ""49008""}",Match:Non_Exact,393
019ab3f3-bb76-7a81-68dc-cbd37f812138,"221 College Lane, Salem, Va, 24153","{""id"": 0, ""street"": ""221 COLLEGE LANE"", ""city"": ""SALEM"", ""state"": ""VA"", ""zip"": ""24153""}",Match:Non_Exact,391
019ab7ae-f692-735c-61cf-83d4b2cbdaa0,"388 Greenwich St Tax 19Th Fl, New York, Ny, 10013","{""id"": 0, ""street"": ""388 GREENWICH ST TAX 19TH FL"", ""city"": ""NEW YORK"", ""state"": ""NY"", ""zip"": ""10013""}",Match:Non_Exact,388
019ab7c7-3b1d-7cf1-eb21-94bd0eadbc74,"198 College Hill Rd, Clinton, Ny, 13323","{""id"": 0, ""street"": ""198 COLLEGE HILL RD"", ""city"": ""CLINTON"", ""state"": ""NY"", ""zip"": ""13323""}",Match:Non_Exact,388
019ab3ea-8af0-7d79-b333-97c882e4498c,"2101 E Coliseum Blvd, Fort Wayne, In, 46805","{""id"": 0, ""street"": ""2101 E COLISEUM BLVD"", ""city"": ""FORT WAYNE"", ""state"": ""IN"", ""zip"": ""46805""}",Match:Non_Exact,376
019ab3fc-268a-7433-988b-408d55951774,"116Th And Broadway, New York, Ny, 10027","{""id"": 0, ""street"": ""116TH AND BROADWAY"", ""city"": ""NEW YORK"", ""state"": ""NY"", ""zip"": ""10027""}",Match:Non_Exact,372
019ab3f2-4f6d-7c58-2c05-fcf0862ac76c,"130 W Bruno St, Los Angeles, Ca, 90012","{""id"": 0, ""street"": ""130 W BRUNO ST"", ""city"": ""LOS ANGELES"", ""state"": ""CA"", ""zip"": ""90012""}",Match:Non_Exact,372
019ab3eb-d430-73f7-b88d-4f8638324070,"2353 Bolton Rd Nw, Atlanta, Ga, 30318","{""id"": 0, ""street"": ""2353 BOLTON RD NW"", ""city"": ""ATLANTA"", ""state"": ""GA"", ""zip"": ""30318""}",Match:Non_Exact,370
019ab3ed-cd7e-7144-43a9-83ac279834b4,"622 West 113Th Street Mail Code, New York, Ny, 10025","{""id"": 0, ""street"": ""622 WEST 113TH STREET MAIL CODE"", ""city"": ""NEW YORK"", ""state"": ""NY"", ""zip"": ""10025""}",Match:Non_Exact,368
019ab3fc-ae4a-7fd3-9497-7a77ab45e798,"820 N Lasalle Blvd, Chicago, Il, 60610","{""id"": 0, ""street"": ""820 N LASALLE BLVD"", ""city"": ""CHICAGO"", ""state"": ""IL"", ""zip"": ""60610""}",Match:Non_Exact,368
019ab7a3-ae44-75c8-a6b1-9287f095f3ac,"7358 N Lincoln Ave, Lincolnwood, Il, 60712","{""id"": 0, ""street"": ""7358 N LINCOLN AVE"", ""city"": ""LINCOLNWOOD"", ""state"": ""IL"", ""zip"": ""60712""}",Match:Non_Exact,366
019ab3f6-2279-7ce8-7563-bdea5f3c7890,"6300 North Ridge, Chicago, Il, 60660","{""id"": 0, ""street"": ""6300 NORTH RIDGE"", ""city"": ""CHICAGO"", ""state"": ""IL"", ""zip"": ""60660""}",Match:Non_Exact,362
019ab40e-0c0a-787e-7d06-cefccea15348,"370 George Washington Highway, Smithfield, Ri, 02917","{""id"": 0, ""street"": ""370 GEORGE WASHINGTON HIGHWAY"", ""city"": ""SMITHFIELD"", ""state"": ""RI"", ""zip"": ""02917""}",Match:Non_Exact,361
019ab3ed-31ac-740f-ccbe-049b68ea1b44,"4202 E Fowler Ave, Tampa, Fl, 33620","{""id"": 0, ""street"": ""4202 E FOWLER AVE"", ""city"": ""TAMPA"", ""state"": ""FL"", ""zip"": ""33620""}",Match:Non_Exact,360
019ab7b2-4bf7-7bc3-3934-54ecd0ecc2f4,"3246 Centennial Blvd 160, Colorado Springs, Co, 80907","{""id"": 0, ""street"": ""3246 CENTENNIAL BLVD 160"", ""city"": ""COLORADO SPRINGS"", ""state"": ""CO"", ""zip"": ""80907""}",Match:Non_Exact,360
019ab402-d4b5-796b-99ae-4b01751a61c4,"225 North Michigan Avenue Suite, Chicago, Il, 60601","{""id"": 0, ""street"": ""225 NORTH MICHIGAN AVENUE SUITE"", ""city"": ""CHICAGO"", ""state"": ""IL"", ""zip"": ""60601""}",Match:Non_Exact,358
019ab3f0-c0cd-7a26-88c8-844afcb28480,"1400 S Lake Shore Dr, Chicago, Il, 60605","{""id"": 0, ""street"": ""1400 S LAKE SHORE DR"", ""city"": ""CHICAGO"", ""state"": ""IL"", ""zip"": ""60605""}",Match:Non_Exact,356
019ab3ef-ff03-7fea-3265-34412587629c,"270 Mohegan Ave, New London, Ct, 06320","{""id"": 0, ""street"": ""270 MOHEGAN AVE"", ""city"": ""NEW LONDON"", ""state"": ""CT"", ""zip"": ""06320""}",Match:Non_Exact,355
019ab7be-8694-79a0-e82b-13707dedd57c,"200 Massachusetts Avenue Nw 7Th, Washington, Dc, 20001","{""id"": 0, ""street"": ""200 MASSACHUSETTS AVENUE NW 7TH"", ""city"": ""WASHINGTON"", ""state"": ""DC"", ""zip"": ""20001""}",Match:Non_Exact,354
019ab40b-fbc1-7d48-66fb-5fdd3af591a0,"622 West 113Th Street Mc 4524, New York, Ny, 10025","{""id"": 0, ""street"": ""622 WEST 113TH STREET MC 4524"", ""city"": ""NEW YORK"", ""state"": ""NY"", ""zip"": ""10025""}",Match:Non_Exact,352
019ab410-1b34-7b65-9a26-6281cad1e3fc,"316 Broadway, Seattle, Wa, 98122","{""id"": 0, ""street"": ""316 BROADWAY"", ""city"": ""SEATTLE"", ""state"": ""WA"", ""zip"": ""98122""}",Match:Non_Exact,352
019ab3f9-3839-775f-1723-13019c7980e4,"800 Lakeshore Drive, Birmingham, Al, 35229","{""id"": 0, ""street"": ""800 LAKESHORE DRIVE"", ""city"": ""BIRMINGHAM"", ""state"": ""AL"", ""zip"": ""35229""}",Match:Non_Exact,349
019ab3e2-d0c8-790a-5098-909075639cf0,"1001 Bissonnet, Houston, Tx, 77005","{""id"": 0, ""street"": ""1001 BISSONNET"", ""city"": ""HOUSTON"", ""state"": ""TX"", ""zip"": ""77005""}",Match:Non_Exact,348
019ab3ea-8876-7a64-0e0e-ae8b1e31a058,"1001 Avenue Of The Americas 12Th, New York, Ny, 10018","{""id"": 0, ""street"": ""1001 AVENUE OF THE AMERICAS 12TH"", ""city"": ""NEW YORK"", ""state"": ""NY"", ""zip"": ""10018""}",Match:Non_Exact,344
019ab717-84e2-78c7-a9d8-c63106043d54,"1320 N Courthouse Road 400, Arlington, Va, 22201","{""id"": 0, ""street"": ""1320 N Courthouse Road 400"", ""city"": ""Arlington"", ""state"": ""VA"", ""zip"": ""22201""}",Match:Non_Exact,342
019ab3e8-8c6e-7b8d-2323-e0a694f61b20,"10889 Wilshire Blvd 1100, Los Angeles, Ca, 90024","{""id"": 0, ""street"": ""10889 Wilshire Blvd 1100"", ""city"": ""Los Angeles"", ""state"": ""CA"", ""zip"": ""90024""}",Match:Non_Exact,340
019ab408-2a25-7778-bb5e-87fa7879f7bc,"1800 N Lamar, Dallas, Tx, 75202","{""id"": 0, ""street"": ""1800 N LAMAR"", ""city"": ""DALLAS"", ""state"": ""TX"", ""zip"": ""75202""}",Match:Non_Exact,338
019ab3e3-8230-7644-14df-9d44bf98017c,"2121 Ward Court Nw 5Th Floor, Washington, Dc, 20037","{""id"": 0, ""street"": ""2121 Ward Court NW 5th Floor"", ""city"": ""Washington"", ""state"": ""DC"", ""zip"": ""20037""}",Match:Non_Exact,338
019ab403-3343-79cc-7aca-bcf9fd26b870,"600 Memorial Drive W98-200, Cambridge, Ma, 02139","{""id"": 0, ""street"": ""600 MEMORIAL DRIVE W98-200"", ""city"": ""CAMBRIDGE"", ""state"": ""MA"", ""zip"": ""02139""}",Match:Non_Exact,338
019ab3f7-a0d9-78f1-c6be-f3769c9a003c,"317 S College St, Auburn, Al, 36849","{""id"": 0, ""street"": ""317 S COLLEGE ST"", ""city"": ""AUBURN"", ""state"": ""AL"", ""zip"": ""36849""}",Match:Non_Exact,336
019ab3f0-1141-71e3-769c-d4dd4863c2c4,"1834 Wake Forest Road, Winstonsalem, Nc, 27109","{""id"": 0, ""street"": ""1834 WAKE FOREST ROAD"", ""city"": ""WINSTONSALEM"", ""state"": ""NC"", ""zip"": ""27109""}",Match:Non_Exact,331
019ab401-a6f5-7704-2cfc-30dc2d40eb00,"250 Williams St, Atlanta, Ga, 30303","{""id"": 0, ""street"": ""250 WILLIAMS ST"", ""city"": ""ATLANTA"", ""state"": ""GA"", ""zip"": ""30303""}",Match:Non_Exact,330
019ab402-823c-7b8f-626f-13e68a7f1b44,"40 Courtland St Ne, Atlanta, Ga, 30303","{""id"": 0, ""street"": ""40 COURTLAND ST NE"", ""city"": ""ATLANTA"", ""state"": ""GA"", ""zip"": ""30303""}",Match:Non_Exact,328
019ab7c7-3b1c-7594-2426-442b255c1e88,"80 Seymour Street, Hartford, Ct, 06102","{""id"": 0, ""street"": ""80 SEYMOUR STREET"", ""city"": ""HARTFORD"", ""state"": ""CT"", ""zip"": ""06102""}",Match:Non_Exact,327
019ab3e3-5a49-7c37-bbde-5d13c26111fc,"1 University Way, Cullowhee, Nc, 28723","{""id"": 0, ""street"": ""1 UNIVERSITY WAY"", ""city"": ""CULLOWHEE"", ""state"": ""NC"", ""zip"": ""28723""}",Match:Non_Exact,326
019ab3ed-1b45-71ef-c41f-de6413588ce0,"401 George Bush Dr, College Station, Tx, 77840","{""id"": 0, ""street"": ""401 GEORGE BUSH DR"", ""city"": ""COLLEGE STATION"", ""state"": ""TX"", ""zip"": ""77840""}",Match:Non_Exact,323
019ab3e0-3dd2-7b02-2f0b-eff199bf2618,"1120 20Th Street Nw Suite 550 South, Washington, Dc, 20036","{""id"": 0, ""street"": ""1120 20TH STREET NW SUITE 550 SOUTH"", ""city"": ""WASHINGTON"", ""state"": ""DC"", ""zip"": ""20036""}",Match:Non_Exact,322
019ab401-7b1b-7071-69cd-49536a66093c,"3700 O Street Nw, Washington, Dc, 20057","{""id"": 0, ""street"": ""3700 O STREET NW"", ""city"": ""WASHINGTON"", ""state"": ""DC"", ""zip"": ""20057""}",Match:Non_Exact,318
019ab3ef-f5bb-79e9-0b32-5ffe862b9e68,"5855 Wadsworth Bypass Unit A, Arvada, Co, 80003","{""id"": 0, ""street"": ""5855 WADSWORTH BYPASS UNIT A"", ""city"": ""ARVADA"", ""state"": ""CO"", ""zip"": ""80003""}",Match:Non_Exact,318
019ab437-0231-7e5f-a5d1-e8ab901ce440,"2361 Hyland Blvd, Staten Island, Ny, 10306","{""id"": 0, ""street"": ""2361 HYLAND BLVD"", ""city"": ""STATEN ISLAND"", ""state"": ""NY"", ""zip"": ""10306""}",Match:Non_Exact,316
019ab7c7-3c25-7767-6195-96b006e9b6d8,"72 1/2 Escher Street, Trenton, Nj, 08605","{""id"": 0, ""street"": ""72 1/2 ESCHER STREET"", ""city"": ""TRENTON"", ""state"": ""NJ"", ""zip"": ""08605""}",Match:Non_Exact,315
019ab3f5-43b9-792b-8668-d5b9dee19678,"100 Tuck Hall, Hanover, Nh, 03755","{""id"": 0, ""street"": ""100 Tuck Hall"", ""city"": ""Hanover"", ""state"": ""NH"", ""zip"": ""03755""}",Match:Non_Exact,312
019ab76f-e885-73d8-58a2-ff773946b570,"6211 N Ann Arbor Road, Dundee, Mi, 48131","{""id"": 0, ""street"": ""6211 N Ann Arbor Road"", ""city"": ""Dundee"", ""state"": ""MI"", ""zip"": ""48131""}",Match:Non_Exact,312
019ab401-b690-71d6-0170-054d7c8ea104,"1030 15Th St Nw Ste 1100W, Washington, Dc, 20005","{""id"": 0, ""street"": ""1030 15TH ST NW STE 1100W"", ""city"": ""WASHINGTON"", ""state"": ""DC"", ""zip"": ""20005""}",Match:Non_Exact,312
019ab436-fa98-708b-bf48-8d4ea041a180,"168 College Ave, Orono, Me, 04469","{""id"": 0, ""street"": ""168 COLLEGE AVE"", ""city"": ""ORONO"", ""state"": ""ME"", ""zip"": ""04469""}",Match:Non_Exact,310
019ab419-2fab-76cc-b9a7-ad17ee3825ec,"1301 N Main Street, Chamberlain, Sd, 57325","{""id"": 0, ""street"": ""1301 N MAIN STREET"", ""city"": ""CHAMBERLAIN"", ""state"": ""SD"", ""zip"": ""57325""}",Match:Non_Exact,310
019ab82b-ea72-78b8-14b2-7a663a1ce390,"300 Franklin St - Wealth, Manchester, Nh, 03101","{""id"": 0, ""street"": ""300 FRANKLIN ST - WEALTH"", ""city"": ""MANCHESTER"", ""state"": ""NH"", ""zip"": ""03101""}",Match:Non_Exact,306
019ab404-9bd4-7438-4cb2-0c9c13412788,"1025 N Broadway, Milwaukee, Wi, 53202","{""id"": 0, ""street"": ""1025 N Broadway"", ""city"": ""Milwaukee"", ""state"": ""WI"", ""zip"": ""53202""}",Match:Non_Exact,306
019ab405-9ef4-76bb-9acb-3d25921fc7dc,"21199 Hilltop St, Southfield, Mi, 48033","{""id"": 0, ""street"": ""21199 HILLTOP ST"", ""city"": ""SOUTHFIELD"", ""state"": ""MI"", ""zip"": ""48033""}",Match:Non_Exact,306
019ab7c7-370e-771f-af32-d3209c3a804c,"18 Bee Street, Charleston, Sc, 29425","{""id"": 0, ""street"": ""18 BEE STREET"", ""city"": ""CHARLESTON"", ""state"": ""SC"", ""zip"": ""29425""}",Match:Non_Exact,304
019ab437-0b92-725d-077b-272a62faaf08,"1040 Mass Moca Way, North Adams, Ma, 01247","{""id"": 0, ""street"": ""1040 MASS MOCA WAY"", ""city"": ""NORTH ADAMS"", ""state"": ""MA"", ""zip"": ""01247""}",Match:Non_Exact,303
019ab436-fe0b-772d-1163-13e6740d7114,"747 Broadway, Seattle, Wa, 98122","{""id"": 0, ""street"": ""747 BROADWAY"", ""city"": ""SEATTLE"", ""state"": ""WA"", ""zip"": ""98122""}",Match:Non_Exact,302
019ab3e2-647f-76ef-3dc4-60e6a5d6e680,"268 Bush Street 555, San Francisco, Ca, 94104","{""id"": 0, ""street"": ""268 BUSH STREET 555"", ""city"": ""SAN FRANCISCO"", ""state"": ""CA"", ""zip"": ""94104""}",Match:Non_Exact,301
019ab722-5622-76f3-85ad-6060557ffec8,"585 Bank Lane, Lake Forest, Il, 60045","{""id"": 0, ""street"": ""585 BANK LANE"", ""city"": ""LAKE FOREST"", ""state"": ""IL"", ""zip"": ""60045""}",Match:Non_Exact,300
019ab3eb-d6a5-73c3-fb3d-db09529c0db4,"500 N 5Th St, Minneapolis, Mn, 55401","{""id"": 0, ""street"": ""500 N 5TH ST"", ""city"": ""MINNEAPOLIS"", ""state"": ""MN"", ""zip"": ""55401""}",Match:Non_Exact,300
019ab3e2-f14b-7c08-2428-6d7a6b71c07c,"1 Unf Drive, Jacksonville, Fl, 32224","{""id"": 0, ""street"": ""1 UNF DRIVE"", ""city"": ""JACKSONVILLE"", ""state"": ""FL"", ""zip"": ""32224""}",Match:Non_Exact,299
019ab412-3494-7689-e529-49aed8942a3c,"1910 University Drive, Boise, Id, 83725","{""id"": 0, ""street"": ""1910 UNIVERSITY DRIVE"", ""city"": ""BOISE"", ""state"": ""ID"", ""zip"": ""83725""}",Match:Non_Exact,298
019ab3ec-0cb2-78ff-7d25-47303417a454,"50 Hagiwara Tea Garden Dr, San Francisco, Ca, 94118","{""id"": 0, ""street"": ""50 HAGIWARA TEA GARDEN DR"", ""city"": ""SAN FRANCISCO"", ""state"": ""CA"", ""zip"": ""94118""}",Match:Non_Exact,296
019ab413-5261-7719-57b7-dfd2119abd54,"500 Spratt St Ste B, Charlotte, Nc, 28206","{""id"": 0, ""street"": ""500 SPRATT ST STE B"", ""city"": ""CHARLOTTE"", ""state"": ""NC"", ""zip"": ""28206""}",Match:Non_Exact,294
019ab7c7-30dc-7ec7-b5e8-cf36132fadc0,"4245 N Fairfax Dr, Arlington, Va, 22203","{""id"": 0, ""street"": ""4245 N FAIRFAX DR"", ""city"": ""ARLINGTON"", ""state"": ""VA"", ""zip"": ""22203""}",Match:Non_Exact,294
019ab7af-0aea-712d-dd6c-176a199d23fc,"3320 W Foster Ave 105, Chicago, Il, 60625","{""id"": 0, ""street"": ""3320 W FOSTER AVE 105"", ""city"": ""CHICAGO"", ""state"": ""IL"", ""zip"": ""60625""}",Match:Non_Exact,294
019ab3eb-ca19-7586-9360-fbd764cf97ec,"700 N Art Museum Dr, Milwaukee, Wi, 53202","{""id"": 0, ""street"": ""700 N ART MUSEUM DR"", ""city"": ""MILWAUKEE"", ""state"": ""WI"", ""zip"": ""53202""}",Match:Non_Exact,294
019ab3fa-10dc-70e9-3a14-e558588b1488,"Keybank 4900 Tiedeman Rd Oh-01-49, Brooklyn, Oh, 44144","{""id"": 0, ""street"": ""KEYBANK 4900 TIEDEMAN RD OH-01-49"", ""city"": ""BROOKLYN"", ""state"": ""OH"", ""zip"": ""44144""}",Match:Non_Exact,292
019ab5e0-f1ff-7e38-bfb0-ed312b750010,"10960 Wilshire Blvd 700, Los Angeles, Ca, 90024","{""id"": 0, ""street"": ""10960 WILSHIRE BLVD 700"", ""city"": ""LOS ANGELES"", ""state"": ""CA"", ""zip"": ""90024""}",Match:Non_Exact,291
019ab76f-f797-7b4a-cff4-17befc25d518,"13770 Noel Rd Unit 801889, Dallas, Tx, 75380","{""id"": 0, ""street"": ""13770 NOEL RD UNIT 801889"", ""city"": ""DALLAS"", ""state"": ""TX"", ""zip"": ""75380""}",Match:Non_Exact,290
019ab3ff-753a-7470-1f3a-4114de95cebc,"5555 N Tamiami Trail, Sarasota, Fl, 34243","{""id"": 0, ""street"": ""5555 N TAMIAMI TRAIL"", ""city"": ""SARASOTA"", ""state"": ""FL"", ""zip"": ""34243""}",Match:Non_Exact,290
019ab72c-fb73-7e62-fea8-ec200d5a64d0,"1818 H Street Nw, Washington, Dc, 20433","{""id"": 0, ""street"": ""1818 H Street NW"", ""city"": ""Washington"", ""state"": ""DC"", ""zip"": ""20433""}",Match:Non_Exact,290
019ab7ae-f192-76af-78f6-4f5c2f5fe04c,"7358 N Lincoln Suite 120, Lincolnwood, Il, 60712","{""id"": 0, ""street"": ""7358 N LINCOLN SUITE 120"", ""city"": ""LINCOLNWOOD"", ""state"": ""IL"", ""zip"": ""60712""}",Match:Non_Exact,290
019ab3df-b309-7732-8cb0-32e1c481e00c,"1140 Connecticut Ave Nw 700, Washington, Dc, 20036","{""id"": 0, ""street"": ""1140 CONNECTICUT AVE NW 700"", ""city"": ""WASHINGTON"", ""state"": ""DC"", ""zip"": ""20036""}",Match:Non_Exact,290
019ab3ef-b46c-7cbb-a88e-e80754d2c7a4,"317 South College Street, Auburn, Al, 36849","{""id"": 0, ""street"": ""317 SOUTH COLLEGE STREET"", ""city"": ""AUBURN"", ""state"": ""AL"", ""zip"": ""36849""}",Match:Non_Exact,290
019ab3e2-bcdb-704c-a187-4b6c9602ef60,"3003 South State Street Suite 8000, Ann Arbor, Mi, 48109","{""id"": 0, ""street"": ""3003 SOUTH STATE STREET SUITE 8000"", ""city"": ""ANN ARBOR"", ""state"": ""MI"", ""zip"": ""48109""}",Match:Non_Exact,284
019ab7ca-9908-7785-5702-2aa981f13930,"100 Lake Hart Drive 3600, Orlando, Fl, 32832","{""id"": 0, ""street"": ""100 LAKE HART DRIVE 3600"", ""city"": ""ORLANDO"", ""state"": ""FL"", ""zip"": ""32832""}",Match:Non_Exact,284
019ab3f5-a706-7944-42ab-227c62ef8b34,"3020 Childrens Way Mc 5005, San Diego, Ca, 92123","{""id"": 0, ""street"": ""3020 CHILDRENS WAY MC 5005"", ""city"": ""SAN DIEGO"", ""state"": ""CA"", ""zip"": ""92123""}",Match:Non_Exact,282
019ab3fa-84a3-784f-c735-c643916b0e70,"421 Fallsway, Baltimore, Md, 21202","{""id"": 0, ""street"": ""421 FALLSWAY"", ""city"": ""BALTIMORE"", ""state"": ""MD"", ""zip"": ""21202""}",Match:Non_Exact,282
019ab3f6-2849-7515-fe7e-feaeb6743174,"4100 John R, Detroit, Mi, 48201","{""id"": 0, ""street"": ""4100 JOHN R"", ""city"": ""DETROIT"", ""state"": ""MI"", ""zip"": ""48201""}",Match:Non_Exact,278
019ab3e7-f181-780a-2ce6-28f6b573e534,"1762 Clifton Road Suite 1400, Atlanta, Ga, 30322","{""id"": 0, ""street"": ""1762 CLIFTON ROAD SUITE 1400"", ""city"": ""ATLANTA"", ""state"": ""GA"", ""zip"": ""30322""}",Match:Non_Exact,276
019ab3f8-df70-7518-3ec9-4e0567d6f5e4,"375 Kings Highway North, Cherry Hill, Nj, 08034","{""id"": 0, ""street"": ""375 KINGS HIGHWAY NORTH"", ""city"": ""CHERRY HILL"", ""state"": ""NJ"", ""zip"": ""08034""}",Match:Non_Exact,275
019ab3e2-c0c3-78ac-467b-5241bdb3480c,"3003 South State Street, Ann Arbor, Mi, 48109","{""id"": 0, ""street"": ""3003 SOUTH STATE STREET"", ""city"": ""ANN ARBOR"", ""state"": ""MI"", ""zip"": ""48109""}",Match:Non_Exact,274
019ab3ee-03fa-7e7e-49bd-30542f3632b4,"114 W 47Th St Ny8-114-07-07 Aft, New York, Ny, 10036","{""id"": 0, ""street"": ""114 W 47TH ST NY8-114-07-07 AFT"", ""city"": ""NEW YORK"", ""state"": ""NY"", ""zip"": ""10036""}",Match:Non_Exact,273
019ab7d0-1a2d-708c-7cff-650760c7da6c,"551 Fifth Avenue Suite 2400, New York, Ny, 10176","{""id"": 0, ""street"": ""551 FIFTH AVENUE SUITE 2400"", ""city"": ""NEW YORK"", ""state"": ""NY"", ""zip"": ""10176""}",Match:Non_Exact,271
019ab419-31d5-78a3-05d3-7ce2405dc88c,"4333 Brooklyn Ave Ne, Seattle, Wa, 98195","{""id"": 0, ""street"": ""4333 BROOKLYN AVE NE"", ""city"": ""SEATTLE"", ""state"": ""WA"", ""zip"": ""98195""}",Match:Non_Exact,271
019ab3f9-2ed4-7655-3cfa-5617a6cf6e74,"18111 Nordhoff Street, Northridge, Ca, 91330","{""id"": 0, ""street"": ""18111 NORDHOFF STREET"", ""city"": ""NORTHRIDGE"", ""state"": ""CA"", ""zip"": ""91330""}",Match:Non_Exact,268
019ab419-290d-762d-2e52-5d040598d774,"121 Avenue Of The Americas 6Th, New York, Ny, 10013","{""id"": 0, ""street"": ""121 AVENUE OF THE AMERICAS 6TH"", ""city"": ""NEW YORK"", ""state"": ""NY"", ""zip"": ""10013""}",Match:Non_Exact,268
019ab5e0-e722-7abc-4cd0-db6ae8e64968,"2300B Dulaney Valley Road, Timonium, Md, 21093","{""id"": 0, ""street"": ""2300B Dulaney Valley Road"", ""city"": ""Timonium"", ""state"": ""MD"", ""zip"": ""21093""}",Match:Non_Exact,267
019ab3e3-5f6b-7a29-86fa-f3c233d7dd40,"2600 Clifton Ave, Cincinnati, Oh, 45221","{""id"": 0, ""street"": ""2600 CLIFTON AVE"", ""city"": ""CINCINNATI"", ""state"": ""OH"", ""zip"": ""45221""}",Match:Non_Exact,266
019ab5e0-e00f-7e21-001d-896617b0a208,"6925 Oakland Mills Road 701, Columbia, Md, 21045","{""id"": 0, ""street"": ""6925 OAKLAND MILLS ROAD 701"", ""city"": ""COLUMBIA"", ""state"": ""MD"", ""zip"": ""21045""}",Match:Non_Exact,264
019ab707-0b46-76f1-f2e8-1140e0a4b94c,"13770 Noel Road, Dallas, Tx, 75380","{""id"": 0, ""street"": ""13770 NOEL ROAD"", ""city"": ""DALLAS"", ""state"": ""TX"", ""zip"": ""75380""}",Match:Non_Exact,262
019ab40c-a1dd-78e5-8e25-38197e2553ac,"Elm And Carlton St, Buffalo, Ny, 14263","{""id"": 0, ""street"": ""ELM AND CARLTON ST"", ""city"": ""BUFFALO"", ""state"": ""NY"", ""zip"": ""14263""}",Match:Non_Exact,262
019ab3e2-b07c-7f78-9d6f-2427670c080c,"34 1/2 East 12Th Street, New York, Ny, 10003","{""id"": 0, ""street"": ""34 1/2 EAST 12TH STREET"", ""city"": ""NEW YORK"", ""state"": ""NY"", ""zip"": ""10003""}",Match:Non_Exact,262
019ab3e2-ceed-7d57-856a-ddbaa46c5130,"421 N Woodland Blvd, Deland, Fl, 32723","{""id"": 0, ""street"": ""421 N WOODLAND BLVD"", ""city"": ""DELAND"", ""state"": ""FL"", ""zip"": ""32723""}",Match:Non_Exact,262
019ab3ea-ad3b-73e3-353f-9e0af393ad78,"405 Hilgard Ave, Los Angeles, Ca, 90095","{""id"": 0, ""street"": ""405 HILGARD AVE"", ""city"": ""LOS ANGELES"", ""state"": ""CA"", ""zip"": ""90095""}",Match:Non_Exact,261
019ab3f6-4875-7e48-e7e0-614d898126f4,"100 W College St, Granville, Oh, 43023","{""id"": 0, ""street"": ""100 W COLLEGE ST"", ""city"": ""GRANVILLE"", ""state"": ""OH"", ""zip"": ""43023""}",Match:Non_Exact,260
019ab5e0-ffc6-70ec-a9e5-bcd9367574e8,"One West Main Street 303, Medford, Or, 97501","{""id"": 0, ""street"": ""ONE WEST MAIN STREET 303"", ""city"": ""MEDFORD"", ""state"": ""OR"", ""zip"": ""97501""}",Match:Non_Exact,260
019ab407-7990-7fe4-8105-179a0210066c,"4550 Montgomery Ave Suite 1100 N, Bethesda, Md, 20814","{""id"": 0, ""street"": ""4550 MONTGOMERY AVE SUITE 1100 N"", ""city"": ""BETHESDA"", ""state"": ""MD"", ""zip"": ""20814""}",Match:Non_Exact,260
019ab3e2-9ccd-7ce8-753f-b96cc9e2f69c,"1200 S Lake Shore Drive, Chicago, Il, 60605","{""id"": 0, ""street"": ""1200 S LAKE SHORE DRIVE"", ""city"": ""CHICAGO"", ""state"": ""IL"", ""zip"": ""60605""}",Match:Non_Exact,260
019ab3f7-3d38-7676-11f9-26e71b23f008,"2 Lefevre Lane, New Rochelle, Ny, 10801","{""id"": 0, ""street"": ""2 LEFEVRE LANE"", ""city"": ""NEW ROCHELLE"", ""state"": ""NY"", ""zip"": ""10801""}",Match:Non_Exact,260
019ab436-f5cf-70ff-d610-7cbd144a6360,"3003 S State Street, Ann Arbor, Mi, 48109","{""id"": 0, ""street"": ""3003 S State Street"", ""city"": ""Ann Arbor"", ""state"": ""MI"", ""zip"": ""48109""}",Match:Non_Exact,259
019ab3f7-ba67-79ca-0447-702747f57f18,"800 Lakeshore Dr, Birmingham, Al, 35229","{""id"": 0, ""street"": ""800 LAKESHORE DR"", ""city"": ""BIRMINGHAM"", ""state"": ""AL"", ""zip"": ""35229""}",Match:Non_Exact,258
019ab405-7c8c-737d-3c46-872914e82b4c,"6300 N Ridge, Chicago, Il, 60660","{""id"": 0, ""street"": ""6300 N RIDGE"", ""city"": ""CHICAGO"", ""state"": ""IL"", ""zip"": ""60660""}",Match:Non_Exact,258
019ab3e9-e582-70e0-20be-8f73b1933980,"2700 N Tamiami Trail, Sarasota, Fl, 34234","{""id"": 0, ""street"": ""2700 N Tamiami Trail"", ""city"": ""Sarasota"", ""state"": ""FL"", ""zip"": ""34234""}",Match:Non_Exact,256
019ab3eb-fd47-740d-5ca1-a251b106b748,"171 Moultrie St, Charleston, Sc, 29409","{""id"": 0, ""street"": ""171 MOULTRIE ST"", ""city"": ""CHARLESTON"", ""state"": ""SC"", ""zip"": ""29409""}",Match:Non_Exact,256
019ab3e4-17e7-7070-6fdb-8f3da7b8de6c,"10 1/2 Beacon Street, Boston, Ma, 02108","{""id"": 0, ""street"": ""10 1/2 BEACON STREET"", ""city"": ""BOSTON"", ""state"": ""MA"", ""zip"": ""02108""}",Match:Non_Exact,255
019ab3eb-d332-729d-032c-7e7df24e4ffc,"981 Howell Mill Rd Nw, Atlanta, Ga, 30318","{""id"": 0, ""street"": ""981 HOWELL MILL RD NW"", ""city"": ""ATLANTA"", ""state"": ""GA"", ""zip"": ""30318""}",Match:Non_Exact,254
019ab3f9-74dc-7191-2fd8-41e09869971c,"4650 W Sunset Blvd 29, Los Angeles, Ca, 90027","{""id"": 0, ""street"": ""4650 W SUNSET BLVD 29"", ""city"": ""LOS ANGELES"", ""state"": ""CA"", ""zip"": ""90027""}",Match:Non_Exact,254
019ab405-24c1-70cd-7282-62d97adc6958,"1027 Barnwell Street, Columbia, Sc, 29208","{""id"": 0, ""street"": ""1027 Barnwell Street"", ""city"": ""Columbia"", ""state"": ""SC"", ""zip"": ""29208""}",Match:Non_Exact,254
019ab3e1-79fb-7529-669a-04b6029223c0,"600 W College Ave, Tallahassee, Fl, 32306","{""id"": 0, ""street"": ""600 W COLLEGE AVE"", ""city"": ""TALLAHASSEE"", ""state"": ""FL"", ""zip"": ""32306""}",Match:Non_Exact,254
019ab3fb-a336-7955-d89d-2988437ddfc8,"265 Franklin St Bos-301, Boston, Ma, 02110","{""id"": 0, ""street"": ""265 FRANKLIN ST BOS-301"", ""city"": ""BOSTON"", ""state"": ""MA"", ""zip"": ""02110""}",Match:Non_Exact,251
019ab3f2-8980-7786-304b-2ff82c392234,"431 18Th Street Nw, Washington Dc, Dc, 20006","{""id"": 0, ""street"": ""431 18TH STREET NW"", ""city"": ""WASHINGTON DC"", ""state"": ""DC"", ""zip"": ""20006""}",Match:Non_Exact,250
019ab419-24c1-7e3c-873d-13c9e70e7198,"1 N College St, Northfield, Mn, 55057","{""id"": 0, ""street"": ""1 N COLLEGE ST"", ""city"": ""NORTHFIELD"", ""state"": ""MN"", ""zip"": ""55057""}",Match:Non_Exact,250
019ab7ae-f362-78fd-b8af-06b8a0c19d04,"12030 Sunrise Valley Drive 450, Reston, Va, 20191","{""id"": 0, ""street"": ""12030 SUNRISE VALLEY DRIVE 450"", ""city"": ""RESTON"", ""state"": ""VA"", ""zip"": ""20191""}",Match:Non_Exact,249
019ab3f8-a096-7b4a-3041-b6584c0cc65c,"5025 Thacher Road, Ojai, Ca, 93023","{""id"": 0, ""street"": ""5025 THACHER ROAD"", ""city"": ""OJAI"", ""state"": ""CA"", ""zip"": ""93023""}",Match:Non_Exact,248
019ab3e3-bd46-79c3-c363-7f588a83fc84,"221 S Figueroa St 400, Los Angeles, Ca, 90012","{""id"": 0, ""street"": ""221 S FIGUEROA ST 400"", ""city"": ""LOS ANGELES"", ""state"": ""CA"", ""zip"": ""90012""}",Match:Non_Exact,248
019ab409-dfb6-7ac0-2019-8681cf1335f4,"9717 Elk Grove Florin Rd Unit B, Elk Grove, Ca, 95624","{""id"": 0, ""street"": ""9717 Elk Grove Florin Rd Unit B"", ""city"": ""ELK GROVE"", ""state"": ""CA"", ""zip"": ""95624""}",Match:Non_Exact,247
019ab7d0-1176-7eb8-f2f6-5d3cdcdbea8c,"30 South Wells Street 4049, Chicago, Il, 60606","{""id"": 0, ""street"": ""30 South Wells Street 4049"", ""city"": ""Chicago"", ""state"": ""IL"", ""zip"": ""60606""}",Match:Non_Exact,247
019ab3f7-629e-7dfe-4693-0eddb192bd20,"100 West College Street, Granville, Oh, 43023","{""id"": 0, ""street"": ""100 WEST COLLEGE STREET"", ""city"": ""GRANVILLE"", ""state"": ""OH"", ""zip"": ""43023""}",Match:Non_Exact,246
019ab40a-7292-7573-4e61-b37be7632ec8,"648 B Griffith Road Suite B, Charlotte, Nc, 28217","{""id"": 0, ""street"": ""648 B GRIFFITH ROAD SUITE B"", ""city"": ""CHARLOTTE"", ""state"": ""NC"", ""zip"": ""28217""}",Match:Non_Exact,244
019ab3ec-402a-70b5-5871-8795de17c700,"333 N Meridian, Oklahoma City, Ok, 73107","{""id"": 0, ""street"": ""333 N MERIDIAN"", ""city"": ""OKLAHOMA CITY"", ""state"": ""OK"", ""zip"": ""73107""}",Match:Non_Exact,244
019ab5e0-fdea-7b9a-5cc7-fcc909835b50,"10889 Wilshire Boulevard Suite 700, Los Angeles, Ca, 90095","{""id"": 0, ""street"": ""10889 WILSHIRE BOULEVARD SUITE 700"", ""city"": ""LOS ANGELES"", ""state"": ""CA"", ""zip"": ""90095""}",Match:Non_Exact,244
019ab401-6f21-7983-6fc9-6f1295b2d91c,"10501 Fgcu Blvd South, Fort Myers, Fl, 33965","{""id"": 0, ""street"": ""10501 FGCU BLVD SOUTH"", ""city"": ""FORT MYERS"", ""state"": ""FL"", ""zip"": ""33965""}",Match:Non_Exact,244
019ab413-3255-7689-ae3e-0372f3850b90,"4245 N Fairfax Dr Suite 100, Arlington, Va, 22203","{""id"": 0, ""street"": ""4245 N FAIRFAX DR SUITE 100"", ""city"": ""ARLINGTON"", ""state"": ""VA"", ""zip"": ""22203""}",Match:Non_Exact,243
019ab436-f950-7428-9cea-3d9eb3e014b4,"302 E Buchtel Ave, Akron, Oh, 44325","{""id"": 0, ""street"": ""302 E BUCHTEL AVE"", ""city"": ""AKRON"", ""state"": ""OH"", ""zip"": ""44325""}",Match:Non_Exact,242
019ab3ee-c15f-7729-c164-225e67368074,"208 S Great Rd, Lincoln, Ma, 01773","{""id"": 0, ""street"": ""208 S GREAT RD"", ""city"": ""LINCOLN"", ""state"": ""MA"", ""zip"": ""01773""}",Match:Non_Exact,240
019ab419-2910-7d71-9d76-0c04fa12f1c0,"700 N Art Museum Drive, Milwaukee, Wi, 53202","{""id"": 0, ""street"": ""700 N Art Museum Drive"", ""city"": ""Milwaukee"", ""state"": ""WI"", ""zip"": ""53202""}",Match:Non_Exact,240
019ab72c-fb56-753b-d202-ef6be69bf150,"Financial Aid Office 7662 Chanute, Moses Lake, Wa, 98837","{""id"": 0, ""street"": ""FINANCIAL AID OFFICE 7662 CHANUTE"", ""city"": ""MOSES LAKE"", ""state"": ""WA"", ""zip"": ""98837""}",Match:Non_Exact,238
019ab3f2-9f74-71d6-593d-baac97ef6c6c,"1027 Barnwell St, Columbia, Sc, 29208","{""id"": 0, ""street"": ""1027 BARNWELL ST"", ""city"": ""COLUMBIA"", ""state"": ""SC"", ""zip"": ""29208""}",Match:Non_Exact,238
019ab3e3-756b-7e20-a3fa-2b9d5cc0838c,"4550 Montgomery Ave Suite 1100N, Bethesda, Md, 20814","{""id"": 0, ""street"": ""4550 Montgomery Ave Suite 1100N"", ""city"": ""Bethesda"", ""state"": ""MD"", ""zip"": ""20814""}",Match:Non_Exact,238
019ab411-dfb0-798f-8ebe-33dabdaea948,"171 Moultrie Street, Charleston, Sc, 29409","{""id"": 0, ""street"": ""171 Moultrie Street"", ""city"": ""Charleston"", ""state"": ""SC"", ""zip"": ""29409""}",Match:Non_Exact,238
019ab7ca-97ef-731c-defe-1ef512e5b71c,"125 E 31St St, Kansas City, Mo, 64108","{""id"": 0, ""street"": ""125 E 31ST ST"", ""city"": ""KANSAS CITY"", ""state"": ""MO"", ""zip"": ""64108""}",Match:Non_Exact,237
019ab3fe-9f14-7fa8-993f-dbb32487c318,"529 14Th Street Nw Suite 500, Washington, Dc, 20045","{""id"": 0, ""street"": ""529 14TH STREET NW SUITE 500"", ""city"": ""WASHINGTON"", ""state"": ""DC"", ""zip"": ""20045""}",Match:Non_Exact,236
019ab3f2-96a0-75c3-d230-54b2699c6c74,"1834 Wake Forest Rd, Winstonsalem, Nc, 27109","{""id"": 0, ""street"": ""1834 WAKE FOREST RD"", ""city"": ""WinstonSalem"", ""state"": ""NC"", ""zip"": ""27109""}",Match:Non_Exact,236
019ab409-ec0e-77b2-238f-5d12c3176268,"400 E University Way, Ellensburg, Wa, 98926","{""id"": 0, ""street"": ""400 E UNIVERSITY WAY"", ""city"": ""ELLENSBURG"", ""state"": ""WA"", ""zip"": ""98926""}",Match:Non_Exact,236
019ab701-d69a-73d9-a458-22422b2c0394,"355 Lexington Ave 3, New York, Ny, 10017","{""id"": 0, ""street"": ""355 Lexington Ave 3"", ""city"": ""New York"", ""state"": ""NY"", ""zip"": ""10017""}",Match:Non_Exact,236
019ab3e8-e1e4-7297-8006-dbe191a73528,"300 East River Road, Rochester, Ny, 14627","{""id"": 0, ""street"": ""300 EAST RIVER ROAD"", ""city"": ""ROCHESTER"", ""state"": ""NY"", ""zip"": ""14627""}",Match:Non_Exact,234
019ab717-84dc-727c-ef3c-1f425a5dcdc8,"123 William St10Th Floor, New York, Ny, 10038","{""id"": 0, ""street"": ""123 WILLIAM ST10TH FLOOR"", ""city"": ""NEW YORK"", ""state"": ""NY"", ""zip"": ""10038""}",Match:Non_Exact,234
019ab407-547a-7756-257a-ec9646ad3a78,"630 3Rd Ave 15Th, New York, Ny, 10017","{""id"": 0, ""street"": ""630 3RD AVE 15TH"", ""city"": ""NEW YORK"", ""state"": ""NY"", ""zip"": ""10017""}",Match:Non_Exact,232
019ab437-0c7c-7628-a547-593f5c25e0ec,"615 Texas Avenue, Houston, Tx, 77002","{""id"": 0, ""street"": ""615 TEXAS AVENUE"", ""city"": ""HOUSTON"", ""state"": ""TX"", ""zip"": ""77002""}",Match:Non_Exact,232
019ab3f7-4bac-7c79-89b0-afd25a6bd87c,"Keybank 4900 Tiedeman Rd Oh-01-49-, Brooklyn, Oh, 44144","{""id"": 0, ""street"": ""KEYBANK 4900 TIEDEMAN RD OH-01-49-"", ""city"": ""BROOKLYN"", ""state"": ""OH"", ""zip"": ""44144""}",Match:Non_Exact,232
019ab419-2298-7726-d40b-93ac467e89d8,"450 Brookline Avenue, Boston, Ma, 02115","{""id"": 0, ""street"": ""450 BROOKLINE AVENUE"", ""city"": ""BOSTON"", ""state"": ""MA"", ""zip"": ""02115""}",Match:Non_Exact,232
019ab3e3-5ee3-76b7-33b8-3eab5bfdb600,"4875 43Rd Avenue, Vero Beach, Fl, 32967","{""id"": 0, ""street"": ""4875 43RD AVENUE"", ""city"": ""VERO BEACH"", ""state"": ""FL"", ""zip"": ""32967""}",Match:Non_Exact,231
019ab3f5-16ad-7467-717b-356d69098a74,"4400 University Drive Ms 1A3, Fairfax, Va, 22030","{""id"": 0, ""street"": ""4400 University Drive MS 1A3"", ""city"": ""Fairfax"", ""state"": ""VA"", ""zip"": ""22030""}",Match:Non_Exact,230
019ab3e8-c24d-7a8e-1d37-642f672e1500,"One North College Street, Northfield, Mn, 55057","{""id"": 0, ""street"": ""One North College Street"", ""city"": ""Northfield"", ""state"": ""MN"", ""zip"": ""55057""}",Match:Non_Exact,230
019ab7c7-3161-7109-fd0a-ee010a137f40,"33 S State Street Suite 750, Chicago, Il, 60603","{""id"": 0, ""street"": ""33 S STATE STREET SUITE 750"", ""city"": ""CHICAGO"", ""state"": ""IL"", ""zip"": ""60603""}",Match:Non_Exact,230
019ab7d6-a8a9-7a0b-b8e1-e729031e8ce4,"440 N Barranca Ave 2273, Covina, Ca, 91723","{""id"": 0, ""street"": ""440 N BARRANCA AVE 2273"", ""city"": ""COVINA"", ""state"": ""CA"", ""zip"": ""91723""}",Match:Non_Exact,230
019ab3fe-7412-75b7-fbdb-faa37a0925e4,"1025 Connecticut Avenue Nw Suite, Washington, Dc, 20036","{""id"": 0, ""street"": ""1025 CONNECTICUT AVENUE NW SUITE"", ""city"": ""WASHINGTON"", ""state"": ""DC"", ""zip"": ""20036""}",Match:Non_Exact,230
019ab7d6-9e82-7e9e-e7d8-eae5d712f63c,"442 5Th Avenue 1866, New York, Ny, 10018","{""id"": 0, ""street"": ""442 5TH AVENUE 1866"", ""city"": ""NEW YORK"", ""state"": ""NY"", ""zip"": ""10018""}",Match:Non_Exact,230
019ab436-fa9a-71dc-b374-b0570f5a1230,"8161 Normandale Blvd, Minneapolis, Mn, 55437","{""id"": 0, ""street"": ""8161 NORMANDALE BLVD"", ""city"": ""MINNEAPOLIS"", ""state"": ""MN"", ""zip"": ""55437""}",Match:Non_Exact,228
019ab408-35a1-71cd-0c93-6f52d18df610,"3003 S State Street Suite 8000, Ann Arbor, Mi, 48109","{""id"": 0, ""street"": ""3003 S STATE STREET SUITE 8000"", ""city"": ""ANN ARBOR"", ""state"": ""MI"", ""zip"": ""48109""}",Match:Non_Exact,228
019ab419-25d9-7aa0-7e53-a08a97426330,"4001 Harding Road, Nashville, Tn, 37205","{""id"": 0, ""street"": ""4001 HARDING ROAD"", ""city"": ""NASHVILLE"", ""state"": ""TN"", ""zip"": ""37205""}",Match:Non_Exact,228
019ab707-0c4d-74fd-45db-a80bba094910,"5454 W Fargo, Skokie, Il, 60077","{""id"": 0, ""street"": ""5454 W FARGO"", ""city"": ""SKOKIE"", ""state"": ""IL"", ""zip"": ""60077""}",Match:Non_Exact,228
019ab3fa-ee16-738b-a934-6f85b3aee0cc,"2000 Bunker Road Fort Cronkhite, Sausalito, Ca, 94965","{""id"": 0, ""street"": ""2000 BUNKER ROAD FORT CRONKHITE"", ""city"": ""SAUSALITO"", ""state"": ""CA"", ""zip"": ""94965""}",Match:Non_Exact,226
019ab437-0129-740b-2cef-3695a74cef04,"500-B Spratt Street, Charlotte, Nc, 28206","{""id"": 0, ""street"": ""500-B SPRATT STREET"", ""city"": ""CHARLOTTE"", ""state"": ""NC"", ""zip"": ""28206""}",Match:Non_Exact,226
019ab3f4-63b5-7bf1-1c8b-ef90ee9a6494,"1010 Grand, Kansas City, Mo, 64106","{""id"": 0, ""street"": ""1010 GRAND"", ""city"": ""KANSAS CITY"", ""state"": ""MO"", ""zip"": ""64106""}",Match:Non_Exact,225
019ab3f0-29c5-75fb-8960-a07fb9d25f44,"251 N Main St, Cedarville, Oh, 45314","{""id"": 0, ""street"": ""251 N MAIN ST"", ""city"": ""CEDARVILLE"", ""state"": ""OH"", ""zip"": ""45314""}",Match:Non_Exact,224
019ab419-2d45-7c29-8dae-e63db3ee76fc,"50 Barracuda Lane, Key Largo, Fl, 33037","{""id"": 0, ""street"": ""50 BARRACUDA LANE"", ""city"": ""KEY LARGO"", ""state"": ""FL"", ""zip"": ""33037""}",Match:Non_Exact,224
019ab707-062d-7f9e-21c8-f24782940614,"1 John Marshall Drive, Huntington, Wv, 25755","{""id"": 0, ""street"": ""1 JOHN MARSHALL DRIVE"", ""city"": ""HUNTINGTON"", ""state"": ""WV"", ""zip"": ""25755""}",Match:Non_Exact,223
019ab3ef-a398-76bb-33d0-0a54c822cb94,"225 North Michigan Avenue 17Th, Chicago, Il, 60601","{""id"": 0, ""street"": ""225 NORTH MICHIGAN AVENUE 17TH"", ""city"": ""CHICAGO"", ""state"": ""IL"", ""zip"": ""60601""}",Match:Non_Exact,222
019ab3fd-5d8c-770c-187d-873e446fcbac,"1800 N Grant St Ste 725, Denver, Co, 80203","{""id"": 0, ""street"": ""1800 N GRANT ST STE 725"", ""city"": ""DENVER"", ""state"": ""CO"", ""zip"": ""80203""}",Match:Non_Exact,222
019ab436-ee46-77f5-33a9-27839f563e08,"405 Hilgard Avenue, Los Angeles, Ca, 90095","{""id"": 0, ""street"": ""405 HILGARD AVENUE"", ""city"": ""LOS ANGELES"", ""state"": ""CA"", ""zip"": ""90095""}",Match:Non_Exact,222
019ab3e1-d478-7474-07d2-1e2663dd42b4,"4650 Sunset Boulevard, Los Angeles, Ca, 90027","{""id"": 0, ""street"": ""4650 SUNSET BOULEVARD"", ""city"": ""LOS ANGELES"", ""state"": ""CA"", ""zip"": ""90027""}",Match:Non_Exact,220
019ab419-25d8-7042-543e-dfdf8f1279d8,"616 Thurston Ave, Ithaca, Ny, 14853","{""id"": 0, ""street"": ""616 THURSTON AVE"", ""city"": ""ITHACA"", ""state"": ""NY"", ""zip"": ""14853""}",Match:Non_Exact,220
019ab72c-f8ca-78fd-4512-95c5cbff2eb0,"161 N Clark Suite 700, Chicago, Il, 60601","{""id"": 0, ""street"": ""161 N CLARK SUITE 700"", ""city"": ""CHICAGO"", ""state"": ""IL"", ""zip"": ""60601""}",Match:Non_Exact,220
019ab406-f732-736c-01ad-461e4fd8b3cc,"320 Washington Street, Easton, Ma, 02357","{""id"": 0, ""street"": ""320 WASHINGTON STREET"", ""city"": ""EASTON"", ""state"": ""MA"", ""zip"": ""02357""}",Match:Non_Exact,220
019ab701-d698-7694-a8d9-bd53dd9d2b74,"18111 Nordhoff St, Northridge, Ca, 91330","{""id"": 0, ""street"": ""18111 NORDHOFF ST"", ""city"": ""NORTHRIDGE"", ""state"": ""CA"", ""zip"": ""91330""}",Match:Non_Exact,220
019ab3fe-105c-798c-6dee-d6b206633f30,"1030 15Th Street Nw Suite 1100 W, Washington, Dc, 20005","{""id"": 0, ""street"": ""1030 15TH STREET NW SUITE 1100 W"", ""city"": ""WASHINGTON"", ""state"": ""DC"", ""zip"": ""20005""}",Match:Non_Exact,220
019ab3ec-bc1b-7f93-3720-d8b837529b04,"1903 W Michigan Avenue, Kalamazoo, Mi, 49008","{""id"": 0, ""street"": ""1903 W MICHIGAN AVENUE"", ""city"": ""KALAMAZOO"", ""state"": ""MI"", ""zip"": ""49008""}",Match:Non_Exact,219
019ab419-238e-748e-af24-e3935a3a04c4,"345 E 102Nd St 305, New York, Ny, 10029","{""id"": 0, ""street"": ""345 E 102nd St 305"", ""city"": ""New York"", ""state"": ""NY"", ""zip"": ""10029""}",Match:Non_Exact,218
019ab3e8-d86c-7282-867b-962a64985fac,"1333 South Mayflower Avenue Suite, Monrovia, Ca, 91016","{""id"": 0, ""street"": ""1333 SOUTH MAYFLOWER AVENUE SUITE"", ""city"": ""MONROVIA"", ""state"": ""CA"", ""zip"": ""91016""}",Match:Non_Exact,218
019ab3e3-74af-7058-80e0-a8b25fd05b08,"7412 Fulton Ave 3, North Hollywood, Ca, 91605","{""id"": 0, ""street"": ""7412 Fulton Ave 3"", ""city"": ""North Hollywood"", ""state"": ""CA"", ""zip"": ""91605""}",Match:Non_Exact,216
019ab40b-e789-7437-c6a8-dcac30f25eb0,"449 Troutman Street Suite A, Brooklyn, Ny, 11237","{""id"": 0, ""street"": ""449 TROUTMAN STREET SUITE A"", ""city"": ""BROOKLYN"", ""state"": ""NY"", ""zip"": ""11237""}",Match:Non_Exact,216
019ab3ef-b76c-77de-851d-b1db4383e60c,"400 S Orange Ave, South Orange, Nj, 07079","{""id"": 0, ""street"": ""400 S ORANGE AVE"", ""city"": ""SOUTH ORANGE"", ""state"": ""NJ"", ""zip"": ""07079""}",Match:Non_Exact,216
019ab3e8-c401-71ac-8117-5bb72e581730,"37Th And O Sts Nw, Washington, Dc, 20007","{""id"": 0, ""street"": ""37TH AND O STS NW"", ""city"": ""Washington"", ""state"": ""DC"", ""zip"": ""20007""}",Match:Non_Exact,216
019ab3ff-682d-793d-4759-7e7c77d180f0,"751 Riverside Ave, Jacksonville, Fl, 32204","{""id"": 0, ""street"": ""751 RIVERSIDE AVE"", ""city"": ""JACKSONVILLE"", ""state"": ""FL"", ""zip"": ""32204""}",Match:Non_Exact,216
019ab3e4-1499-75a4-745d-a9840b8ed9d4,"1055 Broadway Suite 130, Kansas City, Mo, 64105","{""id"": 0, ""street"": ""1055 Broadway Suite 130"", ""city"": ""Kansas City"", ""state"": ""MO"", ""zip"": ""64105""}",Match:Non_Exact,216
019ab3e9-557e-7676-0834-806362098c48,"1314 South King Street Suite B, Honolulu, Hi, 96814","{""id"": 0, ""street"": ""1314 SOUTH KING STREET SUITE B"", ""city"": ""HONOLULU"", ""state"": ""HI"", ""zip"": ""96814""}",Match:Non_Exact,216
019ab3e9-e945-7a6a-95a4-40c7cb23a2dc,"6046 Financial Drive, Norcross, Ga, 30071","{""id"": 0, ""street"": ""6046 FINANCIAL DRIVE"", ""city"": ""NORCROSS"", ""state"": ""GA"", ""zip"": ""30071""}",Match:Non_Exact,216
019ab3ff-f192-7fd2-6fd2-3050320fc888,"7 Boyden Lane, Deerfield, Ma, 01342","{""id"": 0, ""street"": ""7 BOYDEN LANE"", ""city"": ""DEERFIELD"", ""state"": ""MA"", ""zip"": ""01342""}",Match:Non_Exact,216
019ab3e0-204f-7246-e4bf-75028b6bf190,"701 N Raleigh Blvd, Raleigh, Nc, 27610","{""id"": 0, ""street"": ""701 N RALEIGH BLVD"", ""city"": ""RALEIGH"", ""state"": ""NC"", ""zip"": ""27610""}",Match:Non_Exact,215
019ab3e3-6c8d-7768-ea37-31272740e688,"1520 St Olaf Avenue, Northfield, Mn, 55057","{""id"": 0, ""street"": ""1520 ST OLAF AVENUE"", ""city"": ""NORTHFIELD"", ""state"": ""MN"", ""zip"": ""55057""}",Match:Non_Exact,214
019ab407-ec6c-7b97-db3b-0ab734cae214,"15 Bank Row, Greenfield, Ma, 01301","{""id"": 0, ""street"": ""15 BANK ROW"", ""city"": ""GREENFIELD"", ""state"": ""MA"", ""zip"": ""01301""}",Match:Non_Exact,212
019ab3eb-9c5a-7ac7-c43e-874243ce546c,"3434 Roswell Rd Nw, Atlanta, Ga, 30305","{""id"": 0, ""street"": ""3434 ROSWELL RD NW"", ""city"": ""ATLANTA"", ""state"": ""GA"", ""zip"": ""30305""}",Match:Non_Exact,212
019ab3ed-c790-7491-f30b-d16164496784,"55 Salisbury Street, Worcester, Ma, 01609","{""id"": 0, ""street"": ""55 SALISBURY STREET"", ""city"": ""WORCESTER"", ""state"": ""MA"", ""zip"": ""01609""}",Match:Non_Exact,212
019ab3f9-15a7-7cd2-55d5-7182305de328,"3635 Long Beach Blvd, Long Beach, Ca, 90807","{""id"": 0, ""street"": ""3635 LONG BEACH BLVD"", ""city"": ""LONG BEACH"", ""state"": ""CA"", ""zip"": ""90807""}",Match:Non_Exact,210
019ab7c7-38bc-7a50-c2e0-1157424745f8,"2121 I St Nw, Washington, Dc, 20052","{""id"": 0, ""street"": ""2121 I ST NW"", ""city"": ""WASHINGTON"", ""state"": ""DC"", ""zip"": ""20052""}",Match:Non_Exact,208
019ab436-f7c5-7fc7-eef4-987edf9a5394,"1 John Marshall Dr, Huntington, Wv, 25755","{""id"": 0, ""street"": ""1 JOHN MARSHALL DR"", ""city"": ""HUNTINGTON"", ""state"": ""WV"", ""zip"": ""25755""}",Match:Non_Exact,208
019ab3f7-22ab-76cd-724e-3d6088524da0,"931 W Eastwood Ave, Chicago, Il, 60640","{""id"": 0, ""street"": ""931 W EASTWOOD AVE"", ""city"": ""CHICAGO"", ""state"": ""IL"", ""zip"": ""60640""}",Match:Non_Exact,208
019ab3e9-847b-73b8-9fbd-b9e87794041c,"3003 S State St Ste 8000, Ann Arbor, Mi, 48109","{""id"": 0, ""street"": ""3003 S STATE ST STE 8000"", ""city"": ""ANN ARBOR"", ""state"": ""MI"", ""zip"": ""48109""}",Match:Non_Exact,208
019ab3e9-3d39-752f-6c46-b343c9a14628,"1001 Avenue Of The Americas 19Th, New York, Ny, 10018","{""id"": 0, ""street"": ""1001 AVENUE OF THE AMERICAS 19TH"", ""city"": ""NEW YORK"", ""state"": ""NY"", ""zip"": ""10018""}",Match:Non_Exact,208
019ab5e1-071f-7fd2-b4be-08de3b161dd8,"4202 East Fowler Avenue Alc 100, Tampa, Fl, 33620","{""id"": 0, ""street"": ""4202 EAST FOWLER AVENUE ALC 100"", ""city"": ""TAMPA"", ""state"": ""FL"", ""zip"": ""33620""}",Match:Non_Exact,207
019ab3eb-3107-7f0b-1b8b-3ab5b9b99ea4,"800 W Wells St, Milwaukee, Wi, 53233","{""id"": 0, ""street"": ""800 W WELLS ST"", ""city"": ""MILWAUKEE"", ""state"": ""WI"", ""zip"": ""53233""}",Match:Non_Exact,207
019ab3df-c0a4-7c85-c1dc-5f1ec84af638,"505 Gypsy Lane, Youngstown, Oh, 44504","{""id"": 0, ""street"": ""505 GYPSY LANE"", ""city"": ""YOUNGSTOWN"", ""state"": ""OH"", ""zip"": ""44504""}",Match:Non_Exact,206
019ab3ed-4706-7034-df30-c00e4d162374,"1655 North Fort Myer Drive Suite, Arlington, Va, 22209","{""id"": 0, ""street"": ""1655 North Fort Myer Drive Suite"", ""city"": ""Arlington"", ""state"": ""VA"", ""zip"": ""22209""}",Match:Non_Exact,206
019ab406-2946-75e0-4bd0-e8c2d7ed7f04,"3815 Washington Street, Boston, Ma, 02130","{""id"": 0, ""street"": ""3815 WASHINGTON STREET"", ""city"": ""BOSTON"", ""state"": ""MA"", ""zip"": ""02130""}",Match:Non_Exact,204
019ab419-25d1-7f6f-a2bd-7328c8ae1ea0,"4550 Montgomery Avenue Suite 1100N, Bethesda, Md, 20814","{""id"": 0, ""street"": ""4550 MONTGOMERY AVENUE SUITE 1100N"", ""city"": ""BETHESDA"", ""state"": ""MD"", ""zip"": ""20814""}",Match:Non_Exact,204
019ab3ee-13c5-7d74-9155-7de227e1644c,"130 West Bruno Street, Los Angeles, Ca, 90012","{""id"": 0, ""street"": ""130 WEST BRUNO STREET"", ""city"": ""LOS ANGELES"", ""state"": ""CA"", ""zip"": ""90012""}",Match:Non_Exact,204
019ab419-29c0-7a7c-983c-9d5cc640d8fc,"800 W Wells Street, Milwaukee, Wi, 53233","{""id"": 0, ""street"": ""800 W WELLS STREET"", ""city"": ""MILWAUKEE"", ""state"": ""WI"", ""zip"": ""53233""}",Match:Non_Exact,204
019ab436-fdbf-72fe-f024-3db171a300a0,"9011 Mountain Ridge Suite 150, Austin, Tx, 78759","{""id"": 0, ""street"": ""9011 MOUNTAIN RIDGE SUITE 150"", ""city"": ""AUSTIN"", ""state"": ""TX"", ""zip"": ""78759""}",Match:Non_Exact,204
019ab3e7-1ee2-7e36-8294-0f512c29e5d4,"2301 S 3Rd St, Louisville, Ky, 40292","{""id"": 0, ""street"": ""2301 S 3RD ST"", ""city"": ""LOUISVILLE"", ""state"": ""KY"", ""zip"": ""40292""}",Match:Non_Exact,204
019ab3f6-d709-75cb-7633-299339a467dc,"4550 Montgomery Ave Ste 1100 N, Bethesda, Md, 20814","{""id"": 0, ""street"": ""4550 MONTGOMERY AVE STE 1100 N"", ""city"": ""BETHESDA"", ""state"": ""MD"", ""zip"": ""20814""}",Match:Non_Exact,204
019ab701-db98-70f2-2e06-82fd49d6663c,"1055 Broadway Blvd Suite 130, Kansas City, Mo, 64105","{""id"": 0, ""street"": ""1055 BROADWAY BLVD SUITE 130"", ""city"": ""KANSAS CITY"", ""state"": ""MO"", ""zip"": ""64105""}",Match:Non_Exact,202
019ab3fd-d10c-79b2-2573-88f1fdbfc8d8,"601 E St Nw, Washington, Dc, 20049","{""id"": 0, ""street"": ""601 E ST NW"", ""city"": ""WASHINGTON"", ""state"": ""DC"", ""zip"": ""20049""}",Match:Non_Exact,202
019ab3f1-e362-7776-eec2-ceef4687954c,"1526 Broadway, Detroit, Mi, 48226","{""id"": 0, ""street"": ""1526 BROADWAY"", ""city"": ""DETROIT"", ""state"": ""MI"", ""zip"": ""48226""}",Match:Non_Exact,202
019ab3f4-86b2-7d59-ba69-abfe4c38a960,"50 E North Temple, Salt Lake City, Ut, 84150","{""id"": 0, ""street"": ""50 E NORTH TEMPLE"", ""city"": ""SALT LAKE CITY"", ""state"": ""UT"", ""zip"": ""84150""}",Match:Non_Exact,202
019ab3ec-0812-7e8a-255f-db0f0496eb24,"3409 Moore Street, Richmond, Va, 23230","{""id"": 0, ""street"": ""3409 MOORE STREET"", ""city"": ""RICHMOND"", ""state"": ""VA"", ""zip"": ""23230""}",Match:Non_Exact,202
019ab3e6-5129-7b22-837c-5e9ab5a25064,"8700 Beverly Blvd Suite 2416, Los Angeles, Ca, 90048","{""id"": 0, ""street"": ""8700 BEVERLY BLVD SUITE 2416"", ""city"": ""LOS ANGELES"", ""state"": ""CA"", ""zip"": ""90048""}",Match:Non_Exact,202
019ab403-f025-7e20-bc35-134d31923e3c,"505 George Bush Drive, College Station, Tx, 77840","{""id"": 0, ""street"": ""505 George Bush Drive"", ""city"": ""College Station"", ""state"": ""TX"", ""zip"": ""77840""}",Match:Non_Exact,201
019ab706-ff9d-7c21-6ccf-cff0c9187448,"1915 Grand Avenue, Des Moines, Ia, 50309","{""id"": 0, ""street"": ""1915 Grand Avenue"", ""city"": ""DES MOINES"", ""state"": ""IA"", ""zip"": ""50309""}",Match:Non_Exact,201
019ab3ee-62c1-7b7f-8d5d-5f0be38dad6c,"26 Bleeker Street, New York, Ny, 10012","{""id"": 0, ""street"": ""26 Bleeker Street"", ""city"": ""New York"", ""state"": ""NY"", ""zip"": ""10012""}",Match:Non_Exact,200
019ab419-2022-74cc-6a96-8859a148d7f0,"1100 Connecticut Avenue Nw Suite, Washington, Dc, 20036","{""id"": 0, ""street"": ""1100 CONNECTICUT AVENUE NW SUITE"", ""city"": ""WASHINGTON"", ""state"": ""DC"", ""zip"": ""20036""}",Match:Non_Exact,200
019ab707-0cbc-722f-0174-a469d8b53664,"353 E Six Forks Road Suite 300, Raleigh, Nc, 27609","{""id"": 0, ""street"": ""353 E Six Forks Road Suite 300"", ""city"": ""Raleigh"", ""state"": ""NC"", ""zip"": ""27609""}",Match:Non_Exact,200
019ab707-0d00-7800-4314-353f200a2520,"404 S 8Th St, Minneapolis, Mn, 55404","{""id"": 0, ""street"": ""404 S 8TH ST"", ""city"": ""MINNEAPOLIS"", ""state"": ""MN"", ""zip"": ""55404""}",Match:Non_Exact,198
019ab40b-727b-7211-604d-bae803f34e0c,"72 1/2 Escher Street, Trenton, Nj, 08609","{""id"": 0, ""street"": ""72 1/2 ESCHER STREET"", ""city"": ""TRENTON"", ""state"": ""NJ"", ""zip"": ""08609""}",Match:Non_Exact,198
019ab3f9-7266-7968-9a8c-ad0c61bffe20,"1030 15Th Street Nw Suite 1100W, Washington, Dc, 20005","{""id"": 0, ""street"": ""1030 15th Street NW Suite 1100W"", ""city"": ""Washington"", ""state"": ""DC"", ""zip"": ""20005""}",Match:Non_Exact,198
019ab3f6-37e6-77e6-1697-1bf65c2b7ef0,"98 E Fulton Street, Grand Rapids, Mi, 49503","{""id"": 0, ""street"": ""98 E FULTON STREET"", ""city"": ""GRAND RAPIDS"", ""state"": ""MI"", ""zip"": ""49503""}",Match:Non_Exact,198
019ab3e1-a346-72ee-812e-e496f0256bd0,"18800 Fm 362, Navasota, Tx, 77868","{""id"": 0, ""street"": ""18800 FM 362"", ""city"": ""NAVASOTA"", ""state"": ""TX"", ""zip"": ""77868""}",Match:Non_Exact,196
019ab3ea-6fd0-7620-dc55-81edfcd356d4,"1275 York Avenue, New York, Ny, 10021","{""id"": 0, ""street"": ""1275 YORK AVENUE"", ""city"": ""NEW YORK"", ""state"": ""NY"", ""zip"": ""10021""}",Match:Non_Exact,196
019ab3df-d31d-7d90-0809-4691fa26d3e4,"2201 West End Avenue, Nashville, Tn, 37235","{""id"": 0, ""street"": ""2201 WEST END AVENUE"", ""city"": ""NASHVILLE"", ""state"": ""TN"", ""zip"": ""37235""}",Match:Non_Exact,196
019ab3e7-0b60-75b6-d1a3-20782ae0d0ec,"1601 N Benton Ave, Helena, Mt, 59625","{""id"": 0, ""street"": ""1601 N BENTON AVE"", ""city"": ""HELENA"", ""state"": ""MT"", ""zip"": ""59625""}",Match:Non_Exact,196
019ab40d-4d48-733c-e1b0-0f20d10484d4,"400 South Monroe, Stillwater, Ok, 74074","{""id"": 0, ""street"": ""400 SOUTH MONROE"", ""city"": ""STILLWATER"", ""state"": ""OK"", ""zip"": ""74074""}",Match:Non_Exact,196
019ab437-0202-7d9a-6bd1-ed1dc8ec078c,"500 N 5Th Street, Minneapolis, Mn, 55401","{""id"": 0, ""street"": ""500 N 5th Street"", ""city"": ""Minneapolis"", ""state"": ""MN"", ""zip"": ""55401""}",Match:Non_Exact,196
019ab714-2ac3-7216-eb79-446b7009cd20,"5400 E Olympic Blvd 300, Los Angeles, Ca, 90022","{""id"": 0, ""street"": ""5400 E OLYMPIC BLVD 300"", ""city"": ""LOS ANGELES"", ""state"": ""CA"", ""zip"": ""90022""}",Match:Non_Exact,195
019ab3f4-2820-792d-374a-d83674054904,"3900 University Blvd, Tyler, Tx, 75799","{""id"": 0, ""street"": ""3900 UNIVERSITY BLVD"", ""city"": ""TYLER"", ""state"": ""TX"", ""zip"": ""75799""}",Match:Non_Exact,194
019ab3e4-f101-74e0-d13e-13933ba73478,"3300 Mockingbird Lane, Dallas, Tx, 75205","{""id"": 0, ""street"": ""3300 MOCKINGBIRD LANE"", ""city"": ""DALLAS"", ""state"": ""TX"", ""zip"": ""75205""}",Match:Non_Exact,194
019ab707-062f-7119-1827-b09acd0ba714,"2585 W Clemmonsville Rd Suite 102, Winstonsalem, Nc, 27127","{""id"": 0, ""street"": ""2585 W CLEMMONSVILLE RD SUITE 102"", ""city"": ""WINSTONSALEM"", ""state"": ""NC"", ""zip"": ""27127""}",Match:Non_Exact,193
019ab3f5-ffab-7a95-6894-fe9b6dca35ac,"263 Alden Street, Springfield, Ma, 01109","{""id"": 0, ""street"": ""263 ALDEN STREET"", ""city"": ""SPRINGFIELD"", ""state"": ""MA"", ""zip"": ""01109""}",Match:Non_Exact,193
019ab3f9-2085-7182-0e29-e62e4e3cace0,"200 Se Oak St 500, Minneapolis, Mn, 55455","{""id"": 0, ""street"": ""200 SE OAK ST 500"", ""city"": ""MINNEAPOLIS"", ""state"": ""MN"", ""zip"": ""55455""}",Match:Non_Exact,192
019ab717-957d-7efd-6399-707190dc7aec,"5555 North Tamiami Trail, Sarasota, Fl, 34243","{""id"": 0, ""street"": ""5555 NORTH TAMIAMI TRAIL"", ""city"": ""SARASOTA"", ""state"": ""FL"", ""zip"": ""34243""}",Match:Non_Exact,192
019ab436-f1e1-7f57-112d-e9907fdf5054,"1250 Bellflower Blvd, Long Beach, Ca, 90840","{""id"": 0, ""street"": ""1250 BELLFLOWER BLVD"", ""city"": ""LONG BEACH"", ""state"": ""CA"", ""zip"": ""90840""}",Match:Non_Exact,192
019ab419-3119-7561-7046-a284638eb10c,"800 West Broad Street 6409, Falls Church, Va, 22040","{""id"": 0, ""street"": ""800 WEST BROAD STREET 6409"", ""city"": ""FALLS CHURCH"", ""state"": ""VA"", ""zip"": ""22040""}",Match:Non_Exact,190
019ab401-00fe-7cb4-d7e6-1b02de507bd8,"900 University Ave, Riverside, Ca, 92521","{""id"": 0, ""street"": ""900 UNIVERSITY AVE"", ""city"": ""RIVERSIDE"", ""state"": ""CA"", ""zip"": ""92521""}",Match:Non_Exact,190
019ab436-fca0-7492-f48a-67d442e89204,"1531 James M Wood Blvd, Los Angeles, Ca, 90015","{""id"": 0, ""street"": ""1531 JAMES M WOOD BLVD"", ""city"": ""LOS ANGELES"", ""state"": ""CA"", ""zip"": ""90015""}",Match:Non_Exact,190
019ab3f9-0057-7f31-d45d-b8bab2edf0d8,"13800 Biola Ave, La Mirada, Ca, 90639","{""id"": 0, ""street"": ""13800 BIOLA AVE"", ""city"": ""LA MIRADA"", ""state"": ""CA"", ""zip"": ""90639""}",Match:Non_Exact,190
019ab3e2-d015-721e-8095-d4f7a33a656c,"1117 Texas Avenue, Houston, Tx, 77002","{""id"": 0, ""street"": ""1117 TEXAS AVENUE"", ""city"": ""HOUSTON"", ""state"": ""TX"", ""zip"": ""77002""}",Match:Non_Exact,190
019ab413-0b5d-7e92-ebba-1189df4da118,"1 College And Main, Columbus, Oh, 43209","{""id"": 0, ""street"": ""1 COLLEGE AND MAIN"", ""city"": ""COLUMBUS"", ""state"": ""OH"", ""zip"": ""43209""}",Match:Non_Exact,189
019ab410-3717-74fe-db53-3b21c31bcfe0,"930 Broadway, Tacoma, Wa, 98402","{""id"": 0, ""street"": ""930 BROADWAY"", ""city"": ""TACOMA"", ""state"": ""WA"", ""zip"": ""98402""}",Match:Non_Exact,189
019ab3f7-46cf-7097-424b-01151d665de4,"630 West Fifth Street, Los Angeles, Ca, 90071","{""id"": 0, ""street"": ""630 WEST FIFTH STREET"", ""city"": ""LOS ANGELES"", ""state"": ""CA"", ""zip"": ""90071""}",Match:Non_Exact,188
019ab7c7-328c-7f42-444e-d30f1b6866c0,"4646 South Division, Wayland, Mi, 49348","{""id"": 0, ""street"": ""4646 SOUTH DIVISION"", ""city"": ""WAYLAND"", ""state"": ""MI"", ""zip"": ""49348""}",Match:Non_Exact,188
019ab70d-489c-7b88-a666-d7e095af6970,"1601 Guilford Avenue 2 South, Baltimore, Md, 21202","{""id"": 0, ""street"": ""1601 GUILFORD AVENUE 2 SOUTH"", ""city"": ""BALTIMORE"", ""state"": ""MD"", ""zip"": ""21202""}",Match:Non_Exact,188
019ab3f0-05d5-73e3-f027-d9380eaa1cc0,"1200 South Lake Shore Drive, Chicago, Il, 60605","{""id"": 0, ""street"": ""1200 SOUTH LAKE SHORE DRIVE"", ""city"": ""CHICAGO"", ""state"": ""IL"", ""zip"": ""60605""}",Match:Non_Exact,188
019ab3fc-7d7f-7e67-87d8-174ed43e0070,"23532 Calabasas Road Suite A, Calabasas, Ca, 91302","{""id"": 0, ""street"": ""23532 CALABASAS ROAD SUITE A"", ""city"": ""CALABASAS"", ""state"": ""CA"", ""zip"": ""91302""}",Match:Non_Exact,188
019ab3fd-5f26-7a79-251a-fb8d9cf2f380,"5971 Broadway, Denver, Co, 80216","{""id"": 0, ""street"": ""5971 BROADWAY"", ""city"": ""DENVER"", ""state"": ""CO"", ""zip"": ""80216""}",Match:Non_Exact,187
019ab40b-8eaa-762a-10b5-6f043d8ca56c,"1222 A Siler Road, Santa Fe, Nm, 87507","{""id"": 0, ""street"": ""1222 A SILER ROAD"", ""city"": ""SANTA FE"", ""state"": ""NM"", ""zip"": ""87507""}",Match:Non_Exact,186
019ab3f1-1f1e-7f53-d8b4-517206816c3c,"1200 S Lake Shore Dr, Chicago, Il, 60605","{""id"": 0, ""street"": ""1200 S LAKE SHORE DR"", ""city"": ""CHICAGO"", ""state"": ""IL"", ""zip"": ""60605""}",Match:Non_Exact,186
019ab3e0-c1f7-7575-7124-e8dd60d039f4,"1999 Mt Read Blvd, Rochester, Ny, 14615","{""id"": 0, ""street"": ""1999 MT READ BLVD"", ""city"": ""ROCHESTER"", ""state"": ""NY"", ""zip"": ""14615""}",Match:Non_Exact,186
019ab3eb-d11e-782c-22dc-5d9a2af74230,"505 George Bush Dr, College Station, Tx, 77840","{""id"": 0, ""street"": ""505 GEORGE BUSH DR"", ""city"": ""COLLEGE STATION"", ""state"": ""TX"", ""zip"": ""77840""}",Match:Non_Exact,183
019ab408-9eff-720f-d51c-a6b9b320b184,"4501 N Charles Street, Baltimore, Md, 21210","{""id"": 0, ""street"": ""4501 N CHARLES STREET"", ""city"": ""BALTIMORE"", ""state"": ""MD"", ""zip"": ""21210""}",Match:Non_Exact,183
019ab3e5-0ef4-7ce6-abab-2c082afd5584,"5025 Thacher Rd, Ojai, Ca, 93023","{""id"": 0, ""street"": ""5025 THACHER RD"", ""city"": ""OJAI"", ""state"": ""CA"", ""zip"": ""93023""}",Match:Non_Exact,182
019ab3e9-31ca-71fe-1669-c95d1a7d48ec,"464 Chestnut Street, Manchester, Nh, 03105","{""id"": 0, ""street"": ""464 Chestnut Street"", ""city"": ""Manchester"", ""state"": ""NH"", ""zip"": ""03105""}",Match:Non_Exact,181
019ab3ec-1380-75ee-67b2-d2ec1479a51c,"4800 Calhoun Rd, Houston, Tx, 77004","{""id"": 0, ""street"": ""4800 CALHOUN RD"", ""city"": ""HOUSTON"", ""state"": ""TX"", ""zip"": ""77004""}",Match:Non_Exact,180
019ab401-5b46-7097-b6cb-b018ede0da98,"1430 S Boulder Ave, Tulsa, Ok, 74119","{""id"": 0, ""street"": ""1430 S BOULDER AVE"", ""city"": ""TULSA"", ""state"": ""OK"", ""zip"": ""74119""}",Match:Non_Exact,180
019ab3fa-e7dd-7e61-73c6-47c287d5a3e0,"1310 L St Nw 450, Washington, Dc, 20005","{""id"": 0, ""street"": ""1310 L ST NW 450"", ""city"": ""WASHINGTON"", ""state"": ""DC"", ""zip"": ""20005""}",Match:Non_Exact,180
019ab7ca-a177-7d1e-7989-b430c5a66fac,"1910 University Dr, Boise, Id, 83725","{""id"": 0, ""street"": ""1910 UNIVERSITY DR"", ""city"": ""BOISE"", ""state"": ""ID"", ""zip"": ""83725""}",Match:Non_Exact,180
019ab3e1-4737-71b9-efed-8b8df7410bcc,"2508 Historic Decatur Rd Ste 200, San Diego, Ca, 92106","{""id"": 0, ""street"": ""2508 HISTORIC DECATUR RD STE 200"", ""city"": ""SAN DIEGO"", ""state"": ""CA"", ""zip"": ""92106""}",Match:Non_Exact,180
019ab3e4-0db9-7940-d65f-2ccd492fc590,"2121 I Street Nw, Washington, Dc, 20052","{""id"": 0, ""street"": ""2121 I Street NW"", ""city"": ""Washington"", ""state"": ""DC"", ""zip"": ""20052""}",Match:Non_Exact,180
019ab3e4-6e3b-7b52-d079-89da6fc415fc,"3039 Troost, Kansas City, Mo, 64109","{""id"": 0, ""street"": ""3039 Troost"", ""city"": ""Kansas City"", ""state"": ""MO"", ""zip"": ""64109""}",Match:Non_Exact,180
019ab436-f319-7d0e-8f32-c6b35db75844,"1 Ohio University, Athens, Oh, 45701","{""id"": 0, ""street"": ""1 OHIO UNIVERSITY"", ""city"": ""ATHENS"", ""state"": ""OH"", ""zip"": ""45701""}",Match:Non_Exact,178
019ab7ca-97ef-7222-b15a-2d9e3077a2fc,"21199 Hilltop Street, Southfield, Mi, 48033","{""id"": 0, ""street"": ""21199 HILLTOP STREET"", ""city"": ""SOUTHFIELD"", ""state"": ""MI"", ""zip"": ""48033""}",Match:Non_Exact,178
019ab407-d412-7933-0c89-dfa1682bede0,"247 King George Street, Annapolis, Md, 21402","{""id"": 0, ""street"": ""247 KING GEORGE STREET"", ""city"": ""ANNAPOLIS"", ""state"": ""MD"", ""zip"": ""21402""}",Match:Non_Exact,178
019ab3fb-987c-782f-f1d2-eb00b7bfe958,"1201 Davis St, Evanston, Il, 60208","{""id"": 0, ""street"": ""1201 DAVIS ST"", ""city"": ""EVANSTON"", ""state"": ""IL"", ""zip"": ""60208""}",Match:Non_Exact,178
019ab3e5-5744-789c-a57e-d5bd7b649bb4,"441 Saxony Road Barn 2, Encinitas, Ca, 92024","{""id"": 0, ""street"": ""441 SAXONY ROAD BARN 2"", ""city"": ""ENCINITAS"", ""state"": ""CA"", ""zip"": ""92024""}",Match:Non_Exact,178
019ab40a-3288-7c53-ac43-d104e9bf3034,"500-A Clanton Rd, Charlotte, Nc, 28217","{""id"": 0, ""street"": ""500-A CLANTON RD"", ""city"": ""CHARLOTTE"", ""state"": ""NC"", ""zip"": ""28217""}",Match:Non_Exact,178
019ab3e1-a31a-70e1-620d-f62c709a5d20,"1717 North Harwood, Dallas, Tx, 75201","{""id"": 0, ""street"": ""1717 NORTH HARWOOD"", ""city"": ""DALLAS"", ""state"": ""TX"", ""zip"": ""75201""}",Match:Non_Exact,178
019ab408-053d-7460-a86a-74d659f606e0,"3121 Hotel Road, Auburn, Me, 04211","{""id"": 0, ""street"": ""3121 HOTEL ROAD"", ""city"": ""AUBURN"", ""state"": ""ME"", ""zip"": ""04211""}",Match:Non_Exact,178
019ab403-73eb-7b9a-3d68-42182c514e7c,"1055 Broadway Blvd Ste 130, Kansas City, Mo, 64105","{""id"": 0, ""street"": ""1055 BROADWAY BLVD STE 130"", ""city"": ""KANSAS CITY"", ""state"": ""MO"", ""zip"": ""64105""}",Match:Non_Exact,177
019ab70d-4f59-7e58-5ea4-6ff658197c60,"2001 K Street Nw 3Rd Floor North, Washington, Dc, 20006","{""id"": 0, ""street"": ""2001 K STREET NW 3RD FLOOR NORTH"", ""city"": ""WASHINGTON"", ""state"": ""DC"", ""zip"": ""20006""}",Match:Non_Exact,176
019ab408-b70d-789c-fc65-89dac5a72fd0,"6735 Telegraph Road, Bloomfield Hills, Mi, 48303","{""id"": 0, ""street"": ""6735 TELEGRAPH ROAD"", ""city"": ""BLOOMFIELD HILLS"", ""state"": ""MI"", ""zip"": ""48303""}",Match:Non_Exact,176
019ab7ca-96fd-7deb-b3ae-82bca343fe48,"223 James P Brawley Dr Sw, Atlanta, Ga, 30314","{""id"": 0, ""street"": ""223 JAMES P BRAWLEY DR SW"", ""city"": ""ATLANTA"", ""state"": ""GA"", ""zip"": ""30314""}",Match:Non_Exact,176
019ab796-f8fa-7e56-2190-64a3a5f20680,"7814 Carousel Lane 400, Richmond, Va, 23294","{""id"": 0, ""street"": ""7814 CAROUSEL LANE 400"", ""city"": ""RICHMOND"", ""state"": ""VA"", ""zip"": ""23294""}",Match:Non_Exact,176
019ab403-6bf1-78d8-6df1-2d32606287dc,"1400 Scott Ave, Charlotte, Nc, 28203","{""id"": 0, ""street"": ""1400 SCOTT AVE"", ""city"": ""CHARLOTTE"", ""state"": ""NC"", ""zip"": ""28203""}",Match:Non_Exact,174
019ab40c-9b5a-7b18-2bbf-d956b9f16438,"195 Hudson Street, Cornwallonhudson, Ny, 12520","{""id"": 0, ""street"": ""195 HUDSON STREET"", ""city"": ""CORNWALLONHUDSON"", ""state"": ""NY"", ""zip"": ""12520""}",Match:Non_Exact,174
019ab3e7-91ff-7bda-1311-d8f2ce7bcf14,"34 Maple Street, Norwalk, Ct, 06856","{""id"": 0, ""street"": ""34 MAPLE STREET"", ""city"": ""NORWALK"", ""state"": ""CT"", ""zip"": ""06856""}",Match:Non_Exact,174
019ab405-31bd-7296-4533-f6df547bcee4,"1845 Fairmount, Wichita, Ks, 67260","{""id"": 0, ""street"": ""1845 Fairmount"", ""city"": ""Wichita"", ""state"": ""KS"", ""zip"": ""67260""}",Match:Non_Exact,174
019ab436-f3a2-72d1-6705-95a634426594,"1400 R Street, Lincoln, Ne, 68588","{""id"": 0, ""street"": ""1400 R STREET"", ""city"": ""LINCOLN"", ""state"": ""NE"", ""zip"": ""68588""}",Match:Non_Exact,173
019ab707-0337-7574-c1fa-2c36236ae5cc,"850 Main Street Rc 1215, Bridgeport, Ct, 06604","{""id"": 0, ""street"": ""850 MAIN STREET RC 1215"", ""city"": ""BRIDGEPORT"", ""state"": ""CT"", ""zip"": ""06604""}",Match:Non_Exact,173
019ab436-fa98-78ae-4e92-a76b90b8b700,"2000 University Ave, Muncie, In, 47306","{""id"": 0, ""street"": ""2000 UNIVERSITY AVE"", ""city"": ""MUNCIE"", ""state"": ""IN"", ""zip"": ""47306""}",Match:Non_Exact,172
019ab3fa-9913-7d46-fda2-ebb187a4b0a4,"4245 North Fairfax Drive Ste 100, Arlington, Va, 22203","{""id"": 0, ""street"": ""4245 NORTH FAIRFAX DRIVE STE 100"", ""city"": ""ARLINGTON"", ""state"": ""VA"", ""zip"": ""22203""}",Match:Non_Exact,172
019ab3eb-7929-7fe1-6e7a-158d2714daa8,"12800 N Lake Shore Dr, Mequon, Wi, 53097","{""id"": 0, ""street"": ""12800 N LAKE SHORE DR"", ""city"": ""MEQUON"", ""state"": ""WI"", ""zip"": ""53097""}",Match:Non_Exact,172
019ab5e0-e4ed-735d-15ec-f3b688fdedf0,"4301 Broadway, San Antonio, Tx, 78209","{""id"": 0, ""street"": ""4301 BROADWAY"", ""city"": ""SAN ANTONIO"", ""state"": ""TX"", ""zip"": ""78209""}",Match:Non_Exact,172
019ab436-edca-7e0a-f1e4-f30035dea33c,"601 Tamiami Trail South, Venice, Fl, 34285","{""id"": 0, ""street"": ""601 Tamiami Trail South"", ""city"": ""Venice"", ""state"": ""FL"", ""zip"": ""34285""}",Match:Non_Exact,171
019ab3f6-f509-729b-746a-64fc80394d34,"30 S Wells, Chicago, Il, 60606","{""id"": 0, ""street"": ""30 S WELLS"", ""city"": ""CHICAGO"", ""state"": ""IL"", ""zip"": ""60606""}",Match:Non_Exact,170
019ab3fd-ed6e-7355-1d95-be68c6bda09c,"4433 Bissonnet, Bellaire, Tx, 77401","{""id"": 0, ""street"": ""4433 BISSONNET"", ""city"": ""BELLAIRE"", ""state"": ""TX"", ""zip"": ""77401""}",Match:Non_Exact,170
019ab3e4-bc2f-7b79-247b-fe6375218d24,"6046 Financial Dr, Norcross, Ga, 30071","{""id"": 0, ""street"": ""6046 FINANCIAL DR"", ""city"": ""NORCROSS"", ""state"": ""GA"", ""zip"": ""30071""}",Match:Non_Exact,170
019ab7ae-f70f-7412-b5c6-2b816b8de584,"333 W Wacker Drive 1700, Chicago, Il, 60606","{""id"": 0, ""street"": ""333 W WACKER DRIVE 1700"", ""city"": ""CHICAGO"", ""state"": ""IL"", ""zip"": ""60606""}",Match:Non_Exact,170
019ab5e0-f29a-74d6-a324-2843f0293b08,"1017 L Street 261, Sacramento, Ca, 95814","{""id"": 0, ""street"": ""1017 L STREET 261"", ""city"": ""SACRAMENTO"", ""state"": ""CA"", ""zip"": ""95814""}",Match:Non_Exact,170
019ab701-dd95-7e0e-c3ed-945d75a4b738,"350 7Th Street North, Naples, Fl, 34102","{""id"": 0, ""street"": ""350 7th Street North"", ""city"": ""Naples"", ""state"": ""FL"", ""zip"": ""34102""}",Match:Non_Exact,170
019ab3fd-6a9e-72e4-0c8b-b7c3943143ec,"84 Broadway, New Haven, Ct, 06511","{""id"": 0, ""street"": ""84 BROADWAY"", ""city"": ""NEW HAVEN"", ""state"": ""CT"", ""zip"": ""06511""}",Match:Non_Exact,169
019ab7c7-388c-7efd-606a-dd4dab38c07c,"318 High Street, Middletown, Ct, 06459","{""id"": 0, ""street"": ""318 HIGH STREET"", ""city"": ""MIDDLETOWN"", ""state"": ""CT"", ""zip"": ""06459""}",Match:Non_Exact,168
019ab3e1-7897-7da3-3407-6ebe042b6ba4,"4202 East Fowler Avenue, Tampa, Fl, 33620","{""id"": 0, ""street"": ""4202 EAST FOWLER AVENUE"", ""city"": ""TAMPA"", ""state"": ""FL"", ""zip"": ""33620""}",Match:Non_Exact,168
019ab3f4-90b5-7ea3-cbf6-69b1c21c3564,"237 S Desplaines, Chicago, Il, 60661","{""id"": 0, ""street"": ""237 S DESPLAINES"", ""city"": ""CHICAGO"", ""state"": ""IL"", ""zip"": ""60661""}",Match:Non_Exact,168
019ab3f4-23f9-7448-4db5-193e3fa4e614,"21 Edwards Street, Springfield, Ma, 01103","{""id"": 0, ""street"": ""21 EDWARDS STREET"", ""city"": ""SPRINGFIELD"", ""state"": ""MA"", ""zip"": ""01103""}",Match:Non_Exact,168
019ab714-30f7-78e3-3626-e86409156a18,"441 E Fordham Road Fmh 512, Bronx, Ny, 10458","{""id"": 0, ""street"": ""441 E FORDHAM ROAD FMH 512"", ""city"": ""BRONX"", ""state"": ""NY"", ""zip"": ""10458""}",Match:Non_Exact,168
019ab436-f610-7450-e51a-48a8ffd84050,"601 Elmwood Avenue, Rochester, Ny, 14642","{""id"": 0, ""street"": ""601 ELMWOOD AVENUE"", ""city"": ""ROCHESTER"", ""state"": ""NY"", ""zip"": ""14642""}",Match:Non_Exact,167
019ab7ee-aa92-762c-e70a-712f13c29d6c,"5192 S Greenpine Dr, Salt Lake Cty, Ut, 84123","{""id"": 0, ""street"": ""5192 S GREENPINE DR"", ""city"": ""SALT LAKE CTY"", ""state"": ""UT"", ""zip"": ""84123""}",Match:Non_Exact,166
019ab5e0-f0a4-7dce-4a26-91574aa365cc,"114 Woodland Street Ms-510358, Hartford, Ct, 06105","{""id"": 0, ""street"": ""114 WOODLAND STREET MS-510358"", ""city"": ""HARTFORD"", ""state"": ""CT"", ""zip"": ""06105""}",Match:Non_Exact,166
019ab3ef-bcb7-7202-b513-473eebf5d670,"1705 Commerce Dr Nw, Atlanta, Ga, 30318","{""id"": 0, ""street"": ""1705 COMMERCE DR NW"", ""city"": ""ATLANTA"", ""state"": ""GA"", ""zip"": ""30318""}",Match:Non_Exact,166
019ab419-3116-74ae-5348-95c31dd33934,"1615 Stanley Street, New Britain, Ct, 06050","{""id"": 0, ""street"": ""1615 STANLEY STREET"", ""city"": ""NEW BRITAIN"", ""state"": ""CT"", ""zip"": ""06050""}",Match:Non_Exact,166
019ab3e9-45da-7602-cfab-4c97972548c8,"124 Mt Auburn Street, Cambridge, Ma, 02138","{""id"": 0, ""street"": ""124 MT AUBURN STREET"", ""city"": ""CAMBRIDGE"", ""state"": ""MA"", ""zip"": ""02138""}",Match:Non_Exact,166
019ab3e3-6da4-7eb6-556a-e37501f9bf0c,"5551 Balboa Blvd, Encino, Ca, 91316","{""id"": 0, ""street"": ""5551 BALBOA BLVD"", ""city"": ""ENCINO"", ""state"": ""CA"", ""zip"": ""91316""}",Match:Non_Exact,166
019ab707-07d6-7712-bf51-1684c5475d04,"5034A Thoroughbred Lane, Brentwood, Tn, 37027","{""id"": 0, ""street"": ""5034A THOROUGHBRED LANE"", ""city"": ""BRENTWOOD"", ""state"": ""TN"", ""zip"": ""37027""}",Match:Non_Exact,166
019ab40c-0479-7f83-a09f-8f2548469498,"130 E Seneca St 400, Ithaca, Ny, 14850","{""id"": 0, ""street"": ""130 E SENECA ST 400"", ""city"": ""ITHACA"", ""state"": ""NY"", ""zip"": ""14850""}",Match:Non_Exact,166
019ab401-048a-71a1-19f2-468aef6ebd48,"2121 George Mark Lane, San Leandro, Ca, 94578","{""id"": 0, ""street"": ""2121 GEORGE MARK LANE"", ""city"": ""SAN LEANDRO"", ""state"": ""CA"", ""zip"": ""94578""}",Match:Non_Exact,164
019ab436-f7d9-718e-d082-f894943047e0,"161 N Clark Suite 3550, Chicago, Il, 60601","{""id"": 0, ""street"": ""161 N CLARK SUITE 3550"", ""city"": ""CHICAGO"", ""state"": ""IL"", ""zip"": ""60601""}",Match:Non_Exact,164
019ab3fc-7ff4-72a6-4d41-a0faba26ca2c,"1520 St Olaf Ave, Northfield, Mn, 55057","{""id"": 0, ""street"": ""1520 ST OLAF AVE"", ""city"": ""NORTHFIELD"", ""state"": ""MN"", ""zip"": ""55057""}",Match:Non_Exact,164
019ab3ec-8b1e-7325-51a1-10586b704298,"1255 23Rd St Nw, Washington Dc, Dc, 20037","{""id"": 0, ""street"": ""1255 23RD ST NW"", ""city"": ""WASHINGTON DC"", ""state"": ""DC"", ""zip"": ""20037""}",Match:Non_Exact,164
019ab701-d199-7d72-4528-1fdcf791c718,"1150 Connecticut Avenue Nw Suite, Washington, Dc, 20036","{""id"": 0, ""street"": ""1150 CONNECTICUT AVENUE NW SUITE"", ""city"": ""WASHINGTON"", ""state"": ""DC"", ""zip"": ""20036""}",Match:Non_Exact,164
019ab405-ce69-725e-d437-174ee75d1a0c,"178 Tremont Street, Boston, Ma, 02111","{""id"": 0, ""street"": ""178 TREMONT STREET"", ""city"": ""BOSTON"", ""state"": ""MA"", ""zip"": ""02111""}",Match:Non_Exact,164
019ab408-6f78-790e-1ced-7094d3e2e9fc,"150 Stimson St, Detroit, Mi, 48201","{""id"": 0, ""street"": ""150 STIMSON ST"", ""city"": ""DETROIT"", ""state"": ""MI"", ""zip"": ""48201""}",Match:Non_Exact,164
019ab7da-a5a5-7b5a-48c8-968974f3a0c0,"442 5Th Ave 1866, New York, Ny, 10018","{""id"": 0, ""street"": ""442 5TH AVE 1866"", ""city"": ""NEW YORK"", ""state"": ""NY"", ""zip"": ""10018""}",Match:Non_Exact,164
019ab707-0bdf-7c12-c7d7-6b49d22f4aec,"485 Broadway, Redwood City, Ca, 94063","{""id"": 0, ""street"": ""485 BROADWAY"", ""city"": ""REDWOOD CITY"", ""state"": ""CA"", ""zip"": ""94063""}",Match:Non_Exact,163
019ab419-2faa-7119-1af1-000747c2105c,"1200 E Broadway, Columbia, Mo, 65215","{""id"": 0, ""street"": ""1200 E BROADWAY"", ""city"": ""COLUMBIA"", ""state"": ""MO"", ""zip"": ""65215""}",Match:Non_Exact,162
019ab419-2c50-7a4f-3793-a66367774aac,"3450 Wilshire Blvd 108-62, Los Angeles, Ca, 90010","{""id"": 0, ""street"": ""3450 WILSHIRE BLVD 108-62"", ""city"": ""LOS ANGELES"", ""state"": ""CA"", ""zip"": ""90010""}",Match:Non_Exact,162
019ab3f6-c6d1-7ff9-09a8-2e06935e0834,"35 Knox Hill Road, Morristown, Nj, 07963","{""id"": 0, ""street"": ""35 KNOX HILL ROAD"", ""city"": ""MORRISTOWN"", ""state"": ""NJ"", ""zip"": ""07963""}",Match:Non_Exact,162
019ab3e3-2d31-7c2a-ed86-519c40f7d950,"300 Avsc Drive, Aspen, Co, 81611","{""id"": 0, ""street"": ""300 AVSC DRIVE"", ""city"": ""ASPEN"", ""state"": ""CO"", ""zip"": ""81611""}",Match:Non_Exact,162
019ab706-fea8-7c7b-a461-8128f8c5e3fc,"1783 Forest Dr 184, Annapolis, Md, 21401","{""id"": 0, ""street"": ""1783 FOREST DR 184"", ""city"": ""ANNAPOLIS"", ""state"": ""MD"", ""zip"": ""21401""}",Match:Non_Exact,162
019ab400-62f2-784b-b8c7-78935b744220,"2000B South Club Drive, Landover, Md, 20785","{""id"": 0, ""street"": ""2000B SOUTH CLUB DRIVE"", ""city"": ""LANDOVER"", ""state"": ""MD"", ""zip"": ""20785""}",Match:Non_Exact,162
019ab40d-1df6-7744-4047-16f076b7099c,"6640 Riverside Dr Ste 200, Dublin, Oh, 43017","{""id"": 0, ""street"": ""6640 RIVERSIDE DR STE 200"", ""city"": ""DUBLIN"", ""state"": ""OH"", ""zip"": ""43017""}",Match:Non_Exact,162
019ab436-f765-7e7b-e141-b263adf6a418,"788 North Jefferson Street Suite, Milwaukee, Wi, 53202","{""id"": 0, ""street"": ""788 NORTH JEFFERSON STREET SUITE"", ""city"": ""MILWAUKEE"", ""state"": ""WI"", ""zip"": ""53202""}",Match:Non_Exact,162
019ab7c7-386a-7b40-8b57-82d7be044a70,"4501 N Charles St, Baltimore, Md, 21210","{""id"": 0, ""street"": ""4501 N CHARLES ST"", ""city"": ""BALTIMORE"", ""state"": ""MD"", ""zip"": ""21210""}",Match:Non_Exact,160
019ab3ff-12f0-70f5-f790-9a24ea010f80,"575 Madison Ave 703, New York, Ny, 10022","{""id"": 0, ""street"": ""575 MADISON AVE 703"", ""city"": ""NEW YORK"", ""state"": ""NY"", ""zip"": ""10022""}",Match:Non_Exact,160
019ab706-fd41-72c2-9380-3635a594ec44,"1601 Broadway Blvd, Kansas City, Mo, 64108","{""id"": 0, ""street"": ""1601 BROADWAY BLVD"", ""city"": ""KANSAS CITY"", ""state"": ""MO"", ""zip"": ""64108""}",Match:Non_Exact,160
019ab3ee-d7f2-73a8-44c3-81acc20f11a4,"2550 Roslyn Street, Denver, Co, 80238","{""id"": 0, ""street"": ""2550 Roslyn Street"", ""city"": ""Denver"", ""state"": ""CO"", ""zip"": ""80238""}",Match:Non_Exact,160
019ab3fd-3abb-7907-81cb-8b556c42d520,"180 Greenwich Street, New York, Ny, 10007","{""id"": 0, ""street"": ""180 GREENWICH STREET"", ""city"": ""NEW YORK"", ""state"": ""NY"", ""zip"": ""10007""}",Match:Non_Exact,160
019ab3e7-0150-7681-0c3f-36645f86becc,"4875 43Rd Ave, Vero Beach, Fl, 32967","{""id"": 0, ""street"": ""4875 43RD AVE"", ""city"": ""VERO BEACH"", ""state"": ""FL"", ""zip"": ""32967""}",Match:Non_Exact,160
019ab3e7-b95c-7ced-cff3-e6478198abd8,"929 Gessner Suite 2650, Houston, Tx, 77024","{""id"": 0, ""street"": ""929 GESSNER SUITE 2650"", ""city"": ""HOUSTON"", ""state"": ""TX"", ""zip"": ""77024""}",Match:Non_Exact,160
019ab40a-c112-7055-5c24-4a9681142278,"8625 Andrew Carnegie Blvd Attn Corp, Charlotte, Nc, 28262","{""id"": 0, ""street"": ""8625 ANDREW CARNEGIE BLVD ATTN CORP"", ""city"": ""CHARLOTTE"", ""state"": ""NC"", ""zip"": ""28262""}",Match:Non_Exact,160
019ab7b2-4e1d-72f6-23d9-0c3009c533b8,"800 Roosevelt Rd Bldg C-312, Glen Ellyn, Il, 60137","{""id"": 0, ""street"": ""800 ROOSEVELT RD BLDG C-312"", ""city"": ""GLEN ELLYN"", ""state"": ""IL"", ""zip"": ""60137""}",Match:Non_Exact,160
019ab5e1-07b1-7ea5-04ea-b8270789a3c4,"320 7Th Ave 263, Brooklyn, Ny, 11215","{""id"": 0, ""street"": ""320 7TH AVE 263"", ""city"": ""BROOKLYN"", ""state"": ""NY"", ""zip"": ""11215""}",Match:Non_Exact,160
019ab406-5ca5-7db8-687a-ae52cce58ac0,"500 W Ben White Blvd, Austin, Tx, 78704","{""id"": 0, ""street"": ""500 W BEN WHITE BLVD"", ""city"": ""AUSTIN"", ""state"": ""TX"", ""zip"": ""78704""}",Match:Non_Exact,160
019ab40e-4dca-73ef-0956-2913b80afd7c,"18 Bee Street Msc 450, Charleston, Sc, 29425","{""id"": 0, ""street"": ""18 BEE STREET MSC 450"", ""city"": ""CHARLESTON"", ""state"": ""SC"", ""zip"": ""29425""}",Match:Non_Exact,160
019ab72c-f83b-7207-3ee9-7d160241fc38,"1415 West Nc Highway 54, Durham, Nc, 27707","{""id"": 0, ""street"": ""1415 WEST NC HIGHWAY 54"", ""city"": ""DURHAM"", ""state"": ""NC"", ""zip"": ""27707""}",Match:Non_Exact,159
019ab701-de3d-7035-7573-e6521c54e2f0,"4518 University Way Ne 310, Seattle, Wa, 98105","{""id"": 0, ""street"": ""4518 UNIVERSITY WAY NE 310"", ""city"": ""SEATTLE"", ""state"": ""WA"", ""zip"": ""98105""}",Match:Non_Exact,158
019ab5e0-e996-77d9-242d-97175de510b4,"1301 E Main St, Murfreesboro, Tn, 37132","{""id"": 0, ""street"": ""1301 E MAIN ST"", ""city"": ""MURFREESBORO"", ""state"": ""TN"", ""zip"": ""37132""}",Match:Non_Exact,158
019ab436-f43e-7aa7-e749-e39a3e98cb28,"1250 24Th Street Nw, Washington, Dc, 20090","{""id"": 0, ""street"": ""1250 24TH STREET NW"", ""city"": ""WASHINGTON"", ""state"": ""DC"", ""zip"": ""20090""}",Match:Non_Exact,158
019ab722-4fc5-75b8-34bd-c989315a056c,"2350 Kerner Blvd 250, San Rafael, Ca, 94901","{""id"": 0, ""street"": ""2350 Kerner Blvd 250"", ""city"": ""San Rafael"", ""state"": ""CA"", ""zip"": ""94901""}",Match:Non_Exact,157
019ab714-3113-7596-27b9-df51776c8c18,"3141 Stevens Creek Blvd 40563, San Jose, Ca, 95117","{""id"": 0, ""street"": ""3141 STEVENS CREEK BLVD 40563"", ""city"": ""SAN JOSE"", ""state"": ""CA"", ""zip"": ""95117""}",Match:Non_Exact,157
019ab409-32d8-7b51-ddc2-8d4bde73fc24,"1834 Wake Forest Road, Winstonsalem, Nc, 27106","{""id"": 0, ""street"": ""1834 WAKE FOREST ROAD"", ""city"": ""WINSTONSALEM"", ""state"": ""NC"", ""zip"": ""27106""}",Match:Non_Exact,156
019ab413-04cd-7f41-853e-bfb5c8409f74,"134 Chapel Road, Sweet Briar, Va, 24595","{""id"": 0, ""street"": ""134 CHAPEL ROAD"", ""city"": ""SWEET BRIAR"", ""state"": ""VA"", ""zip"": ""24595""}",Match:Non_Exact,156
019ab3fb-f822-7e20-fffd-36c5cb50ad58,"307 N University Blvd, Mobile, Al, 36688","{""id"": 0, ""street"": ""307 N UNIVERSITY BLVD"", ""city"": ""MOBILE"", ""state"": ""AL"", ""zip"": ""36688""}",Match:Non_Exact,156
019ab5e1-1510-7794-a913-877a49262b70,"1424 Ne Expressway, Brookhaven, Ga, 30329","{""id"": 0, ""street"": ""1424 NE EXPRESSWAY"", ""city"": ""BROOKHAVEN"", ""state"": ""GA"", ""zip"": ""30329""}",Match:Non_Exact,156
019ab40e-8fa5-71ea-9373-09f0ccfba530,"6055 South Loop East, Houston, Tx, 77087","{""id"": 0, ""street"": ""6055 SOUTH LOOP EAST"", ""city"": ""HOUSTON"", ""state"": ""TX"", ""zip"": ""77087""}",Match:Non_Exact,156
019ab3fa-95b5-7394-c03c-4ce8ea7366bc,"400 South Orange Avenue, South Orange, Nj, 07079","{""id"": 0, ""street"": ""400 SOUTH ORANGE AVENUE"", ""city"": ""SOUTH ORANGE"", ""state"": ""NJ"", ""zip"": ""07079""}",Match:Non_Exact,156
019ab3e8-3459-77e6-770d-8d5de4ad2494,"7911 Detroit Ave, Cleveland, Oh, 44102","{""id"": 0, ""street"": ""7911 DETROIT AVE"", ""city"": ""CLEVELAND"", ""state"": ""OH"", ""zip"": ""44102""}",Match:Non_Exact,156
019ab403-19ef-73ac-c755-3f51ff710bf0,"3655 Reed Street, Winstonsalem, Nc, 27107","{""id"": 0, ""street"": ""3655 REED STREET"", ""city"": ""WINSTONSALEM"", ""state"": ""NC"", ""zip"": ""27107""}",Match:Non_Exact,156
019ab409-15e0-78e9-97d6-dfa5846ea1f8,"1156 West Cesar Chavez, Austin, Tx, 78703","{""id"": 0, ""street"": ""1156 WEST CESAR CHAVEZ"", ""city"": ""AUSTIN"", ""state"": ""TX"", ""zip"": ""78703""}",Match:Non_Exact,156
019ab3ea-3533-7d01-dd27-a11fab446258,"829 Riverside Ave, Jacksonville, Fl, 32204","{""id"": 0, ""street"": ""829 RIVERSIDE AVE"", ""city"": ""JACKSONVILLE"", ""state"": ""FL"", ""zip"": ""32204""}",Match:Non_Exact,156
019ab3f6-49bf-769c-9f76-48b907a59f7c,"221 College Ln, Salem, Va, 24153","{""id"": 0, ""street"": ""221 COLLEGE LN"", ""city"": ""SALEM"", ""state"": ""VA"", ""zip"": ""24153""}",Match:Non_Exact,156
019ab403-f170-7aea-96ab-b522ca9a7188,"317 S College Street, Auburn, Al, 36849","{""id"": 0, ""street"": ""317 S College Street"", ""city"": ""Auburn"", ""state"": ""AL"", ""zip"": ""36849""}",Match:Non_Exact,156
019ab733-790b-7a2a-c518-96016472a51c,"1828 L Street Nw Suite 300-C, Washington, Dc, 20036","{""id"": 0, ""street"": ""1828 L STREET NW SUITE 300-C"", ""city"": ""WASHINGTON"", ""state"": ""DC"", ""zip"": ""20036""}",Match:Non_Exact,156
019ab5e0-eb32-71ff-fa7c-ce5a9f85c72c,"110 Honeysuckle Street, Bellevue, Id, 83313","{""id"": 0, ""street"": ""110 Honeysuckle Street"", ""city"": ""Bellevue"", ""state"": ""ID"", ""zip"": ""83313""}",Match:Non_Exact,155
019ab419-2020-7a26-e720-4ebf6e395c70,"208 South Great Rd, Lincoln, Ma, 01773","{""id"": 0, ""street"": ""208 SOUTH GREAT RD"", ""city"": ""LINCOLN"", ""state"": ""MA"", ""zip"": ""01773""}",Match:Non_Exact,154
019ab40b-8896-7d18-6547-1e22264b4d80,"1 Bunting Ct, Cranbury, Nj, 08512","{""id"": 0, ""street"": ""1 BUNTING CT"", ""city"": ""CRANBURY"", ""state"": ""NJ"", ""zip"": ""08512""}",Match:Non_Exact,154
019ab5e0-f194-7180-00f3-77fe0b270ef8,"2101 Highway 34 South Suite A, Wall, Nj, 07719","{""id"": 0, ""street"": ""2101 Highway 34 South Suite A"", ""city"": ""Wall"", ""state"": ""NJ"", ""zip"": ""07719""}",Match:Non_Exact,153
019ab3e4-8248-73fa-bc61-b71c15bfb468,"500 College Hill, Liberty, Mo, 64068","{""id"": 0, ""street"": ""500 College Hill"", ""city"": ""Liberty"", ""state"": ""MO"", ""zip"": ""64068""}",Match:Non_Exact,153
019ab437-0baa-727b-86dd-b7aaa3634218,"1714 Franklin St 100335, Oakland, Ca, 94612","{""id"": 0, ""street"": ""1714 FRANKLIN ST 100335"", ""city"": ""OAKLAND"", ""state"": ""CA"", ""zip"": ""94612""}",Match:Non_Exact,152
019ab412-1b34-7ba9-eb34-0a32d51d6a2c,"1400 R St, Lincoln, Ne, 68588","{""id"": 0, ""street"": ""1400 R ST"", ""city"": ""Lincoln"", ""state"": ""NE"", ""zip"": ""68588""}",Match:Non_Exact,152
019ab419-20ae-7ebc-eee1-5e7f7e81768c,"3003 S State St, Ann Arbor, Mi, 48109","{""id"": 0, ""street"": ""3003 S STATE ST"", ""city"": ""ANN ARBOR"", ""state"": ""MI"", ""zip"": ""48109""}",Match:Non_Exact,152
019ab3f9-5d46-71e3-333f-2e2cb42cfce0,"1601 Guilford Ave 2 South, Baltimore, Md, 21202","{""id"": 0, ""street"": ""1601 GUILFORD AVE 2 SOUTH"", ""city"": ""BALTIMORE"", ""state"": ""MD"", ""zip"": ""21202""}",Match:Non_Exact,152
019ab5e0-e9fe-7fb2-30cb-47247b8efbec,"101 California St 2400, San Francisco, Ca, 94111","{""id"": 0, ""street"": ""101 California St 2400"", ""city"": ""San Francisco"", ""state"": ""CA"", ""zip"": ""94111""}",Match:Non_Exact,152
019ab403-2ce9-75cd-625e-9d999c1b3264,"101 Donald Ross Drive, Raleigh, Nc, 27610","{""id"": 0, ""street"": ""101 DONALD ROSS DRIVE"", ""city"": ""RALEIGH"", ""state"": ""NC"", ""zip"": ""27610""}",Match:Non_Exact,152
019ab77f-db74-71cb-070e-fe497aaf7f78,"65 E Monroe 4809, Chicago, Il, 60603","{""id"": 0, ""street"": ""65 E MONROE 4809"", ""city"": ""CHICAGO"", ""state"": ""IL"", ""zip"": ""60603""}",Match:Non_Exact,151
019ab701-cef5-76af-205a-eb3859cc1120,"13800 Biola Avenue, La Mirada, Ca, 90639","{""id"": 0, ""street"": ""13800 BIOLA AVENUE"", ""city"": ""LA MIRADA"", ""state"": ""CA"", ""zip"": ""90639""}",Match:Non_Exact,150
019ab707-0177-7d5e-d5b2-7a960bdca074,"9400 Ruffin Court Suite A, San Diego, Ca, 92123","{""id"": 0, ""street"": ""9400 RUFFIN COURT SUITE A"", ""city"": ""SAN DIEGO"", ""state"": ""CA"", ""zip"": ""92123""}",Match:Non_Exact,150
019ab3e0-a8fe-7816-de6c-ccf0fc565b88,"3600 N Garfield, Midland, Tx, 79705","{""id"": 0, ""street"": ""3600 N GARFIELD"", ""city"": ""MIDLAND"", ""state"": ""TX"", ""zip"": ""79705""}",Match:Non_Exact,150
019ab436-ec45-7384-bdb7-994af7876760,"55 Lake Avenue North, Worcester, Ma, 01655","{""id"": 0, ""street"": ""55 LAKE AVENUE NORTH"", ""city"": ""WORCESTER"", ""state"": ""MA"", ""zip"": ""01655""}",Match:Non_Exact,150
019ab403-0d37-7392-44f4-e65c02d9c88c,"212 W Van Buren Suite 900, Chicago, Il, 60607","{""id"": 0, ""street"": ""212 W VAN BUREN SUITE 900"", ""city"": ""CHICAGO"", ""state"": ""IL"", ""zip"": ""60607""}",Match:Non_Exact,150
019ab419-2fb4-7805-fa9b-35a41fdc10ec,"120 Broadway 1750, New York, Ny, 10271","{""id"": 0, ""street"": ""120 BROADWAY 1750"", ""city"": ""NEW YORK"", ""state"": ""NY"", ""zip"": ""10271""}",Match:Non_Exact,150
019ab3f3-99a6-7811-5a59-4bccc415109c,"1440 Spring Street, Atlanta, Ga, 30309","{""id"": 0, ""street"": ""1440 SPRING STREET"", ""city"": ""ATLANTA"", ""state"": ""GA"", ""zip"": ""30309""}",Match:Non_Exact,150
019ab407-9eba-7f35-eb2b-d52dbb8ef24c,"3910 Keswick Road N4327B, Baltimore, Md, 21211","{""id"": 0, ""street"": ""3910 KESWICK ROAD N4327B"", ""city"": ""BALTIMORE"", ""state"": ""MD"", ""zip"": ""21211""}",Match:Non_Exact,149
019ab79d-eaf1-76b8-b66a-0cc6d47c20e8,"2001 The Embarcadero 3Rd Floor, San Francisco, Ca, 94133","{""id"": 0, ""street"": ""2001 THE EMBARCADERO 3RD FLOOR"", ""city"": ""SAN FRANCISCO"", ""state"": ""CA"", ""zip"": ""94133""}",Match:Non_Exact,149
019ab404-6194-74d1-1bec-0cf3db34caf4,"201 S Naperville Rd, Wheaton, Il, 60187","{""id"": 0, ""street"": ""201 S NAPERVILLE RD"", ""city"": ""WHEATON"", ""state"": ""IL"", ""zip"": ""60187""}",Match:Non_Exact,148
019ab402-a6fe-72e3-27c5-855173caf6a4,"2116 Grand Avenue, Des Moines, Ia, 50312","{""id"": 0, ""street"": ""2116 GRAND AVENUE"", ""city"": ""DES MOINES"", ""state"": ""IA"", ""zip"": ""50312""}",Match:Non_Exact,148
019ab7ae-fb23-70e4-6d1b-d47c5ef39850,"1 Columbus Circle 18Th Floor, New York, Ny, 10019","{""id"": 0, ""street"": ""1 COLUMBUS CIRCLE 18TH FLOOR"", ""city"": ""NEW YORK"", ""state"": ""NY"", ""zip"": ""10019""}",Match:Non_Exact,148
019ab7be-9dbd-78c0-0009-797439043928,"200 Massachusetts Ave, Washington, Dc, 20001","{""id"": 0, ""street"": ""200 MASSACHUSETTS AVE"", ""city"": ""WASHINGTON"", ""state"": ""DC"", ""zip"": ""20001""}",Match:Non_Exact,148
019ab3fe-a041-7b22-edac-9430c0d3805c,"161 Northfield Road, Northfield, Il, 60093","{""id"": 0, ""street"": ""161 Northfield Road"", ""city"": ""Northfield"", ""state"": ""IL"", ""zip"": ""60093""}",Match:Non_Exact,148
019ab3e7-1ddd-7dd1-c7c8-1d75c03321c0,"300 N Broadway, Lexington, Ky, 40508","{""id"": 0, ""street"": ""300 N BROADWAY"", ""city"": ""LEXINGTON"", ""state"": ""KY"", ""zip"": ""40508""}",Match:Non_Exact,148
019ab414-4ca3-7983-0a44-7e9c1685ebbc,"30 Campus Rd, Annandaleonhudson, Ny, 12504","{""id"": 0, ""street"": ""30 CAMPUS RD"", ""city"": ""ANNANDALEONHUDSON"", ""state"": ""NY"", ""zip"": ""12504""}",Match:Non_Exact,148
019ab419-2981-7dc1-121e-22416d154e10,"1 Southside Road, Danvers, Ma, 01923","{""id"": 0, ""street"": ""1 SOUTHSIDE ROAD"", ""city"": ""DANVERS"", ""state"": ""MA"", ""zip"": ""01923""}",Match:Non_Exact,148
019ab419-2021-7e0b-150e-1a052661d1c0,"300 Forest Drive, East Hills, Ny, 11548","{""id"": 0, ""street"": ""300 FOREST DRIVE"", ""city"": ""EAST HILLS"", ""state"": ""NY"", ""zip"": ""11548""}",Match:Non_Exact,148
019ab76f-ec8d-7b50-8449-6fe71c972228,"1828 L Street Nw Suite 300-D, Washington, Dc, 20036","{""id"": 0, ""street"": ""1828 L STREET NW SUITE 300-D"", ""city"": ""WASHINGTON"", ""state"": ""DC"", ""zip"": ""20036""}",Match:Non_Exact,148
019ab714-3870-7e86-c224-fbec4553f75c,"17421 Telegraph, Detroit, Mi, 48219","{""id"": 0, ""street"": ""17421 TELEGRAPH"", ""city"": ""DETROIT"", ""state"": ""MI"", ""zip"": ""48219""}",Match:Non_Exact,147
019ab5e0-f185-77ac-2670-c6509ddfa74c,"694 N Larch St 910, Sisters, Or, 97759","{""id"": 0, ""street"": ""694 N LARCH ST 910"", ""city"": ""SISTERS"", ""state"": ""OR"", ""zip"": ""97759""}",Match:Non_Exact,147
019ab701-d060-746a-2b4d-8c0541a3a9c0,"721 N La Salle Street, Chicago, Il, 60654","{""id"": 0, ""street"": ""721 N LA SALLE STREET"", ""city"": ""CHICAGO"", ""state"": ""IL"", ""zip"": ""60654""}",Match:Non_Exact,146
019ab412-125c-7b0a-1358-6295fcdaf1e8,"4202 E Fowler Avenue, Tampa, Fl, 33620","{""id"": 0, ""street"": ""4202 E Fowler Avenue"", ""city"": ""Tampa"", ""state"": ""FL"", ""zip"": ""33620""}",Match:Non_Exact,146
019ab419-2ae2-79ce-2289-189c96f23a00,"50 South Lasalle Street, Chicago, Il, 60603","{""id"": 0, ""street"": ""50 South LaSalle Street"", ""city"": ""Chicago"", ""state"": ""IL"", ""zip"": ""60603""}",Match:Non_Exact,146
019ab3fa-0abb-7c3d-644c-df83d7b95704,"2440 E Broadway, Tucson, Az, 85719","{""id"": 0, ""street"": ""2440 E BROADWAY"", ""city"": ""TUCSON"", ""state"": ""AZ"", ""zip"": ""85719""}",Match:Non_Exact,146
019ab3f9-704f-7c1c-faf1-8f27789c2668,"1783 Forest Drive 184, Annapolis, Md, 21401","{""id"": 0, ""street"": ""1783 Forest Drive 184"", ""city"": ""Annapolis"", ""state"": ""MD"", ""zip"": ""21401""}",Match:Non_Exact,146
019ab7ee-950e-7771-1aae-06a9ca900268,"10960 Wilshire Blvd 1100, Los Angeles, Ca, 90024","{""id"": 0, ""street"": ""10960 WILSHIRE BLVD 1100"", ""city"": ""LOS ANGELES"", ""state"": ""CA"", ""zip"": ""90024""}",Match:Non_Exact,146
019ab3fe-c891-76d9-dfdb-9a58c520649c,"1600 Rockland Road Shands House, Wilmington, De, 19803","{""id"": 0, ""street"": ""1600 ROCKLAND ROAD SHANDS HOUSE"", ""city"": ""WILMINGTON"", ""state"": ""DE"", ""zip"": ""19803""}",Match:Non_Exact,146
019ab40a-d03c-7dcd-2e4e-98db5a59ebc4,"8801 Jm Keynes Dr Ste 91, Charlotte, Nc, 28262","{""id"": 0, ""street"": ""8801 JM KEYNES DR STE 91"", ""city"": ""CHARLOTTE"", ""state"": ""NC"", ""zip"": ""28262""}",Match:Non_Exact,146
019ab436-f5cf-72fc-ac9c-cfd5c5d97f04,"5000 State Road 67 North, Martinsville, In, 46151","{""id"": 0, ""street"": ""5000 STATE ROAD 67 NORTH"", ""city"": ""MARTINSVILLE"", ""state"": ""IN"", ""zip"": ""46151""}",Match:Non_Exact,146
019ab436-eed8-740e-6b46-1cbdc1d857e4,"600 Hoffmann Drive, Watertown, Wi, 53094","{""id"": 0, ""street"": ""600 HOFFMANN DRIVE"", ""city"": ""WATERTOWN"", ""state"": ""WI"", ""zip"": ""53094""}",Match:Non_Exact,146
019ab401-59d3-747f-8af6-b4cb4e936d60,"40 E Adams St 200, Jacksonville, Fl, 32202","{""id"": 0, ""street"": ""40 E ADAMS ST 200"", ""city"": ""JACKSONVILLE"", ""state"": ""FL"", ""zip"": ""32202""}",Match:Non_Exact,146
019ab40a-1e95-7c5f-f2a7-8e44188af75c,"300 Hawthorne Ln Third Floor, Charlotte, Nc, 28204","{""id"": 0, ""street"": ""300 HAWTHORNE LN THIRD FLOOR"", ""city"": ""CHARLOTTE"", ""state"": ""NC"", ""zip"": ""28204""}",Match:Non_Exact,146
019ab7a3-be41-7c4b-b41f-9e2fcf92773c,"1101 E 33Rd Street B001, Baltimore, Md, 21218","{""id"": 0, ""street"": ""1101 E 33RD STREET B001"", ""city"": ""BALTIMORE"", ""state"": ""MD"", ""zip"": ""21218""}",Match:Non_Exact,146
019ab72c-f667-7d9c-d9b3-fab35c406fb8,"13770 Noel Road Ste 801889, Dallas, Tx, 75380","{""id"": 0, ""street"": ""13770 NOEL ROAD STE 801889"", ""city"": ""DALLAS"", ""state"": ""TX"", ""zip"": ""75380""}",Match:Non_Exact,146
019ab40d-000d-750e-63eb-d7dbe7003e10,"3333 Burnet Ave Mlc 9002, Cincinnati, Oh, 45229","{""id"": 0, ""street"": ""3333 BURNET AVE MLC 9002"", ""city"": ""CINCINNATI"", ""state"": ""OH"", ""zip"": ""45229""}",Match:Non_Exact,146
019ab408-f61e-7e96-5d5f-189c8240e51c,"3003 S State St Suite 8000, Ann Arbor, Mi, 48109","{""id"": 0, ""street"": ""3003 S STATE ST SUITE 8000"", ""city"": ""ANN ARBOR"", ""state"": ""MI"", ""zip"": ""48109""}",Match:Non_Exact,146
019ab436-ed73-72fa-a75c-43163df8037c,"404 South Eighth Street, Minneapolis, Mn, 55404","{""id"": 0, ""street"": ""404 SOUTH EIGHTH STREET"", ""city"": ""MINNEAPOLIS"", ""state"": ""MN"", ""zip"": ""55404""}",Match:Non_Exact,146
019ab402-366a-7b57-7637-663629c22530,"1705 Commerce Drive Nw, Atlanta, Ga, 30318","{""id"": 0, ""street"": ""1705 COMMERCE DRIVE NW"", ""city"": ""ATLANTA"", ""state"": ""GA"", ""zip"": ""30318""}",Match:Non_Exact,146
019ab70d-5512-7eb0-3ca1-a3d52c9dcaec,"6925 Oakland Mills Rd 701, Columbia, Md, 21045","{""id"": 0, ""street"": ""6925 OAKLAND MILLS RD 701"", ""city"": ""COLUMBIA"", ""state"": ""MD"", ""zip"": ""21045""}",Match:Non_Exact,146
019ab437-0e17-7cd6-76f8-4db0210752d8,"2700 North Tamiami Trail, Sarasota, Fl, 34234","{""id"": 0, ""street"": ""2700 NORTH TAMIAMI TRAIL"", ""city"": ""SARASOTA"", ""state"": ""FL"", ""zip"": ""34234""}",Match:Non_Exact,146
019ab437-11e7-703a-0c3b-cd32beb4e704,"4320 Mayflower Hill, Waterville, Me, 04901","{""id"": 0, ""street"": ""4320 MAYFLOWER HILL"", ""city"": ""WATERVILLE"", ""state"": ""ME"", ""zip"": ""04901""}",Match:Non_Exact,144
019ab3e0-ff78-725a-779e-9fb5631b978c,"158 N Broadway, Milwaukee, Wi, 53202","{""id"": 0, ""street"": ""158 N BROADWAY"", ""city"": ""MILWAUKEE"", ""state"": ""WI"", ""zip"": ""53202""}",Match:Non_Exact,144
019ab3ff-dfcd-7cef-6f9f-977eb73cee78,"829 Riverside Avenue, Jacksonville, Fl, 32204","{""id"": 0, ""street"": ""829 RIVERSIDE AVENUE"", ""city"": ""JACKSONVILLE"", ""state"": ""FL"", ""zip"": ""32204""}",Match:Non_Exact,144
019ab436-fa8b-7b14-6ea2-34abb48a1334,"Administration Building 400 Bizzel, College Station, Tx, 77843","{""id"": 0, ""street"": ""ADMINISTRATION BUILDING 400 BIZZEL"", ""city"": ""COLLEGE STATION"", ""state"": ""TX"", ""zip"": ""77843""}",Match:Non_Exact,144
019ab40f-ff15-7607-6195-77b5b8c92618,"204 West Washington St, Lexington, Va, 24450","{""id"": 0, ""street"": ""204 WEST WASHINGTON ST"", ""city"": ""LEXINGTON"", ""state"": ""VA"", ""zip"": ""24450""}",Match:Non_Exact,144
019ab405-078f-7e70-6b16-a3c2b14d3b48,"34 35Th Street 4-2A, Brooklyn, Ny, 11232","{""id"": 0, ""street"": ""34 35TH STREET 4-2A"", ""city"": ""BROOKLYN"", ""state"": ""NY"", ""zip"": ""11232""}",Match:Non_Exact,144
019ab436-f126-722a-15c9-e756511b9b34,"309 Waverly Oaks Road, Waltham, Ma, 02452","{""id"": 0, ""street"": ""309 WAVERLY OAKS ROAD"", ""city"": ""WALTHAM"", ""state"": ""MA"", ""zip"": ""02452""}",Match:Non_Exact,144
019ab40b-51bf-7f79-e6e7-4ad2cf4973f4,"46-48 Beauvoir Avenue, Summit, Nj, 07901","{""id"": 0, ""street"": ""46-48 BEAUVOIR AVENUE"", ""city"": ""SUMMIT"", ""state"": ""NJ"", ""zip"": ""07901""}",Match:Non_Exact,144
019ab72c-f83d-731c-ded1-98711818bbc4,"595 Commonweatlh Avenue Suite 700, Boston, Ma, 02215","{""id"": 0, ""street"": ""595 COMMONWEATLH AVENUE SUITE 700"", ""city"": ""BOSTON"", ""state"": ""MA"", ""zip"": ""02215""}",Match:Non_Exact,144
019ab436-eaf1-76ca-b668-6a7df8b531d4,"189 Wheatley Road, Brookville, Ny, 11545","{""id"": 0, ""street"": ""189 WHEATLEY ROAD"", ""city"": ""BROOKVILLE"", ""state"": ""NY"", ""zip"": ""11545""}",Match:Non_Exact,143
019ab3eb-0702-7d1d-39be-2442eff8857c,"1300 Lamar, Wichita Falls, Tx, 76301","{""id"": 0, ""street"": ""1300 LAMAR"", ""city"": ""WICHITA FALLS"", ""state"": ""TX"", ""zip"": ""76301""}",Match:Non_Exact,143
019ab3ec-c0c7-784b-f3c3-dfce507c3bd4,"65 1St Street, Troy, Ny, 12180","{""id"": 0, ""street"": ""65 1ST STREET"", ""city"": ""TROY"", ""state"": ""NY"", ""zip"": ""12180""}",Match:Non_Exact,142
019ab3e3-d725-70e0-e47f-c050d82b32b8,"1624 Franklin St 1022, Oakland, Ca, 94612","{""id"": 0, ""street"": ""1624 FRANKLIN ST 1022"", ""city"": ""OAKLAND"", ""state"": ""CA"", ""zip"": ""94612""}",Match:Non_Exact,142
019ab3f1-00c8-7729-4415-8d56d67677b0,"247 King George St, Annapolis, Md, 21402","{""id"": 0, ""street"": ""247 KING GEORGE ST"", ""city"": ""ANNAPOLIS"", ""state"": ""MD"", ""zip"": ""21402""}",Match:Non_Exact,142
019ab707-104f-75d4-acde-23615dabc34c,"548 Market Street 49734, San Francisco, Ca, 94104","{""id"": 0, ""street"": ""548 Market Street 49734"", ""city"": ""San Francisco"", ""state"": ""CA"", ""zip"": ""94104""}",Match:Non_Exact,142
019ab436-fdba-75ef-9029-7c9c9bea39d4,"245 N Undermountain Rd, Sheffield, Ma, 01257","{""id"": 0, ""street"": ""245 N UNDERMOUNTAIN RD"", ""city"": ""SHEFFIELD"", ""state"": ""MA"", ""zip"": ""01257""}",Match:Non_Exact,142
019ab436-f56b-75f1-774e-ee53780b0f28,"333 S Wabash Ave 30Th Floor, Chicago, Il, 60604","{""id"": 0, ""street"": ""333 S WABASH AVE 30TH FLOOR"", ""city"": ""CHICAGO"", ""state"": ""IL"", ""zip"": ""60604""}",Match:Non_Exact,142
019ab701-d870-7d1e-c723-7b882c056fa0,"760 Spring Street Suite 400, Atlanta, Ga, 30308","{""id"": 0, ""street"": ""760 SPRING STREET SUITE 400"", ""city"": ""ATLANTA"", ""state"": ""GA"", ""zip"": ""30308""}",Match:Non_Exact,142
019ab406-34e9-713c-d80e-f4281c66d93c,"800 West Wells Street, Milwaukee, Wi, 53233","{""id"": 0, ""street"": ""800 WEST WELLS STREET"", ""city"": ""MILWAUKEE"", ""state"": ""WI"", ""zip"": ""53233""}",Match:Non_Exact,142
019ab749-ba1c-794c-fd82-1f86b6a57914,"1828 L Street Nw Suite 300 - A, Washington, Dc, 20036","{""id"": 0, ""street"": ""1828 L Street NW Suite 300 - A"", ""city"": ""Washington"", ""state"": ""DC"", ""zip"": ""20036""}",Match:Non_Exact,142
019ab436-eb07-79ec-0075-c225bc83d448,"8700 Beverly Boulevard, Los Angeles, Ca, 90048","{""id"": 0, ""street"": ""8700 BEVERLY BOULEVARD"", ""city"": ""LOS ANGELES"", ""state"": ""CA"", ""zip"": ""90048""}",Match:Non_Exact,142
019ab436-fc9d-7f8f-1809-fe55978590c8,"615 West 131St Street Mc 8741, New York, Ny, 10027","{""id"": 0, ""street"": ""615 WEST 131ST STREET MC 8741"", ""city"": ""NEW YORK"", ""state"": ""NY"", ""zip"": ""10027""}",Match:Non_Exact,141
019ab5e0-ef0e-76e7-a6cf-19837f782cb8,"4 Weems Lane 312, Winchester, Va, 22601","{""id"": 0, ""street"": ""4 WEEMS LANE 312"", ""city"": ""WINCHESTER"", ""state"": ""VA"", ""zip"": ""22601""}",Match:Non_Exact,141
019ab3e0-a184-773d-030b-ac5f71e95c20,"2353 Bolton Road Nw, Atlanta, Ga, 30318","{""id"": 0, ""street"": ""2353 BOLTON ROAD NW"", ""city"": ""ATLANTA"", ""state"": ""GA"", ""zip"": ""30318""}",Match:Non_Exact,140
019ab3eb-ff8a-7ca3-6d87-253688053fe8,"426 Mcduff Ave S, Jacksonville, Fl, 32254","{""id"": 0, ""street"": ""426 MCDUFF AVE S"", ""city"": ""JACKSONVILLE"", ""state"": ""FL"", ""zip"": ""32254""}",Match:Non_Exact,140
019ab436-f7f4-77e9-6880-647e35e38c60,"3333 Burnet Avenue Mlc 9002, Cincinnati, Oh, 45229","{""id"": 0, ""street"": ""3333 BURNET AVENUE MLC 9002"", ""city"": ""CINCINNATI"", ""state"": ""OH"", ""zip"": ""45229""}",Match:Non_Exact,140
019ab3f8-9752-7f6a-4c3f-6ebf477c118c,"600 Maryland Ave Sw, Washington, Dc, 20002","{""id"": 0, ""street"": ""600 MARYLAND AVE SW"", ""city"": ""WASHINGTON"", ""state"": ""DC"", ""zip"": ""20002""}",Match:Non_Exact,140
019ab3ec-14e7-7886-21ae-1607f4b04378,"100 Lake Hart Dr 2400, Orlando, Fl, 32832","{""id"": 0, ""street"": ""100 LAKE HART DR 2400"", ""city"": ""ORLANDO"", ""state"": ""FL"", ""zip"": ""32832""}",Match:Non_Exact,140
019ab733-7fc7-78a8-0e2f-654e949053f4,"275 Northside Dr Nw, Atlanta, Ga, 30314","{""id"": 0, ""street"": ""275 NORTHSIDE DR NW"", ""city"": ""ATLANTA"", ""state"": ""GA"", ""zip"": ""30314""}",Match:Non_Exact,140
019ab436-f5d0-7670-3da4-1733d4aca4cc,"431 18Th Street, Washington, Dc, 20006","{""id"": 0, ""street"": ""431 18TH STREET"", ""city"": ""WASHINGTON"", ""state"": ""DC"", ""zip"": ""20006""}",Match:Non_Exact,140
019ab3ed-97aa-78ba-c5de-46828b7308f4,"4245 North Fairfax Dr, Arlington, Va, 22203","{""id"": 0, ""street"": ""4245 NORTH FAIRFAX DR"", ""city"": ""ARLINGTON"", ""state"": ""VA"", ""zip"": ""22203""}",Match:Non_Exact,140
019ab70d-4331-7796-c94d-ee90bd290918,"325 N Wells 8Th Floor, Chicago, Il, 60654","{""id"": 0, ""street"": ""325 N WELLS 8TH FLOOR"", ""city"": ""CHICAGO"", ""state"": ""IL"", ""zip"": ""60654""}",Match:Non_Exact,140
019ab3f8-a64a-729f-fe1a-782ff72f4814,"One John Marshall Drive, Huntington, Wv, 25755","{""id"": 0, ""street"": ""ONE JOHN MARSHALL DRIVE"", ""city"": ""HUNTINGTON"", ""state"": ""WV"", ""zip"": ""25755""}",Match:Non_Exact,140
019ab5e0-fc93-77fe-f337-56955b6b0518,"100 Missionary Ridge, Birmingham, Al, 35242","{""id"": 0, ""street"": ""100 MISSIONARY RIDGE"", ""city"": ""BIRMINGHAM"", ""state"": ""AL"", ""zip"": ""35242""}",Match:Non_Exact,139
019ab5e0-fc93-7439-7120-72ebc1fa2c08,"1301 Connecticut Avenue Nw Suite, Washington, Dc, 20036","{""id"": 0, ""street"": ""1301 CONNECTICUT AVENUE NW SUITE"", ""city"": ""WASHINGTON"", ""state"": ""DC"", ""zip"": ""20036""}",Match:Non_Exact,138
019ab419-2faa-710d-6482-6973efa89160,"1500 Binz, Houston, Tx, 77004","{""id"": 0, ""street"": ""1500 BINZ"", ""city"": ""HOUSTON"", ""state"": ""TX"", ""zip"": ""77004""}",Match:Non_Exact,138
019ab3f2-00b8-7b97-adf5-1f75d67ca690,"1145 W Oakland Ave, Lansing, Mi, 48915","{""id"": 0, ""street"": ""1145 W OAKLAND AVE"", ""city"": ""LANSING"", ""state"": ""MI"", ""zip"": ""48915""}",Match:Non_Exact,138
019ab3ea-ead8-7536-3754-e720ce9bea10,"114 John Street 930, New York, Ny, 10272","{""id"": 0, ""street"": ""114 JOHN STREET 930"", ""city"": ""NEW YORK"", ""state"": ""NY"", ""zip"": ""10272""}",Match:Non_Exact,138
019ab867-0922-711a-8f44-f804d8751488,"Moret Group 1411 Broadway, New York, Ny, 10018","{""id"": 0, ""street"": ""MORET GROUP 1411 BROADWAY"", ""city"": ""NEW YORK"", ""state"": ""NY"", ""zip"": ""10018""}",Match:Non_Exact,138
019ab3fa-4281-72a4-fabe-95431c1d51e0,"8950 W Olympic Blvd 525, Los Angeles, Ca, 90211","{""id"": 0, ""street"": ""8950 W OLYMPIC BLVD 525"", ""city"": ""LOS ANGELES"", ""state"": ""CA"", ""zip"": ""90211""}",Match:Non_Exact,138
019ab7ca-96e7-7ae9-90e8-161b66c1861c,"201 Chicago Avenue, Minneapolis, Mn, 55415","{""id"": 0, ""street"": ""201 CHICAGO AVENUE"", ""city"": ""MINNEAPOLIS"", ""state"": ""MN"", ""zip"": ""55415""}",Match:Non_Exact,137
019ab413-4bae-7302-8282-7e76ca3e1b58,"601 Elmwood Ave, Rochester, Ny, 14642","{""id"": 0, ""street"": ""601 ELMWOOD AVE"", ""city"": ""ROCHESTER"", ""state"": ""NY"", ""zip"": ""14642""}",Match:Non_Exact,137
019ab3fd-9cc2-76e8-df45-d4109c854bdc,"20-28 Sargeant Street, Hartford, Ct, 06105","{""id"": 0, ""street"": ""20-28 SARGEANT STREET"", ""city"": ""HARTFORD"", ""state"": ""CT"", ""zip"": ""06105""}",Match:Non_Exact,137
019ab3ec-de8a-7a3f-2543-5f103eb1ca84,"2116 Grand Ave, Des Moines, Ia, 50312","{""id"": 0, ""street"": ""2116 GRAND AVE"", ""city"": ""DES MOINES"", ""state"": ""IA"", ""zip"": ""50312""}",Match:Non_Exact,136
019ab7ae-f4ea-79be-3614-8623142fc1c8,"3001 Metro Drive 500, Bloomington, Mn, 55425","{""id"": 0, ""street"": ""3001 METRO DRIVE 500"", ""city"": ""BLOOMINGTON"", ""state"": ""MN"", ""zip"": ""55425""}",Match:Non_Exact,136
019ab3f0-c850-71da-3e64-e2a4f4aebe4c,"1250 24Th St Nw, Washington, Dc, 20090","{""id"": 0, ""street"": ""1250 24th ST NW"", ""city"": ""WASHINGTON"", ""state"": ""DC"", ""zip"": ""20090""}",Match:Non_Exact,136
019ab701-ded1-7a98-6a6f-8d5cfff6437c,"500 A Spratt Street, Charlotte, Nc, 28206","{""id"": 0, ""street"": ""500 A SPRATT STREET"", ""city"": ""CHARLOTTE"", ""state"": ""NC"", ""zip"": ""28206""}",Match:Non_Exact,136
019ab40a-6d84-7b96-4533-dbdf57effe5c,"12435 Old Statesville Road, Huntersville, Nc, 28078","{""id"": 0, ""street"": ""12435 OLD STATESVILLE ROAD"", ""city"": ""HUNTERSVILLE"", ""state"": ""NC"", ""zip"": ""28078""}",Match:Non_Exact,135
019ab3ea-2516-72e0-e464-87f9b491eccc,"1875 Connecticut Avenue Nw Suite, Washington, Dc, 20009","{""id"": 0, ""street"": ""1875 CONNECTICUT AVENUE NW SUITE"", ""city"": ""WASHINGTON"", ""state"": ""DC"", ""zip"": ""20009""}",Match:Non_Exact,134
019ab3e2-d460-76b1-a37c-f94ba0e00690,"3735 Drexel, Houston, Tx, 77027","{""id"": 0, ""street"": ""3735 DREXEL"", ""city"": ""HOUSTON"", ""state"": ""TX"", ""zip"": ""77027""}",Match:Non_Exact,134
019ab3ef-7a64-7ab9-c8c1-c4b203a4047c,"4650 Sunset Blvd Ms 29, Los Angeles, Ca, 90027","{""id"": 0, ""street"": ""4650 SUNSET BLVD MS 29"", ""city"": ""LOS ANGELES"", ""state"": ""CA"", ""zip"": ""90027""}",Match:Non_Exact,134
019ab5e0-fb40-7567-2a17-4e69866d3b7c,"5B Windy Way, Nantucket, Ma, 02554","{""id"": 0, ""street"": ""5b Windy Way"", ""city"": ""Nantucket"", ""state"": ""MA"", ""zip"": ""02554""}",Match:Non_Exact,134
019ab733-790d-7f0b-ba41-1d216f59d728,"1120 Avenue Of The Americas 4Th, New York, Ny, 10036","{""id"": 0, ""street"": ""1120 AVENUE OF THE AMERICAS 4TH"", ""city"": ""NEW YORK"", ""state"": ""NY"", ""zip"": ""10036""}",Match:Non_Exact,134
019ab717-9610-7a44-e0c6-857a96cafa54,"2660 Broadway 16, New York, Ny, 10025","{""id"": 0, ""street"": ""2660 Broadway 16"", ""city"": ""New York"", ""state"": ""NY"", ""zip"": ""10025""}",Match:Non_Exact,134
019ab5e0-f7ff-7cda-4085-9a293210e094,"77 Massachusetts Avenue Ne49-3142, Cambridge, Ma, 02139","{""id"": 0, ""street"": ""77 Massachusetts Avenue NE49-3142"", ""city"": ""Cambridge"", ""state"": ""MA"", ""zip"": ""02139""}",Match:Non_Exact,134
019ab3e8-5c67-742b-981e-5dfc9417bb68,"900 University Avenue, Riverside, Ca, 92521","{""id"": 0, ""street"": ""900 University Avenue"", ""city"": ""Riverside"", ""state"": ""CA"", ""zip"": ""92521""}",Match:Non_Exact,133
019ab3e6-8765-79b0-12a7-9563451491f0,"100 W Timberdell Rd, Norman, Ok, 73019","{""id"": 0, ""street"": ""100 W TIMBERDELL RD"", ""city"": ""NORMAN"", ""state"": ""OK"", ""zip"": ""73019""}",Match:Non_Exact,132
019ab408-5ca3-743a-816d-bfc00996909c,"201 E Kirby, Detroit, Mi, 48202","{""id"": 0, ""street"": ""201 E KIRBY"", ""city"": ""DETROIT"", ""state"": ""MI"", ""zip"": ""48202""}",Match:Non_Exact,132
019ab3e9-cde5-720f-cb4d-85261edef7c0,"3434 Roswell Road Nw, Atlanta, Ga, 30305","{""id"": 0, ""street"": ""3434 ROSWELL ROAD NW"", ""city"": ""ATLANTA"", ""state"": ""GA"", ""zip"": ""30305""}",Match:Non_Exact,132
019ab3fa-5333-7949-af8a-ca6855ef29c4,"849 Independence Ave Suite A, Mountain View, Ca, 94043","{""id"": 0, ""street"": ""849 INDEPENDENCE AVE SUITE A"", ""city"": ""MOUNTAIN VIEW"", ""state"": ""CA"", ""zip"": ""94043""}",Match:Non_Exact,132
019ab7c7-324f-78be-34d6-5a8b4d9b35cc,"1389 W 86Th Street 350, Indianapolis, In, 46260","{""id"": 0, ""street"": ""1389 W 86TH STREET 350"", ""city"": ""INDIANAPOLIS"", ""state"": ""IN"", ""zip"": ""46260""}",Match:Non_Exact,132
019ab787-91b8-7787-87f7-d3f827dea0d4,"95 S 2000 E, Salt Lake City, Ca, 84112","{""id"": 0, ""street"": ""95 S 2000 E"", ""city"": ""SALT LAKE CITY"", ""state"": ""CA"", ""zip"": ""84112""}",Match:Non_Exact,132
019ab5e1-1cb3-7e8c-16b8-83d3c683b988,"1301 North Main Street, Chamberlain, Sd, 57325","{""id"": 0, ""street"": ""1301 NORTH MAIN STREET"", ""city"": ""CHAMBERLAIN"", ""state"": ""SD"", ""zip"": ""57325""}",Match:Non_Exact,132
019ab407-0c97-7810-789c-ec36b687e010,"1829 10Th Ave W Suite B, Seattle, Wa, 98119","{""id"": 0, ""street"": ""1829 10TH AVE W SUITE B"", ""city"": ""SEATTLE"", ""state"": ""WA"", ""zip"": ""98119""}",Match:Non_Exact,132
019ab7c7-3a3d-7a4f-aa38-e49ac52eaf84,"490 Illinois Street 4Th Floor, San Francisco, Ca, 94143","{""id"": 0, ""street"": ""490 ILLINOIS STREET 4TH FLOOR"", ""city"": ""SAN FRANCISCO"", ""state"": ""CA"", ""zip"": ""94143""}",Match:Non_Exact,132
019ab7b6-0e0e-7057-a61d-4dd332b6ae30,"245 Summer Street Mz Nm43A, Boston, Ma, 02210","{""id"": 0, ""street"": ""245 SUMMER STREET MZ NM43A"", ""city"": ""BOSTON"", ""state"": ""MA"", ""zip"": ""02210""}",Match:Non_Exact,132
019ab3f4-1acd-789c-ca58-33a06b69b5dc,"2123 W Broadway Ave 100, Minneapolis, Mn, 55411","{""id"": 0, ""street"": ""2123 W BROADWAY AVE 100"", ""city"": ""MINNEAPOLIS"", ""state"": ""MN"", ""zip"": ""55411""}",Match:Non_Exact,132
019ab436-f074-73bb-21bd-a250c5517860,"350 7Th St N, Naples, Fl, 34102","{""id"": 0, ""street"": ""350 7TH ST N"", ""city"": ""NAPLES"", ""state"": ""FL"", ""zip"": ""34102""}",Match:Non_Exact,132
019ab3ff-5fdc-785d-7ab6-b6b404f219f8,"800 S Gay Street, Knoxville, Tn, 37995","{""id"": 0, ""street"": ""800 S GAY STREET"", ""city"": ""KNOXVILLE"", ""state"": ""TN"", ""zip"": ""37995""}",Match:Non_Exact,131
019ab3f2-2207-7842-5cdc-f00518bdf630,"2500 N River Rd, Manchester, Nh, 03106","{""id"": 0, ""street"": ""2500 N RIVER RD"", ""city"": ""MANCHESTER"", ""state"": ""NH"", ""zip"": ""03106""}",Match:Non_Exact,131
019ab436-f0fe-7a5f-c177-e96f5e97c650,"311 E Main St, Fort Wayne, In, 46802","{""id"": 0, ""street"": ""311 E MAIN ST"", ""city"": ""FORT WAYNE"", ""state"": ""IN"", ""zip"": ""46802""}",Match:Non_Exact,130
019ab5e0-f16c-7e10-5229-cd04d559c4e4,"800 West Broad St 6409, Falls Church, Va, 22040","{""id"": 0, ""street"": ""800 WEST BROAD ST 6409"", ""city"": ""FALLS CHURCH"", ""state"": ""VA"", ""zip"": ""22040""}",Match:Non_Exact,130
019ab436-ed77-7567-f493-2efbe3b8c744,"630 West 5Th Street, Los Angeles, Ca, 90071","{""id"": 0, ""street"": ""630 West 5th Street"", ""city"": ""LOS ANGELES"", ""state"": ""CA"", ""zip"": ""90071""}",Match:Non_Exact,130
019ab400-9195-782c-aa1a-fca16e210314,"5550 W Executive Dr Ste 200, Tampa, Fl, 33609","{""id"": 0, ""street"": ""5550 W EXECUTIVE DR STE 200"", ""city"": ""TAMPA"", ""state"": ""FL"", ""zip"": ""33609""}",Match:Non_Exact,130
019ab701-decf-79ce-e03c-26fa19ae0d20,"291 Wood Road, Annapolis, Md, 21402","{""id"": 0, ""street"": ""291 WOOD ROAD"", ""city"": ""ANNAPOLIS"", ""state"": ""MD"", ""zip"": ""21402""}",Match:Non_Exact,130
019ab5e0-e75b-75e7-4463-f5e9129726f4,"215 West Illinois, Chicago, Il, 60654","{""id"": 0, ""street"": ""215 West Illinois"", ""city"": ""Chicago"", ""state"": ""IL"", ""zip"": ""60654""}",Match:Non_Exact,130
019ab5e0-ec83-7edf-4166-4edc592ff5d8,"21300 Ruth Baron Coleman Blvd, Boca Raton, Fl, 33428","{""id"": 0, ""street"": ""21300 RUTH BARON COLEMAN BLVD"", ""city"": ""BOCA RATON"", ""state"": ""FL"", ""zip"": ""33428""}",Match:Non_Exact,130
019ab437-1309-7759-8990-19abd5ab2c1c,"2300 Chicago Ave, Minneapolis, Mn, 55404","{""id"": 0, ""street"": ""2300 CHICAGO AVE"", ""city"": ""MINNEAPOLIS"", ""state"": ""MN"", ""zip"": ""55404""}",Match:Non_Exact,130
019ab707-0a21-7de5-ce60-200a9186b97c,"14 Wall Street Suite 8A-60, New York, Ny, 10005","{""id"": 0, ""street"": ""14 Wall Street Suite 8A-60"", ""city"": ""new york"", ""state"": ""NY"", ""zip"": ""10005""}",Match:Non_Exact,130
019ab3e6-d6e9-72dd-704d-cb1b5b7506d4,"50 W Broadway 1125, Salt Lake City, Ut, 84101","{""id"": 0, ""street"": ""50 W BROADWAY 1125"", ""city"": ""SALT LAKE CITY"", ""state"": ""UT"", ""zip"": ""84101""}",Match:Non_Exact,130
019ab40b-6d4b-7306-9001-be96bc46e210,"575 Woodland Ave, Madison, Nj, 07940","{""id"": 0, ""street"": ""575 WOODLAND AVE"", ""city"": ""MADISON"", ""state"": ""NJ"", ""zip"": ""07940""}",Match:Non_Exact,130
019ab419-2d58-7df1-c766-6a96948a2898,"2500 Bloomington Ave, Minneapolis, Mn, 55404","{""id"": 0, ""street"": ""2500 BLOOMINGTON AVE"", ""city"": ""MINNEAPOLIS"", ""state"": ""MN"", ""zip"": ""55404""}",Match:Non_Exact,130
019ab413-78ad-7304-5720-45797529db10,"121 Dekalb Avenue, Brooklyn, Ny, 11201","{""id"": 0, ""street"": ""121 DEKALB AVENUE"", ""city"": ""BROOKLYN"", ""state"": ""NY"", ""zip"": ""11201""}",Match:Non_Exact,129
019ab436-f4b7-74ef-4678-8d73bed60d90,"4101 N Ravenswood, Chicago, Il, 60613","{""id"": 0, ""street"": ""4101 N RAVENSWOOD"", ""city"": ""CHICAGO"", ""state"": ""IL"", ""zip"": ""60613""}",Match:Non_Exact,129
019ab3e4-eca4-7fc5-9160-fbc0c4a3fbb0,"401 Golden Shore, Long Beach, Ca, 90802","{""id"": 0, ""street"": ""401 Golden Shore"", ""city"": ""Long Beach"", ""state"": ""CA"", ""zip"": ""90802""}",Match:Non_Exact,129
019ab436-eb0e-73bf-9587-a9812ce61304,"100 State Street, Framingham, Ma, 01701","{""id"": 0, ""street"": ""100 STATE STREET"", ""city"": ""FRAMINGHAM"", ""state"": ""MA"", ""zip"": ""01701""}",Match:Non_Exact,128
019ab3f8-63d6-7ce4-4629-dba7778ac310,"1933 Fort Vancouver Way, Vancouver, Wa, 98663","{""id"": 0, ""street"": ""1933 FORT VANCOUVER WAY"", ""city"": ""VANCOUVER"", ""state"": ""WA"", ""zip"": ""98663""}",Match:Non_Exact,128
019ab436-f8fa-7743-ab83-6686c093b84c,"7929 N Michigan Road, Indianapolis, In, 46268","{""id"": 0, ""street"": ""7929 N MICHIGAN ROAD"", ""city"": ""INDIANAPOLIS"", ""state"": ""IN"", ""zip"": ""46268""}",Match:Non_Exact,128
019ab419-202f-721b-e63b-1159e8940210,"3 Manhattan Drive, Burlington, Nj, 08016","{""id"": 0, ""street"": ""3 MANHATTAN DRIVE"", ""city"": ""BURLINGTON"", ""state"": ""NJ"", ""zip"": ""08016""}",Match:Non_Exact,128
019ab436-eb0e-7be9-742c-dbeac18c5b00,"3901 Rainbow Blvd, Kansas City, Ks, 66160","{""id"": 0, ""street"": ""3901 RAINBOW BLVD"", ""city"": ""KANSAS CITY"", ""state"": ""KS"", ""zip"": ""66160""}",Match:Non_Exact,128
019ab70d-4700-7630-ab0d-40ed0e1fef2c,"7030 S Yale Suite 600, Tulsa, Ok, 74136","{""id"": 0, ""street"": ""7030 S YALE SUITE 600"", ""city"": ""TULSA"", ""state"": ""OK"", ""zip"": ""74136""}",Match:Non_Exact,128
019ab409-91c0-7f90-f940-54313411b784,"2544 Holmes, Kansas City, Mo, 64108","{""id"": 0, ""street"": ""2544 HOLMES"", ""city"": ""KANSAS CITY"", ""state"": ""MO"", ""zip"": ""64108""}",Match:Non_Exact,128
019ab5e1-0ffb-7476-d1a3-1474ae5475d4,"74 W Eckerson Road, Spring Valley, Ny, 10977","{""id"": 0, ""street"": ""74 W Eckerson Road"", ""city"": ""Spring Valley"", ""state"": ""NY"", ""zip"": ""10977""}",Match:Non_Exact,128
019ab5e0-dff6-7944-925e-6c91e13291f4,"1 West Main Suite 303, Medford, Or, 97501","{""id"": 0, ""street"": ""1 WEST MAIN SUITE 303"", ""city"": ""MEDFORD"", ""state"": ""OR"", ""zip"": ""97501""}",Match:Non_Exact,128
019ab3e3-be21-7911-1dba-46ba23bcac58,"5115 Hampton Blvd, Norfolk, Va, 23529","{""id"": 0, ""street"": ""5115 HAMPTON BLVD"", ""city"": ""NORFOLK"", ""state"": ""VA"", ""zip"": ""23529""}",Match:Non_Exact,126
019ab70d-4308-7992-1137-137c27a842f8,"1310 L Street, Washington, Dc, 20005","{""id"": 0, ""street"": ""1310 L STREET"", ""city"": ""WASHINGTON"", ""state"": ""DC"", ""zip"": ""20005""}",Match:Non_Exact,126
019ab722-5fa4-7760-6134-4273930fa300,"4400 University Drive Msn 1A3, Fairfax, Va, 22030","{""id"": 0, ""street"": ""4400 UNIVERSITY DRIVE MSN 1A3"", ""city"": ""FAIRFAX"", ""state"": ""VA"", ""zip"": ""22030""}",Match:Non_Exact,126
019ab437-1124-74f3-3df9-85b116249b90,"4245 North Fairfax Dr Suite 100, Arlington, Va, 22203","{""id"": 0, ""street"": ""4245 NORTH FAIRFAX DR SUITE 100"", ""city"": ""ARLINGTON"", ""state"": ""VA"", ""zip"": ""22203""}",Match:Non_Exact,126
019ab40d-fec2-7670-a806-b37d6c88c818,"20 Dr Marcus F Wheatland Blvd, Newport, Ri, 02840","{""id"": 0, ""street"": ""20 DR MARCUS F WHEATLAND BLVD"", ""city"": ""NEWPORT"", ""state"": ""RI"", ""zip"": ""02840""}",Match:Non_Exact,126
019ab701-dac4-7635-a4eb-056560039854,"168 College Avenue, Orono, Me, 04469","{""id"": 0, ""street"": ""168 COLLEGE AVENUE"", ""city"": ""ORONO"", ""state"": ""ME"", ""zip"": ""04469""}",Match:Non_Exact,126
019ab405-e02e-7e89-a6c9-b66c5f646bdc,"175 Forest St Lacava 284, Waltham, Ma, 02452","{""id"": 0, ""street"": ""175 FOREST ST LACAVA 284"", ""city"": ""WALTHAM"", ""state"": ""MA"", ""zip"": ""02452""}",Match:Non_Exact,126
019ab3ec-226d-7910-367c-cd1f46a8c53c,"214 Massachusetts Ave, Washington, Dc, 20002","{""id"": 0, ""street"": ""214 MASSACHUSETTS AVE"", ""city"": ""WASHINGTON"", ""state"": ""DC"", ""zip"": ""20002""}",Match:Non_Exact,126
019ab3ea-585c-7892-6ec8-f5e9a87de2dc,"410 S 3Rd St, River Falls, Wi, 54022","{""id"": 0, ""street"": ""410 S 3RD ST"", ""city"": ""RIVER FALLS"", ""state"": ""WI"", ""zip"": ""54022""}",Match:Non_Exact,126
019ab436-f614-7482-bb44-7f1242dae670,"7407 Se Hill Terrace, Hobe Sound, Fl, 33455","{""id"": 0, ""street"": ""7407 SE Hill Terrace"", ""city"": ""Hobe Sound"", ""state"": ""FL"", ""zip"": ""33455""}",Match:Non_Exact,126
019ab436-eb1d-7af2-f426-826ffd139a44,"721 N Lasalle, Chicago, Il, 60654","{""id"": 0, ""street"": ""721 N LASALLE"", ""city"": ""CHICAGO"", ""state"": ""IL"", ""zip"": ""60654""}",Match:Non_Exact,126
019ab3e2-c380-7e02-908c-87473abda918,"7168 Columbia Gateway Drive Suite, Columbia, Md, 21046","{""id"": 0, ""street"": ""7168 COLUMBIA GATEWAY DRIVE SUITE"", ""city"": ""COLUMBIA"", ""state"": ""MD"", ""zip"": ""21046""}",Match:Non_Exact,126
019ab5e1-08bd-78b3-8fd6-73f87f02b8d4,"214 Main St 354, El Segundo, Ca, 90245","{""id"": 0, ""street"": ""214 MAIN ST 354"", ""city"": ""EL SEGUNDO"", ""state"": ""CA"", ""zip"": ""90245""}",Match:Non_Exact,126
019ab7c7-2878-7146-e53b-05b48fd7fab4,"1160 Marilyn Drive, Beverly Hills, Ca, 90211","{""id"": 0, ""street"": ""1160 MARILYN DRIVE"", ""city"": ""BEVERLY HILLS"", ""state"": ""CA"", ""zip"": ""90211""}",Match:Non_Exact,126
019ab403-4cc7-7ce8-bffe-171fc3cdc7b8,"500-A Spratt St, Charlotte, Nc, 28206","{""id"": 0, ""street"": ""500-A SPRATT ST"", ""city"": ""CHARLOTTE"", ""state"": ""NC"", ""zip"": ""28206""}",Match:Non_Exact,126
019ab70d-4605-7430-f784-0c999e9d6a48,"575 Grand St Apt E1507, New York, Ny, 10002","{""id"": 0, ""street"": ""575 GRAND ST APT E1507"", ""city"": ""NEW YORK"", ""state"": ""NY"", ""zip"": ""10002""}",Match:Non_Exact,126
019ab436-fa87-7237-2287-d2b8fb8cbdb4,"329 North Main Street Suite 102L, Austin, Mn, 55912","{""id"": 0, ""street"": ""329 North Main Street Suite 102L"", ""city"": ""Austin"", ""state"": ""MN"", ""zip"": ""55912""}",Match:Non_Exact,125
019ab3e3-2dac-7729-0649-bfba3dc6b058,"Lwc 230 Congress St 12Fl, Boston, Ma, 02110","{""id"": 0, ""street"": ""LWC 230 CONGRESS ST 12FL"", ""city"": ""BOSTON"", ""state"": ""MA"", ""zip"": ""02110""}",Match:Non_Exact,125
019ab3e1-a4bd-79c9-6050-4bb6c429a2b0,"1500 Mckinney, Houston, Tx, 77010","{""id"": 0, ""street"": ""1500 MCKINNEY"", ""city"": ""HOUSTON"", ""state"": ""TX"", ""zip"": ""77010""}",Match:Non_Exact,124
019ab714-301e-7afc-5d00-5ff27687d3a0,"77 Massachusetts Ave Ne49-31, Cambridge, Ma, 02139","{""id"": 0, ""street"": ""77 MASSACHUSETTS AVE NE49-31"", ""city"": ""CAMBRIDGE"", ""state"": ""MA"", ""zip"": ""02139""}",Match:Non_Exact,124
019ab3e1-e2ba-76d9-5adb-316d750fcc1c,"1201 Davis St 3Rd Floor, Evanston, Il, 60208","{""id"": 0, ""street"": ""1201 DAVIS ST 3RD FLOOR"", ""city"": ""EVANSTON"", ""state"": ""IL"", ""zip"": ""60208""}",Match:Non_Exact,124
019ab3f9-8557-7544-213d-24c34fcfc6e4,"4899 Belfort Road 300, Jacksonville, Fl, 32256","{""id"": 0, ""street"": ""4899 Belfort Road 300"", ""city"": ""Jacksonville"", ""state"": ""FL"", ""zip"": ""32256""}",Match:Non_Exact,124
019ab406-23cc-748f-f88a-4e51de14f944,"4144 Chase Avenue, Miami Beach, Fl, 33140","{""id"": 0, ""street"": ""4144 CHASE AVENUE"", ""city"": ""MIAMI BEACH"", ""state"": ""FL"", ""zip"": ""33140""}",Match:Non_Exact,124
019ab714-2c63-7134-fe85-e9c4cdbd6250,"500 Spratt St Ste A, Charlotte, Nc, 28206","{""id"": 0, ""street"": ""500 SPRATT ST STE A"", ""city"": ""CHARLOTTE"", ""state"": ""NC"", ""zip"": ""28206""}",Match:Non_Exact,124
019ab5e0-f3ca-75a5-a45b-cf2fb6f16278,"3001 Washington Blvd 7Th Floor, Arlington, Va, 22201","{""id"": 0, ""street"": ""3001 WASHINGTON BLVD 7TH FLOOR"", ""city"": ""ARLINGTON"", ""state"": ""VA"", ""zip"": ""22201""}",Match:Non_Exact,124
019ab7c7-3659-7577-d36a-9912ffb67404,"8700 Beverly Blvd Ste 2416, Los Angeles, Ca, 90048","{""id"": 0, ""street"": ""8700 BEVERLY BLVD STE 2416"", ""city"": ""LOS ANGELES"", ""state"": ""CA"", ""zip"": ""90048""}",Match:Non_Exact,124
019ab419-2023-7294-cab2-c9b12b94dde0,"6101 Executive Blvd 100, North Bethesda, Md, 20852","{""id"": 0, ""street"": ""6101 EXECUTIVE BLVD 100"", ""city"": ""NORTH BETHESDA"", ""state"": ""MD"", ""zip"": ""20852""}",Match:Non_Exact,124
019ab436-ec47-7acf-f3e8-f30ebb55d3d4,"15 Research Dr Ste B, Amherst, Ma, 01002","{""id"": 0, ""street"": ""15 RESEARCH DR STE B"", ""city"": ""AMHERST"", ""state"": ""MA"", ""zip"": ""01002""}",Match:Non_Exact,124
019ab419-30bc-7170-8985-2e5eeaea5614,"1223 Wilshire Blvd 410, Santa Monica, Ca, 90403","{""id"": 0, ""street"": ""1223 WILSHIRE BLVD 410"", ""city"": ""SANTA MONICA"", ""state"": ""CA"", ""zip"": ""90403""}",Match:Non_Exact,124
019ab412-f3db-7262-9086-1548c0b4486c,"100 Chanticleer Dr E, Conway, Sc, 29528","{""id"": 0, ""street"": ""100 CHANTICLEER DR E"", ""city"": ""CONWAY"", ""state"": ""SC"", ""zip"": ""29528""}",Match:Non_Exact,123
019ab72c-f841-7d94-1b3f-e3d5b0f0a9fc,"1 North Lasalle Street, Chicago, Il, 60602","{""id"": 0, ""street"": ""1 NORTH LASALLE STREET"", ""city"": ""CHICAGO"", ""state"": ""IL"", ""zip"": ""60602""}",Match:Non_Exact,122
019ab70d-449c-770a-fe7b-38ca1298b59c,"250 Marietta St Nw, Atlanta, Ga, 30313","{""id"": 0, ""street"": ""250 MARIETTA ST NW"", ""city"": ""ATLANTA"", ""state"": ""GA"", ""zip"": ""30313""}",Match:Non_Exact,122
019ab3f8-7cba-7179-5efa-e9999f098d58,"1601 Broadway, Kansas City, Mo, 64108","{""id"": 0, ""street"": ""1601 BROADWAY"", ""city"": ""KANSAS CITY"", ""state"": ""MO"", ""zip"": ""64108""}",Match:Non_Exact,122
019ab784-f381-740d-d04f-7fd5ed0c3858,"1735 N Ashland Suite 2000, Chicago, Il, 60622","{""id"": 0, ""street"": ""1735 N ASHLAND SUITE 2000"", ""city"": ""CHICAGO"", ""state"": ""IL"", ""zip"": ""60622""}",Match:Non_Exact,122
019ab436-f3a1-71a9-4f14-e1689920ecf0,"28 W 44Th St 609, New York, Ny, 10036","{""id"": 0, ""street"": ""28 W 44TH ST 609"", ""city"": ""New York"", ""state"": ""NY"", ""zip"": ""10036""}",Match:Non_Exact,122
019ab436-f0fd-7a0b-bd64-09f3d6eb2338,"800 S Main St, Harrisonburg, Va, 22807","{""id"": 0, ""street"": ""800 S MAIN ST"", ""city"": ""HARRISONBURG"", ""state"": ""VA"", ""zip"": ""22807""}",Match:Non_Exact,122
019ab401-6fa2-7bb5-24db-5fa4e660d5cc,"4202 E Fowler Avenue Alc100, Tampa, Fl, 33620","{""id"": 0, ""street"": ""4202 E FOWLER AVENUE ALC100"", ""city"": ""TAMPA"", ""state"": ""FL"", ""zip"": ""33620""}",Match:Non_Exact,122
019ab419-2173-703d-e740-77d987119b50,"101 Chestnut St, Berea, Ky, 40403","{""id"": 0, ""street"": ""101 CHESTNUT ST"", ""city"": ""BEREA"", ""state"": ""KY"", ""zip"": ""40403""}",Match:Non_Exact,122
019ab3f7-cc58-7198-7378-18ee6a2692ac,"5 Allied Drive Suite 51110, Little Rock, Ar, 72202","{""id"": 0, ""street"": ""5 ALLIED DRIVE SUITE 51110"", ""city"": ""LITTLE ROCK"", ""state"": ""AR"", ""zip"": ""72202""}",Match:Non_Exact,122
019ab7d6-a83f-795f-bb6c-575146ba48fc,"33 S State St Suite 750, Chicago, Il, 60603","{""id"": 0, ""street"": ""33 S STATE ST SUITE 750"", ""city"": ""CHICAGO"", ""state"": ""IL"", ""zip"": ""60603""}",Match:Non_Exact,122
019ab3e6-4447-7f3b-fa93-2bfce2249de4,"324 Wilmington Ave, Dayton, Oh, 45420","{""id"": 0, ""street"": ""324 WILMINGTON AVE"", ""city"": ""DAYTON"", ""state"": ""OH"", ""zip"": ""45420""}",Match:Non_Exact,122
019ab437-0e1a-7031-661d-507106003fac,"400 S Monroe, Stillwater, Ok, 74074","{""id"": 0, ""street"": ""400 S MONROE"", ""city"": ""STILLWATER"", ""state"": ""OK"", ""zip"": ""74074""}",Match:Non_Exact,122
019ab3fe-0e12-7ee1-7732-0bbf9580e8c4,"6300 Ocean Dr, Corpus Christi, Tx, 78412","{""id"": 0, ""street"": ""6300 OCEAN DR"", ""city"": ""CORPUS CHRISTI"", ""state"": ""TX"", ""zip"": ""78412""}",Match:Non_Exact,122
019ab5e0-f296-73fb-11f1-0a3fb29a9bb8,"1424 Northeast Expressway, Brookhaven, Ga, 30329","{""id"": 0, ""street"": ""1424 NORTHEAST EXPRESSWAY"", ""city"": ""BROOKHAVEN"", ""state"": ""GA"", ""zip"": ""30329""}",Match:Non_Exact,122
019ab5e0-e279-73ec-4453-cd9a4c7a5404,"2100 Raybrook St Se, Grand Rapids, Mi, 49546","{""id"": 0, ""street"": ""2100 Raybrook St SE"", ""city"": ""Grand Rapids"", ""state"": ""MI"", ""zip"": ""49546""}",Match:Non_Exact,122
019ab406-9833-7e72-a039-91a14b690274,"10501 Fgcu Boulevard South, Fort Myers, Fl, 33965","{""id"": 0, ""street"": ""10501 FGCU BOULEVARD SOUTH"", ""city"": ""FORT MYERS"", ""state"": ""FL"", ""zip"": ""33965""}",Match:Non_Exact,121
019ab3e3-773c-7e82-b5d3-db4f78ca07a8,"710 N Turner Ave, Hastings, Ne, 68901","{""id"": 0, ""street"": ""710 N TURNER AVE"", ""city"": ""HASTINGS"", ""state"": ""NE"", ""zip"": ""68901""}",Match:Non_Exact,121
019ab70d-487e-73c2-e2e5-ca455b81a9a8,"1730 Rhode Island Avenue Nw Suite, Washington, Dc, 20036","{""id"": 0, ""street"": ""1730 RHODE ISLAND AVENUE NW SUITE"", ""city"": ""WASHINGTON"", ""state"": ""DC"", ""zip"": ""20036""}",Match:Non_Exact,121
019ab7b6-1647-7323-353a-16a2b09cae3c,"1515 Ringling Blvd 500, Sarasota, Fl, 34236","{""id"": 0, ""street"": ""1515 RINGLING BLVD 500"", ""city"": ""SARASOTA"", ""state"": ""FL"", ""zip"": ""34236""}",Match:Non_Exact,121
019ab401-4986-7129-2c8e-db282ac2890c,"1100 Rockledge Blvd Ste 300, Rockledge, Fl, 32955","{""id"": 0, ""street"": ""1100 ROCKLEDGE BLVD STE 300"", ""city"": ""ROCKLEDGE"", ""state"": ""FL"", ""zip"": ""32955""}",Match:Non_Exact,121
019ab701-cee6-78e3-64fa-c58b8c85acd0,"20 Nonantum Road, Brighton, Ma, 02135","{""id"": 0, ""street"": ""20 NONANTUM ROAD"", ""city"": ""BRIGHTON"", ""state"": ""MA"", ""zip"": ""02135""}",Match:Non_Exact,120
019ab3eb-45c0-7c27-aacf-487d6ac0f490,"4760 S Sepulveda Blvd, Culver City, Ca, 90230","{""id"": 0, ""street"": ""4760 S SEPULVEDA BLVD"", ""city"": ""CULVER CITY"", ""state"": ""CA"", ""zip"": ""90230""}",Match:Non_Exact,120
019ab5e1-0f59-7911-6286-63daed1669d4,"1915 Grand Ave, Des Moines, Ia, 50309","{""id"": 0, ""street"": ""1915 GRAND AVE"", ""city"": ""DES MOINES"", ""state"": ""IA"", ""zip"": ""50309""}",Match:Non_Exact,120
019ab437-003f-7b86-0afc-c43cdaaa4b7c,"5655 Thompson Road, Dewitt, Ny, 13214","{""id"": 0, ""street"": ""5655 THOMPSON ROAD"", ""city"": ""DEWITT"", ""state"": ""NY"", ""zip"": ""13214""}",Match:Non_Exact,120
019ab437-14da-77e0-8ccd-67e9bdf6f124,"900 Viterbo Drive, La Crosse, Wi, 54601","{""id"": 0, ""street"": ""900 VITERBO DRIVE"", ""city"": ""LA CROSSE"", ""state"": ""WI"", ""zip"": ""54601""}",Match:Non_Exact,120
019ab405-dff0-7ab6-5a08-78a2435905d8,"245 N Undermountain Road, Sheffield, Ma, 01257","{""id"": 0, ""street"": ""245 N UNDERMOUNTAIN ROAD"", ""city"": ""SHEFFIELD"", ""state"": ""MA"", ""zip"": ""01257""}",Match:Non_Exact,120
019ab437-1481-79ad-3408-1b8840b42c68,"Elm And Carlton Streets, Buffalo, Ny, 14263","{""id"": 0, ""street"": ""ELM AND CARLTON STREETS"", ""city"": ""BUFFALO"", ""state"": ""NY"", ""zip"": ""14263""}",Match:Non_Exact,120
019ab3ef-38ce-72a0-77e2-891e7522422c,"759 Chestnut St, Springfield, Ma, 01199","{""id"": 0, ""street"": ""759 CHESTNUT ST"", ""city"": ""SPRINGFIELD"", ""state"": ""MA"", ""zip"": ""01199""}",Match:Non_Exact,120
019ab400-6f06-71f7-d739-65790a9e61c8,"700 Arlington Road North, Jacksonville, Fl, 32211","{""id"": 0, ""street"": ""700 ARLINGTON ROAD NORTH"", ""city"": ""JACKSONVILLE"", ""state"": ""FL"", ""zip"": ""32211""}",Match:Non_Exact,120
019ab401-107e-707a-8342-52eaf7073348,"3261 West State Road, St Bonaventure, Ny, 14778","{""id"": 0, ""street"": ""3261 WEST STATE ROAD"", ""city"": ""ST BONAVENTURE"", ""state"": ""NY"", ""zip"": ""14778""}",Match:Non_Exact,120
019ab437-0830-7349-4b84-e56bd3004a58,"1209 Orange Street, Wilmington, De, 19801","{""id"": 0, ""street"": ""1209 ORANGE STREET"", ""city"": ""WILMINGTON"", ""state"": ""DE"", ""zip"": ""19801""}",Match:Non_Exact,120
019ab3e5-06fb-707f-4003-249ab357e8e8,"2300 N Street Nw 700, Washington, Dc, 20037","{""id"": 0, ""street"": ""2300 N STREET NW 700"", ""city"": ""WASHINGTON"", ""state"": ""DC"", ""zip"": ""20037""}",Match:Non_Exact,120
019ab3e9-91c4-77ee-7eb9-90c22c2505ec,"901 E Alosta Ave, Azusa, Ca, 91702","{""id"": 0, ""street"": ""901 E ALOSTA AVE"", ""city"": ""AZUSA"", ""state"": ""CA"", ""zip"": ""91702""}",Match:Non_Exact,120
019ab3ef-b701-70ce-fcab-51c393c64054,"1762 Clifton Road, Atlanta, Ga, 30322","{""id"": 0, ""street"": ""1762 CLIFTON ROAD"", ""city"": ""ATLANTA"", ""state"": ""GA"", ""zip"": ""30322""}",Match:Non_Exact,120
019ab3e4-85e4-7d2c-8179-56da3c31a8e0,"7 Boyden Ln, Deerfield, Ma, 01342","{""id"": 0, ""street"": ""7 BOYDEN LN"", ""city"": ""DEERFIELD"", ""state"": ""MA"", ""zip"": ""01342""}",Match:Non_Exact,120
019ab3df-cd31-7b8f-ad4c-f1b5418c11ac,"1200 Druid Road South, Clearwater, Fl, 33756","{""id"": 0, ""street"": ""1200 DRUID ROAD SOUTH"", ""city"": ""CLEARWATER"", ""state"": ""FL"", ""zip"": ""33756""}",Match:Non_Exact,118
019ab7da-afa1-761c-7c42-adbe79dc1b78,"3571 Far West Blvd 3497, Austin, Tx, 78731","{""id"": 0, ""street"": ""3571 FAR WEST BLVD 3497"", ""city"": ""AUSTIN"", ""state"": ""TX"", ""zip"": ""78731""}",Match:Non_Exact,118
019ab419-2d58-7588-a8b1-c6f98de8fc0c,"1900 Chicago Ave, Minneapolis, Mn, 55404","{""id"": 0, ""street"": ""1900 CHICAGO AVE"", ""city"": ""MINNEAPOLIS"", ""state"": ""MN"", ""zip"": ""55404""}",Match:Non_Exact,118
019ab409-5b74-7acb-3534-aee5ec503a60,"501 S 2Nd St, Minneapolis, Mn, 55401","{""id"": 0, ""street"": ""501 S 2ND ST"", ""city"": ""MINNEAPOLIS"", ""state"": ""MN"", ""zip"": ""55401""}",Match:Non_Exact,118
019ab5e0-e186-7b44-f39f-ef3a1a10a040,"1851 N Research Drive, Bowling Green, Oh, 43403","{""id"": 0, ""street"": ""1851 N Research Drive"", ""city"": ""Bowling Green"", ""state"": ""OH"", ""zip"": ""43403""}",Match:Non_Exact,118
019ab404-ae0f-7179-b02c-de7b535db550,"330 South Greenleaf Street, Gurnee, Il, 60031","{""id"": 0, ""street"": ""330 SOUTH GREENLEAF STREET"", ""city"": ""GURNEE"", ""state"": ""IL"", ""zip"": ""60031""}",Match:Non_Exact,118
019ab7d0-122d-7291-3e43-a49281bd3368,"1105 Schrock Rd 100, Columbus, Oh, 43229","{""id"": 0, ""street"": ""1105 SCHROCK RD 100"", ""city"": ""COLUMBUS"", ""state"": ""OH"", ""zip"": ""43229""}",Match:Non_Exact,118
019ab7a3-bc62-729c-8be0-a0c191e6714c,"123 Williams St -10Th Floor, Ny, Ny, 10038","{""id"": 0, ""street"": ""123 Williams St -10th Floor"", ""city"": ""NY"", ""state"": ""NY"", ""zip"": ""10038""}",Match:Non_Exact,118
019ab5e1-04c5-732b-2579-dae51c502328,"3225 Mcleod Drive Suite 100, Las Vegas, Nv, 89121","{""id"": 0, ""street"": ""3225 MCLEOD DRIVE SUITE 100"", ""city"": ""Las Vegas"", ""state"": ""NV"", ""zip"": ""89121""}",Match:Non_Exact,118
019ab3ea-1f77-7937-1466-899dabac38d4,"13500 Detroit Ave, Lakewood, Oh, 44107","{""id"": 0, ""street"": ""13500 DETROIT AVE"", ""city"": ""LAKEWOOD"", ""state"": ""OH"", ""zip"": ""44107""}",Match:Non_Exact,118
019ab3eb-057a-7407-cc4e-bf282c6d577c,"1230 York Avenue, New York, Ny, 10021","{""id"": 0, ""street"": ""1230 YORK AVENUE"", ""city"": ""NEW YORK"", ""state"": ""NY"", ""zip"": ""10021""}",Match:Non_Exact,118
019ab3eb-ab49-7a8d-ad30-532e032a7ad8,"250 Valentines Lane, Old Brookville, Ny, 11545","{""id"": 0, ""street"": ""250 VALENTINES LANE"", ""city"": ""OLD BROOKVILLE"", ""state"": ""NY"", ""zip"": ""11545""}",Match:Non_Exact,118
019ab7b6-14eb-7258-d0b9-e102cd623428,"140 Churchgrove, Frankenmuth, Mi, 48734","{""id"": 0, ""street"": ""140 CHURCHGROVE"", ""city"": ""FRANKENMUTH"", ""state"": ""MI"", ""zip"": ""48734""}",Match:Non_Exact,118
019ab436-f764-724f-fee3-7bcfb8fc09d4,"3501 South Lake Drive, Milwaukee, Wi, 53207","{""id"": 0, ""street"": ""3501 SOUTH LAKE DRIVE"", ""city"": ""MILWAUKEE"", ""state"": ""WI"", ""zip"": ""53207""}",Match:Non_Exact,118
019ab720-3637-7b4f-c200-25228c174de8,"82 Nassau St 60358, New York, Ny, 10038","{""id"": 0, ""street"": ""82 Nassau St 60358"", ""city"": ""New York"", ""state"": ""NY"", ""zip"": ""10038""}",Match:Non_Exact,118
019ab402-e8b0-792f-94bb-85f0df2c2d90,"2001 Calumet Ave, Valparaiso, In, 46383","{""id"": 0, ""street"": ""2001 CALUMET AVE"", ""city"": ""VALPARAISO"", ""state"": ""IN"", ""zip"": ""46383""}",Match:Non_Exact,118
019ab411-9311-7918-cb1f-030f958bae8c,"30 Campus Road, Annandaleonhudson, Ny, 12504","{""id"": 0, ""street"": ""30 Campus Road"", ""city"": ""AnnandaleOnHudson"", ""state"": ""NY"", ""zip"": ""12504""}",Match:Non_Exact,118
019ab3e6-c1af-7786-e391-6ef8cb1028c8,"394 South Milledge Ave, Athens, Ga, 30602","{""id"": 0, ""street"": ""394 SOUTH MILLEDGE AVE"", ""city"": ""ATHENS"", ""state"": ""GA"", ""zip"": ""30602""}",Match:Non_Exact,118
019ab3f4-84ee-78d8-ec4f-40b580060600,"11450 Translation Way, Orlando, Fl, 32862","{""id"": 0, ""street"": ""11450 TRANSLATION WAY"", ""city"": ""ORLANDO"", ""state"": ""FL"", ""zip"": ""32862""}",Match:Non_Exact,118
019ab714-359f-753a-d514-1776fa0a8e24,"2200 Halethorpe Farms Ro, Baltimore, Md, 21227","{""id"": 0, ""street"": ""2200 HALETHORPE FARMS RO"", ""city"": ""BALTIMORE"", ""state"": ""MD"", ""zip"": ""21227""}",Match:Non_Exact,118
019ab437-0bd4-7115-dc08-21d25147276c,"1919 E Douglas, Wichita, Ks, 67211","{""id"": 0, ""street"": ""1919 E DOUGLAS"", ""city"": ""WICHITA"", ""state"": ""KS"", ""zip"": ""67211""}",Match:Non_Exact,118
019ab437-05c2-7309-7aab-dab24ad6f960,"5930 Cornerstone Ct W 300, San Diego, Ca, 92121","{""id"": 0, ""street"": ""5930 CORNERSTONE CT W 300"", ""city"": ""SAN DIEGO"", ""state"": ""CA"", ""zip"": ""92121""}",Match:Non_Exact,118
019ab419-27de-7d27-2aa3-29f2a5d7f08c,"34834 Weyerhaeuser Way S, Federal Way, Wa, 98063","{""id"": 0, ""street"": ""34834 WEYERHAEUSER WAY S"", ""city"": ""FEDERAL WAY"", ""state"": ""WA"", ""zip"": ""98063""}",Match:Non_Exact,118
019ab701-e111-7226-ebad-f85a396b8ac4,"100 W College Street, Granville, Oh, 43023","{""id"": 0, ""street"": ""100 W College Street"", ""city"": ""Granville"", ""state"": ""OH"", ""zip"": ""43023""}",Match:Non_Exact,118
019ab714-38fa-74e1-2a07-9e3546681ff4,"4800 Six Forks Road 220, Raleigh, Nc, 27609","{""id"": 0, ""street"": ""4800 Six Forks Road 220"", ""city"": ""Raleigh"", ""state"": ""NC"", ""zip"": ""27609""}",Match:Non_Exact,118
019ab701-d724-73c9-57bd-ec207de13c30,"3333 Regis Boulevard, Denver, Co, 80221","{""id"": 0, ""street"": ""3333 REGIS BOULEVARD"", ""city"": ""DENVER"", ""state"": ""CO"", ""zip"": ""80221""}",Match:Non_Exact,117
019ab707-036f-7b81-3ad1-eefca8de0b48,"3815 Washington St, Boston, Ma, 02130","{""id"": 0, ""street"": ""3815 WASHINGTON ST"", ""city"": ""BOSTON"", ""state"": ""MA"", ""zip"": ""02130""}",Match:Non_Exact,116
019ab3e6-459d-7914-f684-25652c190be8,"1400 South Lake Shore Drive, Chicago, Il, 60605","{""id"": 0, ""street"": ""1400 SOUTH LAKE SHORE DRIVE"", ""city"": ""CHICAGO"", ""state"": ""IL"", ""zip"": ""60605""}",Match:Non_Exact,116
019ab3fd-efb7-7838-8b69-33a337b85650,"1111 14Th Street Nw 400, Washington, Dc, 20005","{""id"": 0, ""street"": ""1111 14TH STREET NW 400"", ""city"": ""WASHINGTON"", ""state"": ""DC"", ""zip"": ""20005""}",Match:Non_Exact,116
019ab436-ee50-75c3-b1d4-39c8a9e8619c,"404 South 8Th Street, Minneapolis, Mn, 55404","{""id"": 0, ""street"": ""404 SOUTH 8TH STREET"", ""city"": ""MINNEAPOLIS"", ""state"": ""MN"", ""zip"": ""55404""}",Match:Non_Exact,116
019ab408-98d3-7143-5554-b44478d6c490,"8033 Sunset Blvd 835, Los Angeles, Ca, 90046","{""id"": 0, ""street"": ""8033 SUNSET BLVD 835"", ""city"": ""LOS ANGELES"", ""state"": ""CA"", ""zip"": ""90046""}",Match:Non_Exact,116
019ab436-f31d-7c75-32ba-a9471fdf3de0,"301 W Wisconsin Ave 600, Milwaukee, Wi, 53203","{""id"": 0, ""street"": ""301 W WISCONSIN AVE 600"", ""city"": ""MILWAUKEE"", ""state"": ""WI"", ""zip"": ""53203""}",Match:Non_Exact,116
019ab3f6-2ecf-77c3-7cb1-6a283c8e4870,"101 Chestnut Street, Berea, Ky, 40404","{""id"": 0, ""street"": ""101 CHESTNUT STREET"", ""city"": ""BEREA"", ""state"": ""KY"", ""zip"": ""40404""}",Match:Non_Exact,116
019ab3ff-c343-78de-02af-fd333a930f40,"1762 Clifton Road Ne Suite 1400, Atlanta, Ga, 30322","{""id"": 0, ""street"": ""1762 CLIFTON ROAD NE SUITE 1400"", ""city"": ""ATLANTA"", ""state"": ""GA"", ""zip"": ""30322""}",Match:Non_Exact,116
019ab419-27f4-7e87-69a7-62072c19f94c,"3550 Barron Way 9A, Reno, Nv, 89511","{""id"": 0, ""street"": ""3550 BARRON WAY 9A"", ""city"": ""RENO"", ""state"": ""NV"", ""zip"": ""89511""}",Match:Non_Exact,116
019ab725-9749-7269-4df3-9e37b2ed64dc,"777 Glades Road Adm 295, Boca Raton, Fl, 33431","{""id"": 0, ""street"": ""777 GLADES ROAD ADM 295"", ""city"": ""BOCA RATON"", ""state"": ""FL"", ""zip"": ""33431""}",Match:Non_Exact,116
019ab5e1-1074-7ed4-f72d-94ebf14fc514,"5501 N Cumberland Ave 101, Chicago, Il, 60656","{""id"": 0, ""street"": ""5501 N CUMBERLAND AVE 101"", ""city"": ""CHICAGO"", ""state"": ""IL"", ""zip"": ""60656""}",Match:Non_Exact,116
019ab3eb-45b0-7a4f-4aed-94bb5eb5fa70,"151 Ellis Street, Atlanta, Ga, 30303","{""id"": 0, ""street"": ""151 ELLIS STREET"", ""city"": ""ATLANTA"", ""state"": ""GA"", ""zip"": ""30303""}",Match:Non_Exact,116
019ab419-2985-75a7-2465-fda9c9e0a2b4,"6855 Red Road Ste 600, Coral Gables, Fl, 33143","{""id"": 0, ""street"": ""6855 RED ROAD STE 600"", ""city"": ""CORAL GABLES"", ""state"": ""FL"", ""zip"": ""33143""}",Match:Non_Exact,116
019ab3eb-4fb9-7609-be74-34b3dc6eb8a0,"1629 K Street Nw 300, Washington, Dc, 20006","{""id"": 0, ""street"": ""1629 K STREET NW 300"", ""city"": ""WASHINGTON"", ""state"": ""DC"", ""zip"": ""20006""}",Match:Non_Exact,115
019ab3ea-17b7-72d2-6083-439c943400a0,"17801 Detroit Ave, Lakewood, Oh, 44107","{""id"": 0, ""street"": ""17801 DETROIT AVE"", ""city"": ""LAKEWOOD"", ""state"": ""OH"", ""zip"": ""44107""}",Match:Non_Exact,115
019ab3df-e6fc-7ac6-7040-cd3634d2a5cc,"11200 Sw 8Th St Marc 531, Miami, Fl, 33199","{""id"": 0, ""street"": ""11200 SW 8TH ST MARC 531"", ""city"": ""MIAMI"", ""state"": ""FL"", ""zip"": ""33199""}",Match:Non_Exact,115
019ab3f8-6e6b-71ea-25df-378823b07700,"2501 E Coliseum Blvd, Fort Wayne, In, 46805","{""id"": 0, ""street"": ""2501 E COLISEUM BLVD"", ""city"": ""FORT WAYNE"", ""state"": ""IN"", ""zip"": ""46805""}",Match:Non_Exact,115
019ab419-2cbb-7fb4-f0f3-31d4e7a17c68,"229 Main Street, Keene, Nh, 03435","{""id"": 0, ""street"": ""229 MAIN STREET"", ""city"": ""KEENE"", ""state"": ""NH"", ""zip"": ""03435""}",Match:Non_Exact,115
019ab3f4-ca27-72c4-1493-ccb3527e4f38,"1440 Spring St, Atlanta, Ga, 30309","{""id"": 0, ""street"": ""1440 SPRING ST"", ""city"": ""ATLANTA"", ""state"": ""GA"", ""zip"": ""30309""}",Match:Non_Exact,114
019ab3e1-f722-760f-ceb8-612cf6005900,"251 N Main Street, Cedarville, Oh, 45314","{""id"": 0, ""street"": ""251 N MAIN STREET"", ""city"": ""CEDARVILLE"", ""state"": ""OH"", ""zip"": ""45314""}",Match:Non_Exact,114
019ab3fe-bc0b-77f7-445f-fd79f96cd0b8,"501 Kings Hwy E 400, Fairfield, Ct, 06825","{""id"": 0, ""street"": ""501 KINGS HWY E 400"", ""city"": ""FAIRFIELD"", ""state"": ""CT"", ""zip"": ""06825""}",Match:Non_Exact,114
019ab3f0-5f2f-7e0a-89b1-b2ec95a05ea4,"404 S 8Th Street, Minneapolis, Mn, 55404","{""id"": 0, ""street"": ""404 S 8TH STREET"", ""city"": ""MINNEAPOLIS"", ""state"": ""MN"", ""zip"": ""55404""}",Match:Non_Exact,114
019ab7da-a55b-76ed-f128-edd8b1d790bc,"551 Fifth Ave Suite 2400, New York, Ny, 10176","{""id"": 0, ""street"": ""551 FIFTH AVE SUITE 2400"", ""city"": ""NEW YORK"", ""state"": ""NY"", ""zip"": ""10176""}",Match:Non_Exact,114
019ab3f7-08c4-7b22-fefa-ebed457aef00,"2777 Stemmons Freeway Suite 1700, Dallas, Tx, 75207","{""id"": 0, ""street"": ""2777 STEMMONS FREEWAY SUITE 1700"", ""city"": ""DALLAS"", ""state"": ""TX"", ""zip"": ""75207""}",Match:Non_Exact,114
019ab7d0-032f-7497-a2f2-92e50c5e1428,"1828 L St Nw Ste 300-A, Washington, Dc, 20036","{""id"": 0, ""street"": ""1828 L St NW Ste 300-A"", ""city"": ""Washington"", ""state"": ""DC"", ""zip"": ""20036""}",Match:Non_Exact,114
019ab701-ceec-73a6-8a88-90eed2be8fac,"2080 Duke University Road, Durham, Nc, 27708","{""id"": 0, ""street"": ""2080 DUKE UNIVERSITY ROAD"", ""city"": ""DURHAM"", ""state"": ""NC"", ""zip"": ""27708""}",Match:Non_Exact,114
019ab70d-4e5a-7ec6-f520-6cc296902ef4,"2000 Bunker Rd Fort Cronkhite, Sausalito, Ca, 94965","{""id"": 0, ""street"": ""2000 BUNKER RD FORT CRONKHITE"", ""city"": ""SAUSALITO"", ""state"": ""CA"", ""zip"": ""94965""}",Match:Non_Exact,114
019ab714-3164-745b-8ff6-bc6da8275578,"1120 20Th St Nw 520S, Washington, Dc, 20036","{""id"": 0, ""street"": ""1120 20TH ST NW 520S"", ""city"": ""WASHINGTON"", ""state"": ""DC"", ""zip"": ""20036""}",Match:Non_Exact,114
019ab436-fdb3-7c92-9d8a-8b9d77aa3d3c,"351 Evergreen Dr Ste A, Bozeman, Mt, 59715","{""id"": 0, ""street"": ""351 EVERGREEN DR STE A"", ""city"": ""BOZEMAN"", ""state"": ""MT"", ""zip"": ""59715""}",Match:Non_Exact,114
019ab717-84bb-712c-c644-77a92f627e90,"155 Ave America 13 Fl, New York, Ny, 10013","{""id"": 0, ""street"": ""155 AVE AMERICA 13 FL"", ""city"": ""NEW YORK"", ""state"": ""NY"", ""zip"": ""10013""}",Match:Non_Exact,114
019ab436-f33f-727b-2c5b-fd919c8ca128,"2825 Lexington Road, Louisville, Ky, 40280","{""id"": 0, ""street"": ""2825 LEXINGTON ROAD"", ""city"": ""LOUISVILLE"", ""state"": ""KY"", ""zip"": ""40280""}",Match:Non_Exact,114
019ab3df-d000-7c21-6af0-37595c5e4da8,"355 East Erie, Chicago, Il, 60611","{""id"": 0, ""street"": ""355 EAST ERIE"", ""city"": ""CHICAGO"", ""state"": ""IL"", ""zip"": ""60611""}",Match:Non_Exact,114
019ab720-3438-7aa7-91fe-2bfa26652fe0,"1420 W Mockingbird Suite 700, Dallas, Tx, 75247","{""id"": 0, ""street"": ""1420 W MOCKINGBIRD SUITE 700"", ""city"": ""DALLAS"", ""state"": ""TX"", ""zip"": ""75247""}",Match:Non_Exact,114
019ab404-5a09-7a0e-1129-76525bd59330,"1200 Jd Anderson Drive, Morgantown, Wv, 26505","{""id"": 0, ""street"": ""1200 JD Anderson Drive"", ""city"": ""Morgantown"", ""state"": ""WV"", ""zip"": ""26505""}",Match:Non_Exact,114
019ab7c7-3d6a-74b6-27a0-f089f01e1490,"700 Northern Blvd, Brookville, Ny, 11548","{""id"": 0, ""street"": ""700 NORTHERN BLVD"", ""city"": ""BROOKVILLE"", ""state"": ""NY"", ""zip"": ""11548""}",Match:Non_Exact,114
019ab436-f0fc-7f37-9f55-769da2e7ef10,"114 John St Unit 930, New York, Ny, 10272","{""id"": 0, ""street"": ""114 JOHN ST UNIT 930"", ""city"": ""NEW YORK"", ""state"": ""NY"", ""zip"": ""10272""}",Match:Non_Exact,114
019ab436-f0fc-74c9-7aa0-aa1b83b6b5ec,"2300 N Street Suite 700, Washington, Dc, 20037","{""id"": 0, ""street"": ""2300 N STREET SUITE 700"", ""city"": ""WASHINGTON"", ""state"": ""DC"", ""zip"": ""20037""}",Match:Non_Exact,114
019ab7ca-adf3-7d8a-cf2e-e620b02459cc,"8605 Santa Monica Blvd 88639, West Hollywood, Ca, 90069","{""id"": 0, ""street"": ""8605 Santa Monica Blvd 88639"", ""city"": ""West Hollywood"", ""state"": ""CA"", ""zip"": ""90069""}",Match:Non_Exact,112
019ab3e3-d47c-77aa-728f-a7e11bcc03d4,"1714 Franklin Street Suite 100-136, Oakland, Ca, 94612","{""id"": 0, ""street"": ""1714 FRANKLIN STREET SUITE 100-136"", ""city"": ""OAKLAND"", ""state"": ""CA"", ""zip"": ""94612""}",Match:Non_Exact,112
019ab403-ef98-7557-efc0-12270cbaf514,"1076 West Roosevelt Road, Chicago, Il, 60608","{""id"": 0, ""street"": ""1076 WEST ROOSEVELT ROAD"", ""city"": ""CHICAGO"", ""state"": ""IL"", ""zip"": ""60608""}",Match:Non_Exact,112
019ab3f2-346a-79e1-e01f-86dc43c1e714,"2138 Campus Drive, Durham, Nc, 27708","{""id"": 0, ""street"": ""2138 CAMPUS DRIVE"", ""city"": ""DURHAM"", ""state"": ""NC"", ""zip"": ""27708""}",Match:Non_Exact,112
019ab3e7-760d-7504-97ee-5d9b9ba3d2b0,"353 E Six Forks Road Suite 200, Raleigh, Nc, 27609","{""id"": 0, ""street"": ""353 E SIX FORKS ROAD SUITE 200"", ""city"": ""RALEIGH"", ""state"": ""NC"", ""zip"": ""27609""}",Match:Non_Exact,112
019ab7ee-9943-71f9-a2d2-3f299dc6334c,"1519 Gardiner Ln Suite B, Louisville, Ky, 40218","{""id"": 0, ""street"": ""1519 GARDINER LN SUITE B"", ""city"": ""LOUISVILLE"", ""state"": ""KY"", ""zip"": ""40218""}",Match:Non_Exact,112
019ab404-1740-7d0a-88a8-586237b54e5c,"450 Brookline Ave, Boston, Ma, 02115","{""id"": 0, ""street"": ""450 BROOKLINE AVE"", ""city"": ""BOSTON"", ""state"": ""MA"", ""zip"": ""02115""}",Match:Non_Exact,112
019ab5e0-f5e8-7d56-4761-9303d29dc94c,"2611 Kilihau St A, Honolulu, Hi, 96819","{""id"": 0, ""street"": ""2611 KILIHAU ST A"", ""city"": ""HONOLULU"", ""state"": ""HI"", ""zip"": ""96819""}",Match:Non_Exact,112
019ab3e8-6fad-7cfa-384e-a74b39237324,"1111 14Th St Nw 400, Washington, Dc, 20005","{""id"": 0, ""street"": ""1111 14TH ST NW 400"", ""city"": ""WASHINGTON"", ""state"": ""DC"", ""zip"": ""20005""}",Match:Non_Exact,112
019ab407-04ba-7201-d33a-bfba53a5e244,"6801 Brecksville Rd Rk1-85, Independence, Oh, 44131","{""id"": 0, ""street"": ""6801 BRECKSVILLE RD RK1-85"", ""city"": ""INDEPENDENCE"", ""state"": ""OH"", ""zip"": ""44131""}",Match:Non_Exact,112
019ab437-0e17-741f-f237-27e494eea17c,"4510 Dorr St, Toledo, Oh, 43615","{""id"": 0, ""street"": ""4510 DORR ST"", ""city"": ""TOLEDO"", ""state"": ""OH"", ""zip"": ""43615""}",Match:Non_Exact,112
019ab437-10eb-78df-1843-f0752d90541c,"116 Huntington Avenue Third Floor, Boston, Ma, 02116","{""id"": 0, ""street"": ""116 HUNTINGTON AVENUE THIRD FLOOR"", ""city"": ""BOSTON"", ""state"": ""MA"", ""zip"": ""02116""}",Match:Non_Exact,112
019ab70d-449f-7da7-01bc-dc8430132220,"1714 Franklin St Ste 100 136, Oakland, Ca, 94612","{""id"": 0, ""street"": ""1714 FRANKLIN ST STE 100 136"", ""city"": ""OAKLAND"", ""state"": ""CA"", ""zip"": ""94612""}",Match:Non_Exact,112
019ab3f4-4dd3-7fe5-1377-683f7da43fdc,"1010 Grand Ave, Kansas City, Mo, 64106","{""id"": 0, ""street"": ""1010 GRAND AVE"", ""city"": ""KANSAS CITY"", ""state"": ""MO"", ""zip"": ""64106""}",Match:Non_Exact,111
019ab701-d46c-79ef-f3ee-a5dc9ecae3c4,"201 Iu Willets Road, Albertson, Ny, 11507","{""id"": 0, ""street"": ""201 IU WILLETS ROAD"", ""city"": ""ALBERTSON"", ""state"": ""NY"", ""zip"": ""11507""}",Match:Non_Exact,111
019ab409-1b5e-79b8-da1f-026688cba538,"9663 Santa Monica Blvd 786, Beverly Hills, Ca, 90210","{""id"": 0, ""street"": ""9663 SANTA MONICA BLVD 786"", ""city"": ""BEVERLY HILLS"", ""state"": ""CA"", ""zip"": ""90210""}",Match:Non_Exact,111
019ab436-ed3e-7581-3afa-4c02a575fc48,"40 Courtland Street, Atlanta, Ga, 30303","{""id"": 0, ""street"": ""40 COURTLAND STREET"", ""city"": ""ATLANTA"", ""state"": ""GA"", ""zip"": ""30303""}",Match:Non_Exact,111
019ab70d-4604-766f-57a5-c0300da4b83c,"830 Glenwood Ave Se Suite 510-221, Atlanta, Ga, 30316","{""id"": 0, ""street"": ""830 Glenwood Ave SE Suite 510-221"", ""city"": ""Atlanta"", ""state"": ""GA"", ""zip"": ""30316""}",Match:Non_Exact,111
019ab3e6-b727-7551-d50e-a0967528ead4,"8605 Explorer Drive, Colorado Springs, Co, 80995","{""id"": 0, ""street"": ""8605 EXPLORER DRIVE"", ""city"": ""COLORADO SPRINGS"", ""state"": ""CO"", ""zip"": ""80995""}",Match:Non_Exact,110
019ab3ff-7e89-7469-09dc-476a8be6ea44,"521 S Edgewood Ave, Jacksonville, Fl, 32205","{""id"": 0, ""street"": ""521 S EDGEWOOD AVE"", ""city"": ""JACKSONVILLE"", ""state"": ""FL"", ""zip"": ""32205""}",Match:Non_Exact,110
019ab436-f39d-7645-0f8e-f757619c1370,"2300 N St Nw 700, Washington, Dc, 20037","{""id"": 0, ""street"": ""2300 N ST NW 700"", ""city"": ""Washington"", ""state"": ""DC"", ""zip"": ""20037""}",Match:Non_Exact,110
019ab76c-ee91-76f5-9cd6-da3edb022950,"5082 Wolverine Twr 3003 S State St, Ann Arbor, Mi, 48109","{""id"": 0, ""street"": ""5082 WOLVERINE TWR 3003 S STATE ST"", ""city"": ""ANN ARBOR"", ""state"": ""MI"", ""zip"": ""48109""}",Match:Non_Exact,110
019ab701-d7e8-719f-5bb9-546ff928e5a4,"170 Windsor Drive, Nashville, Tn, 37205","{""id"": 0, ""street"": ""170 WINDSOR DRIVE"", ""city"": ""NASHVILLE"", ""state"": ""TN"", ""zip"": ""37205""}",Match:Non_Exact,110
019ab707-0376-7af8-b7da-00827d1068f0,"2323 N Windish Drive, Galesburg, Il, 61401","{""id"": 0, ""street"": ""2323 N WINDISH DRIVE"", ""city"": ""GALESBURG"", ""state"": ""IL"", ""zip"": ""61401""}",Match:Non_Exact,110
019ab402-10a5-7ef0-fc67-b131e27351e4,"2100 W University Ave, Wichita, Ks, 67213","{""id"": 0, ""street"": ""2100 W UNIVERSITY AVE"", ""city"": ""WICHITA"", ""state"": ""KS"", ""zip"": ""67213""}",Match:Non_Exact,110
019ab815-d654-7404-eb11-603777630488,"1828 L Street N W Suite 300 A, Washington, Dc, 20036","{""id"": 0, ""street"": ""1828 L STREET N W SUITE 300 A"", ""city"": ""WASHINGTON"", ""state"": ""DC"", ""zip"": ""20036""}",Match:Non_Exact,110
019ab706-fea7-72b6-01ce-a6398135bc14,"200 Tuckahoe Road, Southampton, Ny, 11968","{""id"": 0, ""street"": ""200 TUCKAHOE ROAD"", ""city"": ""SOUTHAMPTON"", ""state"": ""NY"", ""zip"": ""11968""}",Match:Non_Exact,110
019ab81e-5473-7ebe-d17b-11fc9944d8fc,"633 Third Ave Finance 4Th Flr, New York City, Ny, 10017","{""id"": 0, ""street"": ""633 THIRD AVE FINANCE 4TH FLR"", ""city"": ""New York City"", ""state"": ""NY"", ""zip"": ""10017""}",Match:Non_Exact,110
019ab405-cb1a-7207-49fa-74610575fb88,"3303 Rebecca Street, Sioux City, Ia, 51104","{""id"": 0, ""street"": ""3303 REBECCA STREET"", ""city"": ""SIOUX CITY"", ""state"": ""IA"", ""zip"": ""51104""}",Match:Non_Exact,110
019ab436-f60f-7fc4-505a-560286a1b1b8,"212 W Van Buren St 900, Chicago, Il, 60607","{""id"": 0, ""street"": ""212 W VAN BUREN ST 900"", ""city"": ""CHICAGO"", ""state"": ""IL"", ""zip"": ""60607""}",Match:Non_Exact,110
019ab3e7-0ab3-78e5-c9c0-85594871b7c0,"1530 Concordia West, Irvine, Ca, 92612","{""id"": 0, ""street"": ""1530 CONCORDIA WEST"", ""city"": ""IRVINE"", ""state"": ""CA"", ""zip"": ""92612""}",Match:Non_Exact,110
019ab419-27a9-7727-48da-52f6cda4dbec,"330 S Greenleaf St, Gurnee, Il, 60031","{""id"": 0, ""street"": ""330 S GREENLEAF ST"", ""city"": ""GURNEE"", ""state"": ""IL"", ""zip"": ""60031""}",Match:Non_Exact,110
019ab405-4fa6-734d-24a5-570c7a1958f0,"520 N Broadway, Wichita, Ks, 67214","{""id"": 0, ""street"": ""520 N BROADWAY"", ""city"": ""WICHITA"", ""state"": ""KS"", ""zip"": ""67214""}",Match:Non_Exact,110
019ab40f-0c5a-7e48-0a2b-27a13e4febb4,"600 N Tennessee, Mckinney, Tx, 75069","{""id"": 0, ""street"": ""600 N TENNESSEE"", ""city"": ""MCKINNEY"", ""state"": ""TX"", ""zip"": ""75069""}",Match:Non_Exact,110
019ab733-7fc8-79d9-4be0-4119f89abbb0,"3630 E Commercial Ct, Meridian, Id, 83642","{""id"": 0, ""street"": ""3630 E COMMERCIAL CT"", ""city"": ""MERIDIAN"", ""state"": ""ID"", ""zip"": ""83642""}",Match:Non_Exact,110
019ab3f2-0197-7fe9-7abc-4676ed95fbc0,"3510 Capital City Blvd, Lansing, Mi, 48906","{""id"": 0, ""street"": ""3510 CAPITAL CITY BLVD"", ""city"": ""LANSING"", ""state"": ""MI"", ""zip"": ""48906""}",Match:Non_Exact,110
019ab70d-48bf-76fe-c04a-f84fcbfc2cf4,"110 Honeysuckle St, Bellevue, Id, 83313","{""id"": 0, ""street"": ""110 HONEYSUCKLE ST"", ""city"": ""BELLEVUE"", ""state"": ""ID"", ""zip"": ""83313""}",Match:Non_Exact,110
019ab80f-9f47-747f-c2ec-5a3422e5ca8c,"Mai 400 110 Inner Campus Drive, Austin, Tx, 78712","{""id"": 0, ""street"": ""MAI 400 110 Inner Campus Drive"", ""city"": ""Austin"", ""state"": ""TX"", ""zip"": ""78712""}",Match:Non_Exact,110
019ab7f9-5f29-7de2-6333-036f7b7430b4,"548 Market Street 96531, San Francisco, Ca, 94104","{""id"": 0, ""street"": ""548 MARKET STREET 96531"", ""city"": ""SAN FRANCISCO"", ""state"": ""CA"", ""zip"": ""94104""}",Match:Non_Exact,110
019ab3f9-26a1-7ef2-0b98-0156b058ba70,"55 Music Concourse Drive Golden, San Francisco, Ca, 94118","{""id"": 0, ""street"": ""55 MUSIC CONCOURSE DRIVE GOLDEN"", ""city"": ""SAN FRANCISCO"", ""state"": ""CA"", ""zip"": ""94118""}",Match:Non_Exact,110
019ab436-eb21-7958-3abe-dbbf85c38604,"165 West 46Th Street 1300, New York, Ny, 10036","{""id"": 0, ""street"": ""165 WEST 46TH STREET 1300"", ""city"": ""NEW YORK"", ""state"": ""NY"", ""zip"": ""10036""}",Match:Non_Exact,109
019ab5e0-f29a-7d21-67ad-9cc35dc61860,"5200 North Lake Road, Merced, Ca, 95343","{""id"": 0, ""street"": ""5200 NORTH LAKE ROAD"", ""city"": ""MERCED"", ""state"": ""CA"", ""zip"": ""95343""}",Match:Non_Exact,109
019ab413-75bb-741d-64e5-07f0691ce85c,"119 E Bullion Street, Hailey, Id, 83333","{""id"": 0, ""street"": ""119 E BULLION STREET"", ""city"": ""HAILEY"", ""state"": ""ID"", ""zip"": ""83333""}",Match:Non_Exact,109
019ab707-0de6-71d1-ff3a-60d98beccd84,"2001 K Street Nw 300, Washington, Dc, 20006","{""id"": 0, ""street"": ""2001 K STREET NW 300"", ""city"": ""WASHINGTON"", ""state"": ""DC"", ""zip"": ""20006""}",Match:Non_Exact,109
019ab701-d1bd-71b5-ea88-b3b7c0bbcad0,"3656 North Halsted, Chicago, Il, 60613","{""id"": 0, ""street"": ""3656 NORTH HALSTED"", ""city"": ""Chicago"", ""state"": ""IL"", ""zip"": ""60613""}",Match:Non_Exact,108
019ab3f3-2eb4-76d1-3516-62e0ea891240,"1200 N Dupont Hwy, Dover, De, 19901","{""id"": 0, ""street"": ""1200 N DUPONT HWY"", ""city"": ""DOVER"", ""state"": ""DE"", ""zip"": ""19901""}",Match:Non_Exact,108
019ab7be-8c9c-7e26-d94b-8323b37b168c,"400 E Morehead St Financial, Charlotte, Nc, 28202","{""id"": 0, ""street"": ""400 E MOREHEAD ST FINANCIAL"", ""city"": ""CHARLOTTE"", ""state"": ""NC"", ""zip"": ""28202""}",Match:Non_Exact,108
019ab3e2-90e0-7df5-aab7-9c17ad5e8828,"424 N Broadway, Wichita, Ks, 67202","{""id"": 0, ""street"": ""424 N BROADWAY"", ""city"": ""WICHITA"", ""state"": ""KS"", ""zip"": ""67202""}",Match:Non_Exact,108
019ab701-e129-733b-4e75-e32af2f4d9dc,"2015 Congress Avenue, Houston, Tx, 77002","{""id"": 0, ""street"": ""2015 CONGRESS AVENUE"", ""city"": ""HOUSTON"", ""state"": ""TX"", ""zip"": ""77002""}",Match:Non_Exact,108
019ab3f4-00d9-7f96-910d-6b84256f4fb0,"161 Northfield Rd, Northfield, Il, 60093","{""id"": 0, ""street"": ""161 NORTHFIELD RD"", ""city"": ""NORTHFIELD"", ""state"": ""IL"", ""zip"": ""60093""}",Match:Non_Exact,108
019ab70d-4dc7-76af-8d99-f3f70a61db10,"1575 Ne Expressway, Atlanta, Ga, 30329","{""id"": 0, ""street"": ""1575 NE Expressway"", ""city"": ""Atlanta"", ""state"": ""GA"", ""zip"": ""30329""}",Match:Non_Exact,108
019ab3e5-6b3c-76b7-cfe6-6e9684e81bf0,"4580 Rachels Lane, Nashville, Tn, 37076","{""id"": 0, ""street"": ""4580 RACHELS LANE"", ""city"": ""NASHVILLE"", ""state"": ""TN"", ""zip"": ""37076""}",Match:Non_Exact,108
019ab3f4-36a5-7233-fb29-3c720bd2f648,"300 North Broadway, Lexington, Ky, 40508","{""id"": 0, ""street"": ""300 NORTH BROADWAY"", ""city"": ""LEXINGTON"", ""state"": ""KY"", ""zip"": ""40508""}",Match:Non_Exact,108
019ab419-2298-7fdc-23dc-18ae6bf77318,"600 North Wolfe Street, Baltimore, Md, 21287","{""id"": 0, ""street"": ""600 NORTH WOLFE STREET"", ""city"": ""BALTIMORE"", ""state"": ""MD"", ""zip"": ""21287""}",Match:Non_Exact,108
019ab7da-b3ab-76a2-9351-d1b99f17c97c,"77 North Washington Street Suite, Boston, Ma, 02114","{""id"": 0, ""street"": ""77 NORTH WASHINGTON STREET SUITE"", ""city"": ""BOSTON"", ""state"": ""MA"", ""zip"": ""02114""}",Match:Non_Exact,108
019ab3ff-9d5c-7d3a-cfea-a318620e0df0,"225 North Avenue, Atlanta, Ga, 30332","{""id"": 0, ""street"": ""225 NORTH AVENUE"", ""city"": ""ATLANTA"", ""state"": ""GA"", ""zip"": ""30332""}",Match:Non_Exact,108
019ab722-4e32-7130-f728-4ff4056ac11c,"404 S Eighth St, Minneapolis, Mn, 55404","{""id"": 0, ""street"": ""404 S EIGHTH ST"", ""city"": ""MINNEAPOLIS"", ""state"": ""MN"", ""zip"": ""55404""}",Match:Non_Exact,108
019ab3e5-e232-7441-562f-2215e3ad1c78,"510A Valley Way, Milpitas, Ca, 95035","{""id"": 0, ""street"": ""510A VALLEY WAY"", ""city"": ""MILPITAS"", ""state"": ""CA"", ""zip"": ""95035""}",Match:Non_Exact,108
019ab3ef-d236-76e7-f0e7-700c9f276ff8,"1117 Tieton Dr, Yakima, Wa, 98902","{""id"": 0, ""street"": ""1117 TIETON DR"", ""city"": ""YAKIMA"", ""state"": ""WA"", ""zip"": ""98902""}",Match:Non_Exact,108
019ab419-27dc-7c29-231e-b5ab7c6cf5d4,"275 Northside Drive Nw, Atlanta, Ga, 30314","{""id"": 0, ""street"": ""275 NORTHSIDE DRIVE NW"", ""city"": ""ATLANTA"", ""state"": ""GA"", ""zip"": ""30314""}",Match:Non_Exact,108
019ab410-514e-74dc-bdf8-01e2b452e934,"2230 E Sprague, Spokane, Wa, 99202","{""id"": 0, ""street"": ""2230 E SPRAGUE"", ""city"": ""SPOKANE"", ""state"": ""WA"", ""zip"": ""99202""}",Match:Non_Exact,108
019ab722-53dc-7e13-b8d9-4039e7b98858,"1629 K St Nw 300, Washington, Dc, 20006","{""id"": 0, ""street"": ""1629 K ST NW 300"", ""city"": ""WASHINGTON"", ""state"": ""DC"", ""zip"": ""20006""}",Match:Non_Exact,107
019ab725-8cdd-70f1-2dd9-94a17203e34c,"190 E Bannock, Boise, Id, 83712","{""id"": 0, ""street"": ""190 E Bannock"", ""city"": ""Boise"", ""state"": ""ID"", ""zip"": ""83712""}",Match:Non_Exact,107
019ab714-288e-7c74-785f-589ac15b2a10,"6505 Wilshire Blvd 1200, Los Angeles, Ca, 90048","{""id"": 0, ""street"": ""6505 Wilshire Blvd 1200"", ""city"": ""Los Angeles"", ""state"": ""CA"", ""zip"": ""90048""}",Match:Non_Exact,107
019ab3e7-9dfb-74cd-9467-731f178b8c98,"1085 Luckney Road, Brandon, Ms, 39047","{""id"": 0, ""street"": ""1085 LUCKNEY ROAD"", ""city"": ""BRANDON"", ""state"": ""MS"", ""zip"": ""39047""}",Match:Non_Exact,106
019ab3eb-e5b6-7f4d-7028-bb8d00d93240,"1400 Broadway, Seattle, Wa, 98122","{""id"": 0, ""street"": ""1400 BROADWAY"", ""city"": ""SEATTLE"", ""state"": ""WA"", ""zip"": ""98122""}",Match:Non_Exact,106
019ab701-d9f0-75c9-56e2-0194df438000,"438 St Antoine, Detroit, Mi, 48226","{""id"": 0, ""street"": ""438 ST ANTOINE"", ""city"": ""DETROIT"", ""state"": ""MI"", ""zip"": ""48226""}",Match:Non_Exact,106
019ab3ea-bc71-7601-1285-398d78649474,"1700 E Cold Spring Ln, Baltimore, Md, 21251","{""id"": 0, ""street"": ""1700 E COLD SPRING LN"", ""city"": ""BALTIMORE"", ""state"": ""MD"", ""zip"": ""21251""}",Match:Non_Exact,106
019ab714-3250-7ae2-8db3-b0f2e517cb74,"133 East De La Guerra 306, Santa Barbara, Ca, 93101","{""id"": 0, ""street"": ""133 East De La Guerra 306"", ""city"": ""Santa Barbara"", ""state"": ""CA"", ""zip"": ""93101""}",Match:Non_Exact,106
019ab3f6-7769-777b-b125-f61a1286d608,"40 Courtland St Ne 300, Atlanta, Ga, 30303","{""id"": 0, ""street"": ""40 COURTLAND ST NE 300"", ""city"": ""ATLANTA"", ""state"": ""GA"", ""zip"": ""30303""}",Match:Non_Exact,106
019ab437-036f-7b90-b720-313bf1f9d98c,"1200 S Lakeshore Drive, Chicago, Il, 60605","{""id"": 0, ""street"": ""1200 S LAKESHORE DRIVE"", ""city"": ""CHICAGO"", ""state"": ""IL"", ""zip"": ""60605""}",Match:Non_Exact,106
019ab436-ec4c-724d-9b56-714faf46ffcc,"262 Danny Thomas Way, Memphis, Tn, 38105","{""id"": 0, ""street"": ""262 DANNY THOMAS WAY"", ""city"": ""MEMPHIS"", ""state"": ""TN"", ""zip"": ""38105""}",Match:Non_Exact,106
019ab3ec-5476-7101-59ad-9c162fda6054,"60 E 42Nd St, New York, Ny, 10165","{""id"": 0, ""street"": ""60 E 42ND ST"", ""city"": ""NEW YORK"", ""state"": ""NY"", ""zip"": ""10165""}",Match:Non_Exact,106
019ab3e4-548b-7281-e6ec-6143afd60468,"125 East 31St Street, Kansas City, Mo, 64108","{""id"": 0, ""street"": ""125 East 31st Street"", ""city"": ""Kansas City"", ""state"": ""MO"", ""zip"": ""64108""}",Match:Non_Exact,106
019ab3ef-e9f5-7794-a3cd-19ea7774dcdc,"515 E Jefferson St, Ann Arbor, Mi, 48109","{""id"": 0, ""street"": ""515 E JEFFERSON ST"", ""city"": ""ANN ARBOR"", ""state"": ""MI"", ""zip"": ""48109""}",Match:Non_Exact,106
019ab5e0-fdb2-74f1-486e-6ce8656e7404,"1875 Connecticut Avenue Nw 10Th, Washington, Dc, 20009","{""id"": 0, ""street"": ""1875 CONNECTICUT AVENUE NW 10TH"", ""city"": ""WASHINGTON"", ""state"": ""DC"", ""zip"": ""20009""}",Match:Non_Exact,106
019ab3f9-887c-7f38-eb13-78ad85e5af78,"1500 East Duarte Rd, Duarte, Ca, 91010","{""id"": 0, ""street"": ""1500 EAST DUARTE RD"", ""city"": ""DUARTE"", ""state"": ""CA"", ""zip"": ""91010""}",Match:Non_Exact,106
019ab405-4a47-72f4-f707-c996c38274ec,"1036 S Rangeline Road, Carmel, In, 46032","{""id"": 0, ""street"": ""1036 S RANGELINE ROAD"", ""city"": ""CARMEL"", ""state"": ""IN"", ""zip"": ""46032""}",Match:Non_Exact,106
019ab3ee-455d-7565-4de7-38493e777010,"1301 Sentry Drive, Waukesha, Wi, 53186","{""id"": 0, ""street"": ""1301 SENTRY DRIVE"", ""city"": ""WAUKESHA"", ""state"": ""WI"", ""zip"": ""53186""}",Match:Non_Exact,106
019ab3e7-cf0d-76a3-d021-f3e14ca61264,"55 Salisbury St, Worcester, Ma, 01609","{""id"": 0, ""street"": ""55 SALISBURY ST"", ""city"": ""WORCESTER"", ""state"": ""MA"", ""zip"": ""01609""}",Match:Non_Exact,106
019ab405-61d3-7e01-ffc8-655eddc6c590,"303 E Main St, Fort Wayne, In, 46802","{""id"": 0, ""street"": ""303 E MAIN ST"", ""city"": ""FORT WAYNE"", ""state"": ""IN"", ""zip"": ""46802""}",Match:Non_Exact,106
019ab3f7-c224-77c7-c39c-570d30aef210,"65 Mobile St, Mobile, Al, 36607","{""id"": 0, ""street"": ""65 MOBILE ST"", ""city"": ""MOBILE"", ""state"": ""AL"", ""zip"": ""36607""}",Match:Non_Exact,106
019ab3e3-1dff-7e14-1a52-00f1af35266c,"1140 Connecticut Avenue Nw Suite, Washington, Dc, 20036","{""id"": 0, ""street"": ""1140 CONNECTICUT AVENUE NW SUITE"", ""city"": ""WASHINGTON"", ""state"": ""DC"", ""zip"": ""20036""}",Match:Non_Exact,105
019ab5e0-f567-7f2e-edf9-bb140e572624,"319 Broadway, Fort Edward, Ny, 12828","{""id"": 0, ""street"": ""319 BROADWAY"", ""city"": ""FORT EDWARD"", ""state"": ""NY"", ""zip"": ""12828""}",Match:Non_Exact,105
019ab436-f127-75eb-e2c8-94ca3be57488,"1762 Clifton Rd Suite 1400, Atlanta, Ga, 30322","{""id"": 0, ""street"": ""1762 CLIFTON RD SUITE 1400"", ""city"": ""ATLANTA"", ""state"": ""GA"", ""zip"": ""30322""}",Match:Non_Exact,104
019ab3e1-8580-764c-fbe6-fc6f50f77e60,"3020 Childrens Way Mc 5001, San Diego, Ca, 92123","{""id"": 0, ""street"": ""3020 CHILDRENS WAY MC 5001"", ""city"": ""SAN DIEGO"", ""state"": ""CA"", ""zip"": ""92123""}",Match:Non_Exact,104
019ab701-daca-7efa-3203-c49428f8a2b4,"1801 Fayetteville St, Durham, Nc, 27707","{""id"": 0, ""street"": ""1801 FAYETTEVILLE ST"", ""city"": ""DURHAM"", ""state"": ""NC"", ""zip"": ""27707""}",Match:Non_Exact,104
019ab72c-ea59-720d-1db5-6525e36c19b8,"3225 Mcleod Dr Ste 100, Las Vegas, Nv, 89121","{""id"": 0, ""street"": ""3225 MCLEOD DR STE 100"", ""city"": ""LAS VEGAS"", ""state"": ""NV"", ""zip"": ""89121""}",Match:Non_Exact,104
019ab3e3-8110-7d9f-40ec-7a7891afb2cc,"76 Floral Avenue, Murray Hill, Nj, 07974","{""id"": 0, ""street"": ""76 Floral Avenue"", ""city"": ""Murray Hill"", ""state"": ""NJ"", ""zip"": ""07974""}",Match:Non_Exact,104
019ab3fa-36df-763c-ce85-94932d79005c,"1411 W190Th Street Suite 700, Gardena, Ca, 90248","{""id"": 0, ""street"": ""1411 W190TH STREET SUITE 700"", ""city"": ""GARDENA"", ""state"": ""CA"", ""zip"": ""90248""}",Match:Non_Exact,104
019ab419-2fa6-74ef-6a8f-067946bf4424,"40 Nw 3Rd St 305, Miami, Fl, 33128","{""id"": 0, ""street"": ""40 NW 3RD ST 305"", ""city"": ""MIAMI"", ""state"": ""FL"", ""zip"": ""33128""}",Match:Non_Exact,104
019ab436-f3a2-792b-bda8-adb6afeca398,"1340 Administration Ave, Fargo, Nd, 58105","{""id"": 0, ""street"": ""1340 ADMINISTRATION AVE"", ""city"": ""FARGO"", ""state"": ""ND"", ""zip"": ""58105""}",Match:Non_Exact,104
019ab720-39c6-78d2-6724-c47e590a9a4c,"926 Dalney Street Nw, Atlanta, Ga, 30332","{""id"": 0, ""street"": ""926 DALNEY STREET NW"", ""city"": ""ATLANTA"", ""state"": ""GA"", ""zip"": ""30332""}",Match:Non_Exact,104
019ab3e1-da50-7226-2086-865a68ba3bf4,"1076 W Roosevelt Rd, Chicago, Il, 60608","{""id"": 0, ""street"": ""1076 W ROOSEVELT RD"", ""city"": ""CHICAGO"", ""state"": ""IL"", ""zip"": ""60608""}",Match:Non_Exact,104
019ab3df-a066-7799-44ff-485f37f50e48,"208 S Great Road, Lincoln, Ma, 01773","{""id"": 0, ""street"": ""208 S GREAT ROAD"", ""city"": ""LINCOLN"", ""state"": ""MA"", ""zip"": ""01773""}",Match:Non_Exact,104
019ab3e5-44b5-7e8b-da3d-d5e98186ec90,"7640 Kercheval Ave, Detroit, Mi, 48214","{""id"": 0, ""street"": ""7640 KERCHEVAL AVE"", ""city"": ""DETROIT"", ""state"": ""MI"", ""zip"": ""48214""}",Match:Non_Exact,104
019ab402-a00a-7805-52bc-2a6f25660e0c,"2895 Shorefair Drive, Winstonsalem, Nc, 27105","{""id"": 0, ""street"": ""2895 SHOREFAIR DRIVE"", ""city"": ""WINSTONSALEM"", ""state"": ""NC"", ""zip"": ""27105""}",Match:Non_Exact,104
019ab70d-49f8-73b4-59da-93a6709ff47c,"7315 Wisconsin Avenue Suite 1200W, Bethesda, Md, 20814","{""id"": 0, ""street"": ""7315 WISCONSIN AVENUE SUITE 1200W"", ""city"": ""BETHESDA"", ""state"": ""MD"", ""zip"": ""20814""}",Match:Non_Exact,104
019ab40b-8260-7644-c153-5306be576364,"222 Dey Road Suite B, Cranbury, Nj, 08512","{""id"": 0, ""street"": ""222 DEY ROAD SUITE B"", ""city"": ""CRANBURY"", ""state"": ""NJ"", ""zip"": ""08512""}",Match:Non_Exact,104
019ab5e1-1bbc-7187-e16f-7968f528b050,"2443 Fillmore St 380-16662, San Francisco, Ca, 94115","{""id"": 0, ""street"": ""2443 FILLMORE ST 380-16662"", ""city"": ""SAN FRANCISCO"", ""state"": ""CA"", ""zip"": ""94115""}",Match:Non_Exact,104
019ab3ef-db47-7a02-faf5-ade6e2e3e3dc,"225 Commerce Sw, Grand Rapids, Mi, 49503","{""id"": 0, ""street"": ""225 COMMERCE SW"", ""city"": ""GRAND RAPIDS"", ""state"": ""MI"", ""zip"": ""49503""}",Match:Non_Exact,104
019ab7ea-2efa-7c2c-300a-98c08d12f678,"6737 W Washington Street 2275, West Allis, Wi, 53214","{""id"": 0, ""street"": ""6737 W WASHINGTON STREET 2275"", ""city"": ""WEST ALLIS"", ""state"": ""WI"", ""zip"": ""53214""}",Match:Non_Exact,104
019ab436-f43c-7a51-92b3-cedbd4d7a7bc,"340 S Lemon Ave, Walnut, Ca, 91789","{""id"": 0, ""street"": ""340 S LEMON AVE"", ""city"": ""WALNUT"", ""state"": ""CA"", ""zip"": ""91789""}",Match:Non_Exact,104
019ab706-fddc-723e-acfe-371d480985a4,"5465 W Irving St, Boise, Id, 83706","{""id"": 0, ""street"": ""5465 W IRVING ST"", ""city"": ""BOISE"", ""state"": ""ID"", ""zip"": ""83706""}",Match:Non_Exact,104
019ab70d-4606-7db8-9c48-7bed47877bec,"2633 Lincoln Blvd 338, Santa Monica, Ca, 90405","{""id"": 0, ""street"": ""2633 Lincoln Blvd 338"", ""city"": ""Santa Monica"", ""state"": ""CA"", ""zip"": ""90405""}",Match:Non_Exact,104
019ab7b2-546d-73e6-c009-008dd2627398,"3380 Chastain Meadows, Kennesaw, Ga, 30144","{""id"": 0, ""street"": ""3380 CHASTAIN MEADOWS"", ""city"": ""KENNESAW"", ""state"": ""GA"", ""zip"": ""30144""}",Match:Non_Exact,104
019ab762-a77e-7fee-7a9b-99025b5aec04,"40 Courtland Street Ne Suite 300, Atlanta, Ga, 30303","{""id"": 0, ""street"": ""40 COURTLAND STREET NE SUITE 300"", ""city"": ""ATLANTA"", ""state"": ""GA"", ""zip"": ""30303""}",Match:Non_Exact,104
019ab419-2982-702b-4599-aedf1f9b57c0,"981 Howell Mill Road Nw, Atlanta, Ga, 30318","{""id"": 0, ""street"": ""981 HOWELL MILL ROAD NW"", ""city"": ""ATLANTA"", ""state"": ""GA"", ""zip"": ""30318""}",Match:Non_Exact,104
019ab437-0c7c-72cc-6ca7-8414585e6ec4,"3910 Keswick Road No N4327B, Baltimore, Md, 21211","{""id"": 0, ""street"": ""3910 KESWICK ROAD NO N4327B"", ""city"": ""BALTIMORE"", ""state"": ""MD"", ""zip"": ""21211""}",Match:Non_Exact,103
019ab3e9-5fee-7c47-037f-bf4ed0708cf4,"601 Genome Way, Huntsville, Al, 35806","{""id"": 0, ""street"": ""601 GENOME WAY"", ""city"": ""HUNTSVILLE"", ""state"": ""AL"", ""zip"": ""35806""}",Match:Non_Exact,103
019ab5e0-f17b-779f-cede-7d5571ca443c,"3188 Airway Avenue Suite C, Costa Mesa, Ca, 92626","{""id"": 0, ""street"": ""3188 AIRWAY AVENUE SUITE C"", ""city"": ""COSTA MESA"", ""state"": ""CA"", ""zip"": ""92626""}",Match:Non_Exact,102
019ab3e2-725d-71f5-d0c9-f43c6639bd64,"501 Kings Highway, Fairfield, Ct, 06825","{""id"": 0, ""street"": ""501 KINGS HIGHWAY"", ""city"": ""FAIRFIELD"", ""state"": ""CT"", ""zip"": ""06825""}",Match:Non_Exact,102
019ab701-d353-7cc5-3291-03e7190676ec,"3521 Century Avenue North, White Bear Lake, Mn, 55110","{""id"": 0, ""street"": ""3521 CENTURY AVENUE NORTH"", ""city"": ""WHITE BEAR LAKE"", ""state"": ""MN"", ""zip"": ""55110""}",Match:Non_Exact,102
019ab419-2204-7890-a06c-1c280f7bbed8,"9201 University City Boulevard, Charlotte, Nc, 28223","{""id"": 0, ""street"": ""9201 University City Boulevard"", ""city"": ""Charlotte"", ""state"": ""NC"", ""zip"": ""28223""}",Match:Non_Exact,102
019ab722-61a3-7ee4-cb14-c1890cdcd188,"506 S Wright Street, Urbana, Il, 61801","{""id"": 0, ""street"": ""506 S WRIGHT STREET"", ""city"": ""URBANA"", ""state"": ""IL"", ""zip"": ""61801""}",Match:Non_Exact,102
019ab402-c161-7aeb-3dd8-d0a8b2ca7a0c,"503 S Americana Blvd, Boise, Id, 83702","{""id"": 0, ""street"": ""503 S AMERICANA BLVD"", ""city"": ""BOISE"", ""state"": ""ID"", ""zip"": ""83702""}",Match:Non_Exact,102
019ab3e6-4058-7a54-4247-9bb7d5233f44,"3751 N Broadway, Chicago, Il, 60613","{""id"": 0, ""street"": ""3751 N BROADWAY"", ""city"": ""CHICAGO"", ""state"": ""IL"", ""zip"": ""60613""}",Match:Non_Exact,102
019ab3e5-f5a9-7676-313c-333796df58c0,"3903 N St Marys Street, San Antonio, Tx, 78212","{""id"": 0, ""street"": ""3903 N ST MARYS STREET"", ""city"": ""SAN ANTONIO"", ""state"": ""TX"", ""zip"": ""78212""}",Match:Non_Exact,102
019ab3f1-1c06-7995-5c8b-adffab416378,"Ben Gurion Way 30 S Wells St, Chicago, Il, 60606","{""id"": 0, ""street"": ""BEN GURION WAY 30 S WELLS ST"", ""city"": ""CHICAGO"", ""state"": ""IL"", ""zip"": ""60606""}",Match:Non_Exact,102
019ab787-9d80-71bf-b9b7-0740a248bd18,"2111 Wilson Blvd 401, Arlington, Va, 22201","{""id"": 0, ""street"": ""2111 Wilson Blvd 401"", ""city"": ""Arlington"", ""state"": ""VA"", ""zip"": ""22201""}",Match:Non_Exact,102
019ab3e1-f16f-7ca8-d359-6a1d67e968dc,"1 University Blvd, St Louis, Mo, 63121","{""id"": 0, ""street"": ""1 UNIVERSITY BLVD"", ""city"": ""ST LOUIS"", ""state"": ""MO"", ""zip"": ""63121""}",Match:Non_Exact,102
019ab403-c380-7889-cd42-b8bfa41804ac,"201 East Kirby, Detroit, Mi, 48202","{""id"": 0, ""street"": ""201 EAST KIRBY"", ""city"": ""DETROIT"", ""state"": ""MI"", ""zip"": ""48202""}",Match:Non_Exact,102
019ab714-2982-7b11-b0b9-70852decde9c,"1700 San Jacinto, Houston, Tx, 77002","{""id"": 0, ""street"": ""1700 SAN JACINTO"", ""city"": ""HOUSTON"", ""state"": ""TX"", ""zip"": ""77002""}",Match:Non_Exact,102
019ab3ea-298f-792b-0f16-a742b850062c,"475 South Street First Floor, Morristown, Nj, 07960","{""id"": 0, ""street"": ""475 SOUTH STREET FIRST FLOOR"", ""city"": ""MORRISTOWN"", ""state"": ""NJ"", ""zip"": ""07960""}",Match:Non_Exact,102
019ab419-2176-70da-43e2-beacc6068a98,"394 S Milledge Ave, Athens, Ga, 30602","{""id"": 0, ""street"": ""394 S MILLEDGE AVE"", ""city"": ""ATHENS"", ""state"": ""GA"", ""zip"": ""30602""}",Match:Non_Exact,102
019ab5e0-efd4-725c-95b2-49181584f838,"620 North First Street, Minneapolis, Mn, 55401","{""id"": 0, ""street"": ""620 North First Street"", ""city"": ""Minneapolis"", ""state"": ""MN"", ""zip"": ""55401""}",Match:Non_Exact,102
019ab7ca-9ad1-734c-f6a7-bbee95ad6f64,"4554 N Broadway Suite 207, Chicago, Il, 60640","{""id"": 0, ""street"": ""4554 N BROADWAY SUITE 207"", ""city"": ""CHICAGO"", ""state"": ""IL"", ""zip"": ""60640""}",Match:Non_Exact,102
019ab5e0-e014-75e6-3960-c438ab3a636c,"4000 W 106Th Street Suite 125-238, Carmel, In, 46032","{""id"": 0, ""street"": ""4000 W 106TH STREET SUITE 125-238"", ""city"": ""CARMEL"", ""state"": ""IN"", ""zip"": ""46032""}",Match:Non_Exact,102
019ab436-fa8c-73a9-bf67-fa76da95a310,"1222 S 27Th Street, Lincoln, Ne, 68502","{""id"": 0, ""street"": ""1222 S 27TH STREET"", ""city"": ""LINCOLN"", ""state"": ""NE"", ""zip"": ""68502""}",Match:Non_Exact,101
019ab3ea-10b3-7142-12fd-041e7632623c,"1465A Opportunity Way, Menasha, Wi, 54952","{""id"": 0, ""street"": ""1465A OPPORTUNITY WAY"", ""city"": ""MENASHA"", ""state"": ""WI"", ""zip"": ""54952""}",Match:Non_Exact,101
019ab419-2b05-7f61-06af-8eb09492e130,"99 Highway 37 West, Toms River, Nj, 08755","{""id"": 0, ""street"": ""99 HIGHWAY 37 WEST"", ""city"": ""TOMS RIVER"", ""state"": ""NJ"", ""zip"": ""08755""}",Match:Non_Exact,101
019ab82b-ebb7-7a3a-637c-9ee8b663e880,"66 Hudson Boulevard, New York, Ny, 10001","{""id"": 0, ""street"": ""66 HUDSON BOULEVARD"", ""city"": ""NEW YORK"", ""state"": ""NY"", ""zip"": ""10001""}",Match:Non_Exact,101
019ab5e1-1540-705f-aad9-f9f97133a464,"200 Seaport Blvd Mz Nm43A, Boston, Ma, 02210","{""id"": 0, ""street"": ""200 SEAPORT BLVD MZ NM43A"", ""city"": ""BOSTON"", ""state"": ""MA"", ""zip"": ""02210""}",Match:Non_Exact,100
019ab3ea-aef3-799a-4a2d-938b01338efc,"515 E Jefferson Street, Ann Arbor, Mi, 48109","{""id"": 0, ""street"": ""515 E JEFFERSON STREET"", ""city"": ""ANN ARBOR"", ""state"": ""MI"", ""zip"": ""48109""}",Match:Non_Exact,100
019ab3e3-7852-7a8d-58a1-ecfe6e5e0e50,"2900 W Alameda Ave 600, Burbank, Ca, 91505","{""id"": 0, ""street"": ""2900 W Alameda Ave 600"", ""city"": ""Burbank"", ""state"": ""CA"", ""zip"": ""91505""}",Match:Non_Exact,100
019ab701-d41a-779a-fd83-b8252f043958,"100 Lake Hart Drive 2400, Orlando, Fl, 32832","{""id"": 0, ""street"": ""100 LAKE HART DRIVE 2400"", ""city"": ""ORLANDO"", ""state"": ""FL"", ""zip"": ""32832""}",Match:Non_Exact,100
019ab3ea-9bd1-7408-4b48-05c64d0c6fc8,"410 Administration Dr, Lexington, Ky, 40506","{""id"": 0, ""street"": ""410 ADMINISTRATION DR"", ""city"": ""LEXINGTON"", ""state"": ""KY"", ""zip"": ""40506""}",Match:Non_Exact,100
019ab3f2-5140-7619-1d45-f6f325a2abf4,"2501 4Th Ave, Canyon, Tx, 79016","{""id"": 0, ""street"": ""2501 4TH AVE"", ""city"": ""Canyon"", ""state"": ""TX"", ""zip"": ""79016""}",Match:Non_Exact,100
019ab3f0-b96a-7592-285d-ff5e5187117c,"302 Buchtel Common, Akron, Oh, 44325","{""id"": 0, ""street"": ""302 Buchtel Common"", ""city"": ""Akron"", ""state"": ""OH"", ""zip"": ""44325""}",Match:Non_Exact,100
019ab70d-4eab-71a5-7c9a-948e9a6a2590,"100 Southeast Second Street Suite, Miami, Fl, 33131","{""id"": 0, ""street"": ""100 SOUTHEAST SECOND STREET SUITE"", ""city"": ""MIAMI"", ""state"": ""FL"", ""zip"": ""33131""}",Match:Non_Exact,100
019ab401-8aee-7e8b-e246-d1daaba08df0,"7911 Detroit Avenue, Cleveland, Oh, 44102","{""id"": 0, ""street"": ""7911 Detroit Avenue"", ""city"": ""Cleveland"", ""state"": ""OH"", ""zip"": ""44102""}",Match:Non_Exact,100
019ab701-d777-7387-9346-16d596c954a4,"2048 Analysis Drive Suite A, Bozeman, Mt, 59718","{""id"": 0, ""street"": ""2048 ANALYSIS DRIVE SUITE A"", ""city"": ""BOZEMAN"", ""state"": ""MT"", ""zip"": ""59718""}",Match:Non_Exact,100
019ab3ea-977d-73fb-9696-046e415eeaa4,"4550 Montgomery Avenue Suite 1100 N, Bethesda, Md, 20814","{""id"": 0, ""street"": ""4550 MONTGOMERY AVENUE SUITE 1100 N"", ""city"": ""BETHESDA"", ""state"": ""MD"", ""zip"": ""20814""}",Match:Non_Exact,100
019ab419-320b-785d-2723-cf19bda03b70,"50 E North Temple St, Salt Lake City, Ut, 84150","{""id"": 0, ""street"": ""50 E NORTH TEMPLE ST"", ""city"": ""SALT LAKE CITY"", ""state"": ""UT"", ""zip"": ""84150""}",Match:Non_Exact,100
019ab436-f7d0-7bd8-1be0-44087cf249b0,"1 Bowdoin Mill Island 201, Topsham, Me, 04086","{""id"": 0, ""street"": ""1 BOWDOIN MILL ISLAND 201"", ""city"": ""TOPSHAM"", ""state"": ""ME"", ""zip"": ""04086""}",Match:Non_Exact,100
019ab76f-f4b6-7e7d-ee63-e9e519012e74,"2390 Alumni Drive U3206, Storrs, Ct, 06269","{""id"": 0, ""street"": ""2390 ALUMNI DRIVE U3206"", ""city"": ""STORRS"", ""state"": ""CT"", ""zip"": ""06269""}",Match:Non_Exact,100
019ab436-facd-735e-75d1-01a3ae73fcdc,"1200 W Montgomery Rd, Tuskegee, Al, 36088","{""id"": 0, ""street"": ""1200 W MONTGOMERY RD"", ""city"": ""TUSKEGEE"", ""state"": ""AL"", ""zip"": ""36088""}",Match:Non_Exact,100
019ab413-3b9f-7ce3-7305-7430cae4cd4c,"208 S Lasalle St Ste 1300, Chicago, Il, 60604","{""id"": 0, ""street"": ""208 S LaSalle St Ste 1300"", ""city"": ""Chicago"", ""state"": ""IL"", ""zip"": ""60604""}",Match:Non_Exact,100
019ab400-c346-78f5-faa5-2ad122a7c550,"1300 Joseph E Boone Blvd, Atlanta, Ga, 30314","{""id"": 0, ""street"": ""1300 JOSEPH E BOONE BLVD"", ""city"": ""ATLANTA"", ""state"": ""GA"", ""zip"": ""30314""}",Match:Non_Exact,100
019ab3e3-c4f7-7d5d-2e47-9169acecb288,"1650 Los Gamos Drive Suite 110, San Rafael, Ca, 94903","{""id"": 0, ""street"": ""1650 LOS GAMOS DRIVE SUITE 110"", ""city"": ""SAN RAFAEL"", ""state"": ""CA"", ""zip"": ""94903""}",Match:Non_Exact,100
019ab5e0-fde6-7e0d-3fc6-a717116ea42c,"330 Garden Oaks, Houston, Tx, 77018","{""id"": 0, ""street"": ""330 GARDEN OAKS"", ""city"": ""HOUSTON"", ""state"": ""TX"", ""zip"": ""77018""}",Match:Non_Exact,100
019ab3e2-99e3-7962-2739-f11551e57a38,"200 Stadium Dr, Williamsburg, Va, 23185","{""id"": 0, ""street"": ""200 STADIUM DR"", ""city"": ""WILLIAMSBURG"", ""state"": ""VA"", ""zip"": ""23185""}",Match:Non_Exact,100
019ab40b-a7a9-703b-2cd7-aee3a42910f0,"3700 Safe Harbor Way, Reno, Nv, 89512","{""id"": 0, ""street"": ""3700 SAFE HARBOR WAY"", ""city"": ""RENO"", ""state"": ""NV"", ""zip"": ""89512""}",Match:Non_Exact,100
019ab3fc-58f4-7c55-7fb8-1c23bf904db4,"2508 Historic Decatur Road Suite, San Diego, Ca, 92106","{""id"": 0, ""street"": ""2508 HISTORIC DECATUR ROAD SUITE"", ""city"": ""SAN DIEGO"", ""state"": ""CA"", ""zip"": ""92106""}",Match:Non_Exact,100
019ab437-009b-78d2-66b6-6a0da512ec6c,"410 Administration Drive, Lexington, Ky, 40506","{""id"": 0, ""street"": ""410 ADMINISTRATION DRIVE"", ""city"": ""Lexington"", ""state"": ""KY"", ""zip"": ""40506""}",Match:Non_Exact,100
019ab403-992e-7a29-73e7-5a263066f68c,"500-B Spratt St, Charlotte, Nc, 28206","{""id"": 0, ""street"": ""500-B SPRATT ST"", ""city"": ""CHARLOTTE"", ""state"": ""NC"", ""zip"": ""28206""}",Match:Non_Exact,100
019ab701-d355-751f-d750-31a0ce0cced0,"1720 University Blvd, Birmingham, Al, 35294","{""id"": 0, ""street"": ""1720 UNIVERSITY BLVD"", ""city"": ""BIRMINGHAM"", ""state"": ""AL"", ""zip"": ""35294""}",Match:Non_Exact,100
019ab3fe-7c9e-7ea0-34e8-c96aa52da7ec,"1875 Connecticut Ave, Washington, Dc, 20009","{""id"": 0, ""street"": ""1875 CONNECTICUT AVE"", ""city"": ""WASHINGTON"", ""state"": ""DC"", ""zip"": ""20009""}",Match:Non_Exact,100
019ab867-19ec-76a7-d5d0-c6f2c0fda18c,"100 N Main St Fl 5, Winstonsalem, Nc, 27101","{""id"": 0, ""street"": ""100 N MAIN ST FL 5"", ""city"": ""WINSTONSALEM"", ""state"": ""NC"", ""zip"": ""27101""}",Match:Non_Exact,99
019ab406-f83d-7526-d236-57269193f78c,"320 Washington St, North Easton, Ma, 02357","{""id"": 0, ""street"": ""320 WASHINGTON ST"", ""city"": ""NORTH EASTON"", ""state"": ""MA"", ""zip"": ""02357""}",Match:Non_Exact,99
019ab5e0-eab3-7c71-1ab0-4c9089af4138,"12800 N Lake Shore Drive, Mequon, Wi, 53097","{""id"": 0, ""street"": ""12800 N LAKE SHORE DRIVE"", ""city"": ""MEQUON"", ""state"": ""WI"", ""zip"": ""53097""}",Match:Non_Exact,99
019ab3e1-3d3f-7687-6a9b-b0a9b30aceec,"406 E 300 S 302, Salt Lake City, Ut, 84111","{""id"": 0, ""street"": ""406 E 300 S 302"", ""city"": ""SALT LAKE CITY"", ""state"": ""UT"", ""zip"": ""84111""}",Match:Non_Exact,99
019ab3e2-b9ce-7e7e-33b7-f6f9c939b380,"124 Mt Auburn St, Cambridge, Ma, 02138","{""id"": 0, ""street"": ""124 MT AUBURN ST"", ""city"": ""CAMBRIDGE"", ""state"": ""MA"", ""zip"": ""02138""}",Match:Non_Exact,98
019ab3eb-a5b1-73dc-1a0d-def8b9edc1b0,"60 E 42Nd St 2240, New York, Ny, 10165","{""id"": 0, ""street"": ""60 E 42ND ST 2240"", ""city"": ""NEW YORK"", ""state"": ""NY"", ""zip"": ""10165""}",Match:Non_Exact,98
019ab3e0-f18c-7541-9fcd-7957a0de5acc,"2001 Sheridan Road, Evanston, Il, 60208","{""id"": 0, ""street"": ""2001 SHERIDAN ROAD"", ""city"": ""EVANSTON"", ""state"": ""IL"", ""zip"": ""60208""}",Match:Non_Exact,98
019ab72c-f321-7d99-36b9-ea3f6eee2c9c,"91 Madison Avenue, Whitesburg, Ky, 41858","{""id"": 0, ""street"": ""91 Madison Avenue"", ""city"": ""Whitesburg"", ""state"": ""KY"", ""zip"": ""41858""}",Match:Non_Exact,98
019ab7ae-faf5-7e8e-7e88-2ab627a42234,"6737 W Washington St 4210, Milwaukee, Wi, 53214","{""id"": 0, ""street"": ""6737 W WASHINGTON ST 4210"", ""city"": ""MILWAUKEE"", ""state"": ""WI"", ""zip"": ""53214""}",Match:Non_Exact,98
019ab3f7-7746-78a7-cbf2-10b5734cdcd8,"50 East North Temple Street, Salt Lake City, Ut, 84150","{""id"": 0, ""street"": ""50 EAST NORTH TEMPLE STREET"", ""city"": ""SALT LAKE CITY"", ""state"": ""UT"", ""zip"": ""84150""}",Match:Non_Exact,98
019ab436-f7d2-776a-f1e7-6c5b2a05dcfc,"897 1/2 Green Bay Road, Winnetka, Il, 60093","{""id"": 0, ""street"": ""897 1/2 GREEN BAY ROAD"", ""city"": ""WINNETKA"", ""state"": ""IL"", ""zip"": ""60093""}",Match:Non_Exact,98
019ab437-0bd4-76d4-717b-8b7de3f7fd10,"2501 Stevens Ave, Minneapolis, Mn, 55404","{""id"": 0, ""street"": ""2501 STEVENS AVE"", ""city"": ""MINNEAPOLIS"", ""state"": ""MN"", ""zip"": ""55404""}",Match:Non_Exact,98
019ab436-fa8c-74c0-ea02-3f64cc64b920,"350 7Th Street N, Naples, Fl, 34102","{""id"": 0, ""street"": ""350 7TH STREET N"", ""city"": ""NAPLES"", ""state"": ""FL"", ""zip"": ""34102""}",Match:Non_Exact,98
019ab412-5fb6-792b-f0a1-f8669caa3b4c,"1 Unf Dr, Jacksonville, Fl, 32224","{""id"": 0, ""street"": ""1 UNF DR"", ""city"": ""Jacksonville"", ""state"": ""FL"", ""zip"": ""32224""}",Match:Non_Exact,98
019ab40e-9f4f-70b7-8b3f-ec70aa77facc,"1156 W Cesar Chavez, Austin, Tx, 78703","{""id"": 0, ""street"": ""1156 W CESAR CHAVEZ"", ""city"": ""AUSTIN"", ""state"": ""TX"", ""zip"": ""78703""}",Match:Non_Exact,98
019ab849-1d88-78cf-9702-c254fa9d4980,"1933 North Meacham Road 450, Schaumburg, Il, 60173","{""id"": 0, ""street"": ""1933 NORTH MEACHAM ROAD 450"", ""city"": ""SCHAUMBURG"", ""state"": ""IL"", ""zip"": ""60173""}",Match:Non_Exact,98
019ab5e0-ec79-78c6-0922-7b9a9390b158,"300 E Randolph, Chicago, Il, 60601","{""id"": 0, ""street"": ""300 E RANDOLPH"", ""city"": ""CHICAGO"", ""state"": ""IL"", ""zip"": ""60601""}",Match:Non_Exact,98
019ab5e0-e277-701b-7826-c3c6de972ce4,"1121 W Miller St, Boise, Id, 83702","{""id"": 0, ""street"": ""1121 W MILLER ST"", ""city"": ""BOISE"", ""state"": ""ID"", ""zip"": ""83702""}",Match:Non_Exact,98
019ab717-84df-7ae1-34d1-b2172a3199bc,"633 Third Ave Finance 4Th Flr, New York, Ny, 10017","{""id"": 0, ""street"": ""633 THIRD AVE FINANCE 4TH FLR"", ""city"": ""NEW YORK"", ""state"": ""NY"", ""zip"": ""10017""}",Match:Non_Exact,98
019ab7b2-4b3a-7446-23f2-e7ea284c5b94,"245 Summer St Mz Nm43A, Boston, Ma, 02210","{""id"": 0, ""street"": ""245 SUMMER ST MZ NM43A"", ""city"": ""BOSTON"", ""state"": ""MA"", ""zip"": ""02210""}",Match:Non_Exact,98
019ab436-fd8b-711a-d1c0-bb77c581bb24,"3410 Taft, Wichita Falls, Tx, 76308","{""id"": 0, ""street"": ""3410 Taft"", ""city"": ""Wichita Falls"", ""state"": ""TX"", ""zip"": ""76308""}",Match:Non_Exact,98
019ab70d-4f1a-7213-9f76-284173e762bc,"6920 Roosevelt Way Ne 355, Seattle, Wa, 98115","{""id"": 0, ""street"": ""6920 ROOSEVELT WAY NE 355"", ""city"": ""SEATTLE"", ""state"": ""WA"", ""zip"": ""98115""}",Match:Non_Exact,98
019ab437-0b9a-74d0-b1bd-44a1b378e0b4,"119 E Bullion St, Hailey, Id, 83333","{""id"": 0, ""street"": ""119 E BULLION ST"", ""city"": ""HAILEY"", ""state"": ""ID"", ""zip"": ""83333""}",Match:Non_Exact,98
019ab409-7091-788b-888a-c8049e6c3ce0,"41 N 12Th St, Minneapolis, Mn, 55403","{""id"": 0, ""street"": ""41 N 12TH ST"", ""city"": ""MINNEAPOLIS"", ""state"": ""MN"", ""zip"": ""55403""}",Match:Non_Exact,98
019ab3ee-97d1-7201-dbd1-2b26fc2f1f28,"4231 Balboa Ave 330, San Diego, Ca, 92117","{""id"": 0, ""street"": ""4231 BALBOA AVE 330"", ""city"": ""SAN DIEGO"", ""state"": ""CA"", ""zip"": ""92117""}",Match:Non_Exact,98
019ab3ec-1967-7454-5fa4-97a49a038088,"3001 S Congress Ave, Austin, Tx, 78704","{""id"": 0, ""street"": ""3001 S CONGRESS AVE"", ""city"": ""AUSTIN"", ""state"": ""TX"", ""zip"": ""78704""}",Match:Non_Exact,98
019ab82c-0176-7b61-7c02-343069fc86fc,"1424 E Sherman Ave Ste 300, Coeur D Alene, Id, 83814","{""id"": 0, ""street"": ""1424 E SHERMAN AVE STE 300"", ""city"": ""COEUR D ALENE"", ""state"": ""ID"", ""zip"": ""83814""}",Match:Non_Exact,98
019ab3e4-3a25-7f27-172d-95a86b0f0a48,"1776 Main Street, Santa Monica, Ca, 90407","{""id"": 0, ""street"": ""1776 Main Street"", ""city"": ""Santa Monica"", ""state"": ""CA"", ""zip"": ""90407""}",Match:Non_Exact,98
019ab419-20ac-70ea-c217-fa528a63236c,"4417 Monarch Way, Norfolk, Va, 23529","{""id"": 0, ""street"": ""4417 MONARCH WAY"", ""city"": ""NORFOLK"", ""state"": ""VA"", ""zip"": ""23529""}",Match:Non_Exact,98
019ab437-0939-75b5-aa7d-6b30bdb3f1cc,"1330 Orange Ave 309, Coronado, Ca, 92118","{""id"": 0, ""street"": ""1330 ORANGE AVE 309"", ""city"": ""CORONADO"", ""state"": ""CA"", ""zip"": ""92118""}",Match:Non_Exact,97
019ab5e0-f182-738d-e22a-549e2dc9a8e0,"220 S 6Th St Ste 300, Minneapolis, Mn, 55402","{""id"": 0, ""street"": ""220 S 6TH ST STE 300"", ""city"": ""MINNEAPOLIS"", ""state"": ""MN"", ""zip"": ""55402""}",Match:Non_Exact,97
019ab3f4-ab2a-7bf2-5c4d-2cac3e67f0f0,"6300 Ocean Drive, Corpus Christi, Tx, 78412","{""id"": 0, ""street"": ""6300 OCEAN DRIVE"", ""city"": ""CORPUS CHRISTI"", ""state"": ""TX"", ""zip"": ""78412""}",Match:Non_Exact,97
019ab409-5c6f-73bc-3fc2-ae23e9c904a0,"2007 Emerson Ave N, Minneapolis, Mn, 55411","{""id"": 0, ""street"": ""2007 EMERSON AVE N"", ""city"": ""MINNEAPOLIS"", ""state"": ""MN"", ""zip"": ""55411""}",Match:Non_Exact,97
019ab419-2173-7d7c-ffa1-34f44fca1918,"1030 Columbia Ave, Claremont, Ca, 91711","{""id"": 0, ""street"": ""1030 COLUMBIA AVE"", ""city"": ""CLAREMONT"", ""state"": ""CA"", ""zip"": ""91711""}",Match:Non_Exact,97
019ab5e1-0683-723d-a18e-ab8739fb1c4c,"60 East 42Nd St, New York, Ny, 10165","{""id"": 0, ""street"": ""60 EAST 42ND ST"", ""city"": ""NEW YORK"", ""state"": ""NY"", ""zip"": ""10165""}",Match:Non_Exact,96
019ab40f-6fef-71fd-2496-ae8eb8283b24,"1500 N Main Ste 200, Fort Worth, Tx, 76164","{""id"": 0, ""street"": ""1500 N MAIN STE 200"", ""city"": ""FORT WORTH"", ""state"": ""TX"", ""zip"": ""76164""}",Match:Non_Exact,96
019ab436-f5ce-79d7-acfa-f2bb38f25bb0,"505 George Bush Dr, College Sta, Tx, 77840","{""id"": 0, ""street"": ""505 GEORGE BUSH DR"", ""city"": ""COLLEGE STA"", ""state"": ""TX"", ""zip"": ""77840""}",Match:Non_Exact,96
019ab3e7-bad6-7ac5-ae17-cfbd0135e2dc,"802 Ventura, Midland, Tx, 79705","{""id"": 0, ""street"": ""802 VENTURA"", ""city"": ""MIDLAND"", ""state"": ""TX"", ""zip"": ""79705""}",Match:Non_Exact,96
019ab437-1123-75f7-11f0-57f7055e4154,"402 N Market, Wichita, Ks, 67202","{""id"": 0, ""street"": ""402 N MARKET"", ""city"": ""WICHITA"", ""state"": ""KS"", ""zip"": ""67202""}",Match:Non_Exact,96
019ab7be-8c9f-761e-8a5d-9300324d04bc,"200 Garrett Street Suite I, Charlottesville, Va, 22902","{""id"": 0, ""street"": ""200 GARRETT STREET SUITE I"", ""city"": ""CHARLOTTESVILLE"", ""state"": ""VA"", ""zip"": ""22902""}",Match:Non_Exact,96
019ab404-5151-7524-808e-83eecf30aa38,"2020 N California Suite 7 152, Chicago, Il, 60647","{""id"": 0, ""street"": ""2020 N CALIFORNIA SUITE 7 152"", ""city"": ""CHICAGO"", ""state"": ""IL"", ""zip"": ""60647""}",Match:Non_Exact,96
019ab3fe-cc07-7e9e-e276-27e328b9d688,"1625 N Schrader Blvd, Los Angeles, Ca, 90028","{""id"": 0, ""street"": ""1625 N SCHRADER BLVD"", ""city"": ""LOS ANGELES"", ""state"": ""CA"", ""zip"": ""90028""}",Match:Non_Exact,96
019ab407-0efb-7af6-c543-40237304e868,"101 Chestnut Street, Berea, Ky, 40403","{""id"": 0, ""street"": ""101 CHESTNUT STREET"", ""city"": ""BEREA"", ""state"": ""KY"", ""zip"": ""40403""}",Match:Non_Exact,96
019ab3fc-8a43-7f64-85ec-ca3bdcc441d8,"1835 Chicago Ave Ste B, Riverside, Ca, 92507","{""id"": 0, ""street"": ""1835 CHICAGO AVE STE B"", ""city"": ""RIVERSIDE"", ""state"": ""CA"", ""zip"": ""92507""}",Match:Non_Exact,96
019ab437-0040-7109-2d91-6cca9fe27d8c,"2601 East Colorado Avenue, Denver, Co, 80208","{""id"": 0, ""street"": ""2601 East Colorado Avenue"", ""city"": ""Denver"", ""state"": ""CO"", ""zip"": ""80208""}",Match:Non_Exact,96
019ab419-31c4-7897-80f5-93d78680d46c,"563 Carter Court Suite B, Kimberly, Wi, 54136","{""id"": 0, ""street"": ""563 CARTER COURT SUITE B"", ""city"": ""KIMBERLY"", ""state"": ""WI"", ""zip"": ""54136""}",Match:Non_Exact,96
019ab419-25d9-75fe-e40a-a103152e91ac,"1244 Blossom Street, Columbia, Sc, 29208","{""id"": 0, ""street"": ""1244 BLOSSOM STREET"", ""city"": ""COLUMBIA"", ""state"": ""SC"", ""zip"": ""29208""}",Match:Non_Exact,96
019ab3ed-3b08-7110-7e36-3bc6d1b09968,"1030 E El Camino Real 424, Sunnyvale, Ca, 94087","{""id"": 0, ""street"": ""1030 E EL CAMINO REAL 424"", ""city"": ""SUNNYVALE"", ""state"": ""CA"", ""zip"": ""94087""}",Match:Non_Exact,96
019ab3e6-0993-752b-ccc2-6e7348e45220,"3 International Dr 200, Rye Brook, Ny, 10573","{""id"": 0, ""street"": ""3 INTERNATIONAL DR 200"", ""city"": ""RYE BROOK"", ""state"": ""NY"", ""zip"": ""10573""}",Match:Non_Exact,96
019ab437-03bc-7ac6-b8ae-5dc736882480,"333 S Wabash Ave, Chicago, Il, 60604","{""id"": 0, ""street"": ""333 S WABASH AVE"", ""city"": ""Chicago"", ""state"": ""IL"", ""zip"": ""60604""}",Match:Non_Exact,96
019ab7ca-9cc5-7a27-0202-4d24d963d93c,"1423 Broadway 314, Oakland, Ca, 94612","{""id"": 0, ""street"": ""1423 BROADWAY 314"", ""city"": ""OAKLAND"", ""state"": ""CA"", ""zip"": ""94612""}",Match:Non_Exact,96
019ab3fe-ad85-771a-22d4-52662048dcf8,"5465 W Irving Street, Boise, Id, 83706","{""id"": 0, ""street"": ""5465 W IRVING STREET"", ""city"": ""BOISE"", ""state"": ""ID"", ""zip"": ""83706""}",Match:Non_Exact,96
019ab714-3991-7181-861d-353326ee2f08,"11251 Northwest Fwy 330, Houston, Tx, 77092","{""id"": 0, ""street"": ""11251 Northwest Fwy 330"", ""city"": ""Houston"", ""state"": ""TX"", ""zip"": ""77092""}",Match:Non_Exact,96
019ab3fe-4b87-7085-8b33-072b1006dc10,"122 E 42Nd St 12Th Floor, New York, Ny, 10168","{""id"": 0, ""street"": ""122 E 42ND ST 12TH FLOOR"", ""city"": ""NEW YORK"", ""state"": ""NY"", ""zip"": ""10168""}",Match:Non_Exact,96
019ab3e7-aa02-73aa-d96d-593cc68df3c0,"9150 E 41St Terrace, Kansas City, Mo, 64133","{""id"": 0, ""street"": ""9150 E 41ST TERRACE"", ""city"": ""KANSAS CITY"", ""state"": ""MO"", ""zip"": ""64133""}",Match:Non_Exact,96
019ab406-c59c-71ac-bedb-63609e7cbb04,"1109 5Th Ave At 92Nd St, New York, Ny, 10128","{""id"": 0, ""street"": ""1109 5TH AVE AT 92ND ST"", ""city"": ""NEW YORK"", ""state"": ""NY"", ""zip"": ""10128""}",Match:Non_Exact,96
019ab3e0-faec-7b4b-9992-7a7612f9e86c,"8767 Wilshire Blvd 401, Beverly Hills, Ca, 90211","{""id"": 0, ""street"": ""8767 WILSHIRE BLVD 401"", ""city"": ""BEVERLY HILLS"", ""state"": ""CA"", ""zip"": ""90211""}",Match:Non_Exact,96
019ab722-4fcd-7748-01db-6443dc7e2aa4,"600 California Street 900, San Francisco, Ca, 94108","{""id"": 0, ""street"": ""600 CALIFORNIA STREET 900"", ""city"": ""SAN FRANCISCO"", ""state"": ""CA"", ""zip"": ""94108""}",Match:Non_Exact,96
019ab419-2e25-70d4-7019-64259ddcceb4,"1100-B Milton Street, New Orleans, La, 70122","{""id"": 0, ""street"": ""1100-B Milton Street"", ""city"": ""New Orleans"", ""state"": ""LA"", ""zip"": ""70122""}",Match:Non_Exact,96
019ab5e0-e002-72e4-eff2-1c193842dbe8,"34 Warren Avenue, Boston, Ma, 02116","{""id"": 0, ""street"": ""34 WARREN AVENUE"", ""city"": ""BOSTON"", ""state"": ""MA"", ""zip"": ""02116""}",Match:Non_Exact,96
019ab3f6-9888-7742-f403-e436b8bd4078,"3848 Harrison Blvd, Ogden, Ut, 84408","{""id"": 0, ""street"": ""3848 HARRISON BLVD"", ""city"": ""OGDEN"", ""state"": ""UT"", ""zip"": ""84408""}",Match:Non_Exact,95
019ab714-324f-7d8b-0c1f-2aa3835fbfb0,"1 Se Main Street Suite 600, Minneapolis, Mn, 55414","{""id"": 0, ""street"": ""1 SE Main Street Suite 600"", ""city"": ""Minneapolis"", ""state"": ""MN"", ""zip"": ""55414""}",Match:Non_Exact,95
019ab40a-a99b-720d-ae5e-98066bd62f6c,"3655 Reed St, Winstonsalem, Nc, 27107","{""id"": 0, ""street"": ""3655 REED ST"", ""city"": ""WINSTONSALEM"", ""state"": ""NC"", ""zip"": ""27107""}",Match:Non_Exact,95
019ab720-369b-7301-ed55-4ea17e6ae958,"2500 North River Road, Manchester, Nh, 03106","{""id"": 0, ""street"": ""2500 NORTH RIVER ROAD"", ""city"": ""MANCHESTER"", ""state"": ""NH"", ""zip"": ""03106""}",Match:Non_Exact,95
019ab3ef-bd0f-7220-3dcd-ce9bf3169460,"424 Decatur Street, Atlanta, Ga, 30312","{""id"": 0, ""street"": ""424 DECATUR STREET"", ""city"": ""ATLANTA"", ""state"": ""GA"", ""zip"": ""30312""}",Match:Non_Exact,95
019ab3e3-50ab-7122-e21a-619ff2229694,"2800 Dagny Way, Lafayette, Co, 80026","{""id"": 0, ""street"": ""2800 DAGNY WAY"", ""city"": ""LAFAYETTE"", ""state"": ""CO"", ""zip"": ""80026""}",Match:Non_Exact,95
019ab419-2ada-7352-838d-bac2545d43d0,"7929 N Michigan Rd, Indianapolis, In, 46268","{""id"": 0, ""street"": ""7929 N MICHIGAN RD"", ""city"": ""INDIANAPOLIS"", ""state"": ""IN"", ""zip"": ""46268""}",Match:Non_Exact,94
019ab40a-5658-7ab1-63c0-8e94bf86f02c,"6600 W Wilkinson Blvd, Belmont, Nc, 28012","{""id"": 0, ""street"": ""6600 W WILKINSON BLVD"", ""city"": ""BELMONT"", ""state"": ""NC"", ""zip"": ""28012""}",Match:Non_Exact,94
019ab419-2c4f-7dee-990c-73cea09f1210,"5345 Arapahoe Ave 5, Boulder, Co, 80303","{""id"": 0, ""street"": ""5345 ARAPAHOE AVE 5"", ""city"": ""BOULDER"", ""state"": ""CO"", ""zip"": ""80303""}",Match:Non_Exact,94
019ab3f2-70d5-7ce4-9010-8c844fab3860,"5400 N St Louis, Chicago, Il, 60625","{""id"": 0, ""street"": ""5400 N ST LOUIS"", ""city"": ""CHICAGO"", ""state"": ""IL"", ""zip"": ""60625""}",Match:Non_Exact,94
019ab3f4-4b03-7328-39be-6ff2b9687744,"208 E 51St St 303, New York, Ny, 10022","{""id"": 0, ""street"": ""208 E 51ST ST 303"", ""city"": ""NEW YORK"", ""state"": ""NY"", ""zip"": ""10022""}",Match:Non_Exact,94
019ab419-2294-7625-7c2f-6bc7f3e50468,"2303 Sw First Street, Redmond, Or, 97756","{""id"": 0, ""street"": ""2303 SW FIRST STREET"", ""city"": ""REDMOND"", ""state"": ""OR"", ""zip"": ""97756""}",Match:Non_Exact,94
019ab436-ff65-7e18-1e04-8b830b177a2c,"8038 Old Lakeshore Road, Angola, Ny, 14006","{""id"": 0, ""street"": ""8038 OLD LAKESHORE ROAD"", ""city"": ""ANGOLA"", ""state"": ""NY"", ""zip"": ""14006""}",Match:Non_Exact,94
019ab5e0-e7a4-7336-3b39-9fe29603ee5c,"1620 Dodge St - Stop 8145, Omaha, Ne, 68197","{""id"": 0, ""street"": ""1620 DODGE ST - STOP 8145"", ""city"": ""OMAHA"", ""state"": ""NE"", ""zip"": ""68197""}",Match:Non_Exact,94
019ab436-ef6f-714f-7332-662c5dbb41d4,"123 Williams Street, New York, Ny, 10038","{""id"": 0, ""street"": ""123 WILLIAMS STREET"", ""city"": ""NEW YORK"", ""state"": ""NY"", ""zip"": ""10038""}",Match:Non_Exact,94
019ab436-f6b9-7b3e-68ee-4a9d33bcf6cc,"191 5Th St E, Ketchum, Id, 83340","{""id"": 0, ""street"": ""191 5TH ST E"", ""city"": ""KETCHUM"", ""state"": ""ID"", ""zip"": ""83340""}",Match:Non_Exact,94
019ab436-f7d2-7d64-56f3-8d9bca2398d4,"444 E Main St, Rochester, Ny, 14604","{""id"": 0, ""street"": ""444 E MAIN ST"", ""city"": ""ROCHESTER"", ""state"": ""NY"", ""zip"": ""14604""}",Match:Non_Exact,94
019ab3e2-9559-7e6d-d138-02141b738374,"3700 Coldwater Canyon, Studio City, Ca, 91604","{""id"": 0, ""street"": ""3700 COLDWATER CANYON"", ""city"": ""STUDIO CITY"", ""state"": ""CA"", ""zip"": ""91604""}",Match:Non_Exact,94
019ab403-3fe5-78a6-aed2-1259fa5524b8,"140 S Dearborn St Ste 400, Chicago, Il, 60603","{""id"": 0, ""street"": ""140 S DEARBORN ST STE 400"", ""city"": ""CHICAGO"", ""state"": ""IL"", ""zip"": ""60603""}",Match:Non_Exact,94
019ab70d-55bc-73ec-2be7-e114107677f4,"250 Williams St 4Th Flr, Atlanta, Ga, 30303","{""id"": 0, ""street"": ""250 WILLIAMS ST 4TH FLR"", ""city"": ""Atlanta"", ""state"": ""GA"", ""zip"": ""30303""}",Match:Non_Exact,94
019ab3e9-fe78-7b06-1cfd-1aec918f94f0,"3903 N St Marys St, San Antonio, Tx, 78212","{""id"": 0, ""street"": ""3903 N ST MARYS ST"", ""city"": ""SAN ANTONIO"", ""state"": ""TX"", ""zip"": ""78212""}",Match:Non_Exact,94
019ab70d-48c1-711d-b9f9-9ca3df533de4,"9703 Richmond Ave 102, Houston, Tx, 77042","{""id"": 0, ""street"": ""9703 RICHMOND AVE 102"", ""city"": ""HOUSTON"", ""state"": ""TX"", ""zip"": ""77042""}",Match:Non_Exact,94
019ab714-376a-72cf-288c-b2903e478390,"2244 10Th Street Room 302, Washington, Dc, 20059","{""id"": 0, ""street"": ""2244 10TH STREET ROOM 302"", ""city"": ""WASHINGTON"", ""state"": ""DC"", ""zip"": ""20059""}",Match:Non_Exact,94
019ab419-238f-74bb-b6c4-148ae3907300,"8315 W Jefferson Blvd, Fort Wayne, In, 46804","{""id"": 0, ""street"": ""8315 W JEFFERSON BLVD"", ""city"": ""FORT WAYNE"", ""state"": ""IN"", ""zip"": ""46804""}",Match:Non_Exact,94
019ab419-2299-7615-aad6-56f0c0280868,"45 W 36Th St 11, New York, Ny, 10018","{""id"": 0, ""street"": ""45 W 36th St 11"", ""city"": ""New York"", ""state"": ""NY"", ""zip"": ""10018""}",Match:Non_Exact,94
019ab3e2-e963-74b6-20f3-934fda4361a4,"405 N Main St, Davidson, Nc, 28035","{""id"": 0, ""street"": ""405 N MAIN ST"", ""city"": ""DAVIDSON"", ""state"": ""NC"", ""zip"": ""28035""}",Match:Non_Exact,94
019ab714-376c-7964-eac8-c6ba2e4af48c,"1901 Ulmerton Rd Suite 400, Clearwater, Fl, 33629","{""id"": 0, ""street"": ""1901 ULMERTON RD SUITE 400"", ""city"": ""CLEARWATER"", ""state"": ""FL"", ""zip"": ""33629""}",Match:Non_Exact,94
019ab412-6961-7bd8-0bd7-d104d0d168e0,"4245 N Fairfax Dr 100, Arlington, Va, 22203","{""id"": 0, ""street"": ""4245 N FAIRFAX DR 100"", ""city"": ""ARLINGTON"", ""state"": ""VA"", ""zip"": ""22203""}",Match:Non_Exact,94
019ab436-fc65-7f8f-09be-4f9019cf71f4,"250 Williams St Ste 400, Atlanta, Ga, 30303","{""id"": 0, ""street"": ""250 WILLIAMS ST STE 400"", ""city"": ""ATLANTA"", ""state"": ""GA"", ""zip"": ""30303""}",Match:Non_Exact,94
019ab5e0-eb24-7e21-05fa-e0b954a3f930,"26500 Shaker Boulevard, Beachwood, Oh, 44122","{""id"": 0, ""street"": ""26500 Shaker Boulevard"", ""city"": ""Beachwood"", ""state"": ""OH"", ""zip"": ""44122""}",Match:Non_Exact,93
019ab75a-12ac-7535-1808-25978f5092bc,"100 N Starcrest Dr, Clearwater, Fl, 33765","{""id"": 0, ""street"": ""100 N STARCREST DR"", ""city"": ""CLEARWATER"", ""state"": ""FL"", ""zip"": ""33765""}",Match:Non_Exact,93
019ab701-cf90-7843-d807-d866ec7f9620,"1359 Broadway 1509, New York, Ny, 10018","{""id"": 0, ""street"": ""1359 BROADWAY 1509"", ""city"": ""NEW YORK"", ""state"": ""NY"", ""zip"": ""10018""}",Match:Non_Exact,93
019ab3f4-5ab7-760a-42ff-12af2ac06b40,"2222 Lincolnway West, South Bend, In, 46628","{""id"": 0, ""street"": ""2222 LINCOLNWAY WEST"", ""city"": ""SOUTH BEND"", ""state"": ""IN"", ""zip"": ""46628""}",Match:Non_Exact,93
019ab5e0-fad0-7947-966e-1733470a8014,"3150 Salt Creek Lane, Arlington Heights, Il, 60005","{""id"": 0, ""street"": ""3150 SALT CREEK LANE"", ""city"": ""ARLINGTON HEIGHTS"", ""state"": ""IL"", ""zip"": ""60005""}",Match:Non_Exact,93
019ab3f9-5c07-7406-baa8-3a4d65b62224,"1460 Garden Of The Gods Road, Colorado Springs, Co, 80907","{""id"": 0, ""street"": ""1460 GARDEN OF THE GODS ROAD"", ""city"": ""COLORADO SPRINGS"", ""state"": ""CO"", ""zip"": ""80907""}",Match:Non_Exact,93
019ab3fe-7bac-7cf2-371e-245debade0a8,"4301 Connecticut Avenue Nw Suite, Washington, Dc, 20008","{""id"": 0, ""street"": ""4301 CONNECTICUT AVENUE NW SUITE"", ""city"": ""WASHINGTON"", ""state"": ""DC"", ""zip"": ""20008""}",Match:Non_Exact,92
019ab3ec-c386-760d-c9ab-1455b22b8374,"600 Memorial Dr W98-200, Cambridge, Ma, 02139","{""id"": 0, ""street"": ""600 MEMORIAL DR W98-200"", ""city"": ""CAMBRIDGE"", ""state"": ""MA"", ""zip"": ""02139""}",Match:Non_Exact,92
019ab419-2430-7556-0570-0127c33c5880,"50 Barracuda Ln, Key Largo, Fl, 33037","{""id"": 0, ""street"": ""50 BARRACUDA LN"", ""city"": ""KEY LARGO"", ""state"": ""FL"", ""zip"": ""33037""}",Match:Non_Exact,92
019ab3ee-7260-7781-09bb-e98b03215538,"4221 Wilshire Blvd 400, Los Angeles, Ca, 90010","{""id"": 0, ""street"": ""4221 WILSHIRE BLVD 400"", ""city"": ""LOS ANGELES"", ""state"": ""CA"", ""zip"": ""90010""}",Match:Non_Exact,92
019ab436-f3a3-7350-bf75-8079b1e1a42c,"37Th O Streets Nw, Washington, Dc, 20057","{""id"": 0, ""street"": ""37TH O STREETS NW"", ""city"": ""WASHINGTON"", ""state"": ""DC"", ""zip"": ""20057""}",Match:Non_Exact,92
019ab87b-27e2-7fed-4d4e-2f487fce7fc0,"4750 West 16Th Street, Indianapolis, In, 46077","{""id"": 0, ""street"": ""4750 WEST 16TH STREET"", ""city"": ""INDIANAPOLIS"", ""state"": ""IN"", ""zip"": ""46077""}",Match:Non_Exact,92
019ab3e4-0900-72aa-d746-2e95cab5cb98,"1200 N Dupont Highway, Dover, De, 19901","{""id"": 0, ""street"": ""1200 N Dupont Highway"", ""city"": ""Dover"", ""state"": ""DE"", ""zip"": ""19901""}",Match:Non_Exact,92
019ab406-d818-7f2f-f34d-8efc79eaf4a0,"600 N Wolfe St, Baltimore, Md, 21287","{""id"": 0, ""street"": ""600 N WOLFE ST"", ""city"": ""BALTIMORE"", ""state"": ""MD"", ""zip"": ""21287""}",Match:Non_Exact,92
019ab437-0c7a-7186-0d93-9bcb13004190,"1900 Mccarthy Blvd 302, Milpitas, Ca, 95035","{""id"": 0, ""street"": ""1900 MCCARTHY BLVD 302"", ""city"": ""MILPITAS"", ""state"": ""CA"", ""zip"": ""95035""}",Match:Non_Exact,92
019ab3f0-cffa-72fa-30e7-f25420f709ac,"1520 Saint Olaf Ave, Northfield, Mn, 55057","{""id"": 0, ""street"": ""1520 SAINT OLAF AVE"", ""city"": ""NORTHFIELD"", ""state"": ""MN"", ""zip"": ""55057""}",Match:Non_Exact,92
019ab406-d8cc-7e1b-bc28-922575212a48,"1 Deangelo Drive Suite C, Bedford, Ma, 01730","{""id"": 0, ""street"": ""1 DEANGELO DRIVE SUITE C"", ""city"": ""BEDFORD"", ""state"": ""MA"", ""zip"": ""01730""}",Match:Non_Exact,92
019ab5e0-e75d-7423-7381-a1b374a4ead4,"919 Congress Ave Sixth Floor, Austin, Tx, 78701","{""id"": 0, ""street"": ""919 CONGRESS AVE SIXTH FLOOR"", ""city"": ""AUSTIN"", ""state"": ""TX"", ""zip"": ""78701""}",Match:Non_Exact,92
019ab40a-6078-7b12-d339-1038665830c4,"9935-D Rea Rd Unit 275, Charlotte, Nc, 28277","{""id"": 0, ""street"": ""9935-D REA RD UNIT 275"", ""city"": ""CHARLOTTE"", ""state"": ""NC"", ""zip"": ""28277""}",Match:Non_Exact,92
019ab7c7-3ded-7bb5-e09b-e93e2b930b9c,"1820 Mt Elliott, Detroit, Mi, 48207","{""id"": 0, ""street"": ""1820 MT ELLIOTT"", ""city"": ""DETROIT"", ""state"": ""MI"", ""zip"": ""48207""}",Match:Non_Exact,92
019ab419-2033-7759-b85c-b29b60b3a070,"2030 Main Street Suite A, Forest Grove, Or, 97116","{""id"": 0, ""street"": ""2030 MAIN STREET SUITE A"", ""city"": ""FOREST GROVE"", ""state"": ""OR"", ""zip"": ""97116""}",Match:Non_Exact,92
019ab3f4-f3e1-77a2-ed1c-fe32879e4c58,"1399 S Roxbury 2Nd Fl, Los Angeles, Ca, 90035","{""id"": 0, ""street"": ""1399 S ROXBURY 2ND FL"", ""city"": ""LOS ANGELES"", ""state"": ""CA"", ""zip"": ""90035""}",Match:Non_Exact,92
019ab725-8e86-7e84-b347-0a5ebd3fe9f8,"887 Sonoma Ave 23, Santa Rosa, Ca, 95404","{""id"": 0, ""street"": ""887 SONOMA AVE 23"", ""city"": ""SANTA ROSA"", ""state"": ""CA"", ""zip"": ""95404""}",Match:Non_Exact,92
019ab3fb-d1ff-75d0-a554-bdb94fe6c5c0,"134 Chapel Rd, Sweet Briar, Va, 24595","{""id"": 0, ""street"": ""134 CHAPEL RD"", ""city"": ""SWEET BRIAR"", ""state"": ""VA"", ""zip"": ""24595""}",Match:Non_Exact,92
019ab3f4-93c3-7c01-7575-11133b5afc04,"500 Spratt St B, Charlotte, Nc, 28206","{""id"": 0, ""street"": ""500 SPRATT ST B"", ""city"": ""CHARLOTTE"", ""state"": ""NC"", ""zip"": ""28206""}",Match:Non_Exact,92
019ab419-30c1-7d91-0231-251072dbd3bc,"999 North Capitol Street Ne Suite, Washington, Dc, 20002","{""id"": 0, ""street"": ""999 NORTH CAPITOL STREET NE SUITE"", ""city"": ""WASHINGTON"", ""state"": ""DC"", ""zip"": ""20002""}",Match:Non_Exact,92
019ab436-f6b7-7612-a8c7-74b0b05eba98,"4245 North Fairfax Dr Ste 100, Arlington, Va, 22203","{""id"": 0, ""street"": ""4245 NORTH FAIRFAX DR STE 100"", ""city"": ""ARLINGTON"", ""state"": ""VA"", ""zip"": ""22203""}",Match:Non_Exact,92
019ab3df-cc6d-71db-c389-3b58c7e8ccb4,"18 Bee St Msc 450, Charleston, Sc, 29425","{""id"": 0, ""street"": ""18 BEE ST MSC 450"", ""city"": ""CHARLESTON"", ""state"": ""SC"", ""zip"": ""29425""}",Match:Non_Exact,92
019ab437-0e48-71c3-5ae2-cc342c6df3cc,"1702 S 72Nd St Ste E, Tacoma, Wa, 98408","{""id"": 0, ""street"": ""1702 S 72ND ST STE E"", ""city"": ""TACOMA"", ""state"": ""WA"", ""zip"": ""98408""}",Match:Non_Exact,92
019ab437-0045-7a57-c037-d5a6e018af14,"1510 Laurel Avenue, Minneapolis, Mn, 55403","{""id"": 0, ""street"": ""1510 LAUREL AVENUE"", ""city"": ""MINNEAPOLIS"", ""state"": ""MN"", ""zip"": ""55403""}",Match:Non_Exact,92
019ab5e0-e75a-7546-574b-dc02f4d8d0bc,"1820 Mt Elliot St, Detroit, Mi, 48207","{""id"": 0, ""street"": ""1820 MT ELLIOT ST"", ""city"": ""Detroit"", ""state"": ""MI"", ""zip"": ""48207""}",Match:Non_Exact,92
019ab714-3481-75fd-438b-bb0fa478031c,"2361 Hyland Boulevard, Staten Island, Ny, 10306","{""id"": 0, ""street"": ""2361 Hyland Boulevard"", ""city"": ""Staten island"", ""state"": ""NY"", ""zip"": ""10306""}",Match:Non_Exact,92
019ab3e7-a4a9-7022-01da-a702011b2e64,"1 Childrens Way Slot 661, Little Rock, Ar, 72202","{""id"": 0, ""street"": ""1 CHILDRENS WAY SLOT 661"", ""city"": ""LITTLE ROCK"", ""state"": ""AR"", ""zip"": ""72202""}",Match:Non_Exact,92
019ab72c-f725-76f6-80f3-56daaac93ab0,"20 W 36Th Street 1100, New York, Ny, 10018","{""id"": 0, ""street"": ""20 W 36TH STREET 1100"", ""city"": ""NEW YORK"", ""state"": ""NY"", ""zip"": ""10018""}",Match:Non_Exact,92
019ab406-1b11-7fa5-b467-3984eabc0494,"4715 Harding Road, Nashville, Tn, 37205","{""id"": 0, ""street"": ""4715 HARDING ROAD"", ""city"": ""NASHVILLE"", ""state"": ""TN"", ""zip"": ""37205""}",Match:Non_Exact,92
019ab5e0-f1fb-7538-6907-3473cad7cdc8,"6705 Detroit Ave, Cleveland, Oh, 44102","{""id"": 0, ""street"": ""6705 DETROIT AVE"", ""city"": ""CLEVELAND"", ""state"": ""OH"", ""zip"": ""44102""}",Match:Non_Exact,92
019ab436-f755-78cc-0761-345b4fec8d3c,"9724 Derrington, Houston, Tx, 77064","{""id"": 0, ""street"": ""9724 DERRINGTON"", ""city"": ""HOUSTON"", ""state"": ""TX"", ""zip"": ""77064""}",Match:Non_Exact,92
019ab707-04f9-722a-fca3-34e4c4056088,"140 Commonwealth, Chestnut Hill, Ma, 02467","{""id"": 0, ""street"": ""140 COMMONWEALTH"", ""city"": ""CHESTNUT HILL"", ""state"": ""MA"", ""zip"": ""02467""}",Match:Non_Exact,92
019ab436-fc63-7d9a-154b-2f34858c91d8,"4335 Van Nuys Blvd 190, Sherman Oaks, Ca, 91403","{""id"": 0, ""street"": ""4335 VAN NUYS BLVD 190"", ""city"": ""SHERMAN OAKS"", ""state"": ""CA"", ""zip"": ""91403""}",Match:Non_Exact,92
019ab437-0bd4-7e12-cc51-efbda530b400,"3313 N Hillside, Wichita, Ks, 67219","{""id"": 0, ""street"": ""3313 N HILLSIDE"", ""city"": ""WICHITA"", ""state"": ""KS"", ""zip"": ""67219""}",Match:Non_Exact,92
019ab707-03f0-76e9-ad13-ce9dd5302f08,"15 3Rd Ave Nw, Hutchinson, Mn, 55350","{""id"": 0, ""street"": ""15 3RD AVE NW"", ""city"": ""HUTCHINSON"", ""state"": ""MN"", ""zip"": ""55350""}",Match:Non_Exact,92
019ab3f6-0005-77fb-8f56-e3f003c11478,"600 First Street Sw, Mount Vernon, Ia, 52314","{""id"": 0, ""street"": ""600 FIRST STREET SW"", ""city"": ""MOUNT VERNON"", ""state"": ""IA"", ""zip"": ""52314""}",Match:Non_Exact,92
019ab437-0d1d-790f-ef43-4da6f40cdb08,"263 Alden St, Springfield, Ma, 01109","{""id"": 0, ""street"": ""263 ALDEN ST"", ""city"": ""SPRINGFIELD"", ""state"": ""MA"", ""zip"": ""01109""}",Match:Non_Exact,92
019ab40f-6f5a-750f-9908-1701315c3914,"700 South Alamo, San Antonio, Tx, 78293","{""id"": 0, ""street"": ""700 SOUTH ALAMO"", ""city"": ""SAN ANTONIO"", ""state"": ""TX"", ""zip"": ""78293""}",Match:Non_Exact,92
019ab7ca-96fc-75f3-8800-0af1be4de340,"126 Mobile St, Mobile, Al, 36607","{""id"": 0, ""street"": ""126 MOBILE ST"", ""city"": ""MOBILE"", ""state"": ""AL"", ""zip"": ""36607""}",Match:Non_Exact,91
019ab725-9804-7f7d-5525-97300b983164,"106 S Lively Oaks Dr, Kingsland, Ga, 31548","{""id"": 0, ""street"": ""106 S LIVELY OAKS DR"", ""city"": ""Kingsland"", ""state"": ""GA"", ""zip"": ""31548""}",Match:Non_Exact,91
019ab70d-4899-74ec-5ea0-4b3a13be8c64,"1001 Connecticut Avenue Nw Suite, Washington, Dc, 20036","{""id"": 0, ""street"": ""1001 CONNECTICUT AVENUE NW SUITE"", ""city"": ""WASHINGTON"", ""state"": ""DC"", ""zip"": ""20036""}",Match:Non_Exact,90
019ab714-2893-79ce-9999-13f5ab8d4498,"1503 Macdonald Ave Suite A, Richmond, Ca, 94801","{""id"": 0, ""street"": ""1503 MACDONALD AVE SUITE A"", ""city"": ""RICHMOND"", ""state"": ""CA"", ""zip"": ""94801""}",Match:Non_Exact,90
019ab75d-21f9-7131-82f0-91fb3b5d7fb0,"1105 Schrock Rd Ste 100, Columbus, Oh, 43229","{""id"": 0, ""street"": ""1105 SCHROCK RD STE 100"", ""city"": ""COLUMBUS"", ""state"": ""OH"", ""zip"": ""43229""}",Match:Non_Exact,90
